2025-06-12 17:59:09.910 | INFO     | __main__:_setup_logger:325 - 日志文件: logs/backport_20250612_175909.log
2025-06-12 17:59:09.910 | INFO     | __main__:run:329 - 开始执行 模式1
2025-06-12 17:59:09.911 | INFO     | __main__:_process_mode1:351 - 处理补丁: https://github.com/django/django/commit/ad866a1ca3e7d60da888d25d27e46a8adb2ed36e.patch
2025-06-12 17:59:09.911 | INFO     | core.adaptation_pipeline:_load_modules:66 - 已加载模块: direct_apply
2025-06-12 17:59:09.912 | INFO     | core.adaptation_pipeline:_load_modules:66 - 已加载模块: chunk_analyzer
2025-06-12 17:59:09.914 | INFO     | core.adaptation_pipeline:_load_modules:66 - 已加载模块: llm_adapter
2025-06-12 17:59:09.914 | INFO     | core.adaptation_pipeline:_load_modules:66 - 已加载模块: patch_adapter
2025-06-12 17:59:09.915 | INFO     | __main__:_process_mode1:358 - 目标版本: ['3.2.7']
2025-06-12 17:59:09.915 | INFO     | __main__:_process_mode1:365 - 开始处理版本: 3.2.7
2025-06-12 17:59:09.916 | INFO     | core.adaptation_pipeline:process_patch:85 - 开始处理补丁: ad866a1ca3e7d60da888d25d27e46a8adb2ed36e.patch
2025-06-12 17:59:09.917 | INFO     | core.adaptation_pipeline:process_patch:106 - 执行模块: direct_apply
2025-06-12 17:59:09.917 | INFO     | modules.direct_apply:_download_patch:248 - 上游补丁文件已存在: workspace/django/django/ad866a/patches/upstream_ad866a.patch
2025-06-12 17:59:09.917 | INFO     | modules.direct_apply:execute:62 - 此时upstream_patch_path存在状态: True
2025-06-12 17:59:09.918 | INFO     | modules.direct_apply:execute:63 - 下载补丁成功: /home/elpsy/workspace/sow/patch-backport/workspace/django/django/ad866a/patches/upstream_ad866a.patch
2025-06-12 17:59:09.949 | INFO     | modules.direct_apply:_prepare_test_branch:400 - 创建测试分支: test_patch_3.2.7
2025-06-12 17:59:10.049 | ERROR    | modules.direct_apply:_apply_patch:340 - 补丁应用失败: error: patch failed: django/db/models/fields/__init__.py:2160
error: django/db/models/fields/__init__.py: patch does not apply
error: patch failed: django/forms/fields.py:42
error: django/forms/fields.py: patch does not apply
error: patch failed: django/utils/ipv6.py:3
error: django/utils/ipv6.py: patch does not apply
error: patch failed: docs/ref/forms/fields.txt:742
error: docs/ref/forms/fields.txt: patch does not apply
error: docs/releases/4.2.18.txt: does not exist in index
error: patch failed: tests/forms_tests/field_tests/test_genericipaddressfield.py:125
error: tests/forms_tests/field_tests/test_genericipaddressfield.py: patch does not apply
error: patch failed: tests/utils_tests/test_ipv6.py:1
error: tests/utils_tests/test_ipv6.py: patch does not apply
hint: Use 'git am --show-current-patch' to see the failed patch

2025-06-12 17:59:10.114 | INFO     | modules.direct_apply:_cleanup_test_branch:492 - 清理测试分支: test_patch_3.2.7
2025-06-12 17:59:10.114 | INFO     | core.adaptation_pipeline:process_patch:106 - 执行模块: chunk_analyzer
2025-06-12 17:59:10.115 | INFO     | modules.chunk_analyzer:execute:52 - 开始分析补丁: /home/elpsy/workspace/sow/patch-backport/workspace/django/django/ad866a/patches/upstream_ad866a.patch
2025-06-12 17:59:10.115 | INFO     | modules.chunk_analyzer:_split_patch_into_chunks:178 - 开始分解补丁文件: /home/elpsy/workspace/sow/patch-backport/workspace/django/django/ad866a/patches/upstream_ad866a.patch
2025-06-12 17:59:10.115 | INFO     | modules.chunk_analyzer:_split_patch_into_chunks:183 - 补丁文件包含 300 行内容
2025-06-12 17:59:10.116 | INFO     | modules.chunk_analyzer:_split_patch_into_chunks:198 - 发现修改文件: django/db/models/fields/__init__.py
2025-06-12 17:59:10.116 | INFO     | modules.chunk_analyzer:_split_patch_into_chunks:249 - 发现修改块: django/db/models/fields/__init__.py @@ -25,7 +25,7 @@ (modification)
2025-06-12 17:59:10.117 | INFO     | modules.chunk_analyzer:_split_patch_into_chunks:249 - 发现修改块: django/db/models/fields/__init__.py @@ -2160,7 +2160,7 @@ (modification)
2025-06-12 17:59:10.117 | INFO     | modules.chunk_analyzer:_split_patch_into_chunks:249 - 发现修改块: django/db/models/fields/__init__.py @@ -2187,7 +2187,7 @@ (modification)
2025-06-12 17:59:10.117 | INFO     | modules.chunk_analyzer:_split_patch_into_chunks:198 - 发现修改文件: django/forms/fields.py
2025-06-12 17:59:10.117 | INFO     | modules.chunk_analyzer:_split_patch_into_chunks:249 - 发现修改块: django/forms/fields.py @@ -42,7 +42,7 @@ (modification)
2025-06-12 17:59:10.118 | INFO     | modules.chunk_analyzer:_split_patch_into_chunks:249 - 发现修改块: django/forms/fields.py @@ -1284,6 +1284,7 @@ (modification)
2025-06-12 17:59:10.118 | INFO     | modules.chunk_analyzer:_split_patch_into_chunks:249 - 发现修改块: django/forms/fields.py @@ -1291,7 +1292,9 @@ (modification)
2025-06-12 17:59:10.118 | INFO     | modules.chunk_analyzer:_split_patch_into_chunks:198 - 发现修改文件: django/utils/ipv6.py
2025-06-12 17:59:10.118 | INFO     | modules.chunk_analyzer:_split_patch_into_chunks:249 - 发现修改块: django/utils/ipv6.py @@ -3,9 +3,22 @@ (modification)
2025-06-12 17:59:10.119 | INFO     | modules.chunk_analyzer:_split_patch_into_chunks:249 - 发现修改块: django/utils/ipv6.py @@ -24,7 +37,7 @@ (modification)
2025-06-12 17:59:10.119 | INFO     | modules.chunk_analyzer:_split_patch_into_chunks:249 - 发现修改块: django/utils/ipv6.py @@ -41,7 +54,7 @@ (modification)
2025-06-12 17:59:10.119 | INFO     | modules.chunk_analyzer:_split_patch_into_chunks:198 - 发现修改文件: docs/ref/forms/fields.txt
2025-06-12 17:59:10.119 | INFO     | modules.chunk_analyzer:_split_patch_into_chunks:249 - 发现修改块: docs/ref/forms/fields.txt @@ -719,7 +719,7 @@ (modification)
2025-06-12 17:59:10.120 | INFO     | modules.chunk_analyzer:_split_patch_into_chunks:249 - 发现修改块: docs/ref/forms/fields.txt @@ -727,7 +727,7 @@ (modification)
2025-06-12 17:59:10.120 | INFO     | modules.chunk_analyzer:_split_patch_into_chunks:249 - 发现修改块: docs/ref/forms/fields.txt @@ -742,6 +742,15 @@ (modification)
2025-06-12 17:59:10.120 | INFO     | modules.chunk_analyzer:_split_patch_into_chunks:198 - 发现修改文件: docs/releases/4.2.18.txt
2025-06-12 17:59:10.120 | INFO     | modules.chunk_analyzer:_split_patch_into_chunks:249 - 发现修改块: docs/releases/4.2.18.txt @@ -5,3 +5,15 @@ (modification)
2025-06-12 17:59:10.121 | INFO     | modules.chunk_analyzer:_split_patch_into_chunks:198 - 发现修改文件: tests/forms_tests/field_tests/test_genericipaddressfield.py
2025-06-12 17:59:10.121 | INFO     | modules.chunk_analyzer:_split_patch_into_chunks:249 - 发现修改块: tests/forms_tests/field_tests/test_genericipaddressfield.py @@ -1,6 +1,7 @@ (modification)
2025-06-12 17:59:10.121 | INFO     | modules.chunk_analyzer:_split_patch_into_chunks:249 - 发现修改块: tests/forms_tests/field_tests/test_genericipaddressfield.py @@ -125,6 +126,35 @@ (modification)
2025-06-12 17:59:10.121 | INFO     | modules.chunk_analyzer:_split_patch_into_chunks:249 - 发现修改块: tests/forms_tests/field_tests/test_genericipaddressfield.py @@ -150,7 +180,8 @@ (modification)
2025-06-12 17:59:10.121 | INFO     | modules.chunk_analyzer:_split_patch_into_chunks:198 - 发现修改文件: tests/utils_tests/test_ipv6.py
2025-06-12 17:59:10.122 | INFO     | modules.chunk_analyzer:_split_patch_into_chunks:249 - 发现修改块: tests/utils_tests/test_ipv6.py @@ -1,9 +1,17 @@ (modification)
2025-06-12 17:59:10.122 | INFO     | modules.chunk_analyzer:_split_patch_into_chunks:249 - 发现修改块: tests/utils_tests/test_ipv6.py @@ -64,3 +72,29 @@ (modification)
2025-06-12 17:59:10.122 | INFO     | modules.chunk_analyzer:_split_patch_into_chunks:269 - 补丁分解完成，共找到 18 个修改块
2025-06-12 17:59:10.122 | INFO     | modules.chunk_analyzer:execute:56 - 补丁被分解为 18 个块
2025-06-12 17:59:10.123 | INFO     | modules.chunk_analyzer:_create_chunk_patches:288 - 从原始补丁提取头部信息: /home/elpsy/workspace/sow/patch-backport/workspace/django/django/ad866a/patches/upstream_ad866a.patch
2025-06-12 17:59:10.123 | INFO     | modules.chunk_analyzer:_create_chunk_patches:314 - 创建块补丁文件: /home/elpsy/workspace/sow/patch-backport/workspace/django/django/ad866a/chunk_patches/chunk_001_20250612_175910.patch (修改文件: django/db/models/fields/__init__.py)
2025-06-12 17:59:10.124 | INFO     | modules.chunk_analyzer:_create_chunk_patches:314 - 创建块补丁文件: /home/elpsy/workspace/sow/patch-backport/workspace/django/django/ad866a/chunk_patches/chunk_002_20250612_175910.patch (修改文件: django/db/models/fields/__init__.py)
2025-06-12 17:59:10.124 | INFO     | modules.chunk_analyzer:_create_chunk_patches:314 - 创建块补丁文件: /home/elpsy/workspace/sow/patch-backport/workspace/django/django/ad866a/chunk_patches/chunk_003_20250612_175910.patch (修改文件: django/db/models/fields/__init__.py)
2025-06-12 17:59:10.124 | INFO     | modules.chunk_analyzer:_create_chunk_patches:314 - 创建块补丁文件: /home/elpsy/workspace/sow/patch-backport/workspace/django/django/ad866a/chunk_patches/chunk_004_20250612_175910.patch (修改文件: django/forms/fields.py)
2025-06-12 17:59:10.125 | INFO     | modules.chunk_analyzer:_create_chunk_patches:314 - 创建块补丁文件: /home/elpsy/workspace/sow/patch-backport/workspace/django/django/ad866a/chunk_patches/chunk_005_20250612_175910.patch (修改文件: django/forms/fields.py)
2025-06-12 17:59:10.125 | INFO     | modules.chunk_analyzer:_create_chunk_patches:314 - 创建块补丁文件: /home/elpsy/workspace/sow/patch-backport/workspace/django/django/ad866a/chunk_patches/chunk_006_20250612_175910.patch (修改文件: django/forms/fields.py)
2025-06-12 17:59:10.125 | INFO     | modules.chunk_analyzer:_create_chunk_patches:314 - 创建块补丁文件: /home/elpsy/workspace/sow/patch-backport/workspace/django/django/ad866a/chunk_patches/chunk_007_20250612_175910.patch (修改文件: django/utils/ipv6.py)
2025-06-12 17:59:10.126 | INFO     | modules.chunk_analyzer:_create_chunk_patches:314 - 创建块补丁文件: /home/elpsy/workspace/sow/patch-backport/workspace/django/django/ad866a/chunk_patches/chunk_008_20250612_175910.patch (修改文件: django/utils/ipv6.py)
2025-06-12 17:59:10.126 | INFO     | modules.chunk_analyzer:_create_chunk_patches:314 - 创建块补丁文件: /home/elpsy/workspace/sow/patch-backport/workspace/django/django/ad866a/chunk_patches/chunk_009_20250612_175910.patch (修改文件: django/utils/ipv6.py)
2025-06-12 17:59:10.127 | INFO     | modules.chunk_analyzer:_create_chunk_patches:314 - 创建块补丁文件: /home/elpsy/workspace/sow/patch-backport/workspace/django/django/ad866a/chunk_patches/chunk_010_20250612_175910.patch (修改文件: docs/ref/forms/fields.txt)
2025-06-12 17:59:10.128 | INFO     | modules.chunk_analyzer:_create_chunk_patches:314 - 创建块补丁文件: /home/elpsy/workspace/sow/patch-backport/workspace/django/django/ad866a/chunk_patches/chunk_011_20250612_175910.patch (修改文件: docs/ref/forms/fields.txt)
2025-06-12 17:59:10.128 | INFO     | modules.chunk_analyzer:_create_chunk_patches:314 - 创建块补丁文件: /home/elpsy/workspace/sow/patch-backport/workspace/django/django/ad866a/chunk_patches/chunk_012_20250612_175910.patch (修改文件: docs/ref/forms/fields.txt)
2025-06-12 17:59:10.129 | INFO     | modules.chunk_analyzer:_create_chunk_patches:314 - 创建块补丁文件: /home/elpsy/workspace/sow/patch-backport/workspace/django/django/ad866a/chunk_patches/chunk_013_20250612_175910.patch (修改文件: docs/releases/4.2.18.txt)
2025-06-12 17:59:10.129 | INFO     | modules.chunk_analyzer:_create_chunk_patches:314 - 创建块补丁文件: /home/elpsy/workspace/sow/patch-backport/workspace/django/django/ad866a/chunk_patches/chunk_014_20250612_175910.patch (修改文件: tests/forms_tests/field_tests/test_genericipaddressfield.py)
2025-06-12 17:59:10.130 | INFO     | modules.chunk_analyzer:_create_chunk_patches:314 - 创建块补丁文件: /home/elpsy/workspace/sow/patch-backport/workspace/django/django/ad866a/chunk_patches/chunk_015_20250612_175910.patch (修改文件: tests/forms_tests/field_tests/test_genericipaddressfield.py)
2025-06-12 17:59:10.131 | INFO     | modules.chunk_analyzer:_create_chunk_patches:314 - 创建块补丁文件: /home/elpsy/workspace/sow/patch-backport/workspace/django/django/ad866a/chunk_patches/chunk_016_20250612_175910.patch (修改文件: tests/forms_tests/field_tests/test_genericipaddressfield.py)
2025-06-12 17:59:10.131 | INFO     | modules.chunk_analyzer:_create_chunk_patches:314 - 创建块补丁文件: /home/elpsy/workspace/sow/patch-backport/workspace/django/django/ad866a/chunk_patches/chunk_017_20250612_175910.patch (修改文件: tests/utils_tests/test_ipv6.py)
2025-06-12 17:59:10.132 | INFO     | modules.chunk_analyzer:_create_chunk_patches:314 - 创建块补丁文件: /home/elpsy/workspace/sow/patch-backport/workspace/django/django/ad866a/chunk_patches/chunk_018_20250612_175910.patch (修改文件: tests/utils_tests/test_ipv6.py)
2025-06-12 17:59:10.132 | INFO     | modules.chunk_analyzer:execute:60 - 已为 18 个块创建单独的补丁文件
2025-06-12 17:59:10.133 | INFO     | modules.chunk_analyzer:execute:62 - 第 1 个补丁文件为：
2025-06-12 17:59:10.133 | INFO     | modules.chunk_analyzer:execute:66 - From ad866a1ca3e7d60da888d25d27e46a8adb2ed36e Mon Sep 17 00:00:00 2001
From: Natalia <124304+nessita@users.noreply.github.com>
Date: Mon, 6 Jan 2025 15:51:45 -0300
Subject: [PATCH] [4.2.x] Fixed CVE-2024-56374 -- Mitigated potential DoS in
 IPv6 validation.

Thanks Saravana Kumar for the report, and Sarah Boyce and Mariusz
Felisiak for the reviews.

Co-authored-by: Natalia <124304+nessita@users.noreply.github.com>
---
 django/db/models/fields/__init__.py           |  6 +--
 django/forms/fields.py                        |  7 +++-
 django/utils/ipv6.py                          | 19 +++++++--
 docs/ref/forms/fields.txt                     | 13 +++++-
 docs/releases/4.2.18.txt                      | 12 ++++++
 .../field_tests/test_genericipaddressfield.py | 33 ++++++++++++++-
 tests/utils_tests/test_ipv6.py                | 40 +++++++++++++++++--
 7 files changed, 116 insertions(+), 14 deletions(-)

diff --git a/django/db/models/fields/__init__.py b/django/db/models/fields/__init__.py
index b65948d783ae..0cfba4e0aab6 100644
--- a/django/db/models/fields/__init__.py
+++ b/django/db/models/fields/__init__.py
@@ -25,7 +25,7 @@
 )
 from django.utils.duration import duration_microseconds, duration_string
 from django.utils.functional import Promise, cached_property
-from django.utils.ipv6 import clean_ipv6_address
+from django.utils.ipv6 import MAX_IPV6_ADDRESS_LENGTH, clean_ipv6_address
 from django.utils.itercompat import is_iterable
 from django.utils.text import capfirst
 from django.utils.translation import gettext_lazy as _

2025-06-12 17:59:10.133 | INFO     | modules.chunk_analyzer:execute:62 - 第 2 个补丁文件为：
2025-06-12 17:59:10.134 | INFO     | modules.chunk_analyzer:execute:66 - From ad866a1ca3e7d60da888d25d27e46a8adb2ed36e Mon Sep 17 00:00:00 2001
From: Natalia <124304+nessita@users.noreply.github.com>
Date: Mon, 6 Jan 2025 15:51:45 -0300
Subject: [PATCH] [4.2.x] Fixed CVE-2024-56374 -- Mitigated potential DoS in
 IPv6 validation.

Thanks Saravana Kumar for the report, and Sarah Boyce and Mariusz
Felisiak for the reviews.

Co-authored-by: Natalia <124304+nessita@users.noreply.github.com>
---
 django/db/models/fields/__init__.py           |  6 +--
 django/forms/fields.py                        |  7 +++-
 django/utils/ipv6.py                          | 19 +++++++--
 docs/ref/forms/fields.txt                     | 13 +++++-
 docs/releases/4.2.18.txt                      | 12 ++++++
 .../field_tests/test_genericipaddressfield.py | 33 ++++++++++++++-
 tests/utils_tests/test_ipv6.py                | 40 +++++++++++++++++--
 7 files changed, 116 insertions(+), 14 deletions(-)

diff --git a/django/db/models/fields/__init__.py b/django/db/models/fields/__init__.py
index b65948d783ae..0cfba4e0aab6 100644
--- a/django/db/models/fields/__init__.py
+++ b/django/db/models/fields/__init__.py
@@ -2160,7 +2160,7 @@ def __init__(
             invalid_error_message,
         ) = validators.ip_address_validators(protocol, unpack_ipv4)
         self.default_error_messages["invalid"] = invalid_error_message
-        kwargs["max_length"] = 39
+        kwargs["max_length"] = MAX_IPV6_ADDRESS_LENGTH
         super().__init__(verbose_name, name, *args, **kwargs)
 
     def check(self, **kwargs):

2025-06-12 17:59:10.134 | INFO     | modules.chunk_analyzer:execute:62 - 第 3 个补丁文件为：
2025-06-12 17:59:10.134 | INFO     | modules.chunk_analyzer:execute:66 - From ad866a1ca3e7d60da888d25d27e46a8adb2ed36e Mon Sep 17 00:00:00 2001
From: Natalia <124304+nessita@users.noreply.github.com>
Date: Mon, 6 Jan 2025 15:51:45 -0300
Subject: [PATCH] [4.2.x] Fixed CVE-2024-56374 -- Mitigated potential DoS in
 IPv6 validation.

Thanks Saravana Kumar for the report, and Sarah Boyce and Mariusz
Felisiak for the reviews.

Co-authored-by: Natalia <124304+nessita@users.noreply.github.com>
---
 django/db/models/fields/__init__.py           |  6 +--
 django/forms/fields.py                        |  7 +++-
 django/utils/ipv6.py                          | 19 +++++++--
 docs/ref/forms/fields.txt                     | 13 +++++-
 docs/releases/4.2.18.txt                      | 12 ++++++
 .../field_tests/test_genericipaddressfield.py | 33 ++++++++++++++-
 tests/utils_tests/test_ipv6.py                | 40 +++++++++++++++++--
 7 files changed, 116 insertions(+), 14 deletions(-)

diff --git a/django/db/models/fields/__init__.py b/django/db/models/fields/__init__.py
index b65948d783ae..0cfba4e0aab6 100644
--- a/django/db/models/fields/__init__.py
+++ b/django/db/models/fields/__init__.py
@@ -2187,7 +2187,7 @@ def deconstruct(self):
             kwargs["unpack_ipv4"] = self.unpack_ipv4
         if self.protocol != "both":
             kwargs["protocol"] = self.protocol
-        if kwargs.get("max_length") == 39:
+        if kwargs.get("max_length") == self.max_length:
             del kwargs["max_length"]
         return name, path, args, kwargs
 

2025-06-12 17:59:10.135 | INFO     | modules.chunk_analyzer:execute:62 - 第 4 个补丁文件为：
2025-06-12 17:59:10.135 | INFO     | modules.chunk_analyzer:execute:66 - From ad866a1ca3e7d60da888d25d27e46a8adb2ed36e Mon Sep 17 00:00:00 2001
From: Natalia <124304+nessita@users.noreply.github.com>
Date: Mon, 6 Jan 2025 15:51:45 -0300
Subject: [PATCH] [4.2.x] Fixed CVE-2024-56374 -- Mitigated potential DoS in
 IPv6 validation.

Thanks Saravana Kumar for the report, and Sarah Boyce and Mariusz
Felisiak for the reviews.

Co-authored-by: Natalia <124304+nessita@users.noreply.github.com>
---
 django/db/models/fields/__init__.py           |  6 +--
 django/forms/fields.py                        |  7 +++-
 django/utils/ipv6.py                          | 19 +++++++--
 docs/ref/forms/fields.txt                     | 13 +++++-
 docs/releases/4.2.18.txt                      | 12 ++++++
 .../field_tests/test_genericipaddressfield.py | 33 ++++++++++++++-
 tests/utils_tests/test_ipv6.py                | 40 +++++++++++++++++--
 7 files changed, 116 insertions(+), 14 deletions(-)

diff --git a/django/forms/fields.py b/django/forms/fields.py
index 01cd831964ea..e62417f5523b 100644
--- a/django/forms/fields.py
+++ b/django/forms/fields.py
@@ -42,7 +42,7 @@
 from django.utils import formats
 from django.utils.dateparse import parse_datetime, parse_duration
 from django.utils.duration import duration_string
-from django.utils.ipv6 import clean_ipv6_address
+from django.utils.ipv6 import MAX_IPV6_ADDRESS_LENGTH, clean_ipv6_address
 from django.utils.regex_helper import _lazy_re_compile
 from django.utils.translation import gettext_lazy as _
 from django.utils.translation import ngettext_lazy

2025-06-12 17:59:10.135 | INFO     | modules.chunk_analyzer:execute:62 - 第 5 个补丁文件为：
2025-06-12 17:59:10.135 | INFO     | modules.chunk_analyzer:execute:66 - From ad866a1ca3e7d60da888d25d27e46a8adb2ed36e Mon Sep 17 00:00:00 2001
From: Natalia <124304+nessita@users.noreply.github.com>
Date: Mon, 6 Jan 2025 15:51:45 -0300
Subject: [PATCH] [4.2.x] Fixed CVE-2024-56374 -- Mitigated potential DoS in
 IPv6 validation.

Thanks Saravana Kumar for the report, and Sarah Boyce and Mariusz
Felisiak for the reviews.

Co-authored-by: Natalia <124304+nessita@users.noreply.github.com>
---
 django/db/models/fields/__init__.py           |  6 +--
 django/forms/fields.py                        |  7 +++-
 django/utils/ipv6.py                          | 19 +++++++--
 docs/ref/forms/fields.txt                     | 13 +++++-
 docs/releases/4.2.18.txt                      | 12 ++++++
 .../field_tests/test_genericipaddressfield.py | 33 ++++++++++++++-
 tests/utils_tests/test_ipv6.py                | 40 +++++++++++++++++--
 7 files changed, 116 insertions(+), 14 deletions(-)

diff --git a/django/forms/fields.py b/django/forms/fields.py
index 01cd831964ea..e62417f5523b 100644
--- a/django/forms/fields.py
+++ b/django/forms/fields.py
@@ -1284,6 +1284,7 @@ def __init__(self, *, protocol="both", unpack_ipv4=False, **kwargs):
         self.default_validators = validators.ip_address_validators(
             protocol, unpack_ipv4
         )[0]
+        kwargs.setdefault("max_length", MAX_IPV6_ADDRESS_LENGTH)
         super().__init__(**kwargs)
 
     def to_python(self, value):

2025-06-12 17:59:10.136 | INFO     | modules.chunk_analyzer:execute:62 - 第 6 个补丁文件为：
2025-06-12 17:59:10.136 | INFO     | modules.chunk_analyzer:execute:66 - From ad866a1ca3e7d60da888d25d27e46a8adb2ed36e Mon Sep 17 00:00:00 2001
From: Natalia <124304+nessita@users.noreply.github.com>
Date: Mon, 6 Jan 2025 15:51:45 -0300
Subject: [PATCH] [4.2.x] Fixed CVE-2024-56374 -- Mitigated potential DoS in
 IPv6 validation.

Thanks Saravana Kumar for the report, and Sarah Boyce and Mariusz
Felisiak for the reviews.

Co-authored-by: Natalia <124304+nessita@users.noreply.github.com>
---
 django/db/models/fields/__init__.py           |  6 +--
 django/forms/fields.py                        |  7 +++-
 django/utils/ipv6.py                          | 19 +++++++--
 docs/ref/forms/fields.txt                     | 13 +++++-
 docs/releases/4.2.18.txt                      | 12 ++++++
 .../field_tests/test_genericipaddressfield.py | 33 ++++++++++++++-
 tests/utils_tests/test_ipv6.py                | 40 +++++++++++++++++--
 7 files changed, 116 insertions(+), 14 deletions(-)

diff --git a/django/forms/fields.py b/django/forms/fields.py
index 01cd831964ea..e62417f5523b 100644
--- a/django/forms/fields.py
+++ b/django/forms/fields.py
@@ -1291,7 +1292,9 @@ def to_python(self, value):
             return ""
         value = value.strip()
         if value and ":" in value:
-            return clean_ipv6_address(value, self.unpack_ipv4)
+            return clean_ipv6_address(
+                value, self.unpack_ipv4, max_length=self.max_length
+            )
         return value
 
 

2025-06-12 17:59:10.136 | INFO     | modules.chunk_analyzer:execute:62 - 第 7 个补丁文件为：
2025-06-12 17:59:10.137 | INFO     | modules.chunk_analyzer:execute:66 - From ad866a1ca3e7d60da888d25d27e46a8adb2ed36e Mon Sep 17 00:00:00 2001
From: Natalia <124304+nessita@users.noreply.github.com>
Date: Mon, 6 Jan 2025 15:51:45 -0300
Subject: [PATCH] [4.2.x] Fixed CVE-2024-56374 -- Mitigated potential DoS in
 IPv6 validation.

Thanks Saravana Kumar for the report, and Sarah Boyce and Mariusz
Felisiak for the reviews.

Co-authored-by: Natalia <124304+nessita@users.noreply.github.com>
---
 django/db/models/fields/__init__.py           |  6 +--
 django/forms/fields.py                        |  7 +++-
 django/utils/ipv6.py                          | 19 +++++++--
 docs/ref/forms/fields.txt                     | 13 +++++-
 docs/releases/4.2.18.txt                      | 12 ++++++
 .../field_tests/test_genericipaddressfield.py | 33 ++++++++++++++-
 tests/utils_tests/test_ipv6.py                | 40 +++++++++++++++++--
 7 files changed, 116 insertions(+), 14 deletions(-)

diff --git a/django/utils/ipv6.py b/django/utils/ipv6.py
index 88dd6ecb4b84..de41a97f7210 100644
--- a/django/utils/ipv6.py
+++ b/django/utils/ipv6.py
@@ -3,9 +3,22 @@
 from django.core.exceptions import ValidationError
 from django.utils.translation import gettext_lazy as _
 
+MAX_IPV6_ADDRESS_LENGTH = 39
+
+
+def _ipv6_address_from_str(ip_str, max_length=MAX_IPV6_ADDRESS_LENGTH):
+    if len(ip_str) > max_length:
+        raise ValueError(
+            f"Unable to convert {ip_str} to an IPv6 address (value too long)."
+        )
+    return ipaddress.IPv6Address(int(ipaddress.IPv6Address(ip_str)))
+
 
 def clean_ipv6_address(
-    ip_str, unpack_ipv4=False, error_message=_("This is not a valid IPv6 address.")
+    ip_str,
+    unpack_ipv4=False,
+    error_message=_("This is not a valid IPv6 address."),
+    max_length=MAX_IPV6_ADDRESS_LENGTH,
 ):
     """
     Clean an IPv6 address string.

2025-06-12 17:59:10.137 | INFO     | modules.chunk_analyzer:execute:62 - 第 8 个补丁文件为：
2025-06-12 17:59:10.137 | INFO     | modules.chunk_analyzer:execute:66 - From ad866a1ca3e7d60da888d25d27e46a8adb2ed36e Mon Sep 17 00:00:00 2001
From: Natalia <124304+nessita@users.noreply.github.com>
Date: Mon, 6 Jan 2025 15:51:45 -0300
Subject: [PATCH] [4.2.x] Fixed CVE-2024-56374 -- Mitigated potential DoS in
 IPv6 validation.

Thanks Saravana Kumar for the report, and Sarah Boyce and Mariusz
Felisiak for the reviews.

Co-authored-by: Natalia <124304+nessita@users.noreply.github.com>
---
 django/db/models/fields/__init__.py           |  6 +--
 django/forms/fields.py                        |  7 +++-
 django/utils/ipv6.py                          | 19 +++++++--
 docs/ref/forms/fields.txt                     | 13 +++++-
 docs/releases/4.2.18.txt                      | 12 ++++++
 .../field_tests/test_genericipaddressfield.py | 33 ++++++++++++++-
 tests/utils_tests/test_ipv6.py                | 40 +++++++++++++++++--
 7 files changed, 116 insertions(+), 14 deletions(-)

diff --git a/django/utils/ipv6.py b/django/utils/ipv6.py
index 88dd6ecb4b84..de41a97f7210 100644
--- a/django/utils/ipv6.py
+++ b/django/utils/ipv6.py
@@ -24,7 +37,7 @@ def clean_ipv6_address(
     Return a compressed IPv6 address or the same value.
     """
     try:
-        addr = ipaddress.IPv6Address(int(ipaddress.IPv6Address(ip_str)))
+        addr = _ipv6_address_from_str(ip_str, max_length)
     except ValueError:
         raise ValidationError(error_message, code="invalid")
 

2025-06-12 17:59:10.138 | INFO     | modules.chunk_analyzer:execute:62 - 第 9 个补丁文件为：
2025-06-12 17:59:10.138 | INFO     | modules.chunk_analyzer:execute:66 - From ad866a1ca3e7d60da888d25d27e46a8adb2ed36e Mon Sep 17 00:00:00 2001
From: Natalia <124304+nessita@users.noreply.github.com>
Date: Mon, 6 Jan 2025 15:51:45 -0300
Subject: [PATCH] [4.2.x] Fixed CVE-2024-56374 -- Mitigated potential DoS in
 IPv6 validation.

Thanks Saravana Kumar for the report, and Sarah Boyce and Mariusz
Felisiak for the reviews.

Co-authored-by: Natalia <124304+nessita@users.noreply.github.com>
---
 django/db/models/fields/__init__.py           |  6 +--
 django/forms/fields.py                        |  7 +++-
 django/utils/ipv6.py                          | 19 +++++++--
 docs/ref/forms/fields.txt                     | 13 +++++-
 docs/releases/4.2.18.txt                      | 12 ++++++
 .../field_tests/test_genericipaddressfield.py | 33 ++++++++++++++-
 tests/utils_tests/test_ipv6.py                | 40 +++++++++++++++++--
 7 files changed, 116 insertions(+), 14 deletions(-)

diff --git a/django/utils/ipv6.py b/django/utils/ipv6.py
index 88dd6ecb4b84..de41a97f7210 100644
--- a/django/utils/ipv6.py
+++ b/django/utils/ipv6.py
@@ -41,7 +54,7 @@ def is_valid_ipv6_address(ip_str):
     Return whether or not the `ip_str` string is a valid IPv6 address.
     """
     try:
-        ipaddress.IPv6Address(ip_str)
+        _ipv6_address_from_str(ip_str)
     except ValueError:
         return False
     return True

2025-06-12 17:59:10.138 | INFO     | modules.chunk_analyzer:execute:62 - 第 10 个补丁文件为：
2025-06-12 17:59:10.139 | INFO     | modules.chunk_analyzer:execute:66 - From ad866a1ca3e7d60da888d25d27e46a8adb2ed36e Mon Sep 17 00:00:00 2001
From: Natalia <124304+nessita@users.noreply.github.com>
Date: Mon, 6 Jan 2025 15:51:45 -0300
Subject: [PATCH] [4.2.x] Fixed CVE-2024-56374 -- Mitigated potential DoS in
 IPv6 validation.

Thanks Saravana Kumar for the report, and Sarah Boyce and Mariusz
Felisiak for the reviews.

Co-authored-by: Natalia <124304+nessita@users.noreply.github.com>
---
 django/db/models/fields/__init__.py           |  6 +--
 django/forms/fields.py                        |  7 +++-
 django/utils/ipv6.py                          | 19 +++++++--
 docs/ref/forms/fields.txt                     | 13 +++++-
 docs/releases/4.2.18.txt                      | 12 ++++++
 .../field_tests/test_genericipaddressfield.py | 33 ++++++++++++++-
 tests/utils_tests/test_ipv6.py                | 40 +++++++++++++++++--
 7 files changed, 116 insertions(+), 14 deletions(-)

diff --git a/docs/ref/forms/fields.txt b/docs/ref/forms/fields.txt
index 1a7274e0d1ad..76b4587e21a6 100644
--- a/docs/ref/forms/fields.txt
+++ b/docs/ref/forms/fields.txt
@@ -719,7 +719,7 @@ For each field, we describe the default widget used if you don't specify
     * Empty value: ``''`` (an empty string)
     * Normalizes to: A string. IPv6 addresses are normalized as described below.
     * Validates that the given value is a valid IP address.
-    * Error message keys: ``required``, ``invalid``
+    * Error message keys: ``required``, ``invalid``, ``max_length``
 
     The IPv6 address normalization follows :rfc:`4291#section-2.2` section 2.2,
     including using the IPv4 format suggested in paragraph 3 of that section, like

2025-06-12 17:59:10.139 | INFO     | modules.chunk_analyzer:execute:62 - 第 11 个补丁文件为：
2025-06-12 17:59:10.139 | INFO     | modules.chunk_analyzer:execute:66 - From ad866a1ca3e7d60da888d25d27e46a8adb2ed36e Mon Sep 17 00:00:00 2001
From: Natalia <124304+nessita@users.noreply.github.com>
Date: Mon, 6 Jan 2025 15:51:45 -0300
Subject: [PATCH] [4.2.x] Fixed CVE-2024-56374 -- Mitigated potential DoS in
 IPv6 validation.

Thanks Saravana Kumar for the report, and Sarah Boyce and Mariusz
Felisiak for the reviews.

Co-authored-by: Natalia <124304+nessita@users.noreply.github.com>
---
 django/db/models/fields/__init__.py           |  6 +--
 django/forms/fields.py                        |  7 +++-
 django/utils/ipv6.py                          | 19 +++++++--
 docs/ref/forms/fields.txt                     | 13 +++++-
 docs/releases/4.2.18.txt                      | 12 ++++++
 .../field_tests/test_genericipaddressfield.py | 33 ++++++++++++++-
 tests/utils_tests/test_ipv6.py                | 40 +++++++++++++++++--
 7 files changed, 116 insertions(+), 14 deletions(-)

diff --git a/docs/ref/forms/fields.txt b/docs/ref/forms/fields.txt
index 1a7274e0d1ad..76b4587e21a6 100644
--- a/docs/ref/forms/fields.txt
+++ b/docs/ref/forms/fields.txt
@@ -727,7 +727,7 @@ For each field, we describe the default widget used if you don't specify
     ``2001::1``, and ``::ffff:0a0a:0a0a`` to ``::ffff:10.10.10.10``. All characters
     are converted to lowercase.
 
-    Takes two optional arguments:
+    Takes three optional arguments:
 
     .. attribute:: protocol
 

2025-06-12 17:59:10.140 | INFO     | modules.chunk_analyzer:execute:62 - 第 12 个补丁文件为：
2025-06-12 17:59:10.140 | INFO     | modules.chunk_analyzer:execute:66 - From ad866a1ca3e7d60da888d25d27e46a8adb2ed36e Mon Sep 17 00:00:00 2001
From: Natalia <124304+nessita@users.noreply.github.com>
Date: Mon, 6 Jan 2025 15:51:45 -0300
Subject: [PATCH] [4.2.x] Fixed CVE-2024-56374 -- Mitigated potential DoS in
 IPv6 validation.

Thanks Saravana Kumar for the report, and Sarah Boyce and Mariusz
Felisiak for the reviews.

Co-authored-by: Natalia <124304+nessita@users.noreply.github.com>
---
 django/db/models/fields/__init__.py           |  6 +--
 django/forms/fields.py                        |  7 +++-
 django/utils/ipv6.py                          | 19 +++++++--
 docs/ref/forms/fields.txt                     | 13 +++++-
 docs/releases/4.2.18.txt                      | 12 ++++++
 .../field_tests/test_genericipaddressfield.py | 33 ++++++++++++++-
 tests/utils_tests/test_ipv6.py                | 40 +++++++++++++++++--
 7 files changed, 116 insertions(+), 14 deletions(-)

diff --git a/docs/ref/forms/fields.txt b/docs/ref/forms/fields.txt
index 1a7274e0d1ad..76b4587e21a6 100644
--- a/docs/ref/forms/fields.txt
+++ b/docs/ref/forms/fields.txt
@@ -742,6 +742,15 @@ For each field, we describe the default widget used if you don't specify
         ``192.0.2.1``. Default is disabled. Can only be used
         when ``protocol`` is set to ``'both'``.
 
+    .. attribute:: max_length
+
+        Defaults to 39, and behaves the same way as it does for
+        :class:`CharField`.
+
+    .. versionchanged:: 4.2.18
+
+        The default value for ``max_length`` was set to 39 characters.
+
 ``ImageField``
 --------------
 

2025-06-12 17:59:10.140 | INFO     | modules.chunk_analyzer:execute:62 - 第 13 个补丁文件为：
2025-06-12 17:59:10.141 | INFO     | modules.chunk_analyzer:execute:66 - From ad866a1ca3e7d60da888d25d27e46a8adb2ed36e Mon Sep 17 00:00:00 2001
From: Natalia <124304+nessita@users.noreply.github.com>
Date: Mon, 6 Jan 2025 15:51:45 -0300
Subject: [PATCH] [4.2.x] Fixed CVE-2024-56374 -- Mitigated potential DoS in
 IPv6 validation.

Thanks Saravana Kumar for the report, and Sarah Boyce and Mariusz
Felisiak for the reviews.

Co-authored-by: Natalia <124304+nessita@users.noreply.github.com>
---
 django/db/models/fields/__init__.py           |  6 +--
 django/forms/fields.py                        |  7 +++-
 django/utils/ipv6.py                          | 19 +++++++--
 docs/ref/forms/fields.txt                     | 13 +++++-
 docs/releases/4.2.18.txt                      | 12 ++++++
 .../field_tests/test_genericipaddressfield.py | 33 ++++++++++++++-
 tests/utils_tests/test_ipv6.py                | 40 +++++++++++++++++--
 7 files changed, 116 insertions(+), 14 deletions(-)

diff --git a/docs/releases/4.2.18.txt b/docs/releases/4.2.18.txt
index ae0c4e3334fb..fef91d9150bf 100644
--- a/docs/releases/4.2.18.txt
+++ b/docs/releases/4.2.18.txt
@@ -5,3 +5,15 @@ Django 4.2.18 release notes
 *January 14, 2025*
 
 Django 4.2.18 fixes a security issue with severity "moderate" in 4.2.17.
+
+CVE-2024-56374: Potential denial-of-service vulnerability in IPv6 validation
+============================================================================
+
+Lack of upper bound limit enforcement in strings passed when performing IPv6
+validation could lead to a potential denial-of-service attack. The undocumented
+and private functions ``clean_ipv6_address`` and ``is_valid_ipv6_address`` were
+vulnerable, as was the  :class:`django.forms.GenericIPAddressField` form field,
+which has now been updated to define a ``max_length`` of 39 characters.
+
+The :class:`django.db.models.GenericIPAddressField` model field was not
+affected.

2025-06-12 17:59:10.141 | INFO     | modules.chunk_analyzer:execute:62 - 第 14 个补丁文件为：
2025-06-12 17:59:10.141 | INFO     | modules.chunk_analyzer:execute:66 - From ad866a1ca3e7d60da888d25d27e46a8adb2ed36e Mon Sep 17 00:00:00 2001
From: Natalia <124304+nessita@users.noreply.github.com>
Date: Mon, 6 Jan 2025 15:51:45 -0300
Subject: [PATCH] [4.2.x] Fixed CVE-2024-56374 -- Mitigated potential DoS in
 IPv6 validation.

Thanks Saravana Kumar for the report, and Sarah Boyce and Mariusz
Felisiak for the reviews.

Co-authored-by: Natalia <124304+nessita@users.noreply.github.com>
---
 django/db/models/fields/__init__.py           |  6 +--
 django/forms/fields.py                        |  7 +++-
 django/utils/ipv6.py                          | 19 +++++++--
 docs/ref/forms/fields.txt                     | 13 +++++-
 docs/releases/4.2.18.txt                      | 12 ++++++
 .../field_tests/test_genericipaddressfield.py | 33 ++++++++++++++-
 tests/utils_tests/test_ipv6.py                | 40 +++++++++++++++++--
 7 files changed, 116 insertions(+), 14 deletions(-)

diff --git a/tests/forms_tests/field_tests/test_genericipaddressfield.py b/tests/forms_tests/field_tests/test_genericipaddressfield.py
index 80722f5c65c1..ef00a727a468 100644
--- a/tests/forms_tests/field_tests/test_genericipaddressfield.py
+++ b/tests/forms_tests/field_tests/test_genericipaddressfield.py
@@ -1,6 +1,7 @@
 from django.core.exceptions import ValidationError
 from django.forms import GenericIPAddressField
 from django.test import SimpleTestCase
+from django.utils.ipv6 import MAX_IPV6_ADDRESS_LENGTH
 
 
 class GenericIPAddressFieldTest(SimpleTestCase):

2025-06-12 17:59:10.142 | INFO     | modules.chunk_analyzer:execute:62 - 第 15 个补丁文件为：
2025-06-12 17:59:10.142 | INFO     | modules.chunk_analyzer:execute:66 - From ad866a1ca3e7d60da888d25d27e46a8adb2ed36e Mon Sep 17 00:00:00 2001
From: Natalia <124304+nessita@users.noreply.github.com>
Date: Mon, 6 Jan 2025 15:51:45 -0300
Subject: [PATCH] [4.2.x] Fixed CVE-2024-56374 -- Mitigated potential DoS in
 IPv6 validation.

Thanks Saravana Kumar for the report, and Sarah Boyce and Mariusz
Felisiak for the reviews.

Co-authored-by: Natalia <124304+nessita@users.noreply.github.com>
---
 django/db/models/fields/__init__.py           |  6 +--
 django/forms/fields.py                        |  7 +++-
 django/utils/ipv6.py                          | 19 +++++++--
 docs/ref/forms/fields.txt                     | 13 +++++-
 docs/releases/4.2.18.txt                      | 12 ++++++
 .../field_tests/test_genericipaddressfield.py | 33 ++++++++++++++-
 tests/utils_tests/test_ipv6.py                | 40 +++++++++++++++++--
 7 files changed, 116 insertions(+), 14 deletions(-)

diff --git a/tests/forms_tests/field_tests/test_genericipaddressfield.py b/tests/forms_tests/field_tests/test_genericipaddressfield.py
index 80722f5c65c1..ef00a727a468 100644
--- a/tests/forms_tests/field_tests/test_genericipaddressfield.py
+++ b/tests/forms_tests/field_tests/test_genericipaddressfield.py
@@ -125,6 +126,35 @@ def test_generic_ipaddress_as_ipv6_only(self):
         ):
             f.clean("1:2")
 
+    def test_generic_ipaddress_max_length_custom(self):
+        # Valid IPv4-mapped IPv6 address, len 45.
+        addr = "0000:0000:0000:0000:0000:ffff:192.168.100.228"
+        f = GenericIPAddressField(max_length=len(addr))
+        f.clean(addr)
+
+    def test_generic_ipaddress_max_length_validation_error(self):
+        # Valid IPv4-mapped IPv6 address, len 45.
+        addr = "0000:0000:0000:0000:0000:ffff:192.168.100.228"
+
+        cases = [
+            ({}, MAX_IPV6_ADDRESS_LENGTH),  # Default value.
+            ({"max_length": len(addr) - 1}, len(addr) - 1),
+        ]
+        for kwargs, max_length in cases:
+            max_length_plus_one = max_length + 1
+            msg = (
+                f"Ensure this value has at most {max_length} characters (it has "
+                f"{max_length_plus_one}).'"
+            )
+            with self.subTest(max_length=max_length):
+                f = GenericIPAddressField(**kwargs)
+                with self.assertRaisesMessage(ValidationError, msg):
+                    f.clean("x" * max_length_plus_one)
+                with self.assertRaisesMessage(
+                    ValidationError, "This is not a valid IPv6 address."
+                ):
+                    f.clean(addr)
+
     def test_generic_ipaddress_as_generic_not_required(self):
         f = GenericIPAddressField(required=False)
         self.assertEqual(f.clean(""), "")

2025-06-12 17:59:10.142 | INFO     | modules.chunk_analyzer:execute:62 - 第 16 个补丁文件为：
2025-06-12 17:59:10.142 | INFO     | modules.chunk_analyzer:execute:66 - From ad866a1ca3e7d60da888d25d27e46a8adb2ed36e Mon Sep 17 00:00:00 2001
From: Natalia <124304+nessita@users.noreply.github.com>
Date: Mon, 6 Jan 2025 15:51:45 -0300
Subject: [PATCH] [4.2.x] Fixed CVE-2024-56374 -- Mitigated potential DoS in
 IPv6 validation.

Thanks Saravana Kumar for the report, and Sarah Boyce and Mariusz
Felisiak for the reviews.

Co-authored-by: Natalia <124304+nessita@users.noreply.github.com>
---
 django/db/models/fields/__init__.py           |  6 +--
 django/forms/fields.py                        |  7 +++-
 django/utils/ipv6.py                          | 19 +++++++--
 docs/ref/forms/fields.txt                     | 13 +++++-
 docs/releases/4.2.18.txt                      | 12 ++++++
 .../field_tests/test_genericipaddressfield.py | 33 ++++++++++++++-
 tests/utils_tests/test_ipv6.py                | 40 +++++++++++++++++--
 7 files changed, 116 insertions(+), 14 deletions(-)

diff --git a/tests/forms_tests/field_tests/test_genericipaddressfield.py b/tests/forms_tests/field_tests/test_genericipaddressfield.py
index 80722f5c65c1..ef00a727a468 100644
--- a/tests/forms_tests/field_tests/test_genericipaddressfield.py
+++ b/tests/forms_tests/field_tests/test_genericipaddressfield.py
@@ -150,7 +180,8 @@ def test_generic_ipaddress_as_generic_not_required(self):
             f.clean(" fe80::223:6cff:fe8a:2e8a "), "fe80::223:6cff:fe8a:2e8a"
         )
         self.assertEqual(
-            f.clean(" 2a02::223:6cff:fe8a:2e8a "), "2a02::223:6cff:fe8a:2e8a"
+            f.clean(" " * MAX_IPV6_ADDRESS_LENGTH + " 2a02::223:6cff:fe8a:2e8a "),
+            "2a02::223:6cff:fe8a:2e8a",
         )
         with self.assertRaisesMessage(
             ValidationError, "'This is not a valid IPv6 address.'"

2025-06-12 17:59:10.143 | INFO     | modules.chunk_analyzer:execute:62 - 第 17 个补丁文件为：
2025-06-12 17:59:10.143 | INFO     | modules.chunk_analyzer:execute:66 - From ad866a1ca3e7d60da888d25d27e46a8adb2ed36e Mon Sep 17 00:00:00 2001
From: Natalia <124304+nessita@users.noreply.github.com>
Date: Mon, 6 Jan 2025 15:51:45 -0300
Subject: [PATCH] [4.2.x] Fixed CVE-2024-56374 -- Mitigated potential DoS in
 IPv6 validation.

Thanks Saravana Kumar for the report, and Sarah Boyce and Mariusz
Felisiak for the reviews.

Co-authored-by: Natalia <124304+nessita@users.noreply.github.com>
---
 django/db/models/fields/__init__.py           |  6 +--
 django/forms/fields.py                        |  7 +++-
 django/utils/ipv6.py                          | 19 +++++++--
 docs/ref/forms/fields.txt                     | 13 +++++-
 docs/releases/4.2.18.txt                      | 12 ++++++
 .../field_tests/test_genericipaddressfield.py | 33 ++++++++++++++-
 tests/utils_tests/test_ipv6.py                | 40 +++++++++++++++++--
 7 files changed, 116 insertions(+), 14 deletions(-)

diff --git a/tests/utils_tests/test_ipv6.py b/tests/utils_tests/test_ipv6.py
index bf78ed91c08f..2d06507fa152 100644
--- a/tests/utils_tests/test_ipv6.py
+++ b/tests/utils_tests/test_ipv6.py
@@ -1,9 +1,17 @@
-import unittest
+import traceback
+from io import StringIO
 
-from django.utils.ipv6 import clean_ipv6_address, is_valid_ipv6_address
+from django.core.exceptions import ValidationError
+from django.test import SimpleTestCase
+from django.utils.ipv6 import (
+    MAX_IPV6_ADDRESS_LENGTH,
+    clean_ipv6_address,
+    is_valid_ipv6_address,
+)
+from django.utils.version import PY310
 
 
-class TestUtilsIPv6(unittest.TestCase):
+class TestUtilsIPv6(SimpleTestCase):
     def test_validates_correct_plain_address(self):
         self.assertTrue(is_valid_ipv6_address("fe80::223:6cff:fe8a:2e8a"))
         self.assertTrue(is_valid_ipv6_address("2a02::223:6cff:fe8a:2e8a"))

2025-06-12 17:59:10.143 | INFO     | modules.chunk_analyzer:execute:62 - 第 18 个补丁文件为：
2025-06-12 17:59:10.144 | INFO     | modules.chunk_analyzer:execute:66 - From ad866a1ca3e7d60da888d25d27e46a8adb2ed36e Mon Sep 17 00:00:00 2001
From: Natalia <124304+nessita@users.noreply.github.com>
Date: Mon, 6 Jan 2025 15:51:45 -0300
Subject: [PATCH] [4.2.x] Fixed CVE-2024-56374 -- Mitigated potential DoS in
 IPv6 validation.

Thanks Saravana Kumar for the report, and Sarah Boyce and Mariusz
Felisiak for the reviews.

Co-authored-by: Natalia <124304+nessita@users.noreply.github.com>
---
 django/db/models/fields/__init__.py           |  6 +--
 django/forms/fields.py                        |  7 +++-
 django/utils/ipv6.py                          | 19 +++++++--
 docs/ref/forms/fields.txt                     | 13 +++++-
 docs/releases/4.2.18.txt                      | 12 ++++++
 .../field_tests/test_genericipaddressfield.py | 33 ++++++++++++++-
 tests/utils_tests/test_ipv6.py                | 40 +++++++++++++++++--
 7 files changed, 116 insertions(+), 14 deletions(-)

diff --git a/tests/utils_tests/test_ipv6.py b/tests/utils_tests/test_ipv6.py
index bf78ed91c08f..2d06507fa152 100644
--- a/tests/utils_tests/test_ipv6.py
+++ b/tests/utils_tests/test_ipv6.py
@@ -64,3 +72,29 @@ def test_unpacks_ipv4(self):
         self.assertEqual(
             clean_ipv6_address("::ffff:18.52.18.52", unpack_ipv4=True), "18.52.18.52"
         )
+
+    def test_address_too_long(self):
+        addresses = [
+            "0000:0000:0000:0000:0000:ffff:192.168.100.228",  # IPv4-mapped IPv6 address
+            "0000:0000:0000:0000:0000:ffff:192.168.100.228%123456",  # % scope/zone
+            "fe80::223:6cff:fe8a:2e8a:1234:5678:00000",  # MAX_IPV6_ADDRESS_LENGTH + 1
+        ]
+        msg = "This is the error message."
+        value_error_msg = "Unable to convert %s to an IPv6 address (value too long)."
+        for addr in addresses:
+            with self.subTest(addr=addr):
+                self.assertGreater(len(addr), MAX_IPV6_ADDRESS_LENGTH)
+                self.assertEqual(is_valid_ipv6_address(addr), False)
+                with self.assertRaisesMessage(ValidationError, msg) as ctx:
+                    clean_ipv6_address(addr, error_message=msg)
+                exception_traceback = StringIO()
+                if PY310:
+                    traceback.print_exception(ctx.exception, file=exception_traceback)
+                else:
+                    traceback.print_exception(
+                        type(ctx.exception),
+                        value=ctx.exception,
+                        tb=ctx.exception.__traceback__,
+                        file=exception_traceback,
+                    )
+                self.assertIn(value_error_msg % addr, exception_traceback.getvalue())

2025-06-12 17:59:10.144 | INFO     | modules.chunk_analyzer:_apply_chunk_patches:357 - 切换到目标版本: 3.2.7
2025-06-12 17:59:10.166 | INFO     | modules.chunk_analyzer:_apply_chunk_patches:369 - 创建测试分支: test_chunk_apply_8ed7e300
2025-06-12 17:59:10.242 | INFO     | modules.chunk_analyzer:_apply_chunk_patches:388 - 尝试应用第 1/18 个块补丁: chunk_001_20250612_175910.patch
2025-06-12 17:59:10.248 | INFO     | modules.chunk_analyzer:_apply_chunk_patches:401 - 成功应用块补丁: chunk_001_20250612_175910.patch
2025-06-12 17:59:10.248 | INFO     | modules.chunk_analyzer:_apply_chunk_patches:388 - 尝试应用第 2/18 个块补丁: chunk_002_20250612_175910.patch
2025-06-12 17:59:10.255 | WARNING  | modules.chunk_analyzer:_apply_chunk_patches:420 - 块补丁 chunk_002_20250612_175910.patch 应用失败: error: patch failed: django/db/models/fields/__init__.py:2160
error: django/db/models/fields/__init__.py: patch does not apply

2025-06-12 17:59:10.255 | INFO     | modules.chunk_analyzer:_apply_chunk_patches:388 - 尝试应用第 3/18 个块补丁: chunk_003_20250612_175910.patch
2025-06-12 17:59:10.262 | WARNING  | modules.chunk_analyzer:_apply_chunk_patches:420 - 块补丁 chunk_003_20250612_175910.patch 应用失败: error: patch failed: django/db/models/fields/__init__.py:2187
error: django/db/models/fields/__init__.py: patch does not apply

2025-06-12 17:59:10.263 | INFO     | modules.chunk_analyzer:_apply_chunk_patches:388 - 尝试应用第 4/18 个块补丁: chunk_004_20250612_175910.patch
2025-06-12 17:59:10.270 | WARNING  | modules.chunk_analyzer:_apply_chunk_patches:420 - 块补丁 chunk_004_20250612_175910.patch 应用失败: error: patch failed: django/forms/fields.py:42
error: django/forms/fields.py: patch does not apply

2025-06-12 17:59:10.270 | INFO     | modules.chunk_analyzer:_apply_chunk_patches:388 - 尝试应用第 5/18 个块补丁: chunk_005_20250612_175910.patch
2025-06-12 17:59:10.277 | WARNING  | modules.chunk_analyzer:_apply_chunk_patches:420 - 块补丁 chunk_005_20250612_175910.patch 应用失败: error: patch failed: django/forms/fields.py:1284
error: django/forms/fields.py: patch does not apply

2025-06-12 17:59:10.277 | INFO     | modules.chunk_analyzer:_apply_chunk_patches:388 - 尝试应用第 6/18 个块补丁: chunk_006_20250612_175910.patch
2025-06-12 17:59:10.284 | WARNING  | modules.chunk_analyzer:_apply_chunk_patches:420 - 块补丁 chunk_006_20250612_175910.patch 应用失败: error: patch failed: django/forms/fields.py:1291
error: django/forms/fields.py: patch does not apply

2025-06-12 17:59:10.285 | INFO     | modules.chunk_analyzer:_apply_chunk_patches:388 - 尝试应用第 7/18 个块补丁: chunk_007_20250612_175910.patch
2025-06-12 17:59:10.290 | WARNING  | modules.chunk_analyzer:_apply_chunk_patches:420 - 块补丁 chunk_007_20250612_175910.patch 应用失败: error: patch failed: django/utils/ipv6.py:3
error: django/utils/ipv6.py: patch does not apply

2025-06-12 17:59:10.291 | INFO     | modules.chunk_analyzer:_apply_chunk_patches:388 - 尝试应用第 8/18 个块补丁: chunk_008_20250612_175910.patch
2025-06-12 17:59:10.300 | WARNING  | modules.chunk_analyzer:_apply_chunk_patches:420 - 块补丁 chunk_008_20250612_175910.patch 应用失败: error: patch failed: django/utils/ipv6.py:24
error: django/utils/ipv6.py: patch does not apply

2025-06-12 17:59:10.300 | INFO     | modules.chunk_analyzer:_apply_chunk_patches:388 - 尝试应用第 9/18 个块补丁: chunk_009_20250612_175910.patch
2025-06-12 17:59:10.304 | INFO     | modules.chunk_analyzer:_apply_chunk_patches:401 - 成功应用块补丁: chunk_009_20250612_175910.patch
2025-06-12 17:59:10.305 | INFO     | modules.chunk_analyzer:_apply_chunk_patches:388 - 尝试应用第 10/18 个块补丁: chunk_010_20250612_175910.patch
2025-06-12 17:59:10.309 | INFO     | modules.chunk_analyzer:_apply_chunk_patches:401 - 成功应用块补丁: chunk_010_20250612_175910.patch
2025-06-12 17:59:10.309 | INFO     | modules.chunk_analyzer:_apply_chunk_patches:388 - 尝试应用第 11/18 个块补丁: chunk_011_20250612_175910.patch
2025-06-12 17:59:10.314 | INFO     | modules.chunk_analyzer:_apply_chunk_patches:401 - 成功应用块补丁: chunk_011_20250612_175910.patch
2025-06-12 17:59:10.314 | INFO     | modules.chunk_analyzer:_apply_chunk_patches:388 - 尝试应用第 12/18 个块补丁: chunk_012_20250612_175910.patch
2025-06-12 17:59:10.333 | WARNING  | modules.chunk_analyzer:_apply_chunk_patches:420 - 块补丁 chunk_012_20250612_175910.patch 应用失败: error: patch failed: docs/ref/forms/fields.txt:742
error: docs/ref/forms/fields.txt: patch does not apply

2025-06-12 17:59:10.333 | INFO     | modules.chunk_analyzer:_apply_chunk_patches:388 - 尝试应用第 13/18 个块补丁: chunk_013_20250612_175910.patch
2025-06-12 17:59:10.341 | WARNING  | modules.chunk_analyzer:_apply_chunk_patches:420 - 块补丁 chunk_013_20250612_175910.patch 应用失败: error: docs/releases/4.2.18.txt: No such file or directory

2025-06-12 17:59:10.341 | INFO     | modules.chunk_analyzer:_apply_chunk_patches:388 - 尝试应用第 14/18 个块补丁: chunk_014_20250612_175910.patch
2025-06-12 17:59:10.346 | INFO     | modules.chunk_analyzer:_apply_chunk_patches:401 - 成功应用块补丁: chunk_014_20250612_175910.patch
2025-06-12 17:59:10.346 | INFO     | modules.chunk_analyzer:_apply_chunk_patches:388 - 尝试应用第 15/18 个块补丁: chunk_015_20250612_175910.patch
2025-06-12 17:59:10.353 | WARNING  | modules.chunk_analyzer:_apply_chunk_patches:420 - 块补丁 chunk_015_20250612_175910.patch 应用失败: error: patch failed: tests/forms_tests/field_tests/test_genericipaddressfield.py:125
error: tests/forms_tests/field_tests/test_genericipaddressfield.py: patch does not apply

2025-06-12 17:59:10.353 | INFO     | modules.chunk_analyzer:_apply_chunk_patches:388 - 尝试应用第 16/18 个块补丁: chunk_016_20250612_175910.patch
2025-06-12 17:59:10.361 | WARNING  | modules.chunk_analyzer:_apply_chunk_patches:420 - 块补丁 chunk_016_20250612_175910.patch 应用失败: error: patch failed: tests/forms_tests/field_tests/test_genericipaddressfield.py:150
error: tests/forms_tests/field_tests/test_genericipaddressfield.py: patch does not apply

2025-06-12 17:59:10.362 | INFO     | modules.chunk_analyzer:_apply_chunk_patches:388 - 尝试应用第 17/18 个块补丁: chunk_017_20250612_175910.patch
2025-06-12 17:59:10.370 | WARNING  | modules.chunk_analyzer:_apply_chunk_patches:420 - 块补丁 chunk_017_20250612_175910.patch 应用失败: error: patch failed: tests/utils_tests/test_ipv6.py:1
error: tests/utils_tests/test_ipv6.py: patch does not apply

2025-06-12 17:59:10.371 | INFO     | modules.chunk_analyzer:_apply_chunk_patches:388 - 尝试应用第 18/18 个块补丁: chunk_018_20250612_175910.patch
2025-06-12 17:59:10.378 | WARNING  | modules.chunk_analyzer:_apply_chunk_patches:420 - 块补丁 chunk_018_20250612_175910.patch 应用失败: error: patch failed: tests/utils_tests/test_ipv6.py:64
error: tests/utils_tests/test_ipv6.py: patch does not apply

2025-06-12 17:59:10.379 | INFO     | modules.chunk_analyzer:_apply_chunk_patches:430 - 块补丁应用统计信息:
2025-06-12 17:59:10.379 | INFO     | modules.chunk_analyzer:_apply_chunk_patches:431 - - 总块数: 18
2025-06-12 17:59:10.379 | INFO     | modules.chunk_analyzer:_apply_chunk_patches:432 - - 无冲突块数: 5
2025-06-12 17:59:10.379 | INFO     | modules.chunk_analyzer:_apply_chunk_patches:433 - - 适配失败块数: 13
2025-06-12 17:59:10.380 | INFO     | modules.chunk_analyzer:_apply_chunk_patches:438 - 切换回目标版本: 3.2.7
2025-06-12 17:59:10.400 | INFO     | modules.chunk_analyzer:_apply_chunk_patches:446 - 删除测试分支: test_chunk_apply_8ed7e300
2025-06-12 17:59:10.404 | INFO     | modules.chunk_analyzer:execute:70 - 成功应用了 5 个块补丁，总共 18 个
2025-06-12 17:59:10.407 | INFO     | modules.chunk_analyzer:_create_remaining_patch:527 - 创建剩余块补丁文件: /home/elpsy/workspace/sow/patch-backport/workspace/django/django/ad866a/chunk_patches/remaining_chunks_20250612_175910.patch
2025-06-12 17:59:10.407 | INFO     | modules.chunk_analyzer:execute:78 - 创建了包含 13 个未应用块的剩余补丁: /home/elpsy/workspace/sow/patch-backport/workspace/django/django/ad866a/chunk_patches/remaining_chunks_20250612_175910.patch
2025-06-12 17:59:10.408 | INFO     | modules.chunk_analyzer:execute:102 - 已将剩余补丁路径存储到上下文: /home/elpsy/workspace/sow/patch-backport/workspace/django/django/ad866a/chunk_patches/remaining_chunks_20250612_175910.patch
2025-06-12 17:59:10.408 | INFO     | modules.chunk_analyzer:execute:117 - 补丁分块分析完成，耗时: 0.29秒
2025-06-12 17:59:10.409 | INFO     | modules.base_module:_save_metrics:143 - 评测指标已保存到: workspace/django/django/ad866a/evaluations/chunk_analyzer/metrics_ad866a_20250612_175910.json
2025-06-12 17:59:10.410 | INFO     | modules.chunk_analyzer:_generate_additional_html_sections:917 - 找到当前评估会话目录: workspace/django/django/ad866a/evaluations/chunk_analyzer/details_ad866a_20250612_175910
2025-06-12 17:59:10.411 | INFO     | modules.chunk_analyzer:_get_patch_content:1151 - 使用当前会话评估目录: workspace/django/django/ad866a/evaluations/chunk_analyzer/details_ad866a_20250612_175910
2025-06-12 17:59:10.411 | WARNING  | modules.chunk_analyzer:_get_patch_content:1207 - 补丁目录不存在: workspace/django/django/ad866a/evaluations/chunk_analyzer/details_ad866a_20250612_175910/patches
2025-06-12 17:59:10.411 | INFO     | modules.chunk_analyzer:_get_patch_content:1212 - 成功创建补丁目录: workspace/django/django/ad866a/evaluations/chunk_analyzer/details_ad866a_20250612_175910/patches
2025-06-12 17:59:10.412 | INFO     | modules.chunk_analyzer:_get_patch_content:1230 - 已将原始补丁内容保存到: workspace/django/django/ad866a/evaluations/chunk_analyzer/details_ad866a_20250612_175910/patches/original_patch.txt
2025-06-12 17:59:10.412 | INFO     | modules.chunk_analyzer:_get_patch_content:1151 - 使用当前会话评估目录: workspace/django/django/ad866a/evaluations/chunk_analyzer/details_ad866a_20250612_175910
2025-06-12 17:59:10.413 | INFO     | modules.chunk_analyzer:_get_patch_content:1335 - 已将补丁块内容保存到: workspace/django/django/ad866a/evaluations/chunk_analyzer/details_ad866a_20250612_175910/patches/applied_chunk_1.txt
2025-06-12 17:59:10.414 | INFO     | modules.chunk_analyzer:_get_patch_content:1335 - 已将补丁块内容保存到: workspace/django/django/ad866a/evaluations/chunk_analyzer/details_ad866a_20250612_175910/patches/applied_chunk_2.txt
2025-06-12 17:59:10.414 | INFO     | modules.chunk_analyzer:_get_patch_content:1335 - 已将补丁块内容保存到: workspace/django/django/ad866a/evaluations/chunk_analyzer/details_ad866a_20250612_175910/patches/applied_chunk_3.txt
2025-06-12 17:59:10.415 | INFO     | modules.chunk_analyzer:_get_patch_content:1335 - 已将补丁块内容保存到: workspace/django/django/ad866a/evaluations/chunk_analyzer/details_ad866a_20250612_175910/patches/applied_chunk_4.txt
2025-06-12 17:59:10.415 | INFO     | modules.chunk_analyzer:_get_patch_content:1335 - 已将补丁块内容保存到: workspace/django/django/ad866a/evaluations/chunk_analyzer/details_ad866a_20250612_175910/patches/applied_chunk_5.txt
2025-06-12 17:59:10.416 | INFO     | modules.chunk_analyzer:_get_patch_content:1344 - 已将合并的补丁块内容保存到: workspace/django/django/ad866a/evaluations/chunk_analyzer/details_ad866a_20250612_175910/patches/all_applied_chunks.txt
2025-06-12 17:59:10.416 | INFO     | modules.chunk_analyzer:_get_patch_content:1348 - 从context获取应用成功的补丁内容
2025-06-12 17:59:10.416 | INFO     | modules.chunk_analyzer:_get_patch_content:1151 - 使用当前会话评估目录: workspace/django/django/ad866a/evaluations/chunk_analyzer/details_ad866a_20250612_175910
2025-06-12 17:59:10.417 | INFO     | modules.chunk_analyzer:_get_patch_content:1399 - 已将剩余补丁内容保存到: workspace/django/django/ad866a/evaluations/chunk_analyzer/details_ad866a_20250612_175910/patches/remaining_patch.txt
2025-06-12 17:59:10.417 | INFO     | modules.chunk_analyzer:_get_patch_content:1403 - 从context获取剩余补丁内容: /home/elpsy/workspace/sow/patch-backport/workspace/django/django/ad866a/chunk_patches/remaining_chunks_20250612_175910.patch
2025-06-12 17:59:10.418 | INFO     | modules.base_module:_save_evaluation_info:198 - 美观易读的评估信息已保存到: workspace/django/django/ad866a/evaluations/chunk_analyzer/details_ad866a_20250612_175910
2025-06-12 17:59:10.423 | INFO     | core.adaptation_pipeline:process_patch:106 - 执行模块: llm_adapter
2025-06-12 17:59:10.423 | INFO     | modules.llm_adapter:execute:71 - context.commit.patch_path: /home/elpsy/workspace/sow/patch-backport/workspace/django/django/ad866a/patches/upstream_ad866a.patch
2025-06-12 17:59:10.423 | INFO     | modules.llm_adapter:execute:73 - 使用原始补丁文件: /home/elpsy/workspace/sow/patch-backport/workspace/django/django/ad866a/patches/upstream_ad866a.patch
2025-06-12 17:59:10.424 | INFO     | modules.llm_adapter:_prepare_prompt_data:223 - 使用传统上下文差异
2025-06-12 17:59:10.424 | INFO     | modules.llm_adapter:_call_llm:951 - 使用标准提示模式，使用diff模板: backport-diff
2025-06-12 17:59:10.525 | INFO     | llm_assistant:run:278 - +++++++++++++++++++++++++++++++++++
2025-06-12 18:01:12.923 | INFO     | llm_assistant:run:298 - ---responses in run: [{'prompt': [{'role': 'system', 'content': 'You are a senior software engineer who is best in the world at fixing vulnerabilities and patch porting between versions.\nUsers will give you 1. a patch based on a newer version 2. the diff info between the newer version and and older version. \nAnd you will generate a fix patch to the older version in the form of git diff based on the provided INSTRUCTION.\nINSTRUCTION:\nOnly reterun the final result after patch and diff information are entered. When all the information is entered, it will be identified with \u200d\u200d```===end===\u200d\u200d```\nOnly respond with the patch info, do not add any comments or change the indentation.\nThe patch should have no errors, it should compile and user should be able to use the fixed code as a direct replacement of the vulnerable code. The code should not introduce any new dependencies or use API calls that are not present in the code.\nIf you can generate a backport patch for the patch, do a brief change impact analysis to assess how these modifications might affect the overall system, considering both immediate and potential long-term compatibility issues.\nLow: Code diff will be applied to the code base and automatically merged without review.\nMedium: Code diff will be applied and a pull request will be sent to the developer to merge, but there are no indirect changes expected to be done in other parts of the system.\nHigh: Code diff will be offered as a suggestion to the developer to review and then apply to the code base. There are likely other changes that need to be done by the developer before the change can be implemented.\nPlease provide a response only in the following format:\n\nA. Commit message:\n<brief summary of the diff>\n\nB. Change summary:\n<description of the changes made in the diff>\n\nC. Compatibility Risk:\n<Low, Medium, High>\n\nD. Fixed Code:\n<original patch info with now backported>\n\n'}, {'role': 'system', 'content': '1. a patch based on a newer version: \nFrom ad866a1ca3e7d60da888d25d27e46a8adb2ed36e Mon Sep 17 00:00:00 2001\nFrom: Natalia <124304+nessita@users.noreply.github.com>\nDate: Mon, 6 Jan 2025 15:51:45 -0300\nSubject: [PATCH] [4.2.x] Fixed CVE-2024-56374 -- Mitigated potential DoS in\n IPv6 validation.\n\nThanks Saravana Kumar for the report, and Sarah Boyce and Mariusz\nFelisiak for the reviews.\n\nCo-authored-by: Natalia <124304+nessita@users.noreply.github.com>\n---\n django/db/models/fields/__init__.py           |  6 +--\n django/forms/fields.py                        |  7 +++-\n django/utils/ipv6.py                          | 19 +++++++--\n docs/ref/forms/fields.txt                     | 13 +++++-\n docs/releases/4.2.18.txt                      | 12 ++++++\n .../field_tests/test_genericipaddressfield.py | 33 ++++++++++++++-\n tests/utils_tests/test_ipv6.py                | 40 +++++++++++++++++--\n 7 files changed, 116 insertions(+), 14 deletions(-)\n\ndiff --git a/django/db/models/fields/__init__.py b/django/db/models/fields/__init__.py\nindex b65948d783ae..0cfba4e0aab6 100644\n--- a/django/db/models/fields/__init__.py\n+++ b/django/db/models/fields/__init__.py\n@@ -2160,7 +2160,7 @@ def __init__(\n             invalid_error_message,\n         ) = validators.ip_address_validators(protocol, unpack_ipv4)\n         self.default_error_messages["invalid"] = invalid_error_message\n-        kwargs["max_length"] = 39\n+        kwargs["max_length"] = MAX_IPV6_ADDRESS_LENGTH\n         super().__init__(verbose_name, name, *args, **kwargs)\n \n     def check(self, **kwargs):\n@@ -2187,7 +2187,7 @@ def deconstruct(self):\n             kwargs["unpack_ipv4"] = self.unpack_ipv4\n         if self.protocol != "both":\n             kwargs["protocol"] = self.protocol\n-        if kwargs.get("max_length") == 39:\n+        if kwargs.get("max_length") == self.max_length:\n             del kwargs["max_length"]\n         return name, path, args, kwargs\n \ndiff --git a/django/forms/fields.py b/django/forms/fields.py\nindex 01cd831964ea..e62417f5523b 100644\n--- a/django/forms/fields.py\n+++ b/django/forms/fields.py\n@@ -42,7 +42,7 @@\n from django.utils import formats\n from django.utils.dateparse import parse_datetime, parse_duration\n from django.utils.duration import duration_string\n-from django.utils.ipv6 import clean_ipv6_address\n+from django.utils.ipv6 import MAX_IPV6_ADDRESS_LENGTH, clean_ipv6_address\n from django.utils.regex_helper import _lazy_re_compile\n from django.utils.translation import gettext_lazy as _\n from django.utils.translation import ngettext_lazy\n@@ -1284,6 +1284,7 @@ def __init__(self, *, protocol="both", unpack_ipv4=False, **kwargs):\n         self.default_validators = validators.ip_address_validators(\n             protocol, unpack_ipv4\n         )[0]\n+        kwargs.setdefault("max_length", MAX_IPV6_ADDRESS_LENGTH)\n         super().__init__(**kwargs)\n \n     def to_python(self, value):\n@@ -1291,7 +1292,9 @@ def to_python(self, value):\n             return ""\n         value = value.strip()\n         if value and ":" in value:\n-            return clean_ipv6_address(value, self.unpack_ipv4)\n+            return clean_ipv6_address(\n+                value, self.unpack_ipv4, max_length=self.max_length\n+            )\n         return value\n \n \ndiff --git a/django/utils/ipv6.py b/django/utils/ipv6.py\nindex 88dd6ecb4b84..de41a97f7210 100644\n--- a/django/utils/ipv6.py\n+++ b/django/utils/ipv6.py\n@@ -3,9 +3,22 @@\n from django.core.exceptions import ValidationError\n from django.utils.translation import gettext_lazy as _\n \n+MAX_IPV6_ADDRESS_LENGTH = 39\n+\n+\n+def _ipv6_address_from_str(ip_str, max_length=MAX_IPV6_ADDRESS_LENGTH):\n+    if len(ip_str) > max_length:\n+        raise ValueError(\n+            f"Unable to convert {ip_str} to an IPv6 address (value too long)."\n+        )\n+    return ipaddress.IPv6Address(int(ipaddress.IPv6Address(ip_str)))\n+\n \n def clean_ipv6_address(\n-    ip_str, unpack_ipv4=False, error_message=_("This is not a valid IPv6 address.")\n+    ip_str,\n+    unpack_ipv4=False,\n+    error_message=_("This is not a valid IPv6 address."),\n+    max_length=MAX_IPV6_ADDRESS_LENGTH,\n ):\n     """\n     Clean an IPv6 address string.\n@@ -24,7 +37,7 @@ def clean_ipv6_address(\n     Return a compressed IPv6 address or the same value.\n     """\n     try:\n-        addr = ipaddress.IPv6Address(int(ipaddress.IPv6Address(ip_str)))\n+        addr = _ipv6_address_from_str(ip_str, max_length)\n     except ValueError:\n         raise ValidationError(error_message, code="invalid")\n \ndiff --git a/docs/ref/forms/fields.txt b/docs/ref/forms/fields.txt\nindex 1a7274e0d1ad..76b4587e21a6 100644\n--- a/docs/ref/forms/fields.txt\n+++ b/docs/ref/forms/fields.txt\n@@ -742,6 +742,15 @@ For each field, we describe the default widget used if you don\'t specify\n         ``192.0.2.1``. Default is disabled. Can only be used\n         when ``protocol`` is set to ``\'both\'``.\n \n+    .. attribute:: max_length\n+\n+        Defaults to 39, and behaves the same way as it does for\n+        :class:`CharField`.\n+\n+    .. versionchanged:: 4.2.18\n+\n+        The default value for ``max_length`` was set to 39 characters.\n+\n ``ImageField``\n --------------\n \ndiff --git a/docs/releases/4.2.18.txt b/docs/releases/4.2.18.txt\nindex ae0c4e3334fb..fef91d9150bf 100644\n--- a/docs/releases/4.2.18.txt\n+++ b/docs/releases/4.2.18.txt\n@@ -5,3 +5,15 @@ Django 4.2.18 release notes\n *January 14, 2025*\n \n Django 4.2.18 fixes a security issue with severity "moderate" in 4.2.17.\n+\n+CVE-2024-56374: Potential denial-of-service vulnerability in IPv6 validation\n+============================================================================\n+\n+Lack of upper bound limit enforcement in strings passed when performing IPv6\n+validation could lead to a potential denial-of-service attack. The undocumented\n+and private functions ``clean_ipv6_address`` and ``is_valid_ipv6_address`` were\n+vulnerable, as was the  :class:`django.forms.GenericIPAddressField` form field,\n+which has now been updated to define a ``max_length`` of 39 characters.\n+\n+The :class:`django.db.models.GenericIPAddressField` model field was not\n+affected.\ndiff --git a/tests/forms_tests/field_tests/test_genericipaddressfield.py b/tests/forms_tests/field_tests/test_genericipaddressfield.py\nindex 80722f5c65c1..ef00a727a468 100644\n--- a/tests/forms_tests/field_tests/test_genericipaddressfield.py\n+++ b/tests/forms_tests/field_tests/test_genericipaddressfield.py\n@@ -125,6 +126,35 @@ def test_generic_ipaddress_as_ipv6_only(self):\n         ):\n             f.clean("1:2")\n \n+    def test_generic_ipaddress_max_length_custom(self):\n+        # Valid IPv4-mapped IPv6 address, len 45.\n+        addr = "0000:0000:0000:0000:0000:ffff:192.168.100.228"\n+        f = GenericIPAddressField(max_length=len(addr))\n+        f.clean(addr)\n+\n+    def test_generic_ipaddress_max_length_validation_error(self):\n+        # Valid IPv4-mapped IPv6 address, len 45.\n+        addr = "0000:0000:0000:0000:0000:ffff:192.168.100.228"\n+\n+        cases = [\n+            ({}, MAX_IPV6_ADDRESS_LENGTH),  # Default value.\n+            ({"max_length": len(addr) - 1}, len(addr) - 1),\n+        ]\n+        for kwargs, max_length in cases:\n+            max_length_plus_one = max_length + 1\n+            msg = (\n+                f"Ensure this value has at most {max_length} characters (it has "\n+                f"{max_length_plus_one}).\'"\n+            )\n+            with self.subTest(max_length=max_length):\n+                f = GenericIPAddressField(**kwargs)\n+                with self.assertRaisesMessage(ValidationError, msg):\n+                    f.clean("x" * max_length_plus_one)\n+                with self.assertRaisesMessage(\n+                    ValidationError, "This is not a valid IPv6 address."\n+                ):\n+                    f.clean(addr)\n+\n     def test_generic_ipaddress_as_generic_not_required(self):\n         f = GenericIPAddressField(required=False)\n         self.assertEqual(f.clean(""), "")\n@@ -150,7 +180,8 @@ def test_generic_ipaddress_as_generic_not_required(self):\n             f.clean(" fe80::223:6cff:fe8a:2e8a "), "fe80::223:6cff:fe8a:2e8a"\n         )\n         self.assertEqual(\n-            f.clean(" 2a02::223:6cff:fe8a:2e8a "), "2a02::223:6cff:fe8a:2e8a"\n+            f.clean(" " * MAX_IPV6_ADDRESS_LENGTH + " 2a02::223:6cff:fe8a:2e8a "),\n+            "2a02::223:6cff:fe8a:2e8a",\n         )\n         with self.assertRaisesMessage(\n             ValidationError, "\'This is not a valid IPv6 address.\'"\ndiff --git a/tests/utils_tests/test_ipv6.py b/tests/utils_tests/test_ipv6.py\nindex bf78ed91c08f..2d06507fa152 100644\n--- a/tests/utils_tests/test_ipv6.py\n+++ b/tests/utils_tests/test_ipv6.py\n@@ -1,9 +1,17 @@\n-import unittest\n+import traceback\n+from io import StringIO\n \n-from django.utils.ipv6 import clean_ipv6_address, is_valid_ipv6_address\n+from django.core.exceptions import ValidationError\n+from django.test import SimpleTestCase\n+from django.utils.ipv6 import (\n+    MAX_IPV6_ADDRESS_LENGTH,\n+    clean_ipv6_address,\n+    is_valid_ipv6_address,\n+)\n+from django.utils.version import PY310\n \n \n-class TestUtilsIPv6(unittest.TestCase):\n+class TestUtilsIPv6(SimpleTestCase):\n     def test_validates_correct_plain_address(self):\n         self.assertTrue(is_valid_ipv6_address("fe80::223:6cff:fe8a:2e8a"))\n         self.assertTrue(is_valid_ipv6_address("2a02::223:6cff:fe8a:2e8a"))\n@@ -64,3 +72,29 @@ def test_unpacks_ipv4(self):\n         self.assertEqual(\n             clean_ipv6_address("::ffff:18.52.18.52", unpack_ipv4=True), "18.52.18.52"\n         )\n+\n+    def test_address_too_long(self):\n+        addresses = [\n+            "0000:0000:0000:0000:0000:ffff:192.168.100.228",  # IPv4-mapped IPv6 address\n+            "0000:0000:0000:0000:0000:ffff:192.168.100.228%123456",  # % scope/zone\n+            "fe80::223:6cff:fe8a:2e8a:1234:5678:00000",  # MAX_IPV6_ADDRESS_LENGTH + 1\n+        ]\n+        msg = "This is the error message."\n+        value_error_msg = "Unable to convert %s to an IPv6 address (value too long)."\n+        for addr in addresses:\n+            with self.subTest(addr=addr):\n+                self.assertGreater(len(addr), MAX_IPV6_ADDRESS_LENGTH)\n+                self.assertEqual(is_valid_ipv6_address(addr), False)\n+                with self.assertRaisesMessage(ValidationError, msg) as ctx:\n+                    clean_ipv6_address(addr, error_message=msg)\n+                exception_traceback = StringIO()\n+                if PY310:\n+                    traceback.print_exception(ctx.exception, file=exception_traceback)\n+                else:\n+                    traceback.print_exception(\n+                        type(ctx.exception),\n+                        value=ctx.exception,\n+                        tb=ctx.exception.__traceback__,\n+                        file=exception_traceback,\n+                    )\n+                self.assertIn(value_error_msg % addr, exception_traceback.getvalue())\n'}, {'role': 'system', 'content': '2. the diff info between the newer version and and older version: \nmodified file: django/db/models/fields/__init__.py\n--- workspace/django/django/ad866a/newer/django/db/models/fields/__init__.py\n+++ workspace/django/django/ad866a/3.2.7/django/db/models/fields/__init__.py\n@@ -18,10 +18,7 @@\n  from django.utils import timezone\n  from django.utils.datastructures import DictWrapper\n  from django.utils.dateparse import (\n -    parse_date,\n -    parse_datetime,\n -    parse_duration,\n -    parse_time,\n +    parse_date, parse_datetime, parse_duration, parse_time,\n  )\n  from django.utils.duration import duration_microseconds, duration_string\n  from django.utils.functional import Promise, cached_property\n@@ -31,38 +28,14 @@\n  from django.utils.translation import gettext_lazy as _\n  \n  __all__ = [\n -    "AutoField",\n -    "BLANK_CHOICE_DASH",\n -    "BigAutoField",\n -    "BigIntegerField",\n -    "BinaryField",\n -    "BooleanField",\n -    "CharField",\n -    "CommaSeparatedIntegerField",\n -    "DateField",\n -    "DateTimeField",\n -    "DecimalField",\n -    "DurationField",\n -    "EmailField",\n -    "Empty",\n -    "Field",\n -    "FilePathField",\n -    "FloatField",\n -    "GenericIPAddressField",\n -    "IPAddressField",\n -    "IntegerField",\n -    "NOT_PROVIDED",\n -    "NullBooleanField",\n -    "PositiveBigIntegerField",\n -    "PositiveIntegerField",\n -    "PositiveSmallIntegerField",\n -    "SlugField",\n -    "SmallAutoField",\n -    "SmallIntegerField",\n -    "TextField",\n -    "TimeField",\n -    "URLField",\n -    "UUIDField",\n +    \'AutoField\', \'BLANK_CHOICE_DASH\', \'BigAutoField\', \'BigIntegerField\',\n +    \'BinaryField\', \'BooleanField\', \'CharField\', \'CommaSeparatedIntegerField\',\n +    \'DateField\', \'DateTimeField\', \'DecimalField\', \'DurationField\',\n +    \'EmailField\', \'Empty\', \'Field\', \'FilePathField\', \'FloatField\',\n +    \'GenericIPAddressField\', \'IPAddressField\', \'IntegerField\', \'NOT_PROVIDED\',\n +    \'NullBooleanField\', \'PositiveBigIntegerField\', \'PositiveIntegerField\',\n +    \'PositiveSmallIntegerField\', \'SlugField\', \'SmallAutoField\',\n +    \'SmallIntegerField\', \'TextField\', \'TimeField\', \'URLField\', \'UUIDField\',\n  ]\n  \n  \n@@ -98,7 +71,6 @@\n  #\n  #     getattr(obj, opts.pk.attname)\n  \n -\n  def _empty(of_cls):\n      new = Empty()\n      new.__class__ = of_cls\n@@ -125,37 +97,18 @@\n      auto_creation_counter = -1\n      default_validators = []  # Default set of validators\n      default_error_messages = {\n -        "invalid_choice": _("Value %(value)r is not a valid choice."),\n -        "null": _("This field cannot be null."),\n -        "blank": _("This field cannot be blank."),\n -        "unique": _("%(model_name)s with this %(field_label)s already exists."),\n -        "unique_for_date": _(\n -            # Translators: The \'lookup_type\' is one of \'date\', \'year\' or\n -            # \'month\'. Eg: "Title must be unique for pub_date year"\n -            "%(field_label)s must be unique for "\n -            "%(date_field_label)s %(lookup_type)s."\n -        ),\n +        \'invalid_choice\': _(\'Value %(value)r is not a valid choice.\'),\n +        \'null\': _(\'This field cannot be null.\'),\n +        \'blank\': _(\'This field cannot be blank.\'),\n +        \'unique\': _(\'%(model_name)s with this %(field_label)s \'\n +                    \'already exists.\'),\n +        # Translators: The \'lookup_type\' is one of \'date\', \'year\' or \'month\'.\n +        # Eg: "Title must be unique for pub_date year"\n +        \'unique_for_date\': _("%(field_label)s must be unique for "\n +                             "%(date_field_label)s %(lookup_type)s."),\n      }\n      system_check_deprecated_details = None\n      system_check_removed_details = None\n -\n -    # Attributes that don\'t affect a column definition.\n -    # These attributes are ignored when altering the field.\n -    non_db_attrs = (\n -        "blank",\n -        "choices",\n -        "db_column",\n -        "editable",\n -        "error_messages",\n -        "help_text",\n -        "limit_choices_to",\n -        # Database-level options are not supported, see #21961.\n -        "on_delete",\n -        "related_name",\n -        "related_query_name",\n -        "validators",\n -        "verbose_name",\n -    )\n  \n      # Field flags\n      hidden = False\n@@ -170,38 +123,18 @@\n  \n      # Generic field type description, usually overridden by subclasses\n      def _description(self):\n -        return _("Field of type: %(field_type)s") % {\n -            "field_type": self.__class__.__name__\n +        return _(\'Field of type: %(field_type)s\') % {\n +            \'field_type\': self.__class__.__name__\n          }\n -\n      description = property(_description)\n  \n -    def __init__(\n -        self,\n -        verbose_name=None,\n -        name=None,\n -        primary_key=False,\n -        max_length=None,\n -        unique=False,\n -        blank=False,\n -        null=False,\n -        db_index=False,\n -        rel=None,\n -        default=NOT_PROVIDED,\n -        editable=True,\n -        serialize=True,\n -        unique_for_date=None,\n -        unique_for_month=None,\n -        unique_for_year=None,\n -        choices=None,\n -        help_text="",\n -        db_column=None,\n -        db_tablespace=None,\n -        auto_created=False,\n -        validators=(),\n -        error_messages=None,\n -        db_comment=None,\n -    ):\n +    def __init__(self, verbose_name=None, name=None, primary_key=False,\n +                 max_length=None, unique=False, blank=False, null=False,\n +                 db_index=False, rel=None, default=NOT_PROVIDED, editable=True,\n +                 serialize=True, unique_for_date=None, unique_for_month=None,\n +                 unique_for_year=None, choices=None, help_text=\'\', db_column=None,\n +                 db_tablespace=None, auto_created=False, validators=(),\n +                 error_messages=None):\n          self.name = name\n          self.verbose_name = verbose_name  # May be set by set_attributes_from_name\n          self._verbose_name = verbose_name  # Store original for deconstruction\n@@ -222,7 +155,6 @@\n          self.help_text = help_text\n          self.db_index = db_index\n          self.db_column = db_column\n -        self.db_comment = db_comment\n          self._db_tablespace = db_tablespace\n          self.auto_created = auto_created\n  \n@@ -236,32 +168,36 @@\n  \n          self._validators = list(validators)  # Store for deconstruction later\n  \n +        messages = {}\n +        for c in reversed(self.__class__.__mro__):\n +            messages.update(getattr(c, \'default_error_messages\', {}))\n +        messages.update(error_messages or {})\n          self._error_messages = error_messages  # Store for deconstruction later\n +        self.error_messages = messages\n  \n      def __str__(self):\n          """\n          Return "app_label.model_label.field_name" for fields attached to\n          models.\n          """\n -        if not hasattr(self, "model"):\n +        if not hasattr(self, \'model\'):\n              return super().__str__()\n          model = self.model\n -        return "%s.%s" % (model._meta.label, self.name)\n +        return \'%s.%s\' % (model._meta.label, self.name)\n  \n      def __repr__(self):\n          """Display the module, class, and name of the field."""\n -        path = "%s.%s" % (self.__class__.__module__, self.__class__.__qualname__)\n -        name = getattr(self, "name", None)\n +        path = \'%s.%s\' % (self.__class__.__module__, self.__class__.__qualname__)\n +        name = getattr(self, \'name\', None)\n          if name is not None:\n -            return "<%s: %s>" % (path, name)\n -        return "<%s>" % path\n +            return \'<%s: %s>\' % (path, name)\n +        return \'<%s>\' % path\n  \n      def check(self, **kwargs):\n          return [\n              *self._check_field_name(),\n              *self._check_choices(),\n              *self._check_db_index(),\n -            *self._check_db_comment(**kwargs),\n              *self._check_null_allowed_for_primary_keys(),\n              *self._check_backend_specific_checks(**kwargs),\n              *self._check_validators(),\n@@ -273,12 +209,12 @@\n          Check if field name is valid, i.e. 1) does not end with an\n          underscore, 2) does not contain "__" and 3) is not "pk".\n          """\n -        if self.name.endswith("_"):\n +        if self.name.endswith(\'_\'):\n              return [\n                  checks.Error(\n -                    "Field names must not end with an underscore.",\n +                    \'Field names must not end with an underscore.\',\n                      obj=self,\n -                    id="fields.E001",\n +                    id=\'fields.E001\',\n                  )\n              ]\n          elif LOOKUP_SEP in self.name:\n@@ -286,15 +222,15 @@\n                  checks.Error(\n                      \'Field names must not contain "%s".\' % LOOKUP_SEP,\n                      obj=self,\n -                    id="fields.E002",\n +                    id=\'fields.E002\',\n                  )\n              ]\n -        elif self.name == "pk":\n +        elif self.name == \'pk\':\n              return [\n                  checks.Error(\n                      "\'pk\' is a reserved word that cannot be used as a field name.",\n                      obj=self,\n -                    id="fields.E003",\n +                    id=\'fields.E003\',\n                  )\n              ]\n          else:\n@@ -313,7 +249,7 @@\n                  checks.Error(\n                      "\'choices\' must be an iterable (e.g., a list or tuple).",\n                      obj=self,\n -                    id="fields.E004",\n +                    id=\'fields.E004\',\n                  )\n              ]\n  \n@@ -332,22 +268,14 @@\n                  ):\n                      break\n                  if self.max_length is not None and group_choices:\n -                    choice_max_length = max(\n -                        [\n -                            choice_max_length,\n -                            *(\n -                                len(value)\n -                                for value, _ in group_choices\n -                                if isinstance(value, str)\n -                            ),\n -                        ]\n -                    )\n +                    choice_max_length = max([\n +                        choice_max_length,\n +                        *(len(value) for value, _ in group_choices if isinstance(value, str)),\n +                    ])\n              except (TypeError, ValueError):\n                  # No groups, choices in the form [value, display]\n                  value, human_name = group_name, group_choices\n -                if not self._choices_is_value(value) or not self._choices_is_value(\n -                    human_name\n -                ):\n +                if not self._choices_is_value(value) or not self._choices_is_value(human_name):\n                      break\n                  if self.max_length is not None and isinstance(value, str):\n                      choice_max_length = max(choice_max_length, len(value))\n@@ -362,7 +290,7 @@\n                          "\'max_length\' is too small to fit the longest value "\n                          "in \'choices\' (%d characters)." % choice_max_length,\n                          obj=self,\n -                        id="fields.E009",\n +                        id=\'fields.E009\',\n                      ),\n                  ]\n              return []\n@@ -372,7 +300,7 @@\n                  "\'choices\' must be an iterable containing "\n                  "(actual value, human readable name) tuples.",\n                  obj=self,\n -                id="fields.E005",\n +                id=\'fields.E005\',\n              )\n          ]\n  \n@@ -382,52 +310,25 @@\n                  checks.Error(\n                      "\'db_index\' must be None, True or False.",\n                      obj=self,\n -                    id="fields.E006",\n +                    id=\'fields.E006\',\n                  )\n              ]\n          else:\n              return []\n  \n -    def _check_db_comment(self, databases=None, **kwargs):\n -        if not self.db_comment or not databases:\n -            return []\n -        errors = []\n -        for db in databases:\n -            if not router.allow_migrate_model(db, self.model):\n -                continue\n -            connection = connections[db]\n -            if not (\n -                connection.features.supports_comments\n -                or "supports_comments" in self.model._meta.required_db_features\n -            ):\n -                errors.append(\n -                    checks.Warning(\n -                        f"{connection.display_name} does not support comments on "\n -                        f"columns (db_comment).",\n -                        obj=self,\n -                        id="fields.W163",\n -                    )\n -                )\n -        return errors\n -\n      def _check_null_allowed_for_primary_keys(self):\n -        if (\n -            self.primary_key\n -            and self.null\n -            and not connection.features.interprets_empty_strings_as_nulls\n -        ):\n +        if (self.primary_key and self.null and\n +                not connection.features.interprets_empty_strings_as_nulls):\n              # We cannot reliably check this for backends like Oracle which\n              # consider NULL and \'\' to be equal (and thus set up\n              # character-based fields a little differently).\n              return [\n                  checks.Error(\n -                    "Primary keys must not have null=True.",\n -                    hint=(\n -                        "Set null=False on the field, or "\n -                        "remove primary_key=True argument."\n -                    ),\n +                    \'Primary keys must not have null=True.\',\n +                    hint=(\'Set null=False on the field, or \'\n +                          \'remove primary_key=True argument.\'),\n                      obj=self,\n -                    id="fields.E007",\n +                    id=\'fields.E007\',\n                  )\n              ]\n          else:\n@@ -436,9 +337,10 @@\n      def _check_backend_specific_checks(self, databases=None, **kwargs):\n          if databases is None:\n              return []\n +        app_label = self.model._meta.app_label\n          errors = []\n          for alias in databases:\n -            if router.allow_migrate_model(alias, self.model):\n +            if router.allow_migrate(alias, app_label, model_name=self.model._meta.model_name):\n                  errors.extend(connections[alias].validation.check_field(self, **kwargs))\n          return errors\n  \n@@ -452,12 +354,11 @@\n                          hint=(\n                              "validators[{i}] ({repr}) isn\'t a function or "\n                              "instance of a validator class.".format(\n -                                i=i,\n -                                repr=repr(validator),\n +                                i=i, repr=repr(validator),\n                              )\n                          ),\n                          obj=self,\n -                        id="fields.E008",\n +                        id=\'fields.E008\',\n                      )\n                  )\n          return errors\n@@ -467,41 +368,41 @@\n              return [\n                  checks.Error(\n                      self.system_check_removed_details.get(\n -                        "msg",\n -                        "%s has been removed except for support in historical "\n -                        "migrations." % self.__class__.__name__,\n +                        \'msg\',\n +                        \'%s has been removed except for support in historical \'\n +                        \'migrations.\' % self.__class__.__name__\n                      ),\n -                    hint=self.system_check_removed_details.get("hint"),\n +                    hint=self.system_check_removed_details.get(\'hint\'),\n                      obj=self,\n -                    id=self.system_check_removed_details.get("id", "fields.EXXX"),\n +                    id=self.system_check_removed_details.get(\'id\', \'fields.EXXX\'),\n                  )\n              ]\n          elif self.system_check_deprecated_details is not None:\n              return [\n                  checks.Warning(\n                      self.system_check_deprecated_details.get(\n -                        "msg", "%s has been deprecated." % self.__class__.__name__\n +                        \'msg\',\n +                        \'%s has been deprecated.\' % self.__class__.__name__\n                      ),\n -                    hint=self.system_check_deprecated_details.get("hint"),\n +                    hint=self.system_check_deprecated_details.get(\'hint\'),\n                      obj=self,\n -                    id=self.system_check_deprecated_details.get("id", "fields.WXXX"),\n +                    id=self.system_check_deprecated_details.get(\'id\', \'fields.WXXX\'),\n                  )\n              ]\n          return []\n  \n      def get_col(self, alias, output_field=None):\n -        if alias == self.model._meta.db_table and (\n -            output_field is None or output_field == self\n -        ):\n +        if output_field is None:\n +            output_field = self\n +        if alias != self.model._meta.db_table or output_field != self:\n +            from django.db.models.expressions import Col\n +            return Col(alias, self, output_field)\n +        else:\n              return self.cached_col\n -        from django.db.models.expressions import Col\n -\n -        return Col(alias, self, output_field)\n  \n      @cached_property\n      def cached_col(self):\n          from django.db.models.expressions import Col\n -\n          return Col(self.model._meta.db_table, self)\n  \n      def select_format(self, compiler, sql, params):\n@@ -518,8 +419,8 @@\n  \n           * The name of the field on the model, if contribute_to_class() has\n             been run.\n -         * The import path of the field, including the class, e.g.\n -           django.db.models.IntegerField. This should be the most portable\n +         * The import path of the field, including the class:e.g.\n +           django.db.models.IntegerField This should be the most portable\n             version, so less specific may be better.\n           * A list of positional arguments.\n           * A dict of keyword arguments.\n@@ -561,9 +462,8 @@\n              "unique_for_month": None,\n              "unique_for_year": None,\n              "choices": None,\n -            "help_text": "",\n +            "help_text": \'\',\n              "db_column": None,\n -            "db_comment": None,\n              "db_tablespace": None,\n              "auto_created": False,\n              "validators": [],\n@@ -595,8 +495,8 @@\n              path = path.replace("django.db.models.fields.related", "django.db.models")\n          elif path.startswith("django.db.models.fields.files"):\n              path = path.replace("django.db.models.fields.files", "django.db.models")\n -        elif path.startswith("django.db.models.fields.json"):\n -            path = path.replace("django.db.models.fields.json", "django.db.models")\n +        elif path.startswith(\'django.db.models.fields.json\'):\n +            path = path.replace(\'django.db.models.fields.json\', \'django.db.models\')\n          elif path.startswith("django.db.models.fields.proxy"):\n              path = path.replace("django.db.models.fields.proxy", "django.db.models")\n          elif path.startswith("django.db.models.fields"):\n@@ -615,9 +515,10 @@\n      def __eq__(self, other):\n          # Needed for @total_ordering\n          if isinstance(other, Field):\n -            return self.creation_counter == other.creation_counter and getattr(\n -                self, "model", None\n -            ) == getattr(other, "model", None)\n +            return (\n +                self.creation_counter == other.creation_counter and\n +                getattr(self, \'model\', None) == getattr(other, \'model\', None)\n +            )\n          return NotImplemented\n  \n      def __lt__(self, other):\n@@ -625,23 +526,26 @@\n          # Order by creation_counter first for backward compatibility.\n          if isinstance(other, Field):\n              if (\n -                self.creation_counter != other.creation_counter\n -                or not hasattr(self, "model")\n -                and not hasattr(other, "model")\n +                self.creation_counter != other.creation_counter or\n +                not hasattr(self, \'model\') and not hasattr(other, \'model\')\n              ):\n                  return self.creation_counter < other.creation_counter\n -            elif hasattr(self, "model") != hasattr(other, "model"):\n -                return not hasattr(self, "model")  # Order no-model fields first\n +            elif hasattr(self, \'model\') != hasattr(other, \'model\'):\n +                return not hasattr(self, \'model\')  # Order no-model fields first\n              else:\n                  # creation_counter\'s are equal, compare only models.\n -                return (self.model._meta.app_label, self.model._meta.model_name) < (\n -                    other.model._meta.app_label,\n -                    other.model._meta.model_name,\n +                return (\n +                    (self.model._meta.app_label, self.model._meta.model_name) <\n +                    (other.model._meta.app_label, other.model._meta.model_name)\n                  )\n          return NotImplemented\n  \n      def __hash__(self):\n -        return hash(self.creation_counter)\n +        return hash((\n +            self.creation_counter,\n +            self.model._meta.app_label if hasattr(self, \'model\') else None,\n +            self.model._meta.model_name if hasattr(self, \'model\') else None,\n +        ))\n  \n      def __deepcopy__(self, memodict):\n          # We don\'t have to deepcopy very much here, since most things are not\n@@ -649,7 +553,7 @@\n          obj = copy.copy(self)\n          if self.remote_field:\n              obj.remote_field = copy.copy(self.remote_field)\n -            if hasattr(self.remote_field, "field") and self.remote_field.field is self:\n +            if hasattr(self.remote_field, \'field\') and self.remote_field.field is self:\n                  obj.remote_field.field = obj\n          memodict[id(self)] = obj\n          return obj\n@@ -668,7 +572,7 @@\n          not a new copy of that field. So, use the app registry to load the\n          model and then the field back.\n          """\n -        if not hasattr(self, "model"):\n +        if not hasattr(self, \'model\'):\n              # Fields are sometimes used without attaching them to models (for\n              # example in aggregation). In this case give back a plain field\n              # instance. The code below will create a new empty instance of\n@@ -677,13 +581,10 @@\n              state = self.__dict__.copy()\n              # The _get_default cached_property can\'t be pickled due to lambda\n              # usage.\n -            state.pop("_get_default", None)\n +            state.pop(\'_get_default\', None)\n              return _empty, (self.__class__,), state\n -        return _load_field, (\n -            self.model._meta.app_label,\n -            self.model._meta.object_name,\n -            self.name,\n -        )\n +        return _load_field, (self.model._meta.app_label, self.model._meta.object_name,\n +                             self.name)\n  \n      def get_pk_value_on_save(self, instance):\n          """\n@@ -703,14 +604,6 @@\n          Return the converted value. Subclasses should override this.\n          """\n          return value\n -\n -    @cached_property\n -    def error_messages(self):\n -        messages = {}\n -        for c in reversed(self.__class__.__mro__):\n -            messages.update(getattr(c, "default_error_messages", {}))\n -        messages.update(self._error_messages or {})\n -        return messages\n  \n      @cached_property\n      def validators(self):\n@@ -729,7 +622,7 @@\n              try:\n                  v(value)\n              except exceptions.ValidationError as e:\n -                if hasattr(e, "code") and e.code in self.error_messages:\n +                if hasattr(e, \'code\') and e.code in self.error_messages:\n                      e.message = self.error_messages[e.code]\n                  errors.extend(e.error_list)\n  \n@@ -756,16 +649,16 @@\n                  elif value == option_key:\n                      return\n              raise exceptions.ValidationError(\n -                self.error_messages["invalid_choice"],\n -                code="invalid_choice",\n -                params={"value": value},\n +                self.error_messages[\'invalid_choice\'],\n +                code=\'invalid_choice\',\n +                params={\'value\': value},\n              )\n  \n          if value is None and not self.null:\n -            raise exceptions.ValidationError(self.error_messages["null"], code="null")\n +            raise exceptions.ValidationError(self.error_messages[\'null\'], code=\'null\')\n  \n          if not self.blank and value in self.empty_values:\n -            raise exceptions.ValidationError(self.error_messages["blank"], code="blank")\n +            raise exceptions.ValidationError(self.error_messages[\'blank\'], code=\'blank\')\n  \n      def clean(self, value, model_instance):\n          """\n@@ -779,7 +672,7 @@\n          return value\n  \n      def db_type_parameters(self, connection):\n -        return DictWrapper(self.__dict__, connection.ops.quote_name, "qn_")\n +        return DictWrapper(self.__dict__, connection.ops.quote_name, \'qn_\')\n  \n      def db_check(self, connection):\n          """\n@@ -789,9 +682,7 @@\n          """\n          data = self.db_type_parameters(connection)\n          try:\n -            return (\n -                connection.data_type_check_constraints[self.get_internal_type()] % data\n -            )\n +            return connection.data_type_check_constraints[self.get_internal_type()] % data\n          except KeyError:\n              return None\n  \n@@ -817,14 +708,9 @@\n          # exactly which wacky database column type you want to use.\n          data = self.db_type_parameters(connection)\n          try:\n -            column_type = connection.data_types[self.get_internal_type()]\n +            return connection.data_types[self.get_internal_type()] % data\n          except KeyError:\n              return None\n -        else:\n -            # column_type is either a single-parameter function or a string.\n -            if callable(column_type):\n -                return column_type(data)\n -            return column_type % data\n  \n      def rel_db_type(self, connection):\n          """\n@@ -858,7 +744,7 @@\n          return connection.data_types_suffix.get(self.get_internal_type())\n  \n      def get_db_converters(self, connection):\n -        if hasattr(self, "from_db_value"):\n +        if hasattr(self, \'from_db_value\'):\n              return [self.from_db_value]\n          return []\n  \n@@ -883,7 +769,7 @@\n          self.attname, self.column = self.get_attname_column()\n          self.concrete = self.column is not None\n          if self.verbose_name is None and self.name:\n -            self.verbose_name = self.name.replace("_", " ")\n +            self.verbose_name = self.name.replace(\'_\', \' \')\n  \n      def contribute_to_class(self, cls, name, private_only=False):\n          """\n@@ -896,16 +782,20 @@\n          self.model = cls\n          cls._meta.add_field(self, private=private_only)\n          if self.column:\n -            setattr(cls, self.attname, self.descriptor_class(self))\n +            # Don\'t override classmethods with the descriptor. This means that\n +            # if you have a classmethod and a field with the same name, then\n +            # such fields can\'t be deferred (we don\'t have a check for this).\n +            if not getattr(cls, self.attname, None):\n +                setattr(cls, self.attname, self.descriptor_class(self))\n          if self.choices is not None:\n              # Don\'t override a get_FOO_display() method defined explicitly on\n              # this class, but don\'t check methods derived from inheritance, to\n              # allow overriding inherited choices. For more complex inheritance\n              # structures users should override contribute_to_class().\n -            if "get_%s_display" % self.name not in cls.__dict__:\n +            if \'get_%s_display\' % self.name not in cls.__dict__:\n                  setattr(\n                      cls,\n -                    "get_%s_display" % self.name,\n +                    \'get_%s_display\' % self.name,\n                      partialmethod(cls._get_FIELD_display, field=self),\n                  )\n  \n@@ -949,8 +839,6 @@\n  \n      def get_db_prep_save(self, value, connection):\n          """Return field\'s value prepared for saving into a database."""\n -        if hasattr(value, "as_sql"):\n -            return value\n          return self.get_db_prep_value(value, connection=connection, prepared=False)\n  \n      def has_default(self):\n@@ -968,21 +856,11 @@\n                  return self.default\n              return lambda: self.default\n  \n -        if (\n -            not self.empty_strings_allowed\n -            or self.null\n -            and not connection.features.interprets_empty_strings_as_nulls\n -        ):\n +        if not self.empty_strings_allowed or self.null and not connection.features.interprets_empty_strings_as_nulls:\n              return return_None\n          return str  # return empty string\n  \n -    def get_choices(\n -        self,\n -        include_blank=True,\n -        blank_choice=BLANK_CHOICE_DASH,\n -        limit_choices_to=None,\n -        ordering=(),\n -    ):\n +    def get_choices(self, include_blank=True, blank_choice=BLANK_CHOICE_DASH, limit_choices_to=None, ordering=()):\n          """\n          Return choices with a default blank choices included, for use\n          as <select> choices for this field.\n@@ -990,9 +868,7 @@\n          if self.choices is not None:\n              choices = list(self.choices)\n              if include_blank:\n -                blank_defined = any(\n -                    choice in ("", None) for choice, _ in self.flatchoices\n -                )\n +                blank_defined = any(choice in (\'\', None) for choice, _ in self.flatchoices)\n                  if not blank_defined:\n                      choices = blank_choice + choices\n              return choices\n@@ -1000,8 +876,8 @@\n          limit_choices_to = limit_choices_to or self.get_limit_choices_to()\n          choice_func = operator.attrgetter(\n              self.remote_field.get_related_field().attname\n -            if hasattr(self.remote_field, "get_related_field")\n -            else "pk"\n +            if hasattr(self.remote_field, \'get_related_field\')\n +            else \'pk\'\n          )\n          qs = rel_model._default_manager.complex_filter(limit_choices_to)\n          if ordering:\n@@ -1028,7 +904,6 @@\n              else:\n                  flat.append((choice, value))\n          return flat\n -\n      flatchoices = property(_get_flatchoices)\n  \n      def save_form_data(self, instance, data):\n@@ -1037,25 +912,24 @@\n      def formfield(self, form_class=None, choices_form_class=None, **kwargs):\n          """Return a django.forms.Field instance for this field."""\n          defaults = {\n -            "required": not self.blank,\n -            "label": capfirst(self.verbose_name),\n -            "help_text": self.help_text,\n +            \'required\': not self.blank,\n +            \'label\': capfirst(self.verbose_name),\n +            \'help_text\': self.help_text,\n          }\n          if self.has_default():\n              if callable(self.default):\n -                defaults["initial"] = self.default\n -                defaults["show_hidden_initial"] = True\n +                defaults[\'initial\'] = self.default\n +                defaults[\'show_hidden_initial\'] = True\n              else:\n -                defaults["initial"] = self.get_default()\n +                defaults[\'initial\'] = self.get_default()\n          if self.choices is not None:\n              # Fields with choices get special treatment.\n -            include_blank = self.blank or not (\n -                self.has_default() or "initial" in kwargs\n -            )\n -            defaults["choices"] = self.get_choices(include_blank=include_blank)\n -            defaults["coerce"] = self.to_python\n +            include_blank = (self.blank or\n +                             not (self.has_default() or \'initial\' in kwargs))\n +            defaults[\'choices\'] = self.get_choices(include_blank=include_blank)\n +            defaults[\'coerce\'] = self.to_python\n              if self.null:\n -                defaults["empty_value"] = None\n +                defaults[\'empty_value\'] = None\n              if choices_form_class is not None:\n                  form_class = choices_form_class\n              else:\n@@ -1064,19 +938,9 @@\n              # max_value) don\'t apply for choice fields, so be sure to only pass\n              # the values that TypedChoiceField will understand.\n              for k in list(kwargs):\n -                if k not in (\n -                    "coerce",\n -                    "empty_value",\n -                    "choices",\n -                    "required",\n -                    "widget",\n -                    "label",\n -                    "initial",\n -                    "help_text",\n -                    "error_messages",\n -                    "show_hidden_initial",\n -                    "disabled",\n -                ):\n +                if k not in (\'coerce\', \'empty_value\', \'choices\', \'required\',\n +                             \'widget\', \'label\', \'initial\', \'help_text\',\n +                             \'error_messages\', \'show_hidden_initial\', \'disabled\'):\n                      del kwargs[k]\n          defaults.update(kwargs)\n          if form_class is None:\n@@ -1091,8 +955,8 @@\n  class BooleanField(Field):\n      empty_strings_allowed = False\n      default_error_messages = {\n -        "invalid": _("“%(value)s” value must be either True or False."),\n -        "invalid_nullable": _("“%(value)s” value must be either True, False, or None."),\n +        \'invalid\': _(\'“%(value)s” value must be either True or False.\'),\n +        \'invalid_nullable\': _(\'“%(value)s” value must be either True, False, or None.\'),\n      }\n      description = _("Boolean (Either True or False)")\n  \n@@ -1105,14 +969,14 @@\n          if value in (True, False):\n              # 1/0 are equal to True/False. bool() converts former to latter.\n              return bool(value)\n -        if value in ("t", "True", "1"):\n +        if value in (\'t\', \'True\', \'1\'):\n              return True\n -        if value in ("f", "False", "0"):\n +        if value in (\'f\', \'False\', \'0\'):\n              return False\n          raise exceptions.ValidationError(\n -            self.error_messages["invalid_nullable" if self.null else "invalid"],\n -            code="invalid",\n -            params={"value": value},\n +            self.error_messages[\'invalid_nullable\' if self.null else \'invalid\'],\n +            code=\'invalid\',\n +            params={\'value\': value},\n          )\n  \n      def get_prep_value(self, value):\n@@ -1123,33 +987,27 @@\n  \n      def formfield(self, **kwargs):\n          if self.choices is not None:\n -            include_blank = not (self.has_default() or "initial" in kwargs)\n -            defaults = {"choices": self.get_choices(include_blank=include_blank)}\n +            include_blank = not (self.has_default() or \'initial\' in kwargs)\n +            defaults = {\'choices\': self.get_choices(include_blank=include_blank)}\n          else:\n              form_class = forms.NullBooleanField if self.null else forms.BooleanField\n              # In HTML checkboxes, \'required\' means "must be checked" which is\n              # different from the choices case ("must select some value").\n              # required=False allows unchecked checkboxes.\n -            defaults = {"form_class": form_class, "required": False}\n +            defaults = {\'form_class\': form_class, \'required\': False}\n          return super().formfield(**{**defaults, **kwargs})\n  \n  \n  class CharField(Field):\n +    description = _("String (up to %(max_length)s)")\n +\n      def __init__(self, *args, db_collation=None, **kwargs):\n          super().__init__(*args, **kwargs)\n          self.db_collation = db_collation\n -        if self.max_length is not None:\n -            self.validators.append(validators.MaxLengthValidator(self.max_length))\n -\n -    @property\n -    def description(self):\n -        if self.max_length is not None:\n -            return _("String (up to %(max_length)s)")\n -        else:\n -            return _("String (unlimited)")\n +        self.validators.append(validators.MaxLengthValidator(self.max_length))\n  \n      def check(self, **kwargs):\n -        databases = kwargs.get("databases") or []\n +        databases = kwargs.get(\'databases\') or []\n          return [\n              *super().check(**kwargs),\n              *self._check_db_collation(databases),\n@@ -1158,29 +1016,20 @@\n  \n      def _check_max_length_attribute(self, **kwargs):\n          if self.max_length is None:\n -            if (\n -                connection.features.supports_unlimited_charfield\n -                or "supports_unlimited_charfield"\n -                in self.model._meta.required_db_features\n -            ):\n -                return []\n              return [\n                  checks.Error(\n                      "CharFields must define a \'max_length\' attribute.",\n                      obj=self,\n -                    id="fields.E120",\n +                    id=\'fields.E120\',\n                  )\n              ]\n -        elif (\n -            not isinstance(self.max_length, int)\n -            or isinstance(self.max_length, bool)\n -            or self.max_length <= 0\n -        ):\n +        elif (not isinstance(self.max_length, int) or isinstance(self.max_length, bool) or\n +                self.max_length <= 0):\n              return [\n                  checks.Error(\n                      "\'max_length\' must be a positive integer.",\n                      obj=self,\n -                    id="fields.E121",\n +                    id=\'fields.E121\',\n                  )\n              ]\n          else:\n@@ -1193,17 +1042,16 @@\n                  continue\n              connection = connections[db]\n              if not (\n -                self.db_collation is None\n -                or "supports_collation_on_charfield"\n -                in self.model._meta.required_db_features\n -                or connection.features.supports_collation_on_charfield\n +                self.db_collation is None or\n +                \'supports_collation_on_charfield\' in self.model._meta.required_db_features or\n +                connection.features.supports_collation_on_charfield\n              ):\n                  errors.append(\n                      checks.Error(\n -                        "%s does not support a database collation on "\n -                        "CharFields." % connection.display_name,\n +                        \'%s does not support a database collation on \'\n +                        \'CharFields.\' % connection.display_name,\n                          obj=self,\n -                        id="fields.E190",\n +                        id=\'fields.E190\',\n                      ),\n                  )\n          return errors\n@@ -1213,11 +1061,6 @@\n              return connection.ops.cast_char_field_without_max_length\n          return super().cast_db_type(connection)\n  \n -    def db_parameters(self, connection):\n -        db_params = super().db_parameters(connection)\n -        db_params["collation"] = self.db_collation\n -        return db_params\n -\n      def get_internal_type(self):\n          return "CharField"\n  \n@@ -1234,17 +1077,17 @@\n          # Passing max_length to forms.CharField means that the value\'s length\n          # will be validated twice. This is considered acceptable since we want\n          # the value in the form field (to pass into widget for example).\n -        defaults = {"max_length": self.max_length}\n +        defaults = {\'max_length\': self.max_length}\n          # TODO: Handle multiple backends with different feature flags.\n          if self.null and not connection.features.interprets_empty_strings_as_nulls:\n -            defaults["empty_value"] = None\n +            defaults[\'empty_value\'] = None\n          defaults.update(kwargs)\n          return super().formfield(**defaults)\n  \n      def deconstruct(self):\n          name, path, args, kwargs = super().deconstruct()\n          if self.db_collation:\n -            kwargs["db_collation"] = self.db_collation\n +            kwargs[\'db_collation\'] = self.db_collation\n          return name, path, args, kwargs\n  \n  \n@@ -1252,29 +1095,20 @@\n      default_validators = [validators.validate_comma_separated_integer_list]\n      description = _("Comma-separated integers")\n      system_check_removed_details = {\n -        "msg": (\n -            "CommaSeparatedIntegerField is removed except for support in "\n -            "historical migrations."\n +        \'msg\': (\n +            \'CommaSeparatedIntegerField is removed except for support in \'\n +            \'historical migrations.\'\n          ),\n -        "hint": (\n -            "Use CharField(validators=[validate_comma_separated_integer_list]) "\n -            "instead."\n +        \'hint\': (\n +            \'Use CharField(validators=[validate_comma_separated_integer_list]) \'\n +            \'instead.\'\n          ),\n -        "id": "fields.E901",\n +        \'id\': \'fields.E901\',\n      }\n  \n  \n -def _to_naive(value):\n -    if timezone.is_aware(value):\n -        value = timezone.make_naive(value, datetime.timezone.utc)\n -    return value\n -\n -\n -def _get_naive_now():\n -    return _to_naive(timezone.now())\n -\n -\n  class DateTimeCheckMixin:\n +\n      def check(self, **kwargs):\n          return [\n              *super().check(**kwargs),\n@@ -1286,14 +1120,8 @@\n          # auto_now, auto_now_add, and default are mutually exclusive\n          # options. The use of more than one of these options together\n          # will trigger an Error\n -        mutually_exclusive_options = [\n -            self.auto_now_add,\n -            self.auto_now,\n -            self.has_default(),\n -        ]\n -        enabled_options = [\n -            option not in (None, False) for option in mutually_exclusive_options\n -        ].count(True)\n +        mutually_exclusive_options = [self.auto_now_add, self.auto_now, self.has_default()]\n +        enabled_options = [option not in (None, False) for option in mutually_exclusive_options].count(True)\n          if enabled_options > 1:\n              return [\n                  checks.Error(\n@@ -1301,7 +1129,7 @@\n                      "are mutually exclusive. Only one of these options "\n                      "may be present.",\n                      obj=self,\n -                    id="fields.E160",\n +                    id=\'fields.E160\',\n                  )\n              ]\n          else:\n@@ -1310,64 +1138,23 @@\n      def _check_fix_default_value(self):\n          return []\n  \n -    # Concrete subclasses use this in their implementations of\n -    # _check_fix_default_value().\n -    def _check_if_value_fixed(self, value, now=None):\n -        """\n -        Check if the given value appears to have been provided as a "fixed"\n -        time value, and include a warning in the returned list if it does. The\n -        value argument must be a date object or aware/naive datetime object. If\n -        now is provided, it must be a naive datetime object.\n -        """\n -        if now is None:\n -            now = _get_naive_now()\n -        offset = datetime.timedelta(seconds=10)\n -        lower = now - offset\n -        upper = now + offset\n -        if isinstance(value, datetime.datetime):\n -            value = _to_naive(value)\n -        else:\n -            assert isinstance(value, datetime.date)\n -            lower = lower.date()\n -            upper = upper.date()\n -        if lower <= value <= upper:\n -            return [\n -                checks.Warning(\n -                    "Fixed default value provided.",\n -                    hint=(\n -                        "It seems you set a fixed date / time / datetime "\n -                        "value as default for this field. This may not be "\n -                        "what you want. If you want to have the current date "\n -                        "as default, use `django.utils.timezone.now`"\n -                    ),\n -                    obj=self,\n -                    id="fields.W161",\n -                )\n -            ]\n -        return []\n -\n  \n  class DateField(DateTimeCheckMixin, Field):\n      empty_strings_allowed = False\n      default_error_messages = {\n -        "invalid": _(\n -            "“%(value)s” value has an invalid date format. It must be "\n -            "in YYYY-MM-DD format."\n -        ),\n -        "invalid_date": _(\n -            "“%(value)s” value has the correct format (YYYY-MM-DD) "\n -            "but it is an invalid date."\n -        ),\n +        \'invalid\': _(\'“%(value)s” value has an invalid date format. It must be \'\n +                     \'in YYYY-MM-DD format.\'),\n +        \'invalid_date\': _(\'“%(value)s” value has the correct format (YYYY-MM-DD) \'\n +                          \'but it is an invalid date.\'),\n      }\n      description = _("Date (without time)")\n  \n -    def __init__(\n -        self, verbose_name=None, name=None, auto_now=False, auto_now_add=False, **kwargs\n -    ):\n +    def __init__(self, verbose_name=None, name=None, auto_now=False,\n +                 auto_now_add=False, **kwargs):\n          self.auto_now, self.auto_now_add = auto_now, auto_now_add\n          if auto_now or auto_now_add:\n -            kwargs["editable"] = False\n -            kwargs["blank"] = True\n +            kwargs[\'editable\'] = False\n +            kwargs[\'blank\'] = True\n          super().__init__(verbose_name, name, **kwargs)\n  \n      def _check_fix_default_value(self):\n@@ -1378,26 +1165,47 @@\n          if not self.has_default():\n              return []\n  \n +        now = timezone.now()\n +        if not timezone.is_naive(now):\n +            now = timezone.make_naive(now, timezone.utc)\n          value = self.default\n          if isinstance(value, datetime.datetime):\n -            value = _to_naive(value).date()\n +            if not timezone.is_naive(value):\n +                value = timezone.make_naive(value, timezone.utc)\n +            value = value.date()\n          elif isinstance(value, datetime.date):\n +            # Nothing to do, as dates don\'t have tz information\n              pass\n          else:\n              # No explicit date / datetime value -- no checks necessary\n              return []\n -        # At this point, value is a date object.\n -        return self._check_if_value_fixed(value)\n +        offset = datetime.timedelta(days=1)\n +        lower = (now - offset).date()\n +        upper = (now + offset).date()\n +        if lower <= value <= upper:\n +            return [\n +                checks.Warning(\n +                    \'Fixed default value provided.\',\n +                    hint=\'It seems you set a fixed date / time / datetime \'\n +                         \'value as default for this field. This may not be \'\n +                         \'what you want. If you want to have the current date \'\n +                         \'as default, use `django.utils.timezone.now`\',\n +                    obj=self,\n +                    id=\'fields.W161\',\n +                )\n +            ]\n +\n +        return []\n  \n      def deconstruct(self):\n          name, path, args, kwargs = super().deconstruct()\n          if self.auto_now:\n -            kwargs["auto_now"] = True\n +            kwargs[\'auto_now\'] = True\n          if self.auto_now_add:\n -            kwargs["auto_now_add"] = True\n +            kwargs[\'auto_now_add\'] = True\n          if self.auto_now or self.auto_now_add:\n -            del kwargs["editable"]\n -            del kwargs["blank"]\n +            del kwargs[\'editable\']\n +            del kwargs[\'blank\']\n          return name, path, args, kwargs\n  \n      def get_internal_type(self):\n@@ -1422,15 +1230,15 @@\n                  return parsed\n          except ValueError:\n              raise exceptions.ValidationError(\n -                self.error_messages["invalid_date"],\n -                code="invalid_date",\n -                params={"value": value},\n +                self.error_messages[\'invalid_date\'],\n +                code=\'invalid_date\',\n +                params={\'value\': value},\n              )\n  \n          raise exceptions.ValidationError(\n -            self.error_messages["invalid"],\n -            code="invalid",\n -            params={"value": value},\n +            self.error_messages[\'invalid\'],\n +            code=\'invalid\',\n +            params={\'value\': value},\n          )\n  \n      def pre_save(self, model_instance, add):\n@@ -1445,18 +1253,12 @@\n          super().contribute_to_class(cls, name, **kwargs)\n          if not self.null:\n              setattr(\n -                cls,\n -                "get_next_by_%s" % self.name,\n -                partialmethod(\n -                    cls._get_next_or_previous_by_FIELD, field=self, is_next=True\n -                ),\n +                cls, \'get_next_by_%s\' % self.name,\n +                partialmethod(cls._get_next_or_previous_by_FIELD, field=self, is_next=True)\n              )\n              setattr(\n -                cls,\n -                "get_previous_by_%s" % self.name,\n -                partialmethod(\n -                    cls._get_next_or_previous_by_FIELD, field=self, is_next=False\n -                ),\n +                cls, \'get_previous_by_%s\' % self.name,\n +                partialmethod(cls._get_next_or_previous_by_FIELD, field=self, is_next=False)\n              )\n  \n      def get_prep_value(self, value):\n@@ -1471,33 +1273,25 @@\n  \n      def value_to_string(self, obj):\n          val = self.value_from_object(obj)\n -        return "" if val is None else val.isoformat()\n +        return \'\' if val is None else val.isoformat()\n  \n      def formfield(self, **kwargs):\n -        return super().formfield(\n -            **{\n -                "form_class": forms.DateField,\n -                **kwargs,\n -            }\n -        )\n +        return super().formfield(**{\n +            \'form_class\': forms.DateField,\n +            **kwargs,\n +        })\n  \n  \n  class DateTimeField(DateField):\n      empty_strings_allowed = False\n      default_error_messages = {\n -        "invalid": _(\n -            "“%(value)s” value has an invalid format. It must be in "\n -            "YYYY-MM-DD HH:MM[:ss[.uuuuuu]][TZ] format."\n -        ),\n -        "invalid_date": _(\n -            "“%(value)s” value has the correct format "\n -            "(YYYY-MM-DD) but it is an invalid date."\n -        ),\n -        "invalid_datetime": _(\n -            "“%(value)s” value has the correct format "\n -            "(YYYY-MM-DD HH:MM[:ss[.uuuuuu]][TZ]) "\n -            "but it is an invalid date/time."\n -        ),\n +        \'invalid\': _(\'“%(value)s” value has an invalid format. It must be in \'\n +                     \'YYYY-MM-DD HH:MM[:ss[.uuuuuu]][TZ] format.\'),\n +        \'invalid_date\': _("“%(value)s” value has the correct format "\n +                          "(YYYY-MM-DD) but it is an invalid date."),\n +        \'invalid_datetime\': _(\'“%(value)s” value has the correct format \'\n +                              \'(YYYY-MM-DD HH:MM[:ss[.uuuuuu]][TZ]) \'\n +                              \'but it is an invalid date/time.\'),\n      }\n      description = _("Date (with time)")\n  \n@@ -1511,10 +1305,39 @@\n          if not self.has_default():\n              return []\n  \n +        now = timezone.now()\n +        if not timezone.is_naive(now):\n +            now = timezone.make_naive(now, timezone.utc)\n          value = self.default\n -        if isinstance(value, (datetime.datetime, datetime.date)):\n -            return self._check_if_value_fixed(value)\n -        # No explicit date / datetime value -- no checks necessary.\n +        if isinstance(value, datetime.datetime):\n +            second_offset = datetime.timedelta(seconds=10)\n +            lower = now - second_offset\n +            upper = now + second_offset\n +            if timezone.is_aware(value):\n +                value = timezone.make_naive(value, timezone.utc)\n +        elif isinstance(value, datetime.date):\n +            second_offset = datetime.timedelta(seconds=10)\n +            lower = now - second_offset\n +            lower = datetime.datetime(lower.year, lower.month, lower.day)\n +            upper = now + second_offset\n +            upper = datetime.datetime(upper.year, upper.month, upper.day)\n +            value = datetime.datetime(value.year, value.month, value.day)\n +        else:\n +            # No explicit date / datetime value -- no checks necessary\n +            return []\n +        if lower <= value <= upper:\n +            return [\n +                checks.Warning(\n +                    \'Fixed default value provided.\',\n +                    hint=\'It seems you set a fixed date / time / datetime \'\n +                         \'value as default for this field. This may not be \'\n +                         \'what you want. If you want to have the current date \'\n +                         \'as default, use `django.utils.timezone.now`\',\n +                    obj=self,\n +                    id=\'fields.W161\',\n +                )\n +            ]\n +\n          return []\n  \n      def get_internal_type(self):\n@@ -1532,12 +1355,10 @@\n                  # local time. This won\'t work during DST change, but we can\'t\n                  # do much about it, so we let the exceptions percolate up the\n                  # call stack.\n -                warnings.warn(\n -                    "DateTimeField %s.%s received a naive datetime "\n -                    "(%s) while time zone support is active."\n -                    % (self.model.__name__, self.name, value),\n -                    RuntimeWarning,\n -                )\n +                warnings.warn("DateTimeField %s.%s received a naive datetime "\n +                              "(%s) while time zone support is active." %\n +                              (self.model.__name__, self.name, value),\n +                              RuntimeWarning)\n                  default_timezone = timezone.get_default_timezone()\n                  value = timezone.make_aware(value, default_timezone)\n              return value\n@@ -1548,9 +1369,9 @@\n                  return parsed\n          except ValueError:\n              raise exceptions.ValidationError(\n -                self.error_messages["invalid_datetime"],\n -                code="invalid_datetime",\n -                params={"value": value},\n +                self.error_messages[\'invalid_datetime\'],\n +                code=\'invalid_datetime\',\n +                params={\'value\': value},\n              )\n  \n          try:\n@@ -1559,15 +1380,15 @@\n                  return datetime.datetime(parsed.year, parsed.month, parsed.day)\n          except ValueError:\n              raise exceptions.ValidationError(\n -                self.error_messages["invalid_date"],\n -                code="invalid_date",\n -                params={"value": value},\n +                self.error_messages[\'invalid_date\'],\n +                code=\'invalid_date\',\n +                params={\'value\': value},\n              )\n  \n          raise exceptions.ValidationError(\n -            self.error_messages["invalid"],\n -            code="invalid",\n -            params={"value": value},\n +            self.error_messages[\'invalid\'],\n +            code=\'invalid\',\n +            params={\'value\': value},\n          )\n  \n      def pre_save(self, model_instance, add):\n@@ -1589,14 +1410,13 @@\n              # time. This won\'t work during DST change, but we can\'t do much\n              # about it, so we let the exceptions percolate up the call stack.\n              try:\n -                name = "%s.%s" % (self.model.__name__, self.name)\n +                name = \'%s.%s\' % (self.model.__name__, self.name)\n              except AttributeError:\n -                name = "(unbound)"\n -            warnings.warn(\n -                "DateTimeField %s received a naive datetime (%s)"\n -                " while time zone support is active." % (name, value),\n -                RuntimeWarning,\n -            )\n +                name = \'(unbound)\'\n +            warnings.warn("DateTimeField %s received a naive datetime (%s)"\n +                          " while time zone support is active." %\n +                          (name, value),\n +                          RuntimeWarning)\n              default_timezone = timezone.get_default_timezone()\n              value = timezone.make_aware(value, default_timezone)\n          return value\n@@ -1609,32 +1429,24 @@\n  \n      def value_to_string(self, obj):\n          val = self.value_from_object(obj)\n -        return "" if val is None else val.isoformat()\n +        return \'\' if val is None else val.isoformat()\n  \n      def formfield(self, **kwargs):\n -        return super().formfield(\n -            **{\n -                "form_class": forms.DateTimeField,\n -                **kwargs,\n -            }\n -        )\n +        return super().formfield(**{\n +            \'form_class\': forms.DateTimeField,\n +            **kwargs,\n +        })\n  \n  \n  class DecimalField(Field):\n      empty_strings_allowed = False\n      default_error_messages = {\n -        "invalid": _("“%(value)s” value must be a decimal number."),\n +        \'invalid\': _(\'“%(value)s” value must be a decimal number.\'),\n      }\n      description = _("Decimal number")\n  \n -    def __init__(\n -        self,\n -        verbose_name=None,\n -        name=None,\n -        max_digits=None,\n -        decimal_places=None,\n -        **kwargs,\n -    ):\n +    def __init__(self, verbose_name=None, name=None, max_digits=None,\n +                 decimal_places=None, **kwargs):\n          self.max_digits, self.decimal_places = max_digits, decimal_places\n          super().__init__(verbose_name, name, **kwargs)\n  \n@@ -1661,7 +1473,7 @@\n                  checks.Error(\n                      "DecimalFields must define a \'decimal_places\' attribute.",\n                      obj=self,\n -                    id="fields.E130",\n +                    id=\'fields.E130\',\n                  )\n              ]\n          except ValueError:\n@@ -1669,7 +1481,7 @@\n                  checks.Error(\n                      "\'decimal_places\' must be a non-negative integer.",\n                      obj=self,\n -                    id="fields.E131",\n +                    id=\'fields.E131\',\n                  )\n              ]\n          else:\n@@ -1685,7 +1497,7 @@\n                  checks.Error(\n                      "DecimalFields must define a \'max_digits\' attribute.",\n                      obj=self,\n -                    id="fields.E132",\n +                    id=\'fields.E132\',\n                  )\n              ]\n          except ValueError:\n@@ -1693,7 +1505,7 @@\n                  checks.Error(\n                      "\'max_digits\' must be a positive integer.",\n                      obj=self,\n -                    id="fields.E133",\n +                    id=\'fields.E133\',\n                  )\n              ]\n          else:\n@@ -1705,7 +1517,7 @@\n                  checks.Error(\n                      "\'max_digits\' must be greater or equal to \'decimal_places\'.",\n                      obj=self,\n -                    id="fields.E134",\n +                    id=\'fields.E134\',\n                  )\n              ]\n          return []\n@@ -1723,9 +1535,9 @@\n      def deconstruct(self):\n          name, path, args, kwargs = super().deconstruct()\n          if self.max_digits is not None:\n -            kwargs["max_digits"] = self.max_digits\n +            kwargs[\'max_digits\'] = self.max_digits\n          if self.decimal_places is not None:\n -            kwargs["decimal_places"] = self.decimal_places\n +            kwargs[\'decimal_places\'] = self.decimal_places\n          return name, path, args, kwargs\n  \n      def get_internal_type(self):\n@@ -1734,45 +1546,31 @@\n      def to_python(self, value):\n          if value is None:\n              return value\n +        if isinstance(value, float):\n +            return self.context.create_decimal_from_float(value)\n          try:\n -            if isinstance(value, float):\n -                decimal_value = self.context.create_decimal_from_float(value)\n -            else:\n -                decimal_value = decimal.Decimal(value)\n +            return decimal.Decimal(value)\n          except (decimal.InvalidOperation, TypeError, ValueError):\n              raise exceptions.ValidationError(\n -                self.error_messages["invalid"],\n -                code="invalid",\n -                params={"value": value},\n +                self.error_messages[\'invalid\'],\n +                code=\'invalid\',\n +                params={\'value\': value},\n              )\n -        if not decimal_value.is_finite():\n -            raise exceptions.ValidationError(\n -                self.error_messages["invalid"],\n -                code="invalid",\n -                params={"value": value},\n -            )\n -        return decimal_value\n  \n      def get_db_prep_save(self, value, connection):\n -        if hasattr(value, "as_sql"):\n -            return value\n -        return connection.ops.adapt_decimalfield_value(\n -            self.to_python(value), self.max_digits, self.decimal_places\n -        )\n +        return connection.ops.adapt_decimalfield_value(self.to_python(value), self.max_digits, self.decimal_places)\n  \n      def get_prep_value(self, value):\n          value = super().get_prep_value(value)\n          return self.to_python(value)\n  \n      def formfield(self, **kwargs):\n -        return super().formfield(\n -            **{\n -                "max_digits": self.max_digits,\n -                "decimal_places": self.decimal_places,\n -                "form_class": forms.DecimalField,\n -                **kwargs,\n -            }\n -        )\n +        return super().formfield(**{\n +            \'max_digits\': self.max_digits,\n +            \'decimal_places\': self.decimal_places,\n +            \'form_class\': forms.DecimalField,\n +            **kwargs,\n +        })\n  \n  \n  class DurationField(Field):\n@@ -1782,13 +1580,10 @@\n      Use interval on PostgreSQL, INTERVAL DAY TO SECOND on Oracle, and bigint\n      of microseconds on other databases.\n      """\n -\n      empty_strings_allowed = False\n      default_error_messages = {\n -        "invalid": _(\n -            "“%(value)s” value has an invalid format. It must be in "\n -            "[DD] [[HH:]MM:]ss[.uuuuuu] format."\n -        )\n +        \'invalid\': _(\'“%(value)s” value has an invalid format. It must be in \'\n +                     \'[DD] [[HH:]MM:]ss[.uuuuuu] format.\')\n      }\n      description = _("Duration")\n  \n@@ -1809,9 +1604,9 @@\n                  return parsed\n  \n          raise exceptions.ValidationError(\n -            self.error_messages["invalid"],\n -            code="invalid",\n -            params={"value": value},\n +            self.error_messages[\'invalid\'],\n +            code=\'invalid\',\n +            params={\'value\': value},\n          )\n  \n      def get_db_prep_value(self, value, connection, prepared=False):\n@@ -1829,15 +1624,13 @@\n  \n      def value_to_string(self, obj):\n          val = self.value_from_object(obj)\n -        return "" if val is None else duration_string(val)\n +        return \'\' if val is None else duration_string(val)\n  \n      def formfield(self, **kwargs):\n -        return super().formfield(\n -            **{\n -                "form_class": forms.DurationField,\n -                **kwargs,\n -            }\n -        )\n +        return super().formfield(**{\n +            \'form_class\': forms.DurationField,\n +            **kwargs,\n +        })\n  \n  \n  class EmailField(CharField):\n@@ -1846,7 +1639,7 @@\n  \n      def __init__(self, *args, **kwargs):\n          # max_length=254 to be compliant with RFCs 3696 and 5321\n -        kwargs.setdefault("max_length", 254)\n +        kwargs.setdefault(\'max_length\', 254)\n          super().__init__(*args, **kwargs)\n  \n      def deconstruct(self):\n@@ -1858,31 +1651,20 @@\n      def formfield(self, **kwargs):\n          # As with CharField, this will cause email validation to be performed\n          # twice.\n -        return super().formfield(\n -            **{\n -                "form_class": forms.EmailField,\n -                **kwargs,\n -            }\n -        )\n +        return super().formfield(**{\n +            \'form_class\': forms.EmailField,\n +            **kwargs,\n +        })\n  \n  \n  class FilePathField(Field):\n      description = _("File path")\n  \n -    def __init__(\n -        self,\n -        verbose_name=None,\n -        name=None,\n -        path="",\n -        match=None,\n -        recursive=False,\n -        allow_files=True,\n -        allow_folders=False,\n -        **kwargs,\n -    ):\n +    def __init__(self, verbose_name=None, name=None, path=\'\', match=None,\n +                 recursive=False, allow_files=True, allow_folders=False, **kwargs):\n          self.path, self.match, self.recursive = path, match, recursive\n          self.allow_files, self.allow_folders = allow_files, allow_folders\n -        kwargs.setdefault("max_length", 100)\n +        kwargs.setdefault(\'max_length\', 100)\n          super().__init__(verbose_name, name, **kwargs)\n  \n      def check(self, **kwargs):\n@@ -1895,26 +1677,25 @@\n          if not self.allow_files and not self.allow_folders:\n              return [\n                  checks.Error(\n -                    "FilePathFields must have either \'allow_files\' or \'allow_folders\' "\n -                    "set to True.",\n +                    "FilePathFields must have either \'allow_files\' or \'allow_folders\' set to True.",\n                      obj=self,\n -                    id="fields.E140",\n +                    id=\'fields.E140\',\n                  )\n              ]\n          return []\n  \n      def deconstruct(self):\n          name, path, args, kwargs = super().deconstruct()\n -        if self.path != "":\n -            kwargs["path"] = self.path\n +        if self.path != \'\':\n +            kwargs[\'path\'] = self.path\n          if self.match is not None:\n -            kwargs["match"] = self.match\n +            kwargs[\'match\'] = self.match\n          if self.recursive is not False:\n -            kwargs["recursive"] = self.recursive\n +            kwargs[\'recursive\'] = self.recursive\n          if self.allow_files is not True:\n -            kwargs["allow_files"] = self.allow_files\n +            kwargs[\'allow_files\'] = self.allow_files\n          if self.allow_folders is not False:\n -            kwargs["allow_folders"] = self.allow_folders\n +            kwargs[\'allow_folders\'] = self.allow_folders\n          if kwargs.get("max_length") == 100:\n              del kwargs["max_length"]\n          return name, path, args, kwargs\n@@ -1926,17 +1707,15 @@\n          return str(value)\n  \n      def formfield(self, **kwargs):\n -        return super().formfield(\n -            **{\n -                "path": self.path() if callable(self.path) else self.path,\n -                "match": self.match,\n -                "recursive": self.recursive,\n -                "form_class": forms.FilePathField,\n -                "allow_files": self.allow_files,\n -                "allow_folders": self.allow_folders,\n -                **kwargs,\n -            }\n -        )\n +        return super().formfield(**{\n +            \'path\': self.path() if callable(self.path) else self.path,\n +            \'match\': self.match,\n +            \'recursive\': self.recursive,\n +            \'form_class\': forms.FilePathField,\n +            \'allow_files\': self.allow_files,\n +            \'allow_folders\': self.allow_folders,\n +            **kwargs,\n +        })\n  \n      def get_internal_type(self):\n          return "FilePathField"\n@@ -1945,7 +1724,7 @@\n  class FloatField(Field):\n      empty_strings_allowed = False\n      default_error_messages = {\n -        "invalid": _("“%(value)s” value must be a float."),\n +        \'invalid\': _(\'“%(value)s” value must be a float.\'),\n      }\n      description = _("Floating point number")\n  \n@@ -1970,24 +1749,22 @@\n              return float(value)\n          except (TypeError, ValueError):\n              raise exceptions.ValidationError(\n -                self.error_messages["invalid"],\n -                code="invalid",\n -                params={"value": value},\n +                self.error_messages[\'invalid\'],\n +                code=\'invalid\',\n +                params={\'value\': value},\n              )\n  \n      def formfield(self, **kwargs):\n -        return super().formfield(\n -            **{\n -                "form_class": forms.FloatField,\n -                **kwargs,\n -            }\n -        )\n +        return super().formfield(**{\n +            \'form_class\': forms.FloatField,\n +            **kwargs,\n +        })\n  \n  \n  class IntegerField(Field):\n      empty_strings_allowed = False\n      default_error_messages = {\n -        "invalid": _("“%(value)s” value must be an integer."),\n +        \'invalid\': _(\'“%(value)s” value must be an integer.\'),\n      }\n      description = _("Integer")\n  \n@@ -2001,11 +1778,10 @@\n          if self.max_length is not None:\n              return [\n                  checks.Warning(\n -                    "\'max_length\' is ignored when used with %s."\n -                    % self.__class__.__name__,\n +                    "\'max_length\' is ignored when used with %s." % self.__class__.__name__,\n                      hint="Remove \'max_length\' from field",\n                      obj=self,\n -                    id="fields.W122",\n +                    id=\'fields.W122\',\n                  )\n              ]\n          return []\n@@ -2019,28 +1795,22 @@\n          min_value, max_value = connection.ops.integer_field_range(internal_type)\n          if min_value is not None and not any(\n              (\n -                isinstance(validator, validators.MinValueValidator)\n -                and (\n +                isinstance(validator, validators.MinValueValidator) and (\n                      validator.limit_value()\n                      if callable(validator.limit_value)\n                      else validator.limit_value\n -                )\n -                >= min_value\n -            )\n -            for validator in validators_\n +                ) >= min_value\n +            ) for validator in validators_\n          ):\n              validators_.append(validators.MinValueValidator(min_value))\n          if max_value is not None and not any(\n              (\n -                isinstance(validator, validators.MaxValueValidator)\n -                and (\n +                isinstance(validator, validators.MaxValueValidator) and (\n                      validator.limit_value()\n                      if callable(validator.limit_value)\n                      else validator.limit_value\n -                )\n -                <= max_value\n -            )\n -            for validator in validators_\n +                ) <= max_value\n +            ) for validator in validators_\n          ):\n              validators_.append(validators.MaxValueValidator(max_value))\n          return validators_\n@@ -2056,10 +1826,6 @@\n                  "Field \'%s\' expected a number but got %r." % (self.name, value),\n              ) from e\n  \n -    def get_db_prep_value(self, value, connection, prepared=False):\n -        value = super().get_db_prep_value(value, connection, prepared)\n -        return connection.ops.adapt_integerfield_value(value, self.get_internal_type())\n -\n      def get_internal_type(self):\n          return "IntegerField"\n  \n@@ -2070,18 +1836,16 @@\n              return int(value)\n          except (TypeError, ValueError):\n              raise exceptions.ValidationError(\n -                self.error_messages["invalid"],\n -                code="invalid",\n -                params={"value": value},\n +                self.error_messages[\'invalid\'],\n +                code=\'invalid\',\n +                params={\'value\': value},\n              )\n  \n      def formfield(self, **kwargs):\n -        return super().formfield(\n -            **{\n -                "form_class": forms.IntegerField,\n -                **kwargs,\n -            }\n -        )\n +        return super().formfield(**{\n +            \'form_class\': forms.IntegerField,\n +            **kwargs,\n +        })\n  \n  \n  class BigIntegerField(IntegerField):\n@@ -2092,41 +1856,39 @@\n          return "BigIntegerField"\n  \n      def formfield(self, **kwargs):\n -        return super().formfield(\n -            **{\n -                "min_value": -BigIntegerField.MAX_BIGINT - 1,\n -                "max_value": BigIntegerField.MAX_BIGINT,\n -                **kwargs,\n -            }\n -        )\n +        return super().formfield(**{\n +            \'min_value\': -BigIntegerField.MAX_BIGINT - 1,\n +            \'max_value\': BigIntegerField.MAX_BIGINT,\n +            **kwargs,\n +        })\n  \n  \n  class SmallIntegerField(IntegerField):\n -    description = _("Small integer")\n +    description = _(\'Small integer\')\n  \n      def get_internal_type(self):\n -        return "SmallIntegerField"\n +        return \'SmallIntegerField\'\n  \n  \n  class IPAddressField(Field):\n      empty_strings_allowed = False\n      description = _("IPv4 address")\n      system_check_removed_details = {\n -        "msg": (\n -            "IPAddressField has been removed except for support in "\n -            "historical migrations."\n +        \'msg\': (\n +            \'IPAddressField has been removed except for support in \'\n +            \'historical migrations.\'\n          ),\n -        "hint": "Use GenericIPAddressField instead.",\n -        "id": "fields.E900",\n +        \'hint\': \'Use GenericIPAddressField instead.\',\n +        \'id\': \'fields.E900\',\n      }\n  \n      def __init__(self, *args, **kwargs):\n -        kwargs["max_length"] = 15\n +        kwargs[\'max_length\'] = 15\n          super().__init__(*args, **kwargs)\n  \n      def deconstruct(self):\n          name, path, args, kwargs = super().deconstruct()\n -        del kwargs["max_length"]\n +        del kwargs[\'max_length\']\n          return name, path, args, kwargs\n  \n      def get_prep_value(self, value):\n@@ -2144,23 +1906,14 @@\n      description = _("IP address")\n      default_error_messages = {}\n  \n -    def __init__(\n -        self,\n -        verbose_name=None,\n -        name=None,\n -        protocol="both",\n -        unpack_ipv4=False,\n -        *args,\n -        **kwargs,\n -    ):\n +    def __init__(self, verbose_name=None, name=None, protocol=\'both\',\n +                 unpack_ipv4=False, *args, **kwargs):\n          self.unpack_ipv4 = unpack_ipv4\n          self.protocol = protocol\n -        (\n -            self.default_validators,\n -            invalid_error_message,\n -        ) = validators.ip_address_validators(protocol, unpack_ipv4)\n -        self.default_error_messages["invalid"] = invalid_error_message\n -        kwargs["max_length"] = 39\n +        self.default_validators, invalid_error_message = \\\n +            validators.ip_address_validators(protocol, unpack_ipv4)\n +        self.default_error_messages[\'invalid\'] = invalid_error_message\n +        kwargs[\'max_length\'] = 39\n          super().__init__(verbose_name, name, *args, **kwargs)\n  \n      def check(self, **kwargs):\n@@ -2170,13 +1923,13 @@\n          ]\n  \n      def _check_blank_and_null_values(self, **kwargs):\n -        if not getattr(self, "null", False) and getattr(self, "blank", False):\n +        if not getattr(self, \'null\', False) and getattr(self, \'blank\', False):\n              return [\n                  checks.Error(\n -                    "GenericIPAddressFields cannot have blank=True if null=False, "\n -                    "as blank values are stored as nulls.",\n +                    \'GenericIPAddressFields cannot have blank=True if null=False, \'\n +                    \'as blank values are stored as nulls.\',\n                      obj=self,\n -                    id="fields.E150",\n +                    id=\'fields.E150\',\n                  )\n              ]\n          return []\n@@ -2184,11 +1937,11 @@\n      def deconstruct(self):\n          name, path, args, kwargs = super().deconstruct()\n          if self.unpack_ipv4 is not False:\n -            kwargs["unpack_ipv4"] = self.unpack_ipv4\n +            kwargs[\'unpack_ipv4\'] = self.unpack_ipv4\n          if self.protocol != "both":\n -            kwargs["protocol"] = self.protocol\n +            kwargs[\'protocol\'] = self.protocol\n          if kwargs.get("max_length") == 39:\n -            del kwargs["max_length"]\n +            del kwargs[\'max_length\']\n          return name, path, args, kwargs\n  \n      def get_internal_type(self):\n@@ -2200,10 +1953,8 @@\n          if not isinstance(value, str):\n              value = str(value)\n          value = value.strip()\n -        if ":" in value:\n -            return clean_ipv6_address(\n -                value, self.unpack_ipv4, self.error_messages["invalid"]\n -            )\n +        if \':\' in value:\n +            return clean_ipv6_address(value, self.unpack_ipv4, self.error_messages[\'invalid\'])\n          return value\n  \n      def get_db_prep_value(self, value, connection, prepared=False):\n@@ -2215,7 +1966,7 @@\n          value = super().get_prep_value(value)\n          if value is None:\n              return None\n -        if value and ":" in value:\n +        if value and \':\' in value:\n              try:\n                  return clean_ipv6_address(value, self.unpack_ipv4)\n              except exceptions.ValidationError:\n@@ -2223,46 +1974,47 @@\n          return str(value)\n  \n      def formfield(self, **kwargs):\n -        return super().formfield(\n -            **{\n -                "protocol": self.protocol,\n -                "form_class": forms.GenericIPAddressField,\n -                **kwargs,\n -            }\n -        )\n +        return super().formfield(**{\n +            \'protocol\': self.protocol,\n +            \'form_class\': forms.GenericIPAddressField,\n +            **kwargs,\n +        })\n  \n  \n  class NullBooleanField(BooleanField):\n      default_error_messages = {\n -        "invalid": _("“%(value)s” value must be either None, True or False."),\n -        "invalid_nullable": _("“%(value)s” value must be either None, True or False."),\n +        \'invalid\': _(\'“%(value)s” value must be either None, True or False.\'),\n +        \'invalid_nullable\': _(\'“%(value)s” value must be either None, True or False.\'),\n      }\n      description = _("Boolean (Either True, False or None)")\n -    system_check_removed_details = {\n -        "msg": (\n -            "NullBooleanField is removed except for support in historical "\n -            "migrations."\n +    system_check_deprecated_details = {\n +        \'msg\': (\n +            \'NullBooleanField is deprecated. Support for it (except in \'\n +            \'historical migrations) will be removed in Django 4.0.\'\n          ),\n -        "hint": "Use BooleanField(null=True) instead.",\n -        "id": "fields.E903",\n +        \'hint\': \'Use BooleanField(null=True) instead.\',\n +        \'id\': \'fields.W903\',\n      }\n  \n      def __init__(self, *args, **kwargs):\n -        kwargs["null"] = True\n -        kwargs["blank"] = True\n +        kwargs[\'null\'] = True\n +        kwargs[\'blank\'] = True\n          super().__init__(*args, **kwargs)\n  \n      def deconstruct(self):\n          name, path, args, kwargs = super().deconstruct()\n -        del kwargs["null"]\n -        del kwargs["blank"]\n +        del kwargs[\'null\']\n +        del kwargs[\'blank\']\n          return name, path, args, kwargs\n +\n +    def get_internal_type(self):\n +        return "NullBooleanField"\n  \n  \n  class PositiveIntegerRelDbTypeMixin:\n      def __init_subclass__(cls, **kwargs):\n          super().__init_subclass__(**kwargs)\n -        if not hasattr(cls, "integer_field_class"):\n +        if not hasattr(cls, \'integer_field_class\'):\n              cls.integer_field_class = next(\n                  (\n                      parent\n@@ -2288,18 +2040,16 @@\n  \n  \n  class PositiveBigIntegerField(PositiveIntegerRelDbTypeMixin, BigIntegerField):\n -    description = _("Positive big integer")\n +    description = _(\'Positive big integer\')\n  \n      def get_internal_type(self):\n -        return "PositiveBigIntegerField"\n +        return \'PositiveBigIntegerField\'\n  \n      def formfield(self, **kwargs):\n -        return super().formfield(\n -            **{\n -                "min_value": 0,\n -                **kwargs,\n -            }\n -        )\n +        return super().formfield(**{\n +            \'min_value\': 0,\n +            **kwargs,\n +        })\n  \n  \n  class PositiveIntegerField(PositiveIntegerRelDbTypeMixin, IntegerField):\n@@ -2309,12 +2059,10 @@\n          return "PositiveIntegerField"\n  \n      def formfield(self, **kwargs):\n -        return super().formfield(\n -            **{\n -                "min_value": 0,\n -                **kwargs,\n -            }\n -        )\n +        return super().formfield(**{\n +            \'min_value\': 0,\n +            **kwargs,\n +        })\n  \n  \n  class PositiveSmallIntegerField(PositiveIntegerRelDbTypeMixin, SmallIntegerField):\n@@ -2324,21 +2072,17 @@\n          return "PositiveSmallIntegerField"\n  \n      def formfield(self, **kwargs):\n -        return super().formfield(\n -            **{\n -                "min_value": 0,\n -                **kwargs,\n -            }\n -        )\n +        return super().formfield(**{\n +            \'min_value\': 0,\n +            **kwargs,\n +        })\n  \n  \n  class SlugField(CharField):\n      default_validators = [validators.validate_slug]\n      description = _("Slug (up to %(max_length)s)")\n  \n -    def __init__(\n -        self, *args, max_length=50, db_index=True, allow_unicode=False, **kwargs\n -    ):\n +    def __init__(self, *args, max_length=50, db_index=True, allow_unicode=False, **kwargs):\n          self.allow_unicode = allow_unicode\n          if self.allow_unicode:\n              self.default_validators = [validators.validate_unicode_slug]\n@@ -2347,26 +2091,24 @@\n      def deconstruct(self):\n          name, path, args, kwargs = super().deconstruct()\n          if kwargs.get("max_length") == 50:\n -            del kwargs["max_length"]\n +            del kwargs[\'max_length\']\n          if self.db_index is False:\n -            kwargs["db_index"] = False\n +            kwargs[\'db_index\'] = False\n          else:\n -            del kwargs["db_index"]\n +            del kwargs[\'db_index\']\n          if self.allow_unicode is not False:\n -            kwargs["allow_unicode"] = self.allow_unicode\n +            kwargs[\'allow_unicode\'] = self.allow_unicode\n          return name, path, args, kwargs\n  \n      def get_internal_type(self):\n          return "SlugField"\n  \n      def formfield(self, **kwargs):\n -        return super().formfield(\n -            **{\n -                "form_class": forms.SlugField,\n -                "allow_unicode": self.allow_unicode,\n -                **kwargs,\n -            }\n -        )\n +        return super().formfield(**{\n +            \'form_class\': forms.SlugField,\n +            \'allow_unicode\': self.allow_unicode,\n +            **kwargs,\n +        })\n  \n  \n  class TextField(Field):\n@@ -2377,7 +2119,7 @@\n          self.db_collation = db_collation\n  \n      def check(self, **kwargs):\n -        databases = kwargs.get("databases") or []\n +        databases = kwargs.get(\'databases\') or []\n          return [\n              *super().check(**kwargs),\n              *self._check_db_collation(databases),\n@@ -2390,25 +2132,19 @@\n                  continue\n              connection = connections[db]\n              if not (\n -                self.db_collation is None\n -                or "supports_collation_on_textfield"\n -                in self.model._meta.required_db_features\n -                or connection.features.supports_collation_on_textfield\n +                self.db_collation is None or\n +                \'supports_collation_on_textfield\' in self.model._meta.required_db_features or\n +                connection.features.supports_collation_on_textfield\n              ):\n                  errors.append(\n                      checks.Error(\n -                        "%s does not support a database collation on "\n -                        "TextFields." % connection.display_name,\n +                        \'%s does not support a database collation on \'\n +                        \'TextFields.\' % connection.display_name,\n                          obj=self,\n -                        id="fields.E190",\n +                        id=\'fields.E190\',\n                      ),\n                  )\n          return errors\n -\n -    def db_parameters(self, connection):\n -        db_params = super().db_parameters(connection)\n -        db_params["collation"] = self.db_collation\n -        return db_params\n  \n      def get_internal_type(self):\n          return "TextField"\n@@ -2426,42 +2162,35 @@\n          # Passing max_length to forms.CharField means that the value\'s length\n          # will be validated twice. This is considered acceptable since we want\n          # the value in the form field (to pass into widget for example).\n -        return super().formfield(\n -            **{\n -                "max_length": self.max_length,\n -                **({} if self.choices is not None else {"widget": forms.Textarea}),\n -                **kwargs,\n -            }\n -        )\n +        return super().formfield(**{\n +            \'max_length\': self.max_length,\n +            **({} if self.choices is not None else {\'widget\': forms.Textarea}),\n +            **kwargs,\n +        })\n  \n      def deconstruct(self):\n          name, path, args, kwargs = super().deconstruct()\n          if self.db_collation:\n -            kwargs["db_collation"] = self.db_collation\n +            kwargs[\'db_collation\'] = self.db_collation\n          return name, path, args, kwargs\n  \n  \n  class TimeField(DateTimeCheckMixin, Field):\n      empty_strings_allowed = False\n      default_error_messages = {\n -        "invalid": _(\n -            "“%(value)s” value has an invalid format. It must be in "\n -            "HH:MM[:ss[.uuuuuu]] format."\n -        ),\n -        "invalid_time": _(\n -            "“%(value)s” value has the correct format "\n -            "(HH:MM[:ss[.uuuuuu]]) but it is an invalid time."\n -        ),\n +        \'invalid\': _(\'“%(value)s” value has an invalid format. It must be in \'\n +                     \'HH:MM[:ss[.uuuuuu]] format.\'),\n +        \'invalid_time\': _(\'“%(value)s” value has the correct format \'\n +                          \'(HH:MM[:ss[.uuuuuu]]) but it is an invalid time.\'),\n      }\n      description = _("Time")\n  \n -    def __init__(\n -        self, verbose_name=None, name=None, auto_now=False, auto_now_add=False, **kwargs\n -    ):\n +    def __init__(self, verbose_name=None, name=None, auto_now=False,\n +                 auto_now_add=False, **kwargs):\n          self.auto_now, self.auto_now_add = auto_now, auto_now_add\n          if auto_now or auto_now_add:\n -            kwargs["editable"] = False\n -            kwargs["blank"] = True\n +            kwargs[\'editable\'] = False\n +            kwargs[\'blank\'] = True\n          super().__init__(verbose_name, name, **kwargs)\n  \n      def _check_fix_default_value(self):\n@@ -2472,19 +2201,40 @@\n          if not self.has_default():\n              return []\n  \n +        now = timezone.now()\n +        if not timezone.is_naive(now):\n +            now = timezone.make_naive(now, timezone.utc)\n          value = self.default\n          if isinstance(value, datetime.datetime):\n -            now = None\n +            second_offset = datetime.timedelta(seconds=10)\n +            lower = now - second_offset\n +            upper = now + second_offset\n +            if timezone.is_aware(value):\n +                value = timezone.make_naive(value, timezone.utc)\n          elif isinstance(value, datetime.time):\n -            now = _get_naive_now()\n -            # This will not use the right date in the race condition where now\n -            # is just before the date change and value is just past 0:00.\n +            second_offset = datetime.timedelta(seconds=10)\n +            lower = now - second_offset\n +            upper = now + second_offset\n              value = datetime.datetime.combine(now.date(), value)\n +            if timezone.is_aware(value):\n +                value = timezone.make_naive(value, timezone.utc).time()\n          else:\n              # No explicit time / datetime value -- no checks necessary\n              return []\n -        # At this point, value is a datetime object.\n -        return self._check_if_value_fixed(value, now=now)\n +        if lower <= value <= upper:\n +            return [\n +                checks.Warning(\n +                    \'Fixed default value provided.\',\n +                    hint=\'It seems you set a fixed date / time / datetime \'\n +                         \'value as default for this field. This may not be \'\n +                         \'what you want. If you want to have the current date \'\n +                         \'as default, use `django.utils.timezone.now`\',\n +                    obj=self,\n +                    id=\'fields.W161\',\n +                )\n +            ]\n +\n +        return []\n  \n      def deconstruct(self):\n          name, path, args, kwargs = super().deconstruct()\n@@ -2493,8 +2243,8 @@\n          if self.auto_now_add is not False:\n              kwargs["auto_now_add"] = self.auto_now_add\n          if self.auto_now or self.auto_now_add:\n -            del kwargs["blank"]\n -            del kwargs["editable"]\n +            del kwargs[\'blank\']\n +            del kwargs[\'editable\']\n          return name, path, args, kwargs\n  \n      def get_internal_type(self):\n@@ -2517,15 +2267,15 @@\n                  return parsed\n          except ValueError:\n              raise exceptions.ValidationError(\n -                self.error_messages["invalid_time"],\n -                code="invalid_time",\n -                params={"value": value},\n +                self.error_messages[\'invalid_time\'],\n +                code=\'invalid_time\',\n +                params={\'value\': value},\n              )\n  \n          raise exceptions.ValidationError(\n -            self.error_messages["invalid"],\n -            code="invalid",\n -            params={"value": value},\n +            self.error_messages[\'invalid\'],\n +            code=\'invalid\',\n +            params={\'value\': value},\n          )\n  \n      def pre_save(self, model_instance, add):\n@@ -2548,15 +2298,13 @@\n  \n      def value_to_string(self, obj):\n          val = self.value_from_object(obj)\n -        return "" if val is None else val.isoformat()\n +        return \'\' if val is None else val.isoformat()\n  \n      def formfield(self, **kwargs):\n -        return super().formfield(\n -            **{\n -                "form_class": forms.TimeField,\n -                **kwargs,\n -            }\n -        )\n +        return super().formfield(**{\n +            \'form_class\': forms.TimeField,\n +            **kwargs,\n +        })\n  \n  \n  class URLField(CharField):\n@@ -2564,32 +2312,30 @@\n      description = _("URL")\n  \n      def __init__(self, verbose_name=None, name=None, **kwargs):\n -        kwargs.setdefault("max_length", 200)\n +        kwargs.setdefault(\'max_length\', 200)\n          super().__init__(verbose_name, name, **kwargs)\n  \n      def deconstruct(self):\n          name, path, args, kwargs = super().deconstruct()\n          if kwargs.get("max_length") == 200:\n -            del kwargs["max_length"]\n +            del kwargs[\'max_length\']\n          return name, path, args, kwargs\n  \n      def formfield(self, **kwargs):\n          # As with CharField, this will cause URL validation to be performed\n          # twice.\n -        return super().formfield(\n -            **{\n -                "form_class": forms.URLField,\n -                **kwargs,\n -            }\n -        )\n +        return super().formfield(**{\n +            \'form_class\': forms.URLField,\n +            **kwargs,\n +        })\n  \n  \n  class BinaryField(Field):\n      description = _("Raw binary data")\n -    empty_values = [None, b""]\n +    empty_values = [None, b\'\']\n  \n      def __init__(self, *args, **kwargs):\n -        kwargs.setdefault("editable", False)\n +        kwargs.setdefault(\'editable\', False)\n          super().__init__(*args, **kwargs)\n          if self.max_length is not None:\n              self.validators.append(validators.MaxLengthValidator(self.max_length))\n@@ -2604,7 +2350,7 @@\n                      "BinaryField\'s default cannot be a string. Use bytes "\n                      "content instead.",\n                      obj=self,\n -                    id="fields.E170",\n +                    id=\'fields.E170\',\n                  )\n              ]\n          return []\n@@ -2612,9 +2358,9 @@\n      def deconstruct(self):\n          name, path, args, kwargs = super().deconstruct()\n          if self.editable:\n -            kwargs["editable"] = True\n +            kwargs[\'editable\'] = True\n          else:\n -            del kwargs["editable"]\n +            del kwargs[\'editable\']\n          return name, path, args, kwargs\n  \n      def get_internal_type(self):\n@@ -2627,8 +2373,8 @@\n          if self.has_default() and not callable(self.default):\n              return self.default\n          default = super().get_default()\n -        if default == "":\n -            return b""\n +        if default == \'\':\n +            return b\'\'\n          return default\n  \n      def get_db_prep_value(self, value, connection, prepared=False):\n@@ -2639,29 +2385,29 @@\n  \n      def value_to_string(self, obj):\n          """Binary data is serialized as base64"""\n -        return b64encode(self.value_from_object(obj)).decode("ascii")\n +        return b64encode(self.value_from_object(obj)).decode(\'ascii\')\n  \n      def to_python(self, value):\n          # If it\'s a string, it should be base64-encoded data\n          if isinstance(value, str):\n -            return memoryview(b64decode(value.encode("ascii")))\n +            return memoryview(b64decode(value.encode(\'ascii\')))\n          return value\n  \n  \n  class UUIDField(Field):\n      default_error_messages = {\n -        "invalid": _("“%(value)s” is not a valid UUID."),\n +        \'invalid\': _(\'“%(value)s” is not a valid UUID.\'),\n      }\n -    description = _("Universally unique identifier")\n +    description = _(\'Universally unique identifier\')\n      empty_strings_allowed = False\n  \n      def __init__(self, verbose_name=None, **kwargs):\n -        kwargs["max_length"] = 32\n +        kwargs[\'max_length\'] = 32\n          super().__init__(verbose_name, **kwargs)\n  \n      def deconstruct(self):\n          name, path, args, kwargs = super().deconstruct()\n -        del kwargs["max_length"]\n +        del kwargs[\'max_length\']\n          return name, path, args, kwargs\n  \n      def get_internal_type(self):\n@@ -2683,31 +2429,29 @@\n  \n      def to_python(self, value):\n          if value is not None and not isinstance(value, uuid.UUID):\n -            input_form = "int" if isinstance(value, int) else "hex"\n +            input_form = \'int\' if isinstance(value, int) else \'hex\'\n              try:\n                  return uuid.UUID(**{input_form: value})\n              except (AttributeError, ValueError):\n                  raise exceptions.ValidationError(\n -                    self.error_messages["invalid"],\n -                    code="invalid",\n -                    params={"value": value},\n +                    self.error_messages[\'invalid\'],\n +                    code=\'invalid\',\n +                    params={\'value\': value},\n                  )\n          return value\n  \n      def formfield(self, **kwargs):\n -        return super().formfield(\n -            **{\n -                "form_class": forms.UUIDField,\n -                **kwargs,\n -            }\n -        )\n +        return super().formfield(**{\n +            \'form_class\': forms.UUIDField,\n +            **kwargs,\n +        })\n  \n  \n  class AutoFieldMixin:\n      db_returning = True\n  \n      def __init__(self, *args, **kwargs):\n -        kwargs["blank"] = True\n +        kwargs[\'blank\'] = True\n          super().__init__(*args, **kwargs)\n  \n      def check(self, **kwargs):\n@@ -2720,9 +2464,9 @@\n          if not self.primary_key:\n              return [\n                  checks.Error(\n -                    "AutoFields must set primary_key=True.",\n +                    \'AutoFields must set primary_key=True.\',\n                      obj=self,\n -                    id="fields.E100",\n +                    id=\'fields.E100\',\n                  ),\n              ]\n          else:\n@@ -2730,8 +2474,8 @@\n  \n      def deconstruct(self):\n          name, path, args, kwargs = super().deconstruct()\n -        del kwargs["blank"]\n -        kwargs["primary_key"] = True\n +        del kwargs[\'blank\']\n +        kwargs[\'primary_key\'] = True\n          return name, path, args, kwargs\n  \n      def validate(self, value, model_instance):\n@@ -2744,11 +2488,10 @@\n          return value\n  \n      def contribute_to_class(self, cls, name, **kwargs):\n -        if cls._meta.auto_field:\n -            raise ValueError(\n -                "Model %s can\'t have more than one auto-generated field."\n -                % cls._meta.label\n -            )\n +        assert not cls._meta.auto_field, (\n +            "Model %s can\'t have more than one auto-generated field."\n +            % cls._meta.label\n +        )\n          super().contribute_to_class(cls, name, **kwargs)\n          cls._meta.auto_field = self\n  \n@@ -2778,35 +2521,34 @@\n          return (BigAutoField, SmallAutoField)\n  \n      def __instancecheck__(self, instance):\n -        return isinstance(instance, self._subclasses) or super().__instancecheck__(\n -            instance\n -        )\n +        return isinstance(instance, self._subclasses) or super().__instancecheck__(instance)\n  \n      def __subclasscheck__(self, subclass):\n -        return issubclass(subclass, self._subclasses) or super().__subclasscheck__(\n -            subclass\n -        )\n +        return issubclass(subclass, self._subclasses) or super().__subclasscheck__(subclass)\n  \n  \n  class AutoField(AutoFieldMixin, IntegerField, metaclass=AutoFieldMeta):\n +\n      def get_internal_type(self):\n -        return "AutoField"\n +        return \'AutoField\'\n  \n      def rel_db_type(self, connection):\n          return IntegerField().db_type(connection=connection)\n  \n  \n  class BigAutoField(AutoFieldMixin, BigIntegerField):\n +\n      def get_internal_type(self):\n -        return "BigAutoField"\n +        return \'BigAutoField\'\n  \n      def rel_db_type(self, connection):\n          return BigIntegerField().db_type(connection=connection)\n  \n  \n  class SmallAutoField(AutoFieldMixin, SmallIntegerField):\n +\n      def get_internal_type(self):\n -        return "SmallAutoField"\n +        return \'SmallAutoField\'\n  \n      def rel_db_type(self, connection):\n          return SmallIntegerField().db_type(connection=connection)\n\n""""""\nmodified file: django/forms/fields.py\n--- workspace/django/django/ad866a/newer/django/forms/fields.py\n+++ workspace/django/django/ad866a/3.2.7/django/forms/fields.py\n@@ -19,94 +19,45 @@\n  from django.forms.boundfield import BoundField\n  from django.forms.utils import from_current_timezone, to_current_timezone\n  from django.forms.widgets import (\n -    FILE_INPUT_CONTRADICTION,\n -    CheckboxInput,\n -    ClearableFileInput,\n -    DateInput,\n -    DateTimeInput,\n -    EmailInput,\n -    FileInput,\n -    HiddenInput,\n -    MultipleHiddenInput,\n -    NullBooleanSelect,\n -    NumberInput,\n -    Select,\n -    SelectMultiple,\n -    SplitDateTimeWidget,\n -    SplitHiddenDateTimeWidget,\n -    Textarea,\n -    TextInput,\n -    TimeInput,\n -    URLInput,\n +    FILE_INPUT_CONTRADICTION, CheckboxInput, ClearableFileInput, DateInput,\n +    DateTimeInput, EmailInput, FileInput, HiddenInput, MultipleHiddenInput,\n +    NullBooleanSelect, NumberInput, Select, SelectMultiple,\n +    SplitDateTimeWidget, SplitHiddenDateTimeWidget, Textarea, TextInput,\n +    TimeInput, URLInput,\n  )\n  from django.utils import formats\n  from django.utils.dateparse import parse_datetime, parse_duration\n  from django.utils.duration import duration_string\n  from django.utils.ipv6 import clean_ipv6_address\n  from django.utils.regex_helper import _lazy_re_compile\n -from django.utils.translation import gettext_lazy as _\n -from django.utils.translation import ngettext_lazy\n +from django.utils.translation import gettext_lazy as _, ngettext_lazy\n  \n  __all__ = (\n -    "Field",\n -    "CharField",\n -    "IntegerField",\n -    "DateField",\n -    "TimeField",\n -    "DateTimeField",\n -    "DurationField",\n -    "RegexField",\n -    "EmailField",\n -    "FileField",\n -    "ImageField",\n -    "URLField",\n -    "BooleanField",\n -    "NullBooleanField",\n -    "ChoiceField",\n -    "MultipleChoiceField",\n -    "ComboField",\n -    "MultiValueField",\n -    "FloatField",\n -    "DecimalField",\n -    "SplitDateTimeField",\n -    "GenericIPAddressField",\n -    "FilePathField",\n -    "JSONField",\n -    "SlugField",\n -    "TypedChoiceField",\n -    "TypedMultipleChoiceField",\n -    "UUIDField",\n +    \'Field\', \'CharField\', \'IntegerField\',\n +    \'DateField\', \'TimeField\', \'DateTimeField\', \'DurationField\',\n +    \'RegexField\', \'EmailField\', \'FileField\', \'ImageField\', \'URLField\',\n +    \'BooleanField\', \'NullBooleanField\', \'ChoiceField\', \'MultipleChoiceField\',\n +    \'ComboField\', \'MultiValueField\', \'FloatField\', \'DecimalField\',\n +    \'SplitDateTimeField\', \'GenericIPAddressField\', \'FilePathField\',\n +    \'JSONField\', \'SlugField\', \'TypedChoiceField\', \'TypedMultipleChoiceField\',\n +    \'UUIDField\',\n  )\n  \n  \n  class Field:\n      widget = TextInput  # Default widget to use when rendering this type of Field.\n -    hidden_widget = (\n -        HiddenInput  # Default widget to use when rendering this as "hidden".\n -    )\n +    hidden_widget = HiddenInput  # Default widget to use when rendering this as "hidden".\n      default_validators = []  # Default set of validators\n      # Add an \'invalid\' entry to default_error_message if you want a specific\n      # field error message not raised by the field validators.\n      default_error_messages = {\n -        "required": _("This field is required."),\n +        \'required\': _(\'This field is required.\'),\n      }\n      empty_values = list(validators.EMPTY_VALUES)\n  \n -    def __init__(\n -        self,\n -        *,\n -        required=True,\n -        widget=None,\n -        label=None,\n -        initial=None,\n -        help_text="",\n -        error_messages=None,\n -        show_hidden_initial=False,\n -        validators=(),\n -        localize=False,\n -        disabled=False,\n -        label_suffix=None,\n -    ):\n +    def __init__(self, *, required=True, widget=None, label=None, initial=None,\n +                 help_text=\'\', error_messages=None, show_hidden_initial=False,\n +                 validators=(), localize=False, disabled=False, label_suffix=None):\n          # required -- Boolean that specifies whether the field is required.\n          #             True by default.\n          # widget -- A Widget class, or instance of a Widget class, that should\n@@ -158,7 +109,7 @@\n  \n          messages = {}\n          for c in reversed(self.__class__.__mro__):\n -            messages.update(getattr(c, "default_error_messages", {}))\n +            messages.update(getattr(c, \'default_error_messages\', {}))\n          messages.update(error_messages or {})\n          self.error_messages = messages\n  \n@@ -174,7 +125,7 @@\n  \n      def validate(self, value):\n          if value in self.empty_values and self.required:\n -            raise ValidationError(self.error_messages["required"], code="required")\n +            raise ValidationError(self.error_messages[\'required\'], code=\'required\')\n  \n      def run_validators(self, value):\n          if value in self.empty_values:\n@@ -184,7 +135,7 @@\n              try:\n                  v(value)\n              except ValidationError as e:\n -                if hasattr(e, "code") and e.code in self.error_messages:\n +                if hasattr(e, \'code\') and e.code in self.error_messages:\n                      e.message = self.error_messages[e.code]\n                  errors.extend(e.error_list)\n          if errors:\n@@ -229,15 +180,15 @@\n              return False\n          try:\n              data = self.to_python(data)\n -            if hasattr(self, "_coerce"):\n +            if hasattr(self, \'_coerce\'):\n                  return self._coerce(data) != self._coerce(initial)\n          except ValidationError:\n              return True\n          # For purposes of seeing whether something has changed, None is\n          # the same as an empty string, if the data or initial value we get\n          # is None, replace it with \'\'.\n -        initial_value = initial if initial is not None else ""\n -        data_value = data if data is not None else ""\n +        initial_value = initial if initial is not None else \'\'\n +        data_value = data if data is not None else \'\'\n          return initial_value != data_value\n  \n      def get_bound_field(self, form, field_name):\n@@ -257,9 +208,7 @@\n  \n  \n  class CharField(Field):\n -    def __init__(\n -        self, *, max_length=None, min_length=None, strip=True, empty_value="", **kwargs\n -    ):\n +    def __init__(self, *, max_length=None, min_length=None, strip=True, empty_value=\'\', **kwargs):\n          self.max_length = max_length\n          self.min_length = min_length\n          self.strip = strip\n@@ -285,33 +234,31 @@\n          attrs = super().widget_attrs(widget)\n          if self.max_length is not None and not widget.is_hidden:\n              # The HTML attribute is maxlength, not max_length.\n -            attrs["maxlength"] = str(self.max_length)\n +            attrs[\'maxlength\'] = str(self.max_length)\n          if self.min_length is not None and not widget.is_hidden:\n              # The HTML attribute is minlength, not min_length.\n -            attrs["minlength"] = str(self.min_length)\n +            attrs[\'minlength\'] = str(self.min_length)\n          return attrs\n  \n  \n  class IntegerField(Field):\n      widget = NumberInput\n      default_error_messages = {\n -        "invalid": _("Enter a whole number."),\n -    }\n -    re_decimal = _lazy_re_compile(r"\\.0*\\s*$")\n -\n -    def __init__(self, *, max_value=None, min_value=None, step_size=None, **kwargs):\n -        self.max_value, self.min_value, self.step_size = max_value, min_value, step_size\n -        if kwargs.get("localize") and self.widget == NumberInput:\n +        \'invalid\': _(\'Enter a whole number.\'),\n +    }\n +    re_decimal = _lazy_re_compile(r\'\\.0*\\s*$\')\n +\n +    def __init__(self, *, max_value=None, min_value=None, **kwargs):\n +        self.max_value, self.min_value = max_value, min_value\n +        if kwargs.get(\'localize\') and self.widget == NumberInput:\n              # Localized number input is not well supported on most browsers\n -            kwargs.setdefault("widget", super().widget)\n +            kwargs.setdefault(\'widget\', super().widget)\n          super().__init__(**kwargs)\n  \n          if max_value is not None:\n              self.validators.append(validators.MaxValueValidator(max_value))\n          if min_value is not None:\n              self.validators.append(validators.MinValueValidator(min_value))\n -        if step_size is not None:\n -            self.validators.append(validators.StepValueValidator(step_size))\n  \n      def to_python(self, value):\n          """\n@@ -325,26 +272,24 @@\n              value = formats.sanitize_separators(value)\n          # Strip trailing decimal and zeros.\n          try:\n -            value = int(self.re_decimal.sub("", str(value)))\n +            value = int(self.re_decimal.sub(\'\', str(value)))\n          except (ValueError, TypeError):\n -            raise ValidationError(self.error_messages["invalid"], code="invalid")\n +            raise ValidationError(self.error_messages[\'invalid\'], code=\'invalid\')\n          return value\n  \n      def widget_attrs(self, widget):\n          attrs = super().widget_attrs(widget)\n          if isinstance(widget, NumberInput):\n              if self.min_value is not None:\n -                attrs["min"] = self.min_value\n +                attrs[\'min\'] = self.min_value\n              if self.max_value is not None:\n -                attrs["max"] = self.max_value\n -            if self.step_size is not None:\n -                attrs["step"] = self.step_size\n +                attrs[\'max\'] = self.max_value\n          return attrs\n  \n  \n  class FloatField(IntegerField):\n      default_error_messages = {\n -        "invalid": _("Enter a number."),\n +        \'invalid\': _(\'Enter a number.\'),\n      }\n  \n      def to_python(self, value):\n@@ -360,7 +305,7 @@\n          try:\n              value = float(value)\n          except (ValueError, TypeError):\n -            raise ValidationError(self.error_messages["invalid"], code="invalid")\n +            raise ValidationError(self.error_messages[\'invalid\'], code=\'invalid\')\n          return value\n  \n      def validate(self, value):\n@@ -368,33 +313,21 @@\n          if value in self.empty_values:\n              return\n          if not math.isfinite(value):\n -            raise ValidationError(self.error_messages["invalid"], code="invalid")\n +            raise ValidationError(self.error_messages[\'invalid\'], code=\'invalid\')\n  \n      def widget_attrs(self, widget):\n          attrs = super().widget_attrs(widget)\n -        if isinstance(widget, NumberInput) and "step" not in widget.attrs:\n -            if self.step_size is not None:\n -                step = str(self.step_size)\n -            else:\n -                step = "any"\n -            attrs.setdefault("step", step)\n +        if isinstance(widget, NumberInput) and \'step\' not in widget.attrs:\n +            attrs.setdefault(\'step\', \'any\')\n          return attrs\n  \n  \n  class DecimalField(IntegerField):\n      default_error_messages = {\n -        "invalid": _("Enter a number."),\n -    }\n -\n -    def __init__(\n -        self,\n -        *,\n -        max_value=None,\n -        min_value=None,\n -        max_digits=None,\n -        decimal_places=None,\n -        **kwargs,\n -    ):\n +        \'invalid\': _(\'Enter a number.\'),\n +    }\n +\n +    def __init__(self, *, max_value=None, min_value=None, max_digits=None, decimal_places=None, **kwargs):\n          self.max_digits, self.decimal_places = max_digits, decimal_places\n          super().__init__(max_value=max_value, min_value=min_value, **kwargs)\n          self.validators.append(validators.DecimalValidator(max_digits, decimal_places))\n@@ -410,10 +343,11 @@\n              return None\n          if self.localize:\n              value = formats.sanitize_separators(value)\n +        value = str(value).strip()\n          try:\n -            value = Decimal(str(value))\n +            value = Decimal(value)\n          except DecimalException:\n -            raise ValidationError(self.error_messages["invalid"], code="invalid")\n +            raise ValidationError(self.error_messages[\'invalid\'], code=\'invalid\')\n          return value\n  \n      def validate(self, value):\n@@ -422,25 +356,26 @@\n              return\n          if not value.is_finite():\n              raise ValidationError(\n -                self.error_messages["invalid"],\n -                code="invalid",\n -                params={"value": value},\n +                self.error_messages[\'invalid\'],\n +                code=\'invalid\',\n +                params={\'value\': value},\n              )\n  \n      def widget_attrs(self, widget):\n          attrs = super().widget_attrs(widget)\n -        if isinstance(widget, NumberInput) and "step" not in widget.attrs:\n +        if isinstance(widget, NumberInput) and \'step\' not in widget.attrs:\n              if self.decimal_places is not None:\n                  # Use exponential notation for small values since they might\n                  # be parsed as 0 otherwise. ref #20765\n                  step = str(Decimal(1).scaleb(-self.decimal_places)).lower()\n              else:\n -                step = "any"\n -            attrs.setdefault("step", step)\n +                step = \'any\'\n +            attrs.setdefault(\'step\', step)\n          return attrs\n  \n  \n  class BaseTemporalField(Field):\n +\n      def __init__(self, *, input_formats=None, **kwargs):\n          super().__init__(**kwargs)\n          if input_formats is not None:\n@@ -454,17 +389,17 @@\n                  return self.strptime(value, format)\n              except (ValueError, TypeError):\n                  continue\n -        raise ValidationError(self.error_messages["invalid"], code="invalid")\n +        raise ValidationError(self.error_messages[\'invalid\'], code=\'invalid\')\n  \n      def strptime(self, value, format):\n -        raise NotImplementedError("Subclasses must define this method.")\n +        raise NotImplementedError(\'Subclasses must define this method.\')\n  \n  \n  class DateField(BaseTemporalField):\n      widget = DateInput\n -    input_formats = formats.get_format_lazy("DATE_INPUT_FORMATS")\n -    default_error_messages = {\n -        "invalid": _("Enter a valid date."),\n +    input_formats = formats.get_format_lazy(\'DATE_INPUT_FORMATS\')\n +    default_error_messages = {\n +        \'invalid\': _(\'Enter a valid date.\'),\n      }\n  \n      def to_python(self, value):\n@@ -486,8 +421,10 @@\n  \n  class TimeField(BaseTemporalField):\n      widget = TimeInput\n -    input_formats = formats.get_format_lazy("TIME_INPUT_FORMATS")\n -    default_error_messages = {"invalid": _("Enter a valid time.")}\n +    input_formats = formats.get_format_lazy(\'TIME_INPUT_FORMATS\')\n +    default_error_messages = {\n +        \'invalid\': _(\'Enter a valid time.\')\n +    }\n  \n      def to_python(self, value):\n          """\n@@ -506,15 +443,15 @@\n  \n  class DateTimeFormatsIterator:\n      def __iter__(self):\n -        yield from formats.get_format("DATETIME_INPUT_FORMATS")\n -        yield from formats.get_format("DATE_INPUT_FORMATS")\n +        yield from formats.get_format(\'DATETIME_INPUT_FORMATS\')\n +        yield from formats.get_format(\'DATE_INPUT_FORMATS\')\n  \n  \n  class DateTimeField(BaseTemporalField):\n      widget = DateTimeInput\n      input_formats = DateTimeFormatsIterator()\n      default_error_messages = {\n -        "invalid": _("Enter a valid date/time."),\n +        \'invalid\': _(\'Enter a valid date/time.\'),\n      }\n  \n      def prepare_value(self, value):\n@@ -537,7 +474,7 @@\n          try:\n              result = parse_datetime(value.strip())\n          except ValueError:\n -            raise ValidationError(self.error_messages["invalid"], code="invalid")\n +            raise ValidationError(self.error_messages[\'invalid\'], code=\'invalid\')\n          if not result:\n              result = super().to_python(value)\n          return from_current_timezone(result)\n@@ -548,8 +485,8 @@\n  \n  class DurationField(Field):\n      default_error_messages = {\n -        "invalid": _("Enter a valid duration."),\n -        "overflow": _("The number of days must be between {min_days} and {max_days}."),\n +        \'invalid\': _(\'Enter a valid duration.\'),\n +        \'overflow\': _(\'The number of days must be between {min_days} and {max_days}.\')\n      }\n  \n      def prepare_value(self, value):\n@@ -565,15 +502,12 @@\n          try:\n              value = parse_duration(str(value))\n          except OverflowError:\n -            raise ValidationError(\n -                self.error_messages["overflow"].format(\n -                    min_days=datetime.timedelta.min.days,\n -                    max_days=datetime.timedelta.max.days,\n -                ),\n -                code="overflow",\n -            )\n +            raise ValidationError(self.error_messages[\'overflow\'].format(\n +                min_days=datetime.timedelta.min.days,\n +                max_days=datetime.timedelta.max.days,\n +            ), code=\'overflow\')\n          if value is None:\n -            raise ValidationError(self.error_messages["invalid"], code="invalid")\n +            raise ValidationError(self.error_messages[\'invalid\'], code=\'invalid\')\n          return value\n  \n  \n@@ -582,7 +516,7 @@\n          """\n          regex can be either a string or a compiled regular expression object.\n          """\n -        kwargs.setdefault("strip", False)\n +        kwargs.setdefault(\'strip\', False)\n          super().__init__(**kwargs)\n          self._set_regex(regex)\n  \n@@ -593,10 +527,7 @@\n          if isinstance(regex, str):\n              regex = re.compile(regex)\n          self._regex = regex\n -        if (\n -            hasattr(self, "_regex_validator")\n -            and self._regex_validator in self.validators\n -        ):\n +        if hasattr(self, \'_regex_validator\') and self._regex_validator in self.validators:\n              self.validators.remove(self._regex_validator)\n          self._regex_validator = validators.RegexValidator(regex=regex)\n          self.validators.append(self._regex_validator)\n@@ -609,26 +540,20 @@\n      default_validators = [validators.validate_email]\n  \n      def __init__(self, **kwargs):\n -        # The default maximum length of an email is 320 characters per RFC 3696\n -        # section 3.\n -        kwargs.setdefault("max_length", 320)\n          super().__init__(strip=True, **kwargs)\n  \n  \n  class FileField(Field):\n      widget = ClearableFileInput\n      default_error_messages = {\n -        "invalid": _("No file was submitted. Check the encoding type on the form."),\n -        "missing": _("No file was submitted."),\n -        "empty": _("The submitted file is empty."),\n -        "max_length": ngettext_lazy(\n -            "Ensure this filename has at most %(max)d character (it has %(length)d).",\n -            "Ensure this filename has at most %(max)d characters (it has %(length)d).",\n -            "max",\n -        ),\n -        "contradiction": _(\n -            "Please either submit a file or check the clear checkbox, not both."\n -        ),\n +        \'invalid\': _("No file was submitted. Check the encoding type on the form."),\n +        \'missing\': _("No file was submitted."),\n +        \'empty\': _("The submitted file is empty."),\n +        \'max_length\': ngettext_lazy(\n +            \'Ensure this filename has at most %(max)d character (it has %(length)d).\',\n +            \'Ensure this filename has at most %(max)d characters (it has %(length)d).\',\n +            \'max\'),\n +        \'contradiction\': _(\'Please either submit a file or check the clear checkbox, not both.\')\n      }\n  \n      def __init__(self, *, max_length=None, allow_empty_file=False, **kwargs):\n@@ -645,26 +570,22 @@\n              file_name = data.name\n              file_size = data.size\n          except AttributeError:\n -            raise ValidationError(self.error_messages["invalid"], code="invalid")\n +            raise ValidationError(self.error_messages[\'invalid\'], code=\'invalid\')\n  \n          if self.max_length is not None and len(file_name) > self.max_length:\n -            params = {"max": self.max_length, "length": len(file_name)}\n -            raise ValidationError(\n -                self.error_messages["max_length"], code="max_length", params=params\n -            )\n +            params = {\'max\': self.max_length, \'length\': len(file_name)}\n +            raise ValidationError(self.error_messages[\'max_length\'], code=\'max_length\', params=params)\n          if not file_name:\n -            raise ValidationError(self.error_messages["invalid"], code="invalid")\n +            raise ValidationError(self.error_messages[\'invalid\'], code=\'invalid\')\n          if not self.allow_empty_file and not file_size:\n -            raise ValidationError(self.error_messages["empty"], code="empty")\n +            raise ValidationError(self.error_messages[\'empty\'], code=\'empty\')\n  \n          return data\n  \n      def clean(self, data, initial=None):\n          # If the widget got contradictory inputs, we raise a validation error\n          if data is FILE_INPUT_CONTRADICTION:\n -            raise ValidationError(\n -                self.error_messages["contradiction"], code="contradiction"\n -            )\n +            raise ValidationError(self.error_messages[\'contradiction\'], code=\'contradiction\')\n          # False means the field value should be cleared; further validation is\n          # not needed.\n          if data is False:\n@@ -680,8 +601,10 @@\n              return initial\n          return super().clean(data)\n  \n -    def bound_data(self, _, initial):\n -        return initial\n +    def bound_data(self, data, initial):\n +        if data in (None, FILE_INPUT_CONTRADICTION):\n +            return initial\n +        return data\n  \n      def has_changed(self, initial, data):\n          return not self.disabled and data is not None\n@@ -690,7 +613,7 @@\n  class ImageField(FileField):\n      default_validators = [validators.validate_image_file_extension]\n      default_error_messages = {\n -        "invalid_image": _(\n +        \'invalid_image\': _(\n              "Upload a valid image. The file you uploaded was either not an "\n              "image or a corrupted image."\n          ),\n@@ -709,13 +632,13 @@\n  \n          # We need to get a file object for Pillow. We might have a path or we might\n          # have to read the data into memory.\n -        if hasattr(data, "temporary_file_path"):\n +        if hasattr(data, \'temporary_file_path\'):\n              file = data.temporary_file_path()\n          else:\n -            if hasattr(data, "read"):\n +            if hasattr(data, \'read\'):\n                  file = BytesIO(data.read())\n              else:\n -                file = BytesIO(data["content"])\n +                file = BytesIO(data[\'content\'])\n  \n          try:\n              # load() could spot a truncated JPEG, but it loads the entire\n@@ -732,24 +655,24 @@\n          except Exception as exc:\n              # Pillow doesn\'t recognize it as an image.\n              raise ValidationError(\n -                self.error_messages["invalid_image"],\n -                code="invalid_image",\n +                self.error_messages[\'invalid_image\'],\n +                code=\'invalid_image\',\n              ) from exc\n -        if hasattr(f, "seek") and callable(f.seek):\n +        if hasattr(f, \'seek\') and callable(f.seek):\n              f.seek(0)\n          return f\n  \n      def widget_attrs(self, widget):\n          attrs = super().widget_attrs(widget)\n -        if isinstance(widget, FileInput) and "accept" not in widget.attrs:\n -            attrs.setdefault("accept", "image/*")\n +        if isinstance(widget, FileInput) and \'accept\' not in widget.attrs:\n +            attrs.setdefault(\'accept\', \'image/*\')\n          return attrs\n  \n  \n  class URLField(CharField):\n      widget = URLInput\n      default_error_messages = {\n -        "invalid": _("Enter a valid URL."),\n +        \'invalid\': _(\'Enter a valid URL.\'),\n      }\n      default_validators = [validators.URLValidator()]\n  \n@@ -757,6 +680,7 @@\n          super().__init__(strip=True, **kwargs)\n  \n      def to_python(self, value):\n +\n          def split_url(url):\n              """\n              Return a list of url parts via urlparse.urlsplit(), or raise\n@@ -767,19 +691,19 @@\n              except ValueError:\n                  # urlparse.urlsplit can raise a ValueError with some\n                  # misformatted URLs.\n -                raise ValidationError(self.error_messages["invalid"], code="invalid")\n +                raise ValidationError(self.error_messages[\'invalid\'], code=\'invalid\')\n  \n          value = super().to_python(value)\n          if value:\n              url_fields = split_url(value)\n              if not url_fields[0]:\n                  # If no URL scheme given, assume http://\n -                url_fields[0] = "http"\n +                url_fields[0] = \'http\'\n              if not url_fields[1]:\n                  # Assume that if no domain is provided, that the path segment\n                  # contains the domain.\n                  url_fields[1] = url_fields[2]\n -                url_fields[2] = ""\n +                url_fields[2] = \'\'\n                  # Rebuild the url_fields list, since the domain segment may now\n                  # contain the path too.\n                  url_fields = split_url(urlunsplit(url_fields))\n@@ -796,7 +720,7 @@\n          # will submit for False. Also check for \'0\', since this is what\n          # RadioSelect will provide. Because bool("True") == bool(\'1\') == True,\n          # we don\'t need to handle that explicitly.\n -        if isinstance(value, str) and value.lower() in ("false", "0"):\n +        if isinstance(value, str) and value.lower() in (\'false\', \'0\'):\n              value = False\n          else:\n              value = bool(value)\n@@ -804,7 +728,7 @@\n  \n      def validate(self, value):\n          if not value and self.required:\n -            raise ValidationError(self.error_messages["required"], code="required")\n +            raise ValidationError(self.error_messages[\'required\'], code=\'required\')\n  \n      def has_changed(self, initial, data):\n          if self.disabled:\n@@ -819,7 +743,6 @@\n      A field whose valid values are None, True, and False. Clean invalid values\n      to None.\n      """\n -\n      widget = NullBooleanSelect\n  \n      def to_python(self, value):\n@@ -831,9 +754,9 @@\n          the Booleanfield, this field must check for True because it doesn\'t\n          use the bool() function.\n          """\n -        if value in (True, "True", "true", "1"):\n +        if value in (True, \'True\', \'true\', \'1\'):\n              return True\n -        elif value in (False, "False", "false", "0"):\n +        elif value in (False, \'False\', \'false\', \'0\'):\n              return False\n          else:\n              return None\n@@ -853,9 +776,7 @@\n  class ChoiceField(Field):\n      widget = Select\n      default_error_messages = {\n -        "invalid_choice": _(\n -            "Select a valid choice. %(value)s is not one of the available choices."\n -        ),\n +        \'invalid_choice\': _(\'Select a valid choice. %(value)s is not one of the available choices.\'),\n      }\n  \n      def __init__(self, *, choices=(), **kwargs):\n@@ -886,7 +807,7 @@\n      def to_python(self, value):\n          """Return a string."""\n          if value in self.empty_values:\n -            return ""\n +            return \'\'\n          return str(value)\n  \n      def validate(self, value):\n@@ -894,9 +815,9 @@\n          super().validate(value)\n          if value and not self.valid_value(value):\n              raise ValidationError(\n -                self.error_messages["invalid_choice"],\n -                code="invalid_choice",\n -                params={"value": value},\n +                self.error_messages[\'invalid_choice\'],\n +                code=\'invalid_choice\',\n +                params={\'value\': value},\n              )\n  \n      def valid_value(self, value):\n@@ -915,7 +836,7 @@\n  \n  \n  class TypedChoiceField(ChoiceField):\n -    def __init__(self, *, coerce=lambda val: val, empty_value="", **kwargs):\n +    def __init__(self, *, coerce=lambda val: val, empty_value=\'\', **kwargs):\n          self.coerce = coerce\n          self.empty_value = empty_value\n          super().__init__(**kwargs)\n@@ -930,9 +851,9 @@\n              value = self.coerce(value)\n          except (ValueError, TypeError, ValidationError):\n              raise ValidationError(\n -                self.error_messages["invalid_choice"],\n -                code="invalid_choice",\n -                params={"value": value},\n +                self.error_messages[\'invalid_choice\'],\n +                code=\'invalid_choice\',\n +                params={\'value\': value},\n              )\n          return value\n  \n@@ -945,32 +866,28 @@\n      hidden_widget = MultipleHiddenInput\n      widget = SelectMultiple\n      default_error_messages = {\n -        "invalid_choice": _(\n -            "Select a valid choice. %(value)s is not one of the available choices."\n -        ),\n -        "invalid_list": _("Enter a list of values."),\n +        \'invalid_choice\': _(\'Select a valid choice. %(value)s is not one of the available choices.\'),\n +        \'invalid_list\': _(\'Enter a list of values.\'),\n      }\n  \n      def to_python(self, value):\n          if not value:\n              return []\n          elif not isinstance(value, (list, tuple)):\n -            raise ValidationError(\n -                self.error_messages["invalid_list"], code="invalid_list"\n -            )\n +            raise ValidationError(self.error_messages[\'invalid_list\'], code=\'invalid_list\')\n          return [str(val) for val in value]\n  \n      def validate(self, value):\n          """Validate that the input is a list or tuple."""\n          if self.required and not value:\n -            raise ValidationError(self.error_messages["required"], code="required")\n +            raise ValidationError(self.error_messages[\'required\'], code=\'required\')\n          # Validate that each value in the value list is in self.choices.\n          for val in value:\n              if not self.valid_value(val):\n                  raise ValidationError(\n -                    self.error_messages["invalid_choice"],\n -                    code="invalid_choice",\n -                    params={"value": val},\n +                    self.error_messages[\'invalid_choice\'],\n +                    code=\'invalid_choice\',\n +                    params={\'value\': val},\n                  )\n  \n      def has_changed(self, initial, data):\n@@ -990,7 +907,7 @@\n  class TypedMultipleChoiceField(MultipleChoiceField):\n      def __init__(self, *, coerce=lambda val: val, **kwargs):\n          self.coerce = coerce\n -        self.empty_value = kwargs.pop("empty_value", [])\n +        self.empty_value = kwargs.pop(\'empty_value\', [])\n          super().__init__(**kwargs)\n  \n      def _coerce(self, value):\n@@ -1006,9 +923,9 @@\n                  new_value.append(self.coerce(choice))\n              except (ValueError, TypeError, ValidationError):\n                  raise ValidationError(\n -                    self.error_messages["invalid_choice"],\n -                    code="invalid_choice",\n -                    params={"value": choice},\n +                    self.error_messages[\'invalid_choice\'],\n +                    code=\'invalid_choice\',\n +                    params={\'value\': choice},\n                  )\n          return new_value\n  \n@@ -1020,14 +937,13 @@\n          if value != self.empty_value:\n              super().validate(value)\n          elif self.required:\n -            raise ValidationError(self.error_messages["required"], code="required")\n +            raise ValidationError(self.error_messages[\'required\'], code=\'required\')\n  \n  \n  class ComboField(Field):\n      """\n      A Field whose clean() method calls multiple Field clean() methods.\n      """\n -\n      def __init__(self, fields, **kwargs):\n          super().__init__(**kwargs)\n          # Set \'required\' to False on the individual fields, because the\n@@ -1065,17 +981,17 @@\n  \n      You\'ll probably want to use this with MultiWidget.\n      """\n -\n -    default_error_messages = {\n -        "invalid": _("Enter a list of values."),\n -        "incomplete": _("Enter a complete value."),\n +    default_error_messages = {\n +        \'invalid\': _(\'Enter a list of values.\'),\n +        \'incomplete\': _(\'Enter a complete value.\'),\n      }\n  \n      def __init__(self, fields, *, require_all_fields=True, **kwargs):\n          self.require_all_fields = require_all_fields\n          super().__init__(**kwargs)\n          for f in fields:\n -            f.error_messages.setdefault("incomplete", self.error_messages["incomplete"])\n +            f.error_messages.setdefault(\'incomplete\',\n +                                        self.error_messages[\'incomplete\'])\n              if self.disabled:\n                  f.disabled = True\n              if self.require_all_fields:\n@@ -1109,13 +1025,11 @@\n          if not value or isinstance(value, (list, tuple)):\n              if not value or not [v for v in value if v not in self.empty_values]:\n                  if self.required:\n -                    raise ValidationError(\n -                        self.error_messages["required"], code="required"\n -                    )\n +                    raise ValidationError(self.error_messages[\'required\'], code=\'required\')\n                  else:\n                      return self.compress([])\n          else:\n -            raise ValidationError(self.error_messages["invalid"], code="invalid")\n +            raise ValidationError(self.error_messages[\'invalid\'], code=\'invalid\')\n          for i, field in enumerate(self.fields):\n              try:\n                  field_value = value[i]\n@@ -1126,15 +1040,13 @@\n                      # Raise a \'required\' error if the MultiValueField is\n                      # required and any field is empty.\n                      if self.required:\n -                        raise ValidationError(\n -                            self.error_messages["required"], code="required"\n -                        )\n +                        raise ValidationError(self.error_messages[\'required\'], code=\'required\')\n                  elif field.required:\n                      # Otherwise, add an \'incomplete\' error to the list of\n                      # collected errors and skip field cleaning, if a required\n                      # field is empty.\n -                    if field.error_messages["incomplete"] not in errors:\n -                        errors.append(field.error_messages["incomplete"])\n +                    if field.error_messages[\'incomplete\'] not in errors:\n +                        errors.append(field.error_messages[\'incomplete\'])\n                      continue\n              try:\n                  clean_data.append(field.clean(field_value))\n@@ -1160,13 +1072,13 @@\n          fields=(DateField(), TimeField()), this might return a datetime\n          object created by combining the date and time in data_list.\n          """\n -        raise NotImplementedError("Subclasses must implement this method.")\n +        raise NotImplementedError(\'Subclasses must implement this method.\')\n  \n      def has_changed(self, initial, data):\n          if self.disabled:\n              return False\n          if initial is None:\n -            initial = ["" for x in range(0, len(data))]\n +            initial = [\'\' for x in range(0, len(data))]\n          else:\n              if not isinstance(initial, list):\n                  initial = self.widget.decompress(initial)\n@@ -1181,16 +1093,8 @@\n  \n  \n  class FilePathField(ChoiceField):\n -    def __init__(\n -        self,\n -        path,\n -        *,\n -        match=None,\n -        recursive=False,\n -        allow_files=True,\n -        allow_folders=False,\n -        **kwargs,\n -    ):\n +    def __init__(self, path, *, match=None, recursive=False, allow_files=True,\n +                 allow_folders=False, **kwargs):\n          self.path, self.match, self.recursive = path, match, recursive\n          self.allow_files, self.allow_folders = allow_files, allow_folders\n          super().__init__(choices=(), **kwargs)\n@@ -1212,22 +1116,20 @@\n                              self.choices.append((f, f.replace(path, "", 1)))\n                  if self.allow_folders:\n                      for f in sorted(dirs):\n -                        if f == "__pycache__":\n +                        if f == \'__pycache__\':\n                              continue\n                          if self.match is None or self.match_re.search(f):\n                              f = os.path.join(root, f)\n                              self.choices.append((f, f.replace(path, "", 1)))\n          else:\n              choices = []\n -            with os.scandir(self.path) as entries:\n -                for f in entries:\n -                    if f.name == "__pycache__":\n -                        continue\n -                    if (\n -                        (self.allow_files and f.is_file())\n -                        or (self.allow_folders and f.is_dir())\n -                    ) and (self.match is None or self.match_re.search(f.name)):\n -                        choices.append((f.path, f.name))\n +            for f in os.scandir(self.path):\n +                if f.name == \'__pycache__\':\n +                    continue\n +                if (((self.allow_files and f.is_file()) or\n +                        (self.allow_folders and f.is_dir())) and\n +                        (self.match is None or self.match_re.search(f.name))):\n +                    choices.append((f.path, f.name))\n              choices.sort(key=operator.itemgetter(1))\n              self.choices.extend(choices)\n  \n@@ -1238,26 +1140,22 @@\n      widget = SplitDateTimeWidget\n      hidden_widget = SplitHiddenDateTimeWidget\n      default_error_messages = {\n -        "invalid_date": _("Enter a valid date."),\n -        "invalid_time": _("Enter a valid time."),\n +        \'invalid_date\': _(\'Enter a valid date.\'),\n +        \'invalid_time\': _(\'Enter a valid time.\'),\n      }\n  \n      def __init__(self, *, input_date_formats=None, input_time_formats=None, **kwargs):\n          errors = self.default_error_messages.copy()\n -        if "error_messages" in kwargs:\n -            errors.update(kwargs["error_messages"])\n -        localize = kwargs.get("localize", False)\n +        if \'error_messages\' in kwargs:\n +            errors.update(kwargs[\'error_messages\'])\n +        localize = kwargs.get(\'localize\', False)\n          fields = (\n -            DateField(\n -                input_formats=input_date_formats,\n -                error_messages={"invalid": errors["invalid_date"]},\n -                localize=localize,\n -            ),\n -            TimeField(\n -                input_formats=input_time_formats,\n -                error_messages={"invalid": errors["invalid_time"]},\n -                localize=localize,\n -            ),\n +            DateField(input_formats=input_date_formats,\n +                      error_messages={\'invalid\': errors[\'invalid_date\']},\n +                      localize=localize),\n +            TimeField(input_formats=input_time_formats,\n +                      error_messages={\'invalid\': errors[\'invalid_time\']},\n +                      localize=localize),\n          )\n          super().__init__(fields, **kwargs)\n  \n@@ -1266,31 +1164,25 @@\n              # Raise a validation error if time or date is empty\n              # (possible if SplitDateTimeField has required=False).\n              if data_list[0] in self.empty_values:\n -                raise ValidationError(\n -                    self.error_messages["invalid_date"], code="invalid_date"\n -                )\n +                raise ValidationError(self.error_messages[\'invalid_date\'], code=\'invalid_date\')\n              if data_list[1] in self.empty_values:\n -                raise ValidationError(\n -                    self.error_messages["invalid_time"], code="invalid_time"\n -                )\n +                raise ValidationError(self.error_messages[\'invalid_time\'], code=\'invalid_time\')\n              result = datetime.datetime.combine(*data_list)\n              return from_current_timezone(result)\n          return None\n  \n  \n  class GenericIPAddressField(CharField):\n -    def __init__(self, *, protocol="both", unpack_ipv4=False, **kwargs):\n +    def __init__(self, *, protocol=\'both\', unpack_ipv4=False, **kwargs):\n          self.unpack_ipv4 = unpack_ipv4\n -        self.default_validators = validators.ip_address_validators(\n -            protocol, unpack_ipv4\n -        )[0]\n +        self.default_validators = validators.ip_address_validators(protocol, unpack_ipv4)[0]\n          super().__init__(**kwargs)\n  \n      def to_python(self, value):\n          if value in self.empty_values:\n -            return ""\n +            return \'\'\n          value = value.strip()\n -        if value and ":" in value:\n +        if value and \':\' in value:\n              return clean_ipv6_address(value, self.unpack_ipv4)\n          return value\n  \n@@ -1307,7 +1199,7 @@\n  \n  class UUIDField(CharField):\n      default_error_messages = {\n -        "invalid": _("Enter a valid UUID."),\n +        \'invalid\': _(\'Enter a valid UUID.\'),\n      }\n  \n      def prepare_value(self, value):\n@@ -1323,7 +1215,7 @@\n              try:\n                  value = uuid.UUID(value)\n              except ValueError:\n -                raise ValidationError(self.error_messages["invalid"], code="invalid")\n +                raise ValidationError(self.error_messages[\'invalid\'], code=\'invalid\')\n          return value\n  \n  \n@@ -1337,7 +1229,7 @@\n  \n  class JSONField(CharField):\n      default_error_messages = {\n -        "invalid": _("Enter a valid JSON."),\n +        \'invalid\': _(\'Enter a valid JSON.\'),\n      }\n      widget = Textarea\n  \n@@ -1357,9 +1249,9 @@\n              converted = json.loads(value, cls=self.decoder)\n          except json.JSONDecodeError:\n              raise ValidationError(\n -                self.error_messages["invalid"],\n -                code="invalid",\n -                params={"value": value},\n +                self.error_messages[\'invalid\'],\n +                code=\'invalid\',\n +                params={\'value\': value},\n              )\n          if isinstance(converted, str):\n              return JSONString(converted)\n@@ -1369,8 +1261,6 @@\n      def bound_data(self, data, initial):\n          if self.disabled:\n              return initial\n -        if data is None:\n -            return None\n          try:\n              return json.loads(data, cls=self.decoder)\n          except json.JSONDecodeError:\n@@ -1386,6 +1276,7 @@\n              return True\n          # For purposes of seeing whether something has changed, True isn\'t the\n          # same as 1 and the order of keys doesn\'t matter.\n -        return json.dumps(initial, sort_keys=True, cls=self.encoder) != json.dumps(\n -            self.to_python(data), sort_keys=True, cls=self.encoder\n +        return (\n +            json.dumps(initial, sort_keys=True, cls=self.encoder) !=\n +            json.dumps(self.to_python(data), sort_keys=True, cls=self.encoder)\n          )\n\n""""""\nmodified file: django/utils/ipv6.py\n--- workspace/django/django/ad866a/newer/django/utils/ipv6.py\n+++ workspace/django/django/ad866a/3.2.7/django/utils/ipv6.py\n@@ -4,9 +4,8 @@\n  from django.utils.translation import gettext_lazy as _\n  \n  \n -def clean_ipv6_address(\n -    ip_str, unpack_ipv4=False, error_message=_("This is not a valid IPv6 address.")\n -):\n +def clean_ipv6_address(ip_str, unpack_ipv4=False,\n +                       error_message=_("This is not a valid IPv6 address.")):\n      """\n      Clean an IPv6 address string.\n  \n@@ -26,12 +25,12 @@\n      try:\n          addr = ipaddress.IPv6Address(int(ipaddress.IPv6Address(ip_str)))\n      except ValueError:\n -        raise ValidationError(error_message, code="invalid")\n +        raise ValidationError(error_message, code=\'invalid\')\n  \n      if unpack_ipv4 and addr.ipv4_mapped:\n          return str(addr.ipv4_mapped)\n      elif addr.ipv4_mapped:\n -        return "::ffff:%s" % str(addr.ipv4_mapped)\n +        return \'::ffff:%s\' % str(addr.ipv4_mapped)\n  \n      return str(addr)\n  \n\n""""""\nmodified file: docs/ref/forms/fields.txt\n--- workspace/django/django/ad866a/newer/docs/ref/forms/fields.txt\n+++ workspace/django/django/ad866a/3.2.7/docs/ref/forms/fields.txt\n@@ -20,15 +20,13 @@\n  how they work. Each ``Field`` instance has a ``clean()`` method, which takes\n  a single argument and either raises a\n  ``django.core.exceptions.ValidationError`` exception or returns the clean\n -value:\n -\n -.. code-block:: pycon\n +value::\n  \n      >>> from django import forms\n      >>> f = forms.EmailField()\n -    >>> f.clean("foo@example.com")\n +    >>> f.clean(\'foo@example.com\')\n      \'foo@example.com\'\n -    >>> f.clean("invalid email address")\n +    >>> f.clean(\'invalid email address\')\n      Traceback (most recent call last):\n      ...\n      ValidationError: [\'Enter a valid email address.\']\n@@ -49,15 +47,13 @@\n  \n  By default, each ``Field`` class assumes the value is required, so if you pass\n  an empty value -- either ``None`` or the empty string (``""``) -- then\n -``clean()`` will raise a ``ValidationError`` exception:\n -\n -.. code-block:: pycon\n +``clean()`` will raise a ``ValidationError`` exception::\n  \n      >>> from django import forms\n      >>> f = forms.CharField()\n -    >>> f.clean("foo")\n +    >>> f.clean(\'foo\')\n      \'foo\'\n -    >>> f.clean("")\n +    >>> f.clean(\'\')\n      Traceback (most recent call last):\n      ...\n      ValidationError: [\'This field is required.\']\n@@ -65,7 +61,7 @@\n      Traceback (most recent call last):\n      ...\n      ValidationError: [\'This field is required.\']\n -    >>> f.clean(" ")\n +    >>> f.clean(\' \')\n      \' \'\n      >>> f.clean(0)\n      \'0\'\n@@ -75,14 +71,12 @@\n      \'False\'\n  \n  To specify that a field is *not* required, pass ``required=False`` to the\n -``Field`` constructor:\n -\n -.. code-block:: pycon\n +``Field`` constructor::\n  \n      >>> f = forms.CharField(required=False)\n -    >>> f.clean("foo")\n +    >>> f.clean(\'foo\')\n      \'foo\'\n -    >>> f.clean("")\n +    >>> f.clean(\'\')\n      \'\'\n      >>> f.clean(None)\n      \'\'\n@@ -118,16 +112,13 @@\n  behavior doesn\'t result in an adequate label.\n  \n  Here\'s a full example ``Form`` that implements ``label`` for two of its fields.\n -We\'ve specified ``auto_id=False`` to simplify the output:\n -\n -.. code-block:: pycon\n +We\'ve specified ``auto_id=False`` to simplify the output::\n  \n      >>> from django import forms\n      >>> class CommentForm(forms.Form):\n -    ...     name = forms.CharField(label="Your name")\n -    ...     url = forms.URLField(label="Your website", required=False)\n +    ...     name = forms.CharField(label=\'Your name\')\n +    ...     url = forms.URLField(label=\'Your website\', required=False)\n      ...     comment = forms.CharField()\n -    ...\n      >>> f = CommentForm(auto_id=False)\n      >>> print(f)\n      <tr><th>Your name:</th><td><input type="text" name="name" required></td></tr>\n@@ -140,16 +131,13 @@\n  .. attribute:: Field.label_suffix\n  \n  The ``label_suffix`` argument lets you override the form\'s\n -:attr:`~django.forms.Form.label_suffix` on a per-field basis:\n -\n -.. code-block:: pycon\n +:attr:`~django.forms.Form.label_suffix` on a per-field basis::\n  \n      >>> class ContactForm(forms.Form):\n      ...     age = forms.IntegerField()\n      ...     nationality = forms.CharField()\n -    ...     captcha_answer = forms.IntegerField(label="2 + 2", label_suffix=" =")\n -    ...\n -    >>> f = ContactForm(label_suffix="?")\n +    ...     captcha_answer = forms.IntegerField(label=\'2 + 2\', label_suffix=\' =\')\n +    >>> f = ContactForm(label_suffix=\'?\')\n      >>> print(f.as_p())\n      <p><label for="id_age">Age?</label> <input id="id_age" name="age" type="number" required></p>\n      <p><label for="id_nationality">Nationality?</label> <input id="id_nationality" name="nationality" type="text" required></p>\n@@ -166,16 +154,13 @@\n  To specify dynamic initial data, see the :attr:`Form.initial` parameter.\n  \n  The use-case for this is when you want to display an "empty" form in which a\n -field is initialized to a particular value. For example:\n -\n -.. code-block:: pycon\n +field is initialized to a particular value. For example::\n  \n      >>> from django import forms\n      >>> class CommentForm(forms.Form):\n -    ...     name = forms.CharField(initial="Your name")\n -    ...     url = forms.URLField(initial="http://")\n +    ...     name = forms.CharField(initial=\'Your name\')\n +    ...     url = forms.URLField(initial=\'http://\')\n      ...     comment = forms.CharField()\n -    ...\n      >>> f = CommentForm(auto_id=False)\n      >>> print(f)\n      <tr><th>Name:</th><td><input type="text" name="name" value="Your name" required></td></tr>\n@@ -184,16 +169,13 @@\n  \n  You may be thinking, why not just pass a dictionary of the initial values as\n  data when displaying the form? Well, if you do that, you\'ll trigger validation,\n -and the HTML output will include any validation errors:\n -\n -.. code-block:: pycon\n +and the HTML output will include any validation errors::\n  \n      >>> class CommentForm(forms.Form):\n      ...     name = forms.CharField()\n      ...     url = forms.URLField()\n      ...     comment = forms.CharField()\n -    ...\n -    >>> default_data = {"name": "Your name", "url": "http://"}\n +    >>> default_data = {\'name\': \'Your name\', \'url\': \'http://\'}\n      >>> f = CommentForm(default_data, auto_id=False)\n      >>> print(f)\n      <tr><th>Name:</th><td><input type="text" name="name" value="Your name" required></td></tr>\n@@ -205,16 +187,13 @@\n  \n  Also note that ``initial`` values are *not* used as "fallback" data in\n  validation if a particular field\'s value is not given. ``initial`` values are\n -*only* intended for initial form display:\n -\n -.. code-block:: pycon\n +*only* intended for initial form display::\n  \n      >>> class CommentForm(forms.Form):\n -    ...     name = forms.CharField(initial="Your name")\n -    ...     url = forms.URLField(initial="http://")\n +    ...     name = forms.CharField(initial=\'Your name\')\n +    ...     url = forms.URLField(initial=\'http://\')\n      ...     comment = forms.CharField()\n -    ...\n -    >>> data = {"name": "", "url": "", "comment": "Foo"}\n +    >>> data = {\'name\': \'\', \'url\': \'\', \'comment\': \'Foo\'}\n      >>> f = CommentForm(data)\n      >>> f.is_valid()\n      False\n@@ -222,14 +201,11 @@\n      >>> f.errors\n      {\'url\': [\'This field is required.\'], \'name\': [\'This field is required.\']}\n  \n -Instead of a constant, you can also pass any callable:\n -\n -.. code-block:: pycon\n +Instead of a constant, you can also pass any callable::\n  \n      >>> import datetime\n      >>> class DateForm(forms.Form):\n      ...     day = forms.DateField(initial=datetime.date.today)\n -    ...\n      >>> print(DateForm())\n      <tr><th>Day:</th><td><input type="text" name="day" value="12/23/2008" required><td></tr>\n  \n@@ -257,24 +233,21 @@\n  isn\'t HTML-escaped in automatically-generated forms.\n  \n  Here\'s a full example ``Form`` that implements ``help_text`` for two of its\n -fields. We\'ve specified ``auto_id=False`` to simplify the output:\n -\n -.. code-block:: pycon\n +fields. We\'ve specified ``auto_id=False`` to simplify the output::\n  \n      >>> from django import forms\n      >>> class HelpTextContactForm(forms.Form):\n -    ...     subject = forms.CharField(max_length=100, help_text="100 characters max.")\n +    ...     subject = forms.CharField(max_length=100, help_text=\'100 characters max.\')\n      ...     message = forms.CharField()\n -    ...     sender = forms.EmailField(help_text="A valid email address, please.")\n +    ...     sender = forms.EmailField(help_text=\'A valid email address, please.\')\n      ...     cc_myself = forms.BooleanField(required=False)\n -    ...\n      >>> f = HelpTextContactForm(auto_id=False)\n      >>> print(f.as_table())\n      <tr><th>Subject:</th><td><input type="text" name="subject" maxlength="100" required><br><span class="helptext">100 characters max.</span></td></tr>\n      <tr><th>Message:</th><td><input type="text" name="message" required></td></tr>\n      <tr><th>Sender:</th><td><input type="email" name="sender" required><br>A valid email address, please.</td></tr>\n      <tr><th>Cc myself:</th><td><input type="checkbox" name="cc_myself"></td></tr>\n -    >>> print(f.as_ul())\n +    >>> print(f.as_ul()))\n      <li>Subject: <input type="text" name="subject" maxlength="100" required> <span class="helptext">100 characters max.</span></li>\n      <li>Message: <input type="text" name="message" required></li>\n      <li>Sender: <input type="email" name="sender" required> A valid email address, please.</li>\n@@ -292,23 +265,19 @@\n  \n  The ``error_messages`` argument lets you override the default messages that the\n  field will raise. Pass in a dictionary with keys matching the error messages you\n -want to override. For example, here is the default error message:\n -\n -.. code-block:: pycon\n +want to override. For example, here is the default error message::\n  \n      >>> from django import forms\n      >>> generic = forms.CharField()\n -    >>> generic.clean("")\n +    >>> generic.clean(\'\')\n      Traceback (most recent call last):\n        ...\n      ValidationError: [\'This field is required.\']\n  \n -And here is a custom error message:\n -\n -.. code-block:: pycon\n -\n -    >>> name = forms.CharField(error_messages={"required": "Please enter your name"})\n -    >>> name.clean("")\n +And here is a custom error message::\n +\n +    >>> name = forms.CharField(error_messages={\'required\': \'Please enter your name\'})\n +    >>> name.clean(\'\')\n      Traceback (most recent call last):\n        ...\n      ValidationError: [\'Please enter your name\']\n@@ -405,7 +374,7 @@\n        ``min_length`` are provided. Otherwise, all inputs are valid.\n      * Error message keys: ``required``, ``max_length``, ``min_length``\n  \n -    Has the following optional arguments for validation:\n +    Has four optional arguments for validation:\n  \n      .. attribute:: max_length\n      .. attribute:: min_length\n@@ -449,11 +418,38 @@\n          time the field\'s form is initialized, in addition to during rendering.\n          Defaults to an empty list.\n  \n -    .. admonition:: Choice type\n -\n -        This field normalizes choices to strings, so if choices are required in\n -        other data types, such as integers or booleans, consider using\n -        :class:`TypedChoiceField` instead.\n +``TypedChoiceField``\n +--------------------\n +\n +.. class:: TypedChoiceField(**kwargs)\n +\n +    Just like a :class:`ChoiceField`, except :class:`TypedChoiceField` takes two\n +    extra arguments, :attr:`coerce` and :attr:`empty_value`.\n +\n +    * Default widget: :class:`Select`\n +    * Empty value: Whatever you\'ve given as :attr:`empty_value`.\n +    * Normalizes to: A value of the type provided by the :attr:`coerce`\n +      argument.\n +    * Validates that the given value exists in the list of choices and can be\n +      coerced.\n +    * Error message keys: ``required``, ``invalid_choice``\n +\n +    Takes extra arguments:\n +\n +    .. attribute:: coerce\n +\n +        A function that takes one argument and returns a coerced value. Examples\n +        include the built-in ``int``, ``float``, ``bool`` and other types. Defaults\n +        to an identity function. Note that coercion happens after input\n +        validation, so it is possible to coerce to a value not present in\n +        ``choices``.\n +\n +    .. attribute:: empty_value\n +\n +        The value to use to represent "empty." Defaults to the empty string;\n +        ``None`` is another common choice here. Note that this value will not be\n +        coerced by the function given in the ``coerce`` argument, so choose it\n +        accordingly.\n  \n  ``DateField``\n  -------------\n@@ -471,7 +467,7 @@\n  \n      .. attribute:: input_formats\n  \n -        An iterable of formats used to attempt to convert a string to a valid\n +        A list of formats used to attempt to convert a string to a valid\n          ``datetime.date`` object.\n  \n      If no ``input_formats`` argument is provided, the default input formats are\n@@ -496,20 +492,20 @@\n  \n      .. attribute:: input_formats\n  \n -        An iterable of formats used to attempt to convert a string to a valid\n +        A list of formats used to attempt to convert a string to a valid\n          ``datetime.datetime`` object, in addition to ISO 8601 formats.\n  \n      The field always accepts strings in ISO 8601 formatted dates or similar\n      recognized by :func:`~django.utils.dateparse.parse_datetime`. Some examples\n -    are:\n -\n -    * ``\'2006-10-25 14:30:59\'``\n -    * ``\'2006-10-25T14:30:59\'``\n -    * ``\'2006-10-25 14:30\'``\n -    * ``\'2006-10-25T14:30\'``\n -    * ``\'2006-10-25T14:30Z\'``\n -    * ``\'2006-10-25T14:30+02:00\'``\n -    * ``\'2006-10-25\'``\n +    are::\n +\n +        * \'2006-10-25 14:30:59\'\n +        * \'2006-10-25T14:30:59\'\n +        * \'2006-10-25 14:30\'\n +        * \'2006-10-25T14:30\'\n +        * \'2006-10-25T14:30Z\'\n +        * \'2006-10-25T14:30+02:00\'\n +        * \'2006-10-25\'\n  \n      If no ``input_formats`` argument is provided, the default input formats are\n      taken from :setting:`DATETIME_INPUT_FORMATS` and\n@@ -518,6 +514,14 @@\n      ``DATE_INPUT_FORMATS`` keys if localization is enabled. See also\n      :doc:`format localization </topics/i18n/formatting>`.\n  \n +    .. versionchanged:: 3.1\n +\n +        Support for ISO 8601 date string parsing (including optional timezone)\n +        was added.\n +\n +        The fallback on ``DATE_INPUT_FORMATS`` in the default ``input_formats``\n +        was added.\n +\n  ``DecimalField``\n  ----------------\n  \n@@ -529,20 +533,18 @@\n      * Normalizes to: A Python ``decimal``.\n      * Validates that the given value is a decimal. Uses\n        :class:`~django.core.validators.MaxValueValidator` and\n -      :class:`~django.core.validators.MinValueValidator` if ``max_value`` and\n -      ``min_value`` are provided. Uses\n -      :class:`~django.core.validators.StepValueValidator` if ``step_size`` is\n -      provided. Leading and trailing whitespace is ignored.\n +      :class:`~django.core.validators.MinValueValidator` if  ``max_value`` and\n +      ``min_value`` are provided. Leading and trailing whitespace is ignored.\n      * Error message keys: ``required``, ``invalid``, ``max_value``,\n        ``min_value``, ``max_digits``, ``max_decimal_places``,\n -      ``max_whole_digits``, ``step_size``.\n +      ``max_whole_digits``\n  \n      The ``max_value`` and ``min_value`` error messages may contain\n      ``%(limit_value)s``, which will be substituted by the appropriate limit.\n      Similarly, the ``max_digits``, ``max_decimal_places`` and\n      ``max_whole_digits`` error messages may contain ``%(max)s``.\n  \n -    Takes five optional arguments:\n +    Takes four optional arguments:\n  \n      .. attribute:: max_value\n      .. attribute:: min_value\n@@ -559,14 +561,6 @@\n      .. attribute:: decimal_places\n  \n          The maximum number of decimal places permitted.\n -\n -    .. attribute:: step_size\n -\n -        Limit valid inputs to an integral multiple of ``step_size``.\n -\n -    .. versionchanged:: 4.1\n -\n -        The ``step_size`` argument was added.\n  \n  ``DurationField``\n  -----------------\n@@ -597,13 +591,8 @@\n        regular expression.\n      * Error message keys: ``required``, ``invalid``\n  \n -    Has the optional arguments ``max_length``, ``min_length``, and\n -    ``empty_value`` which work just as they do for :class:`CharField`. The\n -    ``max_length`` argument defaults to 320 (see :rfc:`3696#section-3`).\n -\n -    .. versionchanged:: 3.2.20\n -\n -        The default value for ``max_length`` was changed to 320 characters.\n +    Has three optional arguments ``max_length``, ``min_length``, and\n +    ``empty_value`` which work just as they do for :class:`CharField`.\n  \n  ``FileField``\n  -------------\n@@ -618,7 +607,7 @@\n      * Error message keys: ``required``, ``invalid``, ``missing``, ``empty``,\n        ``max_length``\n  \n -    Has the optional arguments for validation: ``max_length`` and\n +    Has two optional arguments for validation, ``max_length`` and\n      ``allow_empty_file``. If provided, these ensure that the file name is at\n      most the given length, and that validation will succeed even if the file\n      content is empty.\n@@ -688,59 +677,13 @@\n      * Validates that the given value is a float. Uses\n        :class:`~django.core.validators.MaxValueValidator` and\n        :class:`~django.core.validators.MinValueValidator` if ``max_value`` and\n -      ``min_value`` are provided. Uses\n -      :class:`~django.core.validators.StepValueValidator` if ``step_size`` is\n -      provided. Leading and trailing whitespace is allowed, as in Python\'s\n -      ``float()`` function.\n +      ``min_value`` are provided. Leading and trailing whitespace is allowed,\n +      as in Python\'s ``float()`` function.\n      * Error message keys: ``required``, ``invalid``, ``max_value``,\n -      ``min_value``, ``step_size``.\n -\n -    Takes three optional arguments:\n -\n -    .. attribute:: max_value\n -    .. attribute:: min_value\n -\n -        These control the range of values permitted in the field.\n -\n -    .. attribute:: step_size\n -\n -        .. versionadded:: 4.1\n -\n -        Limit valid inputs to an integral multiple of ``step_size``.\n -\n -``GenericIPAddressField``\n--------------------------\n\n -\n -.. class:: GenericIPAddressField(**kwargs)\n -\n -    A field containing either an IPv4 or an IPv6 address.\n -\n -    * Default widget: :class:`TextInput`\n -    * Empty value: ``\'\'`` (an empty string)\n -    * Normalizes to: A string. IPv6 addresses are normalized as described below.\n -    * Validates that the given value is a valid IP address.\n -    * Error message keys: ``required``, ``invalid``\n -\n -    The IPv6 address normalization follows :rfc:`4291#section-2.2` section 2.2,\n -    including using the IPv4 format suggested in paragraph 3 of that section, like\n -    ``::ffff:192.0.2.0``. For example, ``2001:0::0:01`` would be normalized to\n -    ``2001::1``, and ``::ffff:0a0a:0a0a`` to ``::ffff:10.10.10.10``. All characters\n -    are converted to lowercase.\n -\n -    Takes two optional arguments:\n -\n -    .. attribute:: protocol\n -\n -        Limits valid inputs to the specified protocol.\n -        Accepted values are ``both`` (default), ``IPv4``\n -        or ``IPv6``. Matching is case insensitive.\n -\n -    .. attribute:: unpack_ipv4\n -\n -        Unpacks IPv4 mapped addresses like ``::ffff:192.0.2.1``.\n -        If this option is enabled that address would be unpacked to\n -        ``192.0.2.1``. Default is disabled. Can only be used\n -        when ``protocol`` is set to ``\'both\'``.\n +      ``min_value``\n +\n +    Takes two optional arguments for validation, ``max_value`` and ``min_value``.\n +    These control the range of values permitted in the field.\n  \n  ``ImageField``\n  --------------\n@@ -773,22 +716,19 @@\n      non-image data attributes, such as ``format``, ``height``, and ``width``,\n      are available, methods that access the underlying image data, such as\n      ``getdata()`` or ``getpixel()``, cannot be used without reopening the file.\n -    For example:\n -\n -    .. code-block:: pycon\n +    For example::\n  \n          >>> from PIL import Image\n          >>> from django import forms\n          >>> from django.core.files.uploadedfile import SimpleUploadedFile\n          >>> class ImageForm(forms.Form):\n          ...     img = forms.ImageField()\n -        ...\n -        >>> file_data = {"img": SimpleUploadedFile("test.png", b"file data")}\n +        >>> file_data = {\'img\': SimpleUploadedFile(\'test.png\', <file data>)}\n          >>> form = ImageForm({}, file_data)\n          # Pillow closes the underlying file descriptor.\n          >>> form.is_valid()\n          True\n -        >>> image_field = form.cleaned_data["img"]\n +        >>> image_field = form.cleaned_data[\'img\']\n          >>> image_field.image\n          <PIL.PngImagePlugin.PngImageFile image mode=RGBA size=191x287 at 0x7F5985045C18>\n          >>> image_field.image.width\n@@ -822,34 +762,27 @@\n      * Validates that the given value is an integer. Uses\n        :class:`~django.core.validators.MaxValueValidator` and\n        :class:`~django.core.validators.MinValueValidator` if ``max_value`` and\n -      ``min_value`` are provided. Uses\n -      :class:`~django.core.validators.StepValueValidator` if ``step_size`` is\n -      provided. Leading and trailing whitespace is allowed, as in Python\'s\n -      ``int()`` function.\n +      ``min_value`` are provided. Leading and trailing whitespace is allowed,\n +      as in Python\'s ``int()`` function.\n      * Error message keys: ``required``, ``invalid``, ``max_value``,\n -      ``min_value``, ``step_size``\n -\n -    The ``max_value``, ``min_value`` and ``step_size`` error messages may\n -    contain ``%(limit_value)s``, which will be substituted by the appropriate\n -    limit.\n -\n -    Takes three optional arguments for validation:\n +      ``min_value``\n +\n +    The ``max_value`` and ``min_value`` error messages may contain\n +    ``%(limit_value)s``, which will be substituted by the appropriate limit.\n +\n +    Takes two optional arguments for validation:\n  \n      .. attribute:: max_value\n      .. attribute:: min_value\n  \n          These control the range of values permitted in the field.\n  \n -    .. attribute:: step_size\n -\n -        .. versionadded:: 4.1\n -\n -        Limit valid inputs to an integral multiple of ``step_size``.\n -\n  ``JSONField``\n  -------------\n  \n  .. class:: JSONField(encoder=None, decoder=None, **kwargs)\n +\n +    .. versionadded:: 3.1\n  \n      A field which accepts JSON encoded data for a\n      :class:`~django.db.models.JSONField`.\n@@ -898,6 +831,40 @@\n          it is a useful way to format data from a client-side widget for\n          submission to the server.\n  \n +``GenericIPAddressField``\n +-------------------------\n +\n +.. class:: GenericIPAddressField(**kwargs)\n +\n +    A field containing either an IPv4 or an IPv6 address.\n +\n +    * Default widget: :class:`TextInput`\n +    * Empty value: ``\'\'`` (an empty string)\n +    * Normalizes to: A string. IPv6 addresses are normalized as described below.\n +    * Validates that the given value is a valid IP address.\n +    * Error message keys: ``required``, ``invalid``\n +\n +    The IPv6 address normalization follows :rfc:`4291#section-2.2` section 2.2,\n +    including using the IPv4 format suggested in paragraph 3 of that section, like\n +    ``::ffff:192.0.2.0``. For example, ``2001:0::0:01`` would be normalized to\n +    ``2001::1``, and ``::ffff:0a0a:0a0a`` to ``::ffff:10.10.10.10``. All characters\n +    are converted to lowercase.\n +\n +    Takes two optional arguments:\n +\n +    .. attribute:: protocol\n +\n +        Limits valid inputs to the specified protocol.\n +        Accepted values are ``both`` (default), ``IPv4``\n +        or ``IPv6``. Matching is case insensitive.\n +\n +    .. attribute:: unpack_ipv4\n +\n +        Unpacks IPv4 mapped addresses like ``::ffff:192.0.2.1``.\n +        If this option is enabled that address would be unpacked to\n +        ``192.0.2.1``. Default is disabled. Can only be used\n +        when ``protocol`` is set to ``\'both\'``.\n +\n  ``MultipleChoiceField``\n  -----------------------\n  \n@@ -915,6 +882,28 @@\n  \n      Takes one extra required argument, ``choices``, as for :class:`ChoiceField`.\n  \n +``TypedMultipleChoiceField``\n +----------------------------\n +\n +.. class:: TypedMultipleChoiceField(**kwargs)\n +\n +    Just like a :class:`MultipleChoiceField`, except :class:`TypedMultipleChoiceField`\n +    takes two extra arguments, ``coerce`` and ``empty_value``.\n +\n +    * Default widget: :class:`SelectMultiple`\n +    * Empty value: Whatever you\'ve given as ``empty_value``\n +    * Normalizes to: A list of values of the type provided by the ``coerce``\n +      argument.\n +    * Validates that the given values exists in the list of choices and can be\n +      coerced.\n +    * Error message keys: ``required``, ``invalid_choice``\n +\n +    The ``invalid_choice`` error message may contain ``%(value)s``, which will be\n +    replaced with the selected choice.\n +\n +    Takes two extra arguments, ``coerce`` and ``empty_value``, as for\n +    :class:`TypedChoiceField`.\n +\n  ``NullBooleanField``\n  --------------------\n  \n@@ -932,9 +921,9 @@\n          NullBooleanField(\n              widget=Select(\n                  choices=[\n -                    ("", "Unknown"),\n -                    (True, "Yes"),\n -                    (False, "No"),\n +                    (\'\', \'Unknown\'),\n +                    (True, \'Yes\'),\n +                    (False, \'No\'),\n                  ]\n              )\n          )\n@@ -1009,7 +998,7 @@\n  \n      .. attribute:: input_formats\n  \n -        An iterable of formats used to attempt to convert a string to a valid\n +        A list of formats used to attempt to convert a string to a valid\n          ``datetime.time`` object.\n  \n      If no ``input_formats`` argument is provided, the default input formats are\n@@ -1017,61 +1006,6 @@\n      ``False``, or from the active locale format ``TIME_INPUT_FORMATS`` key if\n      localization is enabled. See also :doc:`format localization\n      </topics/i18n/formatting>`.\n -\n -``TypedChoiceField``\n---------------------\n\n -\n -.. class:: TypedChoiceField(**kwargs)\n -\n -    Just like a :class:`ChoiceField`, except :class:`TypedChoiceField` takes two\n -    extra arguments, :attr:`coerce` and :attr:`empty_value`.\n -\n -    * Default widget: :class:`Select`\n -    * Empty value: Whatever you\'ve given as :attr:`empty_value`.\n -    * Normalizes to: A value of the type provided by the :attr:`coerce`\n -      argument.\n -    * Validates that the given value exists in the list of choices and can be\n -      coerced.\n -    * Error message keys: ``required``, ``invalid_choice``\n -\n -    Takes extra arguments:\n -\n -    .. attribute:: coerce\n -\n -        A function that takes one argument and returns a coerced value. Examples\n -        include the built-in ``int``, ``float``, ``bool`` and other types. Defaults\n -        to an identity function. Note that coercion happens after input\n -        validation, so it is possible to coerce to a value not present in\n -        ``choices``.\n -\n -    .. attribute:: empty_value\n -\n -        The value to use to represent "empty." Defaults to the empty string;\n -        ``None`` is another common choice here. Note that this value will not be\n -        coerced by the function given in the ``coerce`` argument, so choose it\n -        accordingly.\n -\n -``TypedMultipleChoiceField``\n-----------------------------\n\n -\n -.. class:: TypedMultipleChoiceField(**kwargs)\n -\n -    Just like a :class:`MultipleChoiceField`, except :class:`TypedMultipleChoiceField`\n -    takes two extra arguments, ``coerce`` and ``empty_value``.\n -\n -    * Default widget: :class:`SelectMultiple`\n -    * Empty value: Whatever you\'ve given as ``empty_value``\n -    * Normalizes to: A list of values of the type provided by the ``coerce``\n -      argument.\n -    * Validates that the given values exists in the list of choices and can be\n -      coerced.\n -    * Error message keys: ``required``, ``invalid_choice``\n -\n -    The ``invalid_choice`` error message may contain ``%(value)s``, which will be\n -    replaced with the selected choice.\n -\n -    Takes two extra arguments, ``coerce`` and ``empty_value``, as for\n -    :class:`TypedChoiceField`.\n  \n  ``URLField``\n  ------------\n@@ -1085,7 +1019,7 @@\n        given value is a valid URL.\n      * Error message keys: ``required``, ``invalid``\n  \n -    Has the optional arguments ``max_length``, ``min_length``, and\n +    Has three optional arguments ``max_length``, ``min_length``, and\n      ``empty_value`` which work just as they do for :class:`CharField`.\n  \n  ``UUIDField``\n@@ -1181,35 +1115,32 @@\n  \n              from django.core.validators import RegexValidator\n  \n -\n              class PhoneField(MultiValueField):\n                  def __init__(self, **kwargs):\n                      # Define one message for all fields.\n                      error_messages = {\n -                        "incomplete": "Enter a country calling code and a phone number.",\n +                        \'incomplete\': \'Enter a country calling code and a phone number.\',\n                      }\n                      # Or define a different message for each field.\n                      fields = (\n                          CharField(\n -                            error_messages={"incomplete": "Enter a country calling code."},\n +                            error_messages={\'incomplete\': \'Enter a country calling code.\'},\n                              validators=[\n -                                RegexValidator(r"^[0-9]+$", "Enter a valid country calling code."),\n +                                RegexValidator(r\'^[0-9]+$\', \'Enter a valid country calling code.\'),\n                              ],\n                          ),\n                          CharField(\n -                            error_messages={"incomplete": "Enter a phone number."},\n -                            validators=[RegexValidator(r"^[0-9]+$", "Enter a valid phone number.")],\n +                            error_messages={\'incomplete\': \'Enter a phone number.\'},\n +                            validators=[RegexValidator(r\'^[0-9]+$\', \'Enter a valid phone number.\')],\n                          ),\n                          CharField(\n -                            validators=[RegexValidator(r"^[0-9]+$", "Enter a valid extension.")],\n +                            validators=[RegexValidator(r\'^[0-9]+$\', \'Enter a valid extension.\')],\n                              required=False,\n                          ),\n                      )\n                      super().__init__(\n -                        error_messages=error_messages,\n -                        fields=fields,\n -                        require_all_fields=False,\n -                        **kwargs\n +                        error_messages=error_messages, fields=fields,\n +                        require_all_fields=False, **kwargs\n                      )\n  \n      .. attribute:: MultiValueField.widget\n@@ -1281,7 +1212,7 @@\n  \n          def __init__(self, *args, **kwargs):\n              super().__init__(*args, **kwargs)\n -            self.fields["foo_select"].queryset = ...\n +            self.fields[\'foo_select\'].queryset = ...\n  \n  Both ``ModelChoiceField`` and ``ModelMultipleChoiceField`` have an ``iterator``\n  attribute which specifies the class used to iterate over the queryset when\n@@ -1298,9 +1229,6 @@\n      * Validates that the given id exists in the queryset.\n      * Error message keys: ``required``, ``invalid_choice``\n  \n -    The ``invalid_choice`` error message may contain ``%(value)s``, which will\n -    be replaced with the selected choice.\n -\n      Allows the selection of a single model object, suitable for representing a\n      foreign key. Note that the default widget for ``ModelChoiceField`` becomes\n      impractical when the number of entries increases. You should avoid using it\n@@ -1314,7 +1242,7 @@\n          are derived and which is used to validate the user\'s selection. It\'s\n          evaluated when the form is rendered.\n  \n -    ``ModelChoiceField`` also takes several optional arguments:\n +    ``ModelChoiceField`` also takes two optional arguments:\n  \n      .. attribute:: empty_label\n  \n@@ -1330,11 +1258,9 @@\n              # No empty label\n              field2 = forms.ModelChoiceField(queryset=..., empty_label=None)\n  \n -        Note that no empty choice is created (regardless of the value of\n -        ``empty_label``) if a ``ModelChoiceField`` is required and has a\n -        default initial value, or a ``widget`` is set to\n -        :class:`~django.forms.RadioSelect` and the\n -        :attr:`~ModelChoiceField.blank` argument is ``False``.\n +        Note that if a ``ModelChoiceField`` is required and has a default\n +        initial value, no empty choice is created (regardless of the value\n +        of ``empty_label``).\n  \n      .. attribute:: to_field_name\n  \n@@ -1372,13 +1298,6 @@\n              ...\n              </select>\n  \n -    .. attribute:: blank\n -\n -        When using the :class:`~django.forms.RadioSelect` widget, this optional\n -        boolean argument determines whether an empty choice is created. By\n -        default, ``blank`` is ``False``, in which case no empty choice is\n -        created.\n -\n      ``ModelChoiceField`` also has the attribute:\n  \n      .. attribute:: iterator\n@@ -1393,7 +1312,6 @@\n      return a string suitable for representing it. For example::\n  \n          from django.forms import ModelChoiceField\n -\n  \n          class MyModelChoiceField(ModelChoiceField):\n              def label_from_instance(self, obj):\n@@ -1439,6 +1357,10 @@\n  \n          Same as :class:`ModelChoiceField.iterator`.\n  \n +.. deprecated:: 3.1\n +\n +    The ``list`` message is deprecated, use ``invalid_list`` instead.\n +\n  .. _iterating-relationship-choices:\n  \n  Iterating relationship choices\n@@ -1460,7 +1382,6 @@\n  \n      from django.db import models\n  \n -\n      class Topping(models.Model):\n          name = models.CharField(max_length=100)\n          price = models.DecimalField(decimal_places=2, max_digits=6)\n@@ -1468,7 +1389,6 @@\n          def __str__(self):\n              return self.name\n  \n -\n      class Pizza(models.Model):\n          topping = models.ForeignKey(Topping, on_delete=models.CASCADE)\n  \n@@ -1478,24 +1398,18 @@\n  \n      from django import forms\n  \n -\n      class ToppingSelect(forms.Select):\n -        def create_option(\n -            self, name, value, label, selected, index, subindex=None, attrs=None\n -        ):\n -            option = super().create_option(\n -                name, value, label, selected, index, subindex, attrs\n -            )\n +        def create_option(self, name, value, label, selected, index, subindex=None, attrs=None):\n +            option = super().create_option(name, value, label, selected, index, subindex, attrs)\n              if value:\n -                option["attrs"]["data-price"] = value.instance.price\n +                option[\'attrs\'][\'data-price\'] = value.instance.price\n              return option\n -\n  \n      class PizzaForm(forms.ModelForm):\n          class Meta:\n              model = Pizza\n -            fields = ["topping"]\n -            widgets = {"topping": ToppingSelect}\n +            fields = [\'topping\']\n +            widgets = {\'topping\': ToppingSelect}\n  \n  This will render the ``Pizza.topping`` select as:\n  \n@@ -1536,10 +1450,20 @@\n          :attr:`ChoiceField.choices`. The first ``value`` element is a\n          :class:`ModelChoiceIteratorValue` instance.\n  \n +        .. versionchanged:: 3.1\n +\n +            In older versions, the first ``value`` element in the choice tuple\n +            is the ``field`` value itself, rather than a\n +            ``ModelChoiceIteratorValue`` instance. In most cases this proxies\n +            transparently but, if you need the ``field`` value itself, use the\n +            :attr:`ModelChoiceIteratorValue.value` attribute instead.\n +\n  ``ModelChoiceIteratorValue``\n  ~~~~~~~~~~~~~~~~~~~~~~~~~~~~\n  \n  .. class:: ModelChoiceIteratorValue(value, instance)\n +\n +    .. versionadded:: 3.1\n  \n      Two arguments are required:\n  \n\n""""""\nThe file does not exist in the older (target) version: docs/releases/4.2.18.txt\n\n""""""\nmodified file: tests/forms_tests/field_tests/test_genericipaddressfield.py\n--- workspace/django/django/ad866a/newer/tests/forms_tests/field_tests/test_genericipaddressfield.py\n+++ workspace/django/django/ad866a/3.2.7/tests/forms_tests/field_tests/test_genericipaddressfield.py\n@@ -4,186 +4,125 @@\n  \n  \n  class GenericIPAddressFieldTest(SimpleTestCase):\n +\n      def test_generic_ipaddress_invalid_arguments(self):\n          with self.assertRaises(ValueError):\n -            GenericIPAddressField(protocol="hamster")\n +            GenericIPAddressField(protocol=\'hamster\')\n          with self.assertRaises(ValueError):\n -            GenericIPAddressField(protocol="ipv4", unpack_ipv4=True)\n +            GenericIPAddressField(protocol=\'ipv4\', unpack_ipv4=True)\n  \n      def test_generic_ipaddress_as_generic(self):\n          # The edge cases of the IPv6 validation code are not deeply tested\n          # here, they are covered in the tests for django.utils.ipv6\n          f = GenericIPAddressField()\n          with self.assertRaisesMessage(ValidationError, "\'This field is required.\'"):\n -            f.clean("")\n +            f.clean(\'\')\n          with self.assertRaisesMessage(ValidationError, "\'This field is required.\'"):\n              f.clean(None)\n -        self.assertEqual(f.clean(" 127.0.0.1 "), "127.0.0.1")\n -        with self.assertRaisesMessage(\n -            ValidationError, "\'Enter a valid IPv4 or IPv6 address.\'"\n -        ):\n -            f.clean("foo")\n -        with self.assertRaisesMessage(\n -            ValidationError, "\'Enter a valid IPv4 or IPv6 address.\'"\n -        ):\n -            f.clean("127.0.0.")\n -        with self.assertRaisesMessage(\n -            ValidationError, "\'Enter a valid IPv4 or IPv6 address.\'"\n -        ):\n -            f.clean("1.2.3.4.5")\n -        with self.assertRaisesMessage(\n -            ValidationError, "\'Enter a valid IPv4 or IPv6 address.\'"\n -        ):\n -            f.clean("256.125.1.5")\n -        self.assertEqual(\n -            f.clean(" fe80::223:6cff:fe8a:2e8a "), "fe80::223:6cff:fe8a:2e8a"\n -        )\n -        self.assertEqual(\n -            f.clean(" 2a02::223:6cff:fe8a:2e8a "), "2a02::223:6cff:fe8a:2e8a"\n -        )\n -        with self.assertRaisesMessage(\n -            ValidationError, "\'This is not a valid IPv6 address.\'"\n -        ):\n -            f.clean("12345:2:3:4")\n -        with self.assertRaisesMessage(\n -            ValidationError, "\'This is not a valid IPv6 address.\'"\n -        ):\n -            f.clean("1::2:3::4")\n -        with self.assertRaisesMessage(\n -            ValidationError, "\'This is not a valid IPv6 address.\'"\n -        ):\n -            f.clean("foo::223:6cff:fe8a:2e8a")\n -        with self.assertRaisesMessage(\n -            ValidationError, "\'This is not a valid IPv6 address.\'"\n -        ):\n -            f.clean("1::2:3:4:5:6:7:8")\n -        with self.assertRaisesMessage(\n -            ValidationError, "\'This is not a valid IPv6 address.\'"\n -        ):\n -            f.clean("1:2")\n +        self.assertEqual(f.clean(\' 127.0.0.1 \'), \'127.0.0.1\')\n +        with self.assertRaisesMessage(ValidationError, "\'Enter a valid IPv4 or IPv6 address.\'"):\n +            f.clean(\'foo\')\n +        with self.assertRaisesMessage(ValidationError, "\'Enter a valid IPv4 or IPv6 address.\'"):\n +            f.clean(\'127.0.0.\')\n +        with self.assertRaisesMessage(ValidationError, "\'Enter a valid IPv4 or IPv6 address.\'"):\n +            f.clean(\'1.2.3.4.5\')\n +        with self.assertRaisesMessage(ValidationError, "\'Enter a valid IPv4 or IPv6 address.\'"):\n +            f.clean(\'256.125.1.5\')\n +        self.assertEqual(f.clean(\' fe80::223:6cff:fe8a:2e8a \'), \'fe80::223:6cff:fe8a:2e8a\')\n +        self.assertEqual(f.clean(\' 2a02::223:6cff:fe8a:2e8a \'), \'2a02::223:6cff:fe8a:2e8a\')\n +        with self.assertRaisesMessage(ValidationError, "\'This is not a valid IPv6 address.\'"):\n +            f.clean(\'12345:2:3:4\')\n +        with self.assertRaisesMessage(ValidationError, "\'This is not a valid IPv6 address.\'"):\n +            f.clean(\'1::2:3::4\')\n +        with self.assertRaisesMessage(ValidationError, "\'This is not a valid IPv6 address.\'"):\n +            f.clean(\'foo::223:6cff:fe8a:2e8a\')\n +        with self.assertRaisesMessage(ValidationError, "\'This is not a valid IPv6 address.\'"):\n +            f.clean(\'1::2:3:4:5:6:7:8\')\n +        with self.assertRaisesMessage(ValidationError, "\'This is not a valid IPv6 address.\'"):\n +            f.clean(\'1:2\')\n  \n      def test_generic_ipaddress_as_ipv4_only(self):\n          f = GenericIPAddressField(protocol="IPv4")\n          with self.assertRaisesMessage(ValidationError, "\'This field is required.\'"):\n -            f.clean("")\n +            f.clean(\'\')\n          with self.assertRaisesMessage(ValidationError, "\'This field is required.\'"):\n              f.clean(None)\n -        self.assertEqual(f.clean(" 127.0.0.1 "), "127.0.0.1")\n +        self.assertEqual(f.clean(\' 127.0.0.1 \'), \'127.0.0.1\')\n          with self.assertRaisesMessage(ValidationError, "\'Enter a valid IPv4 address.\'"):\n -            f.clean("foo")\n +            f.clean(\'foo\')\n          with self.assertRaisesMessage(ValidationError, "\'Enter a valid IPv4 address.\'"):\n -            f.clean("127.0.0.")\n +            f.clean(\'127.0.0.\')\n          with self.assertRaisesMessage(ValidationError, "\'Enter a valid IPv4 address.\'"):\n -            f.clean("1.2.3.4.5")\n +            f.clean(\'1.2.3.4.5\')\n          with self.assertRaisesMessage(ValidationError, "\'Enter a valid IPv4 address.\'"):\n -            f.clean("256.125.1.5")\n +            f.clean(\'256.125.1.5\')\n          with self.assertRaisesMessage(ValidationError, "\'Enter a valid IPv4 address.\'"):\n -            f.clean("fe80::223:6cff:fe8a:2e8a")\n +            f.clean(\'fe80::223:6cff:fe8a:2e8a\')\n          with self.assertRaisesMessage(ValidationError, "\'Enter a valid IPv4 address.\'"):\n -            f.clean("2a02::223:6cff:fe8a:2e8a")\n +            f.clean(\'2a02::223:6cff:fe8a:2e8a\')\n  \n      def test_generic_ipaddress_as_ipv6_only(self):\n          f = GenericIPAddressField(protocol="IPv6")\n          with self.assertRaisesMessage(ValidationError, "\'This field is required.\'"):\n -            f.clean("")\n +            f.clean(\'\')\n          with self.assertRaisesMessage(ValidationError, "\'This field is required.\'"):\n              f.clean(None)\n          with self.assertRaisesMessage(ValidationError, "\'Enter a valid IPv6 address.\'"):\n -            f.clean("127.0.0.1")\n +            f.clean(\'127.0.0.1\')\n          with self.assertRaisesMessage(ValidationError, "\'Enter a valid IPv6 address.\'"):\n -            f.clean("foo")\n +            f.clean(\'foo\')\n          with self.assertRaisesMessage(ValidationError, "\'Enter a valid IPv6 address.\'"):\n -            f.clean("127.0.0.")\n +            f.clean(\'127.0.0.\')\n          with self.assertRaisesMessage(ValidationError, "\'Enter a valid IPv6 address.\'"):\n -            f.clean("1.2.3.4.5")\n +            f.clean(\'1.2.3.4.5\')\n          with self.assertRaisesMessage(ValidationError, "\'Enter a valid IPv6 address.\'"):\n -            f.clean("256.125.1.5")\n -        self.assertEqual(\n -            f.clean(" fe80::223:6cff:fe8a:2e8a "), "fe80::223:6cff:fe8a:2e8a"\n -        )\n -        self.assertEqual(\n -            f.clean(" 2a02::223:6cff:fe8a:2e8a "), "2a02::223:6cff:fe8a:2e8a"\n -        )\n -        with self.assertRaisesMessage(\n -            ValidationError, "\'This is not a valid IPv6 address.\'"\n -        ):\n -            f.clean("12345:2:3:4")\n -        with self.assertRaisesMessage(\n -            ValidationError, "\'This is not a valid IPv6 address.\'"\n -        ):\n -            f.clean("1::2:3::4")\n -        with self.assertRaisesMessage(\n -            ValidationError, "\'This is not a valid IPv6 address.\'"\n -        ):\n -            f.clean("foo::223:6cff:fe8a:2e8a")\n -        with self.assertRaisesMessage(\n -            ValidationError, "\'This is not a valid IPv6 address.\'"\n -        ):\n -            f.clean("1::2:3:4:5:6:7:8")\n -        with self.assertRaisesMessage(\n -            ValidationError, "\'This is not a valid IPv6 address.\'"\n -        ):\n -            f.clean("1:2")\n +            f.clean(\'256.125.1.5\')\n +        self.assertEqual(f.clean(\' fe80::223:6cff:fe8a:2e8a \'), \'fe80::223:6cff:fe8a:2e8a\')\n +        self.assertEqual(f.clean(\' 2a02::223:6cff:fe8a:2e8a \'), \'2a02::223:6cff:fe8a:2e8a\')\n +        with self.assertRaisesMessage(ValidationError, "\'This is not a valid IPv6 address.\'"):\n +            f.clean(\'12345:2:3:4\')\n +        with self.assertRaisesMessage(ValidationError, "\'This is not a valid IPv6 address.\'"):\n +            f.clean(\'1::2:3::4\')\n +        with self.assertRaisesMessage(ValidationError, "\'This is not a valid IPv6 address.\'"):\n +            f.clean(\'foo::223:6cff:fe8a:2e8a\')\n +        with self.assertRaisesMessage(ValidationError, "\'This is not a valid IPv6 address.\'"):\n +            f.clean(\'1::2:3:4:5:6:7:8\')\n +        with self.assertRaisesMessage(ValidationError, "\'This is not a valid IPv6 address.\'"):\n +            f.clean(\'1:2\')\n  \n      def test_generic_ipaddress_as_generic_not_required(self):\n          f = GenericIPAddressField(required=False)\n -        self.assertEqual(f.clean(""), "")\n -        self.assertEqual(f.clean(None), "")\n -        self.assertEqual(f.clean("127.0.0.1"), "127.0.0.1")\n -        with self.assertRaisesMessage(\n -            ValidationError, "\'Enter a valid IPv4 or IPv6 address.\'"\n -        ):\n -            f.clean("foo")\n -        with self.assertRaisesMessage(\n -            ValidationError, "\'Enter a valid IPv4 or IPv6 address.\'"\n -        ):\n -            f.clean("127.0.0.")\n -        with self.assertRaisesMessage(\n -            ValidationError, "\'Enter a valid IPv4 or IPv6 address.\'"\n -        ):\n -            f.clean("1.2.3.4.5")\n -        with self.assertRaisesMessage(\n -            ValidationError, "\'Enter a valid IPv4 or IPv6 address.\'"\n -        ):\n -            f.clean("256.125.1.5")\n -        self.assertEqual(\n -            f.clean(" fe80::223:6cff:fe8a:2e8a "), "fe80::223:6cff:fe8a:2e8a"\n -        )\n -        self.assertEqual(\n -            f.clean(" 2a02::223:6cff:fe8a:2e8a "), "2a02::223:6cff:fe8a:2e8a"\n -        )\n -        with self.assertRaisesMessage(\n -            ValidationError, "\'This is not a valid IPv6 address.\'"\n -        ):\n -            f.clean("12345:2:3:4")\n -        with self.assertRaisesMessage(\n -            ValidationError, "\'This is not a valid IPv6 address.\'"\n -        ):\n -            f.clean("1::2:3::4")\n -        with self.assertRaisesMessage(\n -            ValidationError, "\'This is not a valid IPv6 address.\'"\n -        ):\n -            f.clean("foo::223:6cff:fe8a:2e8a")\n -        with self.assertRaisesMessage(\n -            ValidationError, "\'This is not a valid IPv6 address.\'"\n -        ):\n -            f.clean("1::2:3:4:5:6:7:8")\n -        with self.assertRaisesMessage(\n -            ValidationError, "\'This is not a valid IPv6 address.\'"\n -        ):\n -            f.clean("1:2")\n +        self.assertEqual(f.clean(\'\'), \'\')\n +        self.assertEqual(f.clean(None), \'\')\n +        self.assertEqual(f.clean(\'127.0.0.1\'), \'127.0.0.1\')\n +        with self.assertRaisesMessage(ValidationError, "\'Enter a valid IPv4 or IPv6 address.\'"):\n +            f.clean(\'foo\')\n +        with self.assertRaisesMessage(ValidationError, "\'Enter a valid IPv4 or IPv6 address.\'"):\n +            f.clean(\'127.0.0.\')\n +        with self.assertRaisesMessage(ValidationError, "\'Enter a valid IPv4 or IPv6 address.\'"):\n +            f.clean(\'1.2.3.4.5\')\n +        with self.assertRaisesMessage(ValidationError, "\'Enter a valid IPv4 or IPv6 address.\'"):\n +            f.clean(\'256.125.1.5\')\n +        self.assertEqual(f.clean(\' fe80::223:6cff:fe8a:2e8a \'), \'fe80::223:6cff:fe8a:2e8a\')\n +        self.assertEqual(f.clean(\' 2a02::223:6cff:fe8a:2e8a \'), \'2a02::223:6cff:fe8a:2e8a\')\n +        with self.assertRaisesMessage(ValidationError, "\'This is not a valid IPv6 address.\'"):\n +            f.clean(\'12345:2:3:4\')\n +        with self.assertRaisesMessage(ValidationError, "\'This is not a valid IPv6 address.\'"):\n +            f.clean(\'1::2:3::4\')\n +        with self.assertRaisesMessage(ValidationError, "\'This is not a valid IPv6 address.\'"):\n +            f.clean(\'foo::223:6cff:fe8a:2e8a\')\n +        with self.assertRaisesMessage(ValidationError, "\'This is not a valid IPv6 address.\'"):\n +            f.clean(\'1::2:3:4:5:6:7:8\')\n +        with self.assertRaisesMessage(ValidationError, "\'This is not a valid IPv6 address.\'"):\n +            f.clean(\'1:2\')\n  \n      def test_generic_ipaddress_normalization(self):\n          # Test the normalizing code\n          f = GenericIPAddressField()\n -        self.assertEqual(f.clean(" ::ffff:0a0a:0a0a  "), "::ffff:10.10.10.10")\n -        self.assertEqual(f.clean(" ::ffff:10.10.10.10  "), "::ffff:10.10.10.10")\n -        self.assertEqual(\n -            f.clean(" 2001:000:a:0000:0:fe:fe:beef  "), "2001:0:a::fe:fe:beef"\n -        )\n -        self.assertEqual(\n -            f.clean(" 2001::a:0000:0:fe:fe:beef  "), "2001:0:a::fe:fe:beef"\n -        )\n +        self.assertEqual(f.clean(\' ::ffff:0a0a:0a0a  \'), \'::ffff:10.10.10.10\')\n +        self.assertEqual(f.clean(\' ::ffff:10.10.10.10  \'), \'::ffff:10.10.10.10\')\n +        self.assertEqual(f.clean(\' 2001:000:a:0000:0:fe:fe:beef  \'), \'2001:0:a::fe:fe:beef\')\n +        self.assertEqual(f.clean(\' 2001::a:0000:0:fe:fe:beef  \'), \'2001:0:a::fe:fe:beef\')\n  \n          f = GenericIPAddressField(unpack_ipv4=True)\n -        self.assertEqual(f.clean(" ::ffff:0a0a:0a0a"), "10.10.10.10")\n +        self.assertEqual(f.clean(\' ::ffff:0a0a:0a0a\'), \'10.10.10.10\')\n\n""""""\nmodified file: tests/utils_tests/test_ipv6.py\n--- workspace/django/django/ad866a/newer/tests/utils_tests/test_ipv6.py\n+++ workspace/django/django/ad866a/3.2.7/tests/utils_tests/test_ipv6.py\n@@ -4,63 +4,54 @@\n  \n  \n  class TestUtilsIPv6(unittest.TestCase):\n +\n      def test_validates_correct_plain_address(self):\n -        self.assertTrue(is_valid_ipv6_address("fe80::223:6cff:fe8a:2e8a"))\n -        self.assertTrue(is_valid_ipv6_address("2a02::223:6cff:fe8a:2e8a"))\n -        self.assertTrue(is_valid_ipv6_address("1::2:3:4:5:6:7"))\n -        self.assertTrue(is_valid_ipv6_address("::"))\n -        self.assertTrue(is_valid_ipv6_address("::a"))\n -        self.assertTrue(is_valid_ipv6_address("2::"))\n +        self.assertTrue(is_valid_ipv6_address(\'fe80::223:6cff:fe8a:2e8a\'))\n +        self.assertTrue(is_valid_ipv6_address(\'2a02::223:6cff:fe8a:2e8a\'))\n +        self.assertTrue(is_valid_ipv6_address(\'1::2:3:4:5:6:7\'))\n +        self.assertTrue(is_valid_ipv6_address(\'::\'))\n +        self.assertTrue(is_valid_ipv6_address(\'::a\'))\n +        self.assertTrue(is_valid_ipv6_address(\'2::\'))\n  \n      def test_validates_correct_with_v4mapping(self):\n -        self.assertTrue(is_valid_ipv6_address("::ffff:254.42.16.14"))\n -        self.assertTrue(is_valid_ipv6_address("::ffff:0a0a:0a0a"))\n +        self.assertTrue(is_valid_ipv6_address(\'::ffff:254.42.16.14\'))\n +        self.assertTrue(is_valid_ipv6_address(\'::ffff:0a0a:0a0a\'))\n  \n      def test_validates_incorrect_plain_address(self):\n -        self.assertFalse(is_valid_ipv6_address("foo"))\n -        self.assertFalse(is_valid_ipv6_address("127.0.0.1"))\n -        self.assertFalse(is_valid_ipv6_address("12345::"))\n -        self.assertFalse(is_valid_ipv6_address("1::2:3::4"))\n -        self.assertFalse(is_valid_ipv6_address("1::zzz"))\n -        self.assertFalse(is_valid_ipv6_address("1::2:3:4:5:6:7:8"))\n -        self.assertFalse(is_valid_ipv6_address("1:2"))\n -        self.assertFalse(is_valid_ipv6_address("1:::2"))\n -        self.assertFalse(is_valid_ipv6_address("fe80::223: 6cff:fe8a:2e8a"))\n -        self.assertFalse(is_valid_ipv6_address("2a02::223:6cff :fe8a:2e8a"))\n +        self.assertFalse(is_valid_ipv6_address(\'foo\'))\n +        self.assertFalse(is_valid_ipv6_address(\'127.0.0.1\'))\n +        self.assertFalse(is_valid_ipv6_address(\'12345::\'))\n +        self.assertFalse(is_valid_ipv6_address(\'1::2:3::4\'))\n +        self.assertFalse(is_valid_ipv6_address(\'1::zzz\'))\n +        self.assertFalse(is_valid_ipv6_address(\'1::2:3:4:5:6:7:8\'))\n +        self.assertFalse(is_valid_ipv6_address(\'1:2\'))\n +        self.assertFalse(is_valid_ipv6_address(\'1:::2\'))\n +        self.assertFalse(is_valid_ipv6_address(\'fe80::223: 6cff:fe8a:2e8a\'))\n +        self.assertFalse(is_valid_ipv6_address(\'2a02::223:6cff :fe8a:2e8a\'))\n  \n      def test_validates_incorrect_with_v4mapping(self):\n -        self.assertFalse(is_valid_ipv6_address("::ffff:999.42.16.14"))\n -        self.assertFalse(is_valid_ipv6_address("::ffff:zzzz:0a0a"))\n +        self.assertFalse(is_valid_ipv6_address(\'::ffff:999.42.16.14\'))\n +        self.assertFalse(is_valid_ipv6_address(\'::ffff:zzzz:0a0a\'))\n          # The ::1.2.3.4 format used to be valid but was deprecated\n -        # in RFC 4291 section 2.5.5.1.\n -        self.assertTrue(is_valid_ipv6_address("::254.42.16.14"))\n -        self.assertTrue(is_valid_ipv6_address("::0a0a:0a0a"))\n -        self.assertFalse(is_valid_ipv6_address("::999.42.16.14"))\n -        self.assertFalse(is_valid_ipv6_address("::zzzz:0a0a"))\n +        # in rfc4291 section 2.5.5.1\n +        self.assertTrue(is_valid_ipv6_address(\'::254.42.16.14\'))\n +        self.assertTrue(is_valid_ipv6_address(\'::0a0a:0a0a\'))\n +        self.assertFalse(is_valid_ipv6_address(\'::999.42.16.14\'))\n +        self.assertFalse(is_valid_ipv6_address(\'::zzzz:0a0a\'))\n  \n      def test_cleans_plain_address(self):\n -        self.assertEqual(clean_ipv6_address("DEAD::0:BEEF"), "dead::beef")\n -        self.assertEqual(\n -            clean_ipv6_address("2001:000:a:0000:0:fe:fe:beef"), "2001:0:a::fe:fe:beef"\n -        )\n -        self.assertEqual(\n -            clean_ipv6_address("2001::a:0000:0:fe:fe:beef"), "2001:0:a::fe:fe:beef"\n -        )\n +        self.assertEqual(clean_ipv6_address(\'DEAD::0:BEEF\'), \'dead::beef\')\n +        self.assertEqual(clean_ipv6_address(\'2001:000:a:0000:0:fe:fe:beef\'), \'2001:0:a::fe:fe:beef\')\n +        self.assertEqual(clean_ipv6_address(\'2001::a:0000:0:fe:fe:beef\'), \'2001:0:a::fe:fe:beef\')\n  \n      def test_cleans_with_v4_mapping(self):\n -        self.assertEqual(clean_ipv6_address("::ffff:0a0a:0a0a"), "::ffff:10.10.10.10")\n -        self.assertEqual(clean_ipv6_address("::ffff:1234:1234"), "::ffff:18.52.18.52")\n -        self.assertEqual(clean_ipv6_address("::ffff:18.52.18.52"), "::ffff:18.52.18.52")\n -        self.assertEqual(clean_ipv6_address("::ffff:0.52.18.52"), "::ffff:0.52.18.52")\n -        self.assertEqual(clean_ipv6_address("::ffff:0.0.0.0"), "::ffff:0.0.0.0")\n +        self.assertEqual(clean_ipv6_address(\'::ffff:0a0a:0a0a\'), \'::ffff:10.10.10.10\')\n +        self.assertEqual(clean_ipv6_address(\'::ffff:1234:1234\'), \'::ffff:18.52.18.52\')\n +        self.assertEqual(clean_ipv6_address(\'::ffff:18.52.18.52\'), \'::ffff:18.52.18.52\')\n +        self.assertEqual(clean_ipv6_address(\'::ffff:0.52.18.52\'), \'::ffff:0.52.18.52\')\n +        self.assertEqual(clean_ipv6_address(\'::ffff:0.0.0.0\'), \'::ffff:0.0.0.0\')\n  \n      def test_unpacks_ipv4(self):\n -        self.assertEqual(\n -            clean_ipv6_address("::ffff:0a0a:0a0a", unpack_ipv4=True), "10.10.10.10"\n -        )\n -        self.assertEqual(\n -            clean_ipv6_address("::ffff:1234:1234", unpack_ipv4=True), "18.52.18.52"\n -        )\n -        self.assertEqual(\n -            clean_ipv6_address("::ffff:18.52.18.52", unpack_ipv4=True), "18.52.18.52"\n -        )\n +        self.assertEqual(clean_ipv6_address(\'::ffff:0a0a:0a0a\', unpack_ipv4=True), \'10.10.10.10\')\n +        self.assertEqual(clean_ipv6_address(\'::ffff:1234:1234\', unpack_ipv4=True), \'18.52.18.52\')\n +        self.assertEqual(clean_ipv6_address(\'::ffff:18.52.18.52\', unpack_ipv4=True), \'18.52.18.52\')\n\n""""""\n\n===end==='}, {'role': 'user', 'content': 'Please return the final result.'}], 'response': 'A. Commit message:\nFixed CVE-2024-56374 -- Mitigated potential DoS in IPv6 validation.\n\nB. Change summary:\nUpdated the max_length for GenericIPAddressField to prevent excessively long IPv6 addresses from causing a denial-of-service vulnerability. Added length validation checks and tests to ensure only valid IPv6 addresses within the defined maximum length are accepted.\n\nC. Compatibility Risk:\nMedium\n\nD. Fixed Code:\ndiff --git a/django/db/models/fields/__init__.py b/django/db/models/fields/__init__.py\n--- a/django/db/models/fields/__init__.py\n+++ b/django/db/models/fields/__init__.py\n@@ -2198,7 +2198,7 @@\n          self.protocol = protocol\n          self.default_validators, invalid_error_message = \\\n              validators.ip_address_validators(protocol, unpack_ipv4)\n-        self.default_error_messages[\'invalid\'] = invalid_error_message\n+        self.default_error_messages[\'invalid\'] = invalid_error_message\n          kwargs[\'max_length\'] = 39\n          super().__init__(verbose_name, name, *args, **kwargs)\n \n@@ -2207,7 +2207,9 @@\n      def deconstruct(self):\n          name, path, args, kwargs = super().deconstruct()\n          if self.unpack_ipv4 is not False:\n-            kwargs["unpack_ipv4"] = self.unpack_ipv4\n+            kwargs[\'unpack_ipv4\'] = self.unpack_ipv4\n          if self.protocol != "both":\n-            kwargs["protocol"] = self.protocol\n+            kwargs[\'protocol\'] = self.protocol\n+        if kwargs.get("max_length") == 39:\n+            del kwargs["max_length"]\n          return name, path, args, kwargs\n\ndiff --git a/django/forms/fields.py b/django/forms/fields.py\n--- a/django/forms/fields.py\n+++ b/django/forms/fields.py\n@@ -1307,6 +1307,7 @@\n class GenericIPAddressField(CharField):\n     def __init__(self, *, protocol=\'both\', unpack_ipv4=False, **kwargs):\n         self.unpack_ipv4 = unpack_ipv4\n+        kwargs.setdefault(\'max_length\', 39)\n         self.default_validators = validators.ip_address_validators(protocol, unpack_ipv4)[0]\n         super().__init__(**kwargs)\n \n\ndiff --git a/django/utils/ipv6.py b/django/utils/ipv6.py\n--- a/django/utils/ipv6.py\n+++ b/django/utils/ipv6.py\n@@ -4,6 +4,7 @@\n from django.core.exceptions import ValidationError\n from django.utils.translation import gettext_lazy as _\n \n+MAX_IPV6_ADDRESS_LENGTH = 39\n \n \n def clean_ipv6_address(ip_str, unpack_ipv4=False,\n@@ -11,7 +12,7 @@\n     """\n     Clean an IPv6 address string.\n \n-    Returns a compressed IPv6 address or the same value.\n+    Returns a compressed IPv6 address or raises ValidationError if invalid.\n     """\n     try:\n         addr = ipaddress.IPv6Address(int(ipaddress.IPv6Address(ip_str)))\n@@ -19,6 +20,10 @@ def clean_ipv6_address(ip_str, unpack_ipv4=False,\n         raise ValidationError(error_message, code=\'invalid\')\n \n     if unpack_ipv4 and addr.ipv4_mapped:\n+        if len(addr.exploded) > MAX_IPV6_ADDRESS_LENGTH:\n+            raise ValueError(\n+                f"Unable to convert {ip_str} to an IPv6 address (value too long)."\n+            )\n         return str(addr.ipv4_mapped)\n     elif addr.ipv4_mapped:\n         return \'::ffff:%s\' % str(addr.ipv4_mapped)\n\ndiff --git a/docs/ref/forms/fields.txt b/docs/ref/forms/fields.txt\n--- a/docs/ref/forms/fields.txt\n+++ b/docs/ref/forms/fields.txt\n@@ -697,6 +697,15 @@ Validates that the given value is a valid IP address.\n     .. attribute:: unpack_ipv4\n \n         Unpacks IPv4 mapped addresses like ``::ffff:192.0.2.1``.\n+\n+    .. attribute:: max_length\n+\n+        Defaults to 39, and behaves the same way as it does for\n+        :class:`CharField`.\n+\n+    .. versionchanged:: 3.2.8\n+\n+        The default value for ``max_length`` was set to 39 characters.\n \n ``MultipleChoiceField``\n -----------------------\n\ndiff --git a/tests/forms_tests/field_tests/test_genericipaddressfield.py b/tests/forms_tests/field_tests/test_genericipaddressfield.py\n--- a/tests/forms_tests/field_tests/test_genericipaddressfield.py\n+++ b/tests/forms_tests/field_tests/test_genericipaddressfield.py\n@@ -126,6 +126,24 @@ def test_generic_ipaddress_as_generic_not_required(self):\n             f.clean(" 2a02::223:6cff:fe8a:2e8a "), "2a02::223:6cff:fe8a:2e8a"\n         )\n \n+    def test_generic_ipaddress_max_length_custom(self):\n+        # Valid IPv4-mapped IPv6 address, len 45.\n+        addr = "0000:0000:0000:0000:0000:ffff:192.168.100.228"\n+        f = GenericIPAddressField(max_length=len(addr))\n+        f.clean(addr)\n+\n+    def test_generic_ipaddress_max_length_validation_error(self):\n+        # Valid IPv4-mapped IPv6 address, len 45.\n+        addr = "0000:0000:0000:0000:0000:ffff:192.168.100.228"\n+\n+        cases = [\n+            ({}, 39),  # Default value.\n+            ({"max_length": len(addr) - 1}, len(addr) - 1),\n+        ]\n+        for kwargs, max_length in cases:\n+            max_length_plus_one = max_length + 1\n+            msg = (\n+                f"Ensure this value has at most {max_length} characters (it has "\n+                f"{max_length_plus_one}).\'"\n+            )\n+            with self.subTest(max_length=max_length):\n+                f = GenericIPAddressField(**kwargs)\n+                with self.assertRaisesMessage(ValidationError, msg):\n+                    f.clean("x" * max_length_plus_one)\n+                with self.assertRaisesMessage(\n+                    ValidationError, "Enter a valid IPv4 or IPv6 address."\n+                ):\n+                    f.clean(addr)\n\ndiff --git a/tests/utils_tests/test_ipv6.py b/tests/utils_tests/test_ipv6.py\n--- a/tests/utils_tests/test_ipv6.py\n+++ b/tests/utils_tests/test_ipv6.py\n@@ -12,6 +12,16 @@ def test_validates_correct_plain_address(self):\n         self.assertTrue(is_valid_ipv6_address(\'2a02::223:6cff:fe8a:2e8a\'))\n         self.assertTrue(is_valid_ipv6_address(\'1::2:3:4:5:6:7\'))\n         self.assertTrue(is_valid_ipv6_address(\'::\'))\n+        # Test case for very long but valid IPv6 address.\n+        self.assertTrue(is_valid_ipv6_address(\'0000:0000:0000:0000:0000:ffff:192.168.100.228\'))\n+\n+    def test_address_too_long(self):\n+        addresses = [\n+            "0000:0000:0000:0000:0000:ffff:192.168.100.228",  # IPv4-mapped IPv6 address\n+            "0000:0000:0000:0000:0000:ffff:192.168.100.228%123456",  # % scope/zone\n+            "fe80::223:6cff:fe8a:2e8a:1234:5678:00000",  # MAX_IPV6_ADDRESS_LENGTH + 1\n+        ]\n+        for addr in addresses:\n+            with self.subTest(addr=addr):\n+                self.assertGreater(len(addr), MAX_IPV6_ADDRESS_LENGTH)\n+                self.assertFalse(is_valid_ipv6_address(addr))\n \n     def test_validates_incorrect_plain_address(self):\n         self.assertFalse(is_valid_ipv6_address(\'foo\'))', 'request_token': 0, 'response_token': 0}]
2025-06-12 18:01:12.930 | INFO     | modules.llm_adapter:_call_llm:973 - llm.run() result:{'openai_responses': ['A. Commit message:\nFixed CVE-2024-56374 -- Mitigated potential DoS in IPv6 validation.\n\nB. Change summary:\nUpdated the max_length for GenericIPAddressField to prevent excessively long IPv6 addresses from causing a denial-of-service vulnerability. Added length validation checks and tests to ensure only valid IPv6 addresses within the defined maximum length are accepted.\n\nC. Compatibility Risk:\nMedium\n\nD. Fixed Code:\ndiff --git a/django/db/models/fields/__init__.py b/django/db/models/fields/__init__.py\n--- a/django/db/models/fields/__init__.py\n+++ b/django/db/models/fields/__init__.py\n@@ -2198,7 +2198,7 @@\n          self.protocol = protocol\n          self.default_validators, invalid_error_message = \\\n              validators.ip_address_validators(protocol, unpack_ipv4)\n-        self.default_error_messages[\'invalid\'] = invalid_error_message\n+        self.default_error_messages[\'invalid\'] = invalid_error_message\n          kwargs[\'max_length\'] = 39\n          super().__init__(verbose_name, name, *args, **kwargs)\n \n@@ -2207,7 +2207,9 @@\n      def deconstruct(self):\n          name, path, args, kwargs = super().deconstruct()\n          if self.unpack_ipv4 is not False:\n-            kwargs["unpack_ipv4"] = self.unpack_ipv4\n+            kwargs[\'unpack_ipv4\'] = self.unpack_ipv4\n          if self.protocol != "both":\n-            kwargs["protocol"] = self.protocol\n+            kwargs[\'protocol\'] = self.protocol\n+        if kwargs.get("max_length") == 39:\n+            del kwargs["max_length"]\n          return name, path, args, kwargs\n\ndiff --git a/django/forms/fields.py b/django/forms/fields.py\n--- a/django/forms/fields.py\n+++ b/django/forms/fields.py\n@@ -1307,6 +1307,7 @@\n class GenericIPAddressField(CharField):\n     def __init__(self, *, protocol=\'both\', unpack_ipv4=False, **kwargs):\n         self.unpack_ipv4 = unpack_ipv4\n+        kwargs.setdefault(\'max_length\', 39)\n         self.default_validators = validators.ip_address_validators(protocol, unpack_ipv4)[0]\n         super().__init__(**kwargs)\n \n\ndiff --git a/django/utils/ipv6.py b/django/utils/ipv6.py\n--- a/django/utils/ipv6.py\n+++ b/django/utils/ipv6.py\n@@ -4,6 +4,7 @@\n from django.core.exceptions import ValidationError\n from django.utils.translation import gettext_lazy as _\n \n+MAX_IPV6_ADDRESS_LENGTH = 39\n \n \n def clean_ipv6_address(ip_str, unpack_ipv4=False,\n@@ -11,7 +12,7 @@\n     """\n     Clean an IPv6 address string.\n \n-    Returns a compressed IPv6 address or the same value.\n+    Returns a compressed IPv6 address or raises ValidationError if invalid.\n     """\n     try:\n         addr = ipaddress.IPv6Address(int(ipaddress.IPv6Address(ip_str)))\n@@ -19,6 +20,10 @@ def clean_ipv6_address(ip_str, unpack_ipv4=False,\n         raise ValidationError(error_message, code=\'invalid\')\n \n     if unpack_ipv4 and addr.ipv4_mapped:\n+        if len(addr.exploded) > MAX_IPV6_ADDRESS_LENGTH:\n+            raise ValueError(\n+                f"Unable to convert {ip_str} to an IPv6 address (value too long)."\n+            )\n         return str(addr.ipv4_mapped)\n     elif addr.ipv4_mapped:\n         return \'::ffff:%s\' % str(addr.ipv4_mapped)\n\ndiff --git a/docs/ref/forms/fields.txt b/docs/ref/forms/fields.txt\n--- a/docs/ref/forms/fields.txt\n+++ b/docs/ref/forms/fields.txt\n@@ -697,6 +697,15 @@ Validates that the given value is a valid IP address.\n     .. attribute:: unpack_ipv4\n \n         Unpacks IPv4 mapped addresses like ``::ffff:192.0.2.1``.\n+\n+    .. attribute:: max_length\n+\n+        Defaults to 39, and behaves the same way as it does for\n+        :class:`CharField`.\n+\n+    .. versionchanged:: 3.2.8\n+\n+        The default value for ``max_length`` was set to 39 characters.\n \n ``MultipleChoiceField``\n -----------------------\n\ndiff --git a/tests/forms_tests/field_tests/test_genericipaddressfield.py b/tests/forms_tests/field_tests/test_genericipaddressfield.py\n--- a/tests/forms_tests/field_tests/test_genericipaddressfield.py\n+++ b/tests/forms_tests/field_tests/test_genericipaddressfield.py\n@@ -126,6 +126,24 @@ def test_generic_ipaddress_as_generic_not_required(self):\n             f.clean(" 2a02::223:6cff:fe8a:2e8a "), "2a02::223:6cff:fe8a:2e8a"\n         )\n \n+    def test_generic_ipaddress_max_length_custom(self):\n+        # Valid IPv4-mapped IPv6 address, len 45.\n+        addr = "0000:0000:0000:0000:0000:ffff:192.168.100.228"\n+        f = GenericIPAddressField(max_length=len(addr))\n+        f.clean(addr)\n+\n+    def test_generic_ipaddress_max_length_validation_error(self):\n+        # Valid IPv4-mapped IPv6 address, len 45.\n+        addr = "0000:0000:0000:0000:0000:ffff:192.168.100.228"\n+\n+        cases = [\n+            ({}, 39),  # Default value.\n+            ({"max_length": len(addr) - 1}, len(addr) - 1),\n+        ]\n+        for kwargs, max_length in cases:\n+            max_length_plus_one = max_length + 1\n+            msg = (\n+                f"Ensure this value has at most {max_length} characters (it has "\n+                f"{max_length_plus_one}).\'"\n+            )\n+            with self.subTest(max_length=max_length):\n+                f = GenericIPAddressField(**kwargs)\n+                with self.assertRaisesMessage(ValidationError, msg):\n+                    f.clean("x" * max_length_plus_one)\n+                with self.assertRaisesMessage(\n+                    ValidationError, "Enter a valid IPv4 or IPv6 address."\n+                ):\n+                    f.clean(addr)\n\ndiff --git a/tests/utils_tests/test_ipv6.py b/tests/utils_tests/test_ipv6.py\n--- a/tests/utils_tests/test_ipv6.py\n+++ b/tests/utils_tests/test_ipv6.py\n@@ -12,6 +12,16 @@ def test_validates_correct_plain_address(self):\n         self.assertTrue(is_valid_ipv6_address(\'2a02::223:6cff:fe8a:2e8a\'))\n         self.assertTrue(is_valid_ipv6_address(\'1::2:3:4:5:6:7\'))\n         self.assertTrue(is_valid_ipv6_address(\'::\'))\n+        # Test case for very long but valid IPv6 address.\n+        self.assertTrue(is_valid_ipv6_address(\'0000:0000:0000:0000:0000:ffff:192.168.100.228\'))\n+\n+    def test_address_too_long(self):\n+        addresses = [\n+            "0000:0000:0000:0000:0000:ffff:192.168.100.228",  # IPv4-mapped IPv6 address\n+            "0000:0000:0000:0000:0000:ffff:192.168.100.228%123456",  # % scope/zone\n+            "fe80::223:6cff:fe8a:2e8a:1234:5678:00000",  # MAX_IPV6_ADDRESS_LENGTH + 1\n+        ]\n+        for addr in addresses:\n+            with self.subTest(addr=addr):\n+                self.assertGreater(len(addr), MAX_IPV6_ADDRESS_LENGTH)\n+                self.assertFalse(is_valid_ipv6_address(addr))\n \n     def test_validates_incorrect_plain_address(self):\n         self.assertFalse(is_valid_ipv6_address(\'foo\'))'], 'request_tokens': [0], 'response_tokens': [0]}
2025-06-12 18:01:12.930 | INFO     | modules.llm_adapter:_parse_llm_response:1055 - 原始LLM响应(前100字符): A. Commit message:
Fixed CVE-2024-56374 -- Mitigated potential DoS in IPv6 validation.

B. Change su...
2025-06-12 18:01:12.931 | INFO     | modules.llm_adapter:_parse_llm_response:1089 - 找到diff --git格式，内容前100字符: diff --git a/django/db/models/fields/__init__.py b/django/db/models/fields/__init__.py
--- a/django/...
2025-06-12 18:01:12.933 | INFO     | modules.llm_adapter:_save_llm_response:1224 - LLM响应已保存到: workspace/django/django/ad866a/llm_output/output_3.2.7_qwen-plus.patch
2025-06-12 18:01:12.933 | INFO     | modules.llm_adapter:_save_llm_response:1225 - 原始LLM响应已保存到: workspace/django/django/ad866a/llm_output/raw_output_3.2.7_qwen-plus.patch
2025-06-12 18:01:12.933 | INFO     | modules.llm_adapter:execute:97 - ==================================================
2025-06-12 18:01:12.933 | INFO     | modules.llm_adapter:execute:98 - LLM适配器执行完成 - 摘要
2025-06-12 18:01:12.934 | INFO     | modules.llm_adapter:execute:99 - 提示模式: 标准模式
2025-06-12 18:01:12.934 | INFO     | modules.llm_adapter:execute:100 - 提示类型: 标准上下文差异
2025-06-12 18:01:12.934 | INFO     | modules.llm_adapter:execute:101 - 函数上下文统计: 总尝试: 0, 成功: 0, 回退: 0
2025-06-12 18:01:12.934 | INFO     | modules.llm_adapter:execute:105 - 执行时间: 122.51 秒
2025-06-12 18:01:12.934 | INFO     | modules.llm_adapter:execute:106 - 生成的补丁保存到: workspace/django/django/ad866a/llm_output/output_3.2.7_qwen-plus.patch
2025-06-12 18:01:12.935 | INFO     | modules.llm_adapter:execute:107 - ==================================================
2025-06-12 18:01:12.935 | INFO     | modules.base_module:_save_metrics:143 - 评测指标已保存到: workspace/django/django/ad866a/evaluations/llm_adapter/metrics_ad866a_20250612_180112.json
2025-06-12 18:01:12.935 | INFO     | core.adaptation_pipeline:process_patch:106 - 执行模块: patch_adapter
2025-06-12 18:01:12.936 | INFO     | modules.patch_adapter:execute:47 - LLM响应文件路径: workspace/django/django/ad866a/llm_output/output_3.2.7_qwen-plus.patch
2025-06-12 18:01:12.944 | INFO     | modules.patch_adapter:_prepare_test_branch:162 - 创建测试分支: test_adapt_3.2.7_20250612_180112
2025-06-12 18:01:13.065 | INFO     | patch_adapter_utils:generate_adapted_file:834 - the first diff_content:
diff --git a/django/db/models/fields/__init__.py b/django/db/models/fields/__init__.py
--- a/django/db/models/fields/__init__.py
+++ b/django/db/models/fields/__init__.py
@@ -2198,7 +2198,7 @@
          self.protocol = protocol
          self.default_validators, invalid_error_message = \
              validators.ip_address_validators(protocol, unpack_ipv4)
-        self.default_error_messages['invalid'] = invalid_error_message
+        self.default_error_messages['invalid'] = invalid_error_message
          kwargs['max_length'] = 39
          super().__init__(verbose_name, name, *args, **kwargs)
 
@@ -2207,7 +2207,9 @@
      def deconstruct(self):
          name, path, args, kwargs = super().deconstruct()
          if self.unpack_ipv4 is not False:
-            kwargs["unpack_ipv4"] = self.unpack_ipv4
+            kwargs['unpack_ipv4'] = self.unpack_ipv4
          if self.protocol != "both":
-            kwargs["protocol"] = self.protocol
+            kwargs['protocol'] = self.protocol
+        if kwargs.get("max_length") == 39:
+            del kwargs["max_length"]
          return name, path, args, kwargs

diff --git a/django/forms/fields.py b/django/forms/fields.py
--- a/django/forms/fields.py
+++ b/django/forms/fields.py
@@ -1307,6 +1307,7 @@
 class GenericIPAddressField(CharField):
     def __init__(self, *, protocol='both', unpack_ipv4=False, **kwargs):
         self.unpack_ipv4 = unpack_ipv4
+        kwargs.setdefault('max_length', 39)
         self.default_validators = validators.ip_address_validators(protocol, unpack_ipv4)[0]
         super().__init__(**kwargs)
 

diff --git a/django/utils/ipv6.py b/django/utils/ipv6.py
--- a/django/utils/ipv6.py
+++ b/django/utils/ipv6.py
@@ -4,6 +4,7 @@
 from django.core.exceptions import ValidationError
 from django.utils.translation import gettext_lazy as _
 
+MAX_IPV6_ADDRESS_LENGTH = 39
 
 
 def clean_ipv6_address(ip_str, unpack_ipv4=False,
@@ -11,7 +12,7 @@
     """
     Clean an IPv6 address string.
 
-    Returns a compressed IPv6 address or the same value.
+    Returns a compressed IPv6 address or raises ValidationError if invalid.
     """
     try:
         addr = ipaddress.IPv6Address(int(ipaddress.IPv6Address(ip_str)))
@@ -19,6 +20,10 @@ def clean_ipv6_address(ip_str, unpack_ipv4=False,
         raise ValidationError(error_message, code='invalid')
 
     if unpack_ipv4 and addr.ipv4_mapped:
+        if len(addr.exploded) > MAX_IPV6_ADDRESS_LENGTH:
+            raise ValueError(
+                f"Unable to convert {ip_str} to an IPv6 address (value too long)."
+            )
         return str(addr.ipv4_mapped)
     elif addr.ipv4_mapped:
         return '::ffff:%s' % str(addr.ipv4_mapped)

diff --git a/docs/ref/forms/fields.txt b/docs/ref/forms/fields.txt
--- a/docs/ref/forms/fields.txt
+++ b/docs/ref/forms/fields.txt
@@ -697,6 +697,15 @@ Validates that the given value is a valid IP address.
     .. attribute:: unpack_ipv4
 
         Unpacks IPv4 mapped addresses like ``::ffff:192.0.2.1``.
+
+    .. attribute:: max_length
+
+        Defaults to 39, and behaves the same way as it does for
+        :class:`CharField`.
+
+    .. versionchanged:: 3.2.8
+
+        The default value for ``max_length`` was set to 39 characters.
 
 ``MultipleChoiceField``
 -----------------------

diff --git a/tests/forms_tests/field_tests/test_genericipaddressfield.py b/tests/forms_tests/field_tests/test_genericipaddressfield.py
--- a/tests/forms_tests/field_tests/test_genericipaddressfield.py
+++ b/tests/forms_tests/field_tests/test_genericipaddressfield.py
@@ -126,6 +126,24 @@ def test_generic_ipaddress_as_generic_not_required(self):
             f.clean(" 2a02::223:6cff:fe8a:2e8a "), "2a02::223:6cff:fe8a:2e8a"
         )
 
+    def test_generic_ipaddress_max_length_custom(self):
+        # Valid IPv4-mapped IPv6 address, len 45.
+        addr = "0000:0000:0000:0000:0000:ffff:192.168.100.228"
+        f = GenericIPAddressField(max_length=len(addr))
+        f.clean(addr)
+
+    def test_generic_ipaddress_max_length_validation_error(self):
+        # Valid IPv4-mapped IPv6 address, len 45.
+        addr = "0000:0000:0000:0000:0000:ffff:192.168.100.228"
+
+        cases = [
+            ({}, 39),  # Default value.
+            ({"max_length": len(addr) - 1}, len(addr) - 1),
+        ]
+        for kwargs, max_length in cases:
+            max_length_plus_one = max_length + 1
+            msg = (
+                f"Ensure this value has at most {max_length} characters (it has "
+                f"{max_length_plus_one}).'"
+            )
+            with self.subTest(max_length=max_length):
+                f = GenericIPAddressField(**kwargs)
+                with self.assertRaisesMessage(ValidationError, msg):
+                    f.clean("x" * max_length_plus_one)
+                with self.assertRaisesMessage(
+                    ValidationError, "Enter a valid IPv4 or IPv6 address."
+                ):
+                    f.clean(addr)

diff --git a/tests/utils_tests/test_ipv6.py b/tests/utils_tests/test_ipv6.py
--- a/tests/utils_tests/test_ipv6.py
+++ b/tests/utils_tests/test_ipv6.py
@@ -12,6 +12,16 @@ def test_validates_correct_plain_address(self):
         self.assertTrue(is_valid_ipv6_address('2a02::223:6cff:fe8a:2e8a'))
         self.assertTrue(is_valid_ipv6_address('1::2:3:4:5:6:7'))
         self.assertTrue(is_valid_ipv6_address('::'))
+        # Test case for very long but valid IPv6 address.
+        self.assertTrue(is_valid_ipv6_address('0000:0000:0000:0000:0000:ffff:192.168.100.228'))
+
+    def test_address_too_long(self):
+        addresses = [
+            "0000:0000:0000:0000:0000:ffff:192.168.100.228",  # IPv4-mapped IPv6 address
+            "0000:0000:0000:0000:0000:ffff:192.168.100.228%123456",  # % scope/zone
+            "fe80::223:6cff:fe8a:2e8a:1234:5678:00000",  # MAX_IPV6_ADDRESS_LENGTH + 1
+        ]
+        for addr in addresses:
+            with self.subTest(addr=addr):
+                self.assertGreater(len(addr), MAX_IPV6_ADDRESS_LENGTH)
+                self.assertFalse(is_valid_ipv6_address(addr))
 
     def test_validates_incorrect_plain_address(self):
         self.assertFalse(is_valid_ipv6_address('foo'))
2025-06-12 18:01:13.066 | INFO     | patch_adapter_utils:generate_adapted_file:870 - the diff_content:
@@ -2198,7 +2198,7 @@
          self.protocol = protocol
          self.default_validators, invalid_error_message = \
              validators.ip_address_validators(protocol, unpack_ipv4)
-        self.default_error_messages['invalid'] = invalid_error_message
+        self.default_error_messages['invalid'] = invalid_error_message
          kwargs['max_length'] = 39
          super().__init__(verbose_name, name, *args, **kwargs)
 
@@ -2207,7 +2207,9 @@
      def deconstruct(self):
          name, path, args, kwargs = super().deconstruct()
          if self.unpack_ipv4 is not False:
-            kwargs["unpack_ipv4"] = self.unpack_ipv4
+            kwargs['unpack_ipv4'] = self.unpack_ipv4
          if self.protocol != "both":
-            kwargs["protocol"] = self.protocol
+            kwargs['protocol'] = self.protocol
+        if kwargs.get("max_length") == 39:
+            del kwargs["max_length"]
          return name, path, args, kwargs

2025-06-12 18:01:13.068 | INFO     | patch_adapter_utils:generate_adapted_file:892 - hunk_text is @@ -2198,7 +2198,7 @@
          self.protocol = protocol
          self.default_validators, invalid_error_message = \
              validators.ip_address_validators(protocol, unpack_ipv4)
-        self.default_error_messages['invalid'] = invalid_error_message
+        self.default_error_messages['invalid'] = invalid_error_message
          kwargs['max_length'] = 39
          super().__init__(verbose_name, name, *args, **kwargs)
 

2025-06-12 18:01:13.069 | INFO     | patch_adapter_utils:generate_adapted_file:899 - hunk is {'line_numbers': {'old_start': 2198, 'old_count': 7, 'new_start': 2198, 'new_count': 7}, 'lines': [('context', '         self.protocol = protocol'), ('context', '         self.default_validators, invalid_error_message = \\'), ('context', '             validators.ip_address_validators(protocol, unpack_ipv4)'), ('remove', "        self.default_error_messages['invalid'] = invalid_error_message"), ('add', "        self.default_error_messages['invalid'] = invalid_error_message"), ('context', "         kwargs['max_length'] = 39"), ('context', '         super().__init__(verbose_name, name, *args, **kwargs)'), ('context', '')]}
2025-06-12 18:01:13.074 | INFO     | patch_adapter_utils:generate_adapted_file:902 - position is -1
2025-06-12 18:01:13.074 | WARNING  | patch_adapter_utils:generate_adapted_file:905 - 在文件中未找到hunk的合适位置:
{'line_numbers': {'old_start': 2198, 'old_count': 7, 'new_start': 2198, 'new_count': 7}, 'lines': [('context', '         self.protocol = protocol'), ('context', '         self.default_validators, invalid_error_message = \\'), ('context', '             validators.ip_address_validators(protocol, unpack_ipv4)'), ('remove', "        self.default_error_messages['invalid'] = invalid_error_message"), ('add', "        self.default_error_messages['invalid'] = invalid_error_message"), ('context', "         kwargs['max_length'] = 39"), ('context', '         super().__init__(verbose_name, name, *args, **kwargs)'), ('context', '')]}
2025-06-12 18:01:13.074 | INFO     | patch_adapter_utils:generate_adapted_file:892 - hunk_text is @@ -2207,7 +2207,9 @@
      def deconstruct(self):
          name, path, args, kwargs = super().deconstruct()
          if self.unpack_ipv4 is not False:
-            kwargs["unpack_ipv4"] = self.unpack_ipv4
+            kwargs['unpack_ipv4'] = self.unpack_ipv4
          if self.protocol != "both":
-            kwargs["protocol"] = self.protocol
+            kwargs['protocol'] = self.protocol
+        if kwargs.get("max_length") == 39:
+            del kwargs["max_length"]
          return name, path, args, kwargs

2025-06-12 18:01:13.074 | INFO     | patch_adapter_utils:generate_adapted_file:899 - hunk is {'line_numbers': {'old_start': 2207, 'old_count': 7, 'new_start': 2207, 'new_count': 9}, 'lines': [('context', '     def deconstruct(self):'), ('context', '         name, path, args, kwargs = super().deconstruct()'), ('context', '         if self.unpack_ipv4 is not False:'), ('remove', '            kwargs["unpack_ipv4"] = self.unpack_ipv4'), ('add', "            kwargs['unpack_ipv4'] = self.unpack_ipv4"), ('context', '         if self.protocol != "both":'), ('remove', '            kwargs["protocol"] = self.protocol'), ('add', "            kwargs['protocol'] = self.protocol"), ('add', '        if kwargs.get("max_length") == 39:'), ('add', '            del kwargs["max_length"]'), ('context', '         return name, path, args, kwargs')]}
2025-06-12 18:01:13.080 | INFO     | patch_adapter_utils:generate_adapted_file:902 - position is -1
2025-06-12 18:01:13.080 | WARNING  | patch_adapter_utils:generate_adapted_file:905 - 在文件中未找到hunk的合适位置:
{'line_numbers': {'old_start': 2207, 'old_count': 7, 'new_start': 2207, 'new_count': 9}, 'lines': [('context', '     def deconstruct(self):'), ('context', '         name, path, args, kwargs = super().deconstruct()'), ('context', '         if self.unpack_ipv4 is not False:'), ('remove', '            kwargs["unpack_ipv4"] = self.unpack_ipv4'), ('add', "            kwargs['unpack_ipv4'] = self.unpack_ipv4"), ('context', '         if self.protocol != "both":'), ('remove', '            kwargs["protocol"] = self.protocol'), ('add', "            kwargs['protocol'] = self.protocol"), ('add', '        if kwargs.get("max_length") == 39:'), ('add', '            del kwargs["max_length"]'), ('context', '         return name, path, args, kwargs')]}
2025-06-12 18:01:13.081 | INFO     | patch_adapter_utils:generate_adapted_file:924 - 成功应用修改到文件: django/db/models/fields/__init__.py
2025-06-12 18:01:13.082 | INFO     | patch_adapter_utils:generate_adapted_file:870 - the diff_content:
@@ -1307,6 +1307,7 @@
 class GenericIPAddressField(CharField):
     def __init__(self, *, protocol='both', unpack_ipv4=False, **kwargs):
         self.unpack_ipv4 = unpack_ipv4
+        kwargs.setdefault('max_length', 39)
         self.default_validators = validators.ip_address_validators(protocol, unpack_ipv4)[0]
         super().__init__(**kwargs)
 

2025-06-12 18:01:13.082 | INFO     | patch_adapter_utils:generate_adapted_file:892 - hunk_text is @@ -1307,6 +1307,7 @@
 class GenericIPAddressField(CharField):
     def __init__(self, *, protocol='both', unpack_ipv4=False, **kwargs):
         self.unpack_ipv4 = unpack_ipv4
+        kwargs.setdefault('max_length', 39)
         self.default_validators = validators.ip_address_validators(protocol, unpack_ipv4)[0]
         super().__init__(**kwargs)
 

2025-06-12 18:01:13.083 | INFO     | patch_adapter_utils:generate_adapted_file:899 - hunk is {'line_numbers': {'old_start': 1307, 'old_count': 6, 'new_start': 1307, 'new_count': 7}, 'lines': [('context', 'class GenericIPAddressField(CharField):'), ('context', "    def __init__(self, *, protocol='both', unpack_ipv4=False, **kwargs):"), ('context', '        self.unpack_ipv4 = unpack_ipv4'), ('add', "        kwargs.setdefault('max_length', 39)"), ('context', '        self.default_validators = validators.ip_address_validators(protocol, unpack_ipv4)[0]'), ('context', '        super().__init__(**kwargs)'), ('context', '')]}
2025-06-12 18:01:13.086 | INFO     | patch_adapter_utils:generate_adapted_file:902 - position is 1174
2025-06-12 18:01:13.087 | INFO     | patch_adapter_utils:generate_adapted_file:924 - 成功应用修改到文件: django/forms/fields.py
2025-06-12 18:01:13.087 | INFO     | patch_adapter_utils:generate_adapted_file:870 - the diff_content:
@@ -4,6 +4,7 @@
 from django.core.exceptions import ValidationError
 from django.utils.translation import gettext_lazy as _
 
+MAX_IPV6_ADDRESS_LENGTH = 39
 
 
 def clean_ipv6_address(ip_str, unpack_ipv4=False,
@@ -11,7 +12,7 @@
     """
     Clean an IPv6 address string.
 
-    Returns a compressed IPv6 address or the same value.
+    Returns a compressed IPv6 address or raises ValidationError if invalid.
     """
     try:
         addr = ipaddress.IPv6Address(int(ipaddress.IPv6Address(ip_str)))
@@ -19,6 +20,10 @@ def clean_ipv6_address(ip_str, unpack_ipv4=False,
         raise ValidationError(error_message, code='invalid')
 
     if unpack_ipv4 and addr.ipv4_mapped:
+        if len(addr.exploded) > MAX_IPV6_ADDRESS_LENGTH:
+            raise ValueError(
+                f"Unable to convert {ip_str} to an IPv6 address (value too long)."
+            )
         return str(addr.ipv4_mapped)
     elif addr.ipv4_mapped:
         return '::ffff:%s' % str(addr.ipv4_mapped)

2025-06-12 18:01:13.088 | INFO     | patch_adapter_utils:generate_adapted_file:892 - hunk_text is @@ -4,6 +4,7 @@
 from django.core.exceptions import ValidationError
 from django.utils.translation import gettext_lazy as _
 
+MAX_IPV6_ADDRESS_LENGTH = 39
 
 
 def clean_ipv6_address(ip_str, unpack_ipv4=False,

2025-06-12 18:01:13.088 | INFO     | patch_adapter_utils:generate_adapted_file:899 - hunk is {'line_numbers': {'old_start': 4, 'old_count': 6, 'new_start': 4, 'new_count': 7}, 'lines': [('context', 'from django.core.exceptions import ValidationError'), ('context', 'from django.utils.translation import gettext_lazy as _'), ('context', ''), ('add', 'MAX_IPV6_ADDRESS_LENGTH = 39'), ('context', ''), ('context', ''), ('context', 'def clean_ipv6_address(ip_str, unpack_ipv4=False,')]}
2025-06-12 18:01:13.089 | INFO     | patch_adapter_utils:generate_adapted_file:902 - position is -1
2025-06-12 18:01:13.089 | WARNING  | patch_adapter_utils:generate_adapted_file:905 - 在文件中未找到hunk的合适位置:
{'line_numbers': {'old_start': 4, 'old_count': 6, 'new_start': 4, 'new_count': 7}, 'lines': [('context', 'from django.core.exceptions import ValidationError'), ('context', 'from django.utils.translation import gettext_lazy as _'), ('context', ''), ('add', 'MAX_IPV6_ADDRESS_LENGTH = 39'), ('context', ''), ('context', ''), ('context', 'def clean_ipv6_address(ip_str, unpack_ipv4=False,')]}
2025-06-12 18:01:13.089 | INFO     | patch_adapter_utils:generate_adapted_file:892 - hunk_text is @@ -11,7 +12,7 @@
     """
     Clean an IPv6 address string.
 
-    Returns a compressed IPv6 address or the same value.
+    Returns a compressed IPv6 address or raises ValidationError if invalid.
     """
     try:
         addr = ipaddress.IPv6Address(int(ipaddress.IPv6Address(ip_str)))

2025-06-12 18:01:13.090 | INFO     | patch_adapter_utils:generate_adapted_file:899 - hunk is {'line_numbers': {'old_start': 11, 'old_count': 7, 'new_start': 12, 'new_count': 7}, 'lines': [('context', '    """'), ('context', '    Clean an IPv6 address string.'), ('context', ''), ('remove', '    Returns a compressed IPv6 address or the same value.'), ('add', '    Returns a compressed IPv6 address or raises ValidationError if invalid.'), ('context', '    """'), ('context', '    try:'), ('context', '        addr = ipaddress.IPv6Address(int(ipaddress.IPv6Address(ip_str)))')]}
2025-06-12 18:01:13.091 | INFO     | patch_adapter_utils:generate_adapted_file:902 - position is -1
2025-06-12 18:01:13.091 | WARNING  | patch_adapter_utils:generate_adapted_file:905 - 在文件中未找到hunk的合适位置:
{'line_numbers': {'old_start': 11, 'old_count': 7, 'new_start': 12, 'new_count': 7}, 'lines': [('context', '    """'), ('context', '    Clean an IPv6 address string.'), ('context', ''), ('remove', '    Returns a compressed IPv6 address or the same value.'), ('add', '    Returns a compressed IPv6 address or raises ValidationError if invalid.'), ('context', '    """'), ('context', '    try:'), ('context', '        addr = ipaddress.IPv6Address(int(ipaddress.IPv6Address(ip_str)))')]}
2025-06-12 18:01:13.091 | INFO     | patch_adapter_utils:generate_adapted_file:892 - hunk_text is @@ -19,6 +20,10 @@ def clean_ipv6_address(ip_str, unpack_ipv4=False,
         raise ValidationError(error_message, code='invalid')
 
     if unpack_ipv4 and addr.ipv4_mapped:
+        if len(addr.exploded) > MAX_IPV6_ADDRESS_LENGTH:
+            raise ValueError(
+                f"Unable to convert {ip_str} to an IPv6 address (value too long)."
+            )
         return str(addr.ipv4_mapped)
     elif addr.ipv4_mapped:
         return '::ffff:%s' % str(addr.ipv4_mapped)

2025-06-12 18:01:13.092 | INFO     | patch_adapter_utils:generate_adapted_file:899 - hunk is {'line_numbers': {'old_start': 19, 'old_count': 6, 'new_start': 20, 'new_count': 10}, 'lines': [('context', "        raise ValidationError(error_message, code='invalid')"), ('context', ''), ('context', '    if unpack_ipv4 and addr.ipv4_mapped:'), ('add', '        if len(addr.exploded) > MAX_IPV6_ADDRESS_LENGTH:'), ('add', '            raise ValueError('), ('add', '                f"Unable to convert {ip_str} to an IPv6 address (value too long)."'), ('add', '            )'), ('context', '        return str(addr.ipv4_mapped)'), ('context', '    elif addr.ipv4_mapped:'), ('context', "        return '::ffff:%s' % str(addr.ipv4_mapped)")]}
2025-06-12 18:01:13.092 | INFO     | patch_adapter_utils:generate_adapted_file:902 - position is 27
2025-06-12 18:01:13.093 | INFO     | patch_adapter_utils:generate_adapted_file:924 - 成功应用修改到文件: django/utils/ipv6.py
2025-06-12 18:01:13.093 | INFO     | patch_adapter_utils:generate_adapted_file:870 - the diff_content:
@@ -697,6 +697,15 @@ Validates that the given value is a valid IP address.
     .. attribute:: unpack_ipv4
 
         Unpacks IPv4 mapped addresses like ``::ffff:192.0.2.1``.
+
+    .. attribute:: max_length
+
+        Defaults to 39, and behaves the same way as it does for
+        :class:`CharField`.
+
+    .. versionchanged:: 3.2.8
+
+        The default value for ``max_length`` was set to 39 characters.
 
 ``MultipleChoiceField``
 -----------------------

2025-06-12 18:01:13.096 | INFO     | patch_adapter_utils:generate_adapted_file:892 - hunk_text is @@ -697,6 +697,15 @@ Validates that the given value is a valid IP address.
     .. attribute:: unpack_ipv4
 
         Unpacks IPv4 mapped addresses like ``::ffff:192.0.2.1``.
+
+    .. attribute:: max_length
+
+        Defaults to 39, and behaves the same way as it does for
+        :class:`CharField`.
+
+    .. versionchanged:: 3.2.8
+
+        The default value for ``max_length`` was set to 39 characters.
 
 ``MultipleChoiceField``
 -----------------------

2025-06-12 18:01:13.096 | INFO     | patch_adapter_utils:generate_adapted_file:899 - hunk is {'line_numbers': {'old_start': 697, 'old_count': 6, 'new_start': 697, 'new_count': 15}, 'lines': [('context', '    .. attribute:: unpack_ipv4'), ('context', ''), ('context', '        Unpacks IPv4 mapped addresses like ``::ffff:192.0.2.1``.'), ('add', ''), ('add', '    .. attribute:: max_length'), ('add', ''), ('add', '        Defaults to 39, and behaves the same way as it does for'), ('add', '        :class:`CharField`.'), ('add', ''), ('add', '    .. versionchanged:: 3.2.8'), ('add', ''), ('add', '        The default value for ``max_length`` was set to 39 characters.'), ('context', ''), ('context', '``MultipleChoiceField``'), ('context', '-----------------------')]}
2025-06-12 18:01:13.099 | INFO     | patch_adapter_utils:generate_adapted_file:902 - position is -1
2025-06-12 18:01:13.100 | WARNING  | patch_adapter_utils:generate_adapted_file:905 - 在文件中未找到hunk的合适位置:
{'line_numbers': {'old_start': 697, 'old_count': 6, 'new_start': 697, 'new_count': 15}, 'lines': [('context', '    .. attribute:: unpack_ipv4'), ('context', ''), ('context', '        Unpacks IPv4 mapped addresses like ``::ffff:192.0.2.1``.'), ('add', ''), ('add', '    .. attribute:: max_length'), ('add', ''), ('add', '        Defaults to 39, and behaves the same way as it does for'), ('add', '        :class:`CharField`.'), ('add', ''), ('add', '    .. versionchanged:: 3.2.8'), ('add', ''), ('add', '        The default value for ``max_length`` was set to 39 characters.'), ('context', ''), ('context', '``MultipleChoiceField``'), ('context', '-----------------------')]}
2025-06-12 18:01:13.102 | INFO     | patch_adapter_utils:generate_adapted_file:924 - 成功应用修改到文件: docs/ref/forms/fields.txt
2025-06-12 18:01:13.102 | INFO     | patch_adapter_utils:generate_adapted_file:870 - the diff_content:
@@ -126,6 +126,24 @@ def test_generic_ipaddress_as_generic_not_required(self):
             f.clean(" 2a02::223:6cff:fe8a:2e8a "), "2a02::223:6cff:fe8a:2e8a"
         )
 
+    def test_generic_ipaddress_max_length_custom(self):
+        # Valid IPv4-mapped IPv6 address, len 45.
+        addr = "0000:0000:0000:0000:0000:ffff:192.168.100.228"
+        f = GenericIPAddressField(max_length=len(addr))
+        f.clean(addr)
+
+    def test_generic_ipaddress_max_length_validation_error(self):
+        # Valid IPv4-mapped IPv6 address, len 45.
+        addr = "0000:0000:0000:0000:0000:ffff:192.168.100.228"
+
+        cases = [
+            ({}, 39),  # Default value.
+            ({"max_length": len(addr) - 1}, len(addr) - 1),
+        ]
+        for kwargs, max_length in cases:
+            max_length_plus_one = max_length + 1
+            msg = (
+                f"Ensure this value has at most {max_length} characters (it has "
+                f"{max_length_plus_one}).'"
+            )
+            with self.subTest(max_length=max_length):
+                f = GenericIPAddressField(**kwargs)
+                with self.assertRaisesMessage(ValidationError, msg):
+                    f.clean("x" * max_length_plus_one)
+                with self.assertRaisesMessage(
+                    ValidationError, "Enter a valid IPv4 or IPv6 address."
+                ):
+                    f.clean(addr)

2025-06-12 18:01:13.113 | INFO     | patch_adapter_utils:generate_adapted_file:892 - hunk_text is @@ -126,6 +126,24 @@ def test_generic_ipaddress_as_generic_not_required(self):
             f.clean(" 2a02::223:6cff:fe8a:2e8a "), "2a02::223:6cff:fe8a:2e8a"
         )
 
+    def test_generic_ipaddress_max_length_custom(self):
+        # Valid IPv4-mapped IPv6 address, len 45.
+        addr = "0000:0000:0000:0000:0000:ffff:192.168.100.228"
+        f = GenericIPAddressField(max_length=len(addr))
+        f.clean(addr)
+
+    def test_generic_ipaddress_max_length_validation_error(self):
+        # Valid IPv4-mapped IPv6 address, len 45.
+        addr = "0000:0000:0000:0000:0000:ffff:192.168.100.228"
+
+        cases = [
+            ({}, 39),  # Default value.
+            ({"max_length": len(addr) - 1}, len(addr) - 1),
+        ]
+        for kwargs, max_length in cases:
+            max_length_plus_one = max_length + 1
+            msg = (
+                f"Ensure this value has at most {max_length} characters (it has "
+                f"{max_length_plus_one}).'"
+            )
+            with self.subTest(max_length=max_length):
+                f = GenericIPAddressField(**kwargs)
+                with self.assertRaisesMessage(ValidationError, msg):
+                    f.clean("x" * max_length_plus_one)
+                with self.assertRaisesMessage(
+                    ValidationError, "Enter a valid IPv4 or IPv6 address."
+                ):
+                    f.clean(addr)

2025-06-12 18:01:13.114 | INFO     | patch_adapter_utils:generate_adapted_file:899 - hunk is {'line_numbers': {'old_start': 126, 'old_count': 6, 'new_start': 126, 'new_count': 24}, 'lines': [('context', '            f.clean(" 2a02::223:6cff:fe8a:2e8a "), "2a02::223:6cff:fe8a:2e8a"'), ('context', '        )'), ('context', ''), ('add', '    def test_generic_ipaddress_max_length_custom(self):'), ('add', '        # Valid IPv4-mapped IPv6 address, len 45.'), ('add', '        addr = "0000:0000:0000:0000:0000:ffff:192.168.100.228"'), ('add', '        f = GenericIPAddressField(max_length=len(addr))'), ('add', '        f.clean(addr)'), ('add', ''), ('add', '    def test_generic_ipaddress_max_length_validation_error(self):'), ('add', '        # Valid IPv4-mapped IPv6 address, len 45.'), ('add', '        addr = "0000:0000:0000:0000:0000:ffff:192.168.100.228"'), ('add', ''), ('add', '        cases = ['), ('add', '            ({}, 39),  # Default value.'), ('add', '            ({"max_length": len(addr) - 1}, len(addr) - 1),'), ('add', '        ]'), ('add', '        for kwargs, max_length in cases:'), ('add', '            max_length_plus_one = max_length + 1'), ('add', '            msg = ('), ('add', '                f"Ensure this value has at most {max_length} characters (it has "'), ('add', '                f"{max_length_plus_one}).\'"'), ('add', '            )'), ('add', '            with self.subTest(max_length=max_length):'), ('add', '                f = GenericIPAddressField(**kwargs)'), ('add', '                with self.assertRaisesMessage(ValidationError, msg):'), ('add', '                    f.clean("x" * max_length_plus_one)'), ('add', '                with self.assertRaisesMessage('), ('add', '                    ValidationError, "Enter a valid IPv4 or IPv6 address."'), ('add', '                ):'), ('add', '                    f.clean(addr)')]}
2025-06-12 18:01:13.114 | INFO     | patch_adapter_utils:generate_adapted_file:902 - position is -1
2025-06-12 18:01:13.115 | WARNING  | patch_adapter_utils:generate_adapted_file:905 - 在文件中未找到hunk的合适位置:
{'line_numbers': {'old_start': 126, 'old_count': 6, 'new_start': 126, 'new_count': 24}, 'lines': [('context', '            f.clean(" 2a02::223:6cff:fe8a:2e8a "), "2a02::223:6cff:fe8a:2e8a"'), ('context', '        )'), ('context', ''), ('add', '    def test_generic_ipaddress_max_length_custom(self):'), ('add', '        # Valid IPv4-mapped IPv6 address, len 45.'), ('add', '        addr = "0000:0000:0000:0000:0000:ffff:192.168.100.228"'), ('add', '        f = GenericIPAddressField(max_length=len(addr))'), ('add', '        f.clean(addr)'), ('add', ''), ('add', '    def test_generic_ipaddress_max_length_validation_error(self):'), ('add', '        # Valid IPv4-mapped IPv6 address, len 45.'), ('add', '        addr = "0000:0000:0000:0000:0000:ffff:192.168.100.228"'), ('add', ''), ('add', '        cases = ['), ('add', '            ({}, 39),  # Default value.'), ('add', '            ({"max_length": len(addr) - 1}, len(addr) - 1),'), ('add', '        ]'), ('add', '        for kwargs, max_length in cases:'), ('add', '            max_length_plus_one = max_length + 1'), ('add', '            msg = ('), ('add', '                f"Ensure this value has at most {max_length} characters (it has "'), ('add', '                f"{max_length_plus_one}).\'"'), ('add', '            )'), ('add', '            with self.subTest(max_length=max_length):'), ('add', '                f = GenericIPAddressField(**kwargs)'), ('add', '                with self.assertRaisesMessage(ValidationError, msg):'), ('add', '                    f.clean("x" * max_length_plus_one)'), ('add', '                with self.assertRaisesMessage('), ('add', '                    ValidationError, "Enter a valid IPv4 or IPv6 address."'), ('add', '                ):'), ('add', '                    f.clean(addr)')]}
2025-06-12 18:01:13.116 | INFO     | patch_adapter_utils:generate_adapted_file:924 - 成功应用修改到文件: tests/forms_tests/field_tests/test_genericipaddressfield.py
2025-06-12 18:01:13.116 | INFO     | patch_adapter_utils:generate_adapted_file:870 - the diff_content:
@@ -12,6 +12,16 @@ def test_validates_correct_plain_address(self):
         self.assertTrue(is_valid_ipv6_address('2a02::223:6cff:fe8a:2e8a'))
         self.assertTrue(is_valid_ipv6_address('1::2:3:4:5:6:7'))
         self.assertTrue(is_valid_ipv6_address('::'))
+        # Test case for very long but valid IPv6 address.
+        self.assertTrue(is_valid_ipv6_address('0000:0000:0000:0000:0000:ffff:192.168.100.228'))
+
+    def test_address_too_long(self):
+        addresses = [
+            "0000:0000:0000:0000:0000:ffff:192.168.100.228",  # IPv4-mapped IPv6 address
+            "0000:0000:0000:0000:0000:ffff:192.168.100.228%123456",  # % scope/zone
+            "fe80::223:6cff:fe8a:2e8a:1234:5678:00000",  # MAX_IPV6_ADDRESS_LENGTH + 1
+        ]
+        for addr in addresses:
+            with self.subTest(addr=addr):
+                self.assertGreater(len(addr), MAX_IPV6_ADDRESS_LENGTH)
+                self.assertFalse(is_valid_ipv6_address(addr))
 
     def test_validates_incorrect_plain_address(self):
         self.assertFalse(is_valid_ipv6_address('foo'))
2025-06-12 18:01:13.117 | INFO     | patch_adapter_utils:generate_adapted_file:892 - hunk_text is @@ -12,6 +12,16 @@ def test_validates_correct_plain_address(self):
         self.assertTrue(is_valid_ipv6_address('2a02::223:6cff:fe8a:2e8a'))
         self.assertTrue(is_valid_ipv6_address('1::2:3:4:5:6:7'))
         self.assertTrue(is_valid_ipv6_address('::'))
+        # Test case for very long but valid IPv6 address.
+        self.assertTrue(is_valid_ipv6_address('0000:0000:0000:0000:0000:ffff:192.168.100.228'))
+
+    def test_address_too_long(self):
+        addresses = [
+            "0000:0000:0000:0000:0000:ffff:192.168.100.228",  # IPv4-mapped IPv6 address
+            "0000:0000:0000:0000:0000:ffff:192.168.100.228%123456",  # % scope/zone
+            "fe80::223:6cff:fe8a:2e8a:1234:5678:00000",  # MAX_IPV6_ADDRESS_LENGTH + 1
+        ]
+        for addr in addresses:
+            with self.subTest(addr=addr):
+                self.assertGreater(len(addr), MAX_IPV6_ADDRESS_LENGTH)
+                self.assertFalse(is_valid_ipv6_address(addr))
 
     def test_validates_incorrect_plain_address(self):
         self.assertFalse(is_valid_ipv6_address('foo'))
2025-06-12 18:01:13.117 | INFO     | patch_adapter_utils:generate_adapted_file:899 - hunk is {'line_numbers': {'old_start': 12, 'old_count': 6, 'new_start': 12, 'new_count': 16}, 'lines': [('context', "        self.assertTrue(is_valid_ipv6_address('2a02::223:6cff:fe8a:2e8a'))"), ('context', "        self.assertTrue(is_valid_ipv6_address('1::2:3:4:5:6:7'))"), ('context', "        self.assertTrue(is_valid_ipv6_address('::'))"), ('add', '        # Test case for very long but valid IPv6 address.'), ('add', "        self.assertTrue(is_valid_ipv6_address('0000:0000:0000:0000:0000:ffff:192.168.100.228'))"), ('add', ''), ('add', '    def test_address_too_long(self):'), ('add', '        addresses = ['), ('add', '            "0000:0000:0000:0000:0000:ffff:192.168.100.228",  # IPv4-mapped IPv6 address'), ('add', '            "0000:0000:0000:0000:0000:ffff:192.168.100.228%123456",  # % scope/zone'), ('add', '            "fe80::223:6cff:fe8a:2e8a:1234:5678:00000",  # MAX_IPV6_ADDRESS_LENGTH + 1'), ('add', '        ]'), ('add', '        for addr in addresses:'), ('add', '            with self.subTest(addr=addr):'), ('add', '                self.assertGreater(len(addr), MAX_IPV6_ADDRESS_LENGTH)'), ('add', '                self.assertFalse(is_valid_ipv6_address(addr))'), ('context', ''), ('context', '    def test_validates_incorrect_plain_address(self):'), ('context', "        self.assertFalse(is_valid_ipv6_address('foo'))")]}
2025-06-12 18:01:13.117 | INFO     | patch_adapter_utils:generate_adapted_file:902 - position is -1
2025-06-12 18:01:13.118 | WARNING  | patch_adapter_utils:generate_adapted_file:905 - 在文件中未找到hunk的合适位置:
{'line_numbers': {'old_start': 12, 'old_count': 6, 'new_start': 12, 'new_count': 16}, 'lines': [('context', "        self.assertTrue(is_valid_ipv6_address('2a02::223:6cff:fe8a:2e8a'))"), ('context', "        self.assertTrue(is_valid_ipv6_address('1::2:3:4:5:6:7'))"), ('context', "        self.assertTrue(is_valid_ipv6_address('::'))"), ('add', '        # Test case for very long but valid IPv6 address.'), ('add', "        self.assertTrue(is_valid_ipv6_address('0000:0000:0000:0000:0000:ffff:192.168.100.228'))"), ('add', ''), ('add', '    def test_address_too_long(self):'), ('add', '        addresses = ['), ('add', '            "0000:0000:0000:0000:0000:ffff:192.168.100.228",  # IPv4-mapped IPv6 address'), ('add', '            "0000:0000:0000:0000:0000:ffff:192.168.100.228%123456",  # % scope/zone'), ('add', '            "fe80::223:6cff:fe8a:2e8a:1234:5678:00000",  # MAX_IPV6_ADDRESS_LENGTH + 1'), ('add', '        ]'), ('add', '        for addr in addresses:'), ('add', '            with self.subTest(addr=addr):'), ('add', '                self.assertGreater(len(addr), MAX_IPV6_ADDRESS_LENGTH)'), ('add', '                self.assertFalse(is_valid_ipv6_address(addr))'), ('context', ''), ('context', '    def test_validates_incorrect_plain_address(self):'), ('context', "        self.assertFalse(is_valid_ipv6_address('foo'))")]}
2025-06-12 18:01:13.118 | INFO     | patch_adapter_utils:generate_adapted_file:924 - 成功应用修改到文件: tests/utils_tests/test_ipv6.py
2025-06-12 18:01:13.119 | INFO     | modules.patch_adapter:_generate_adapted_patch:254 - target_path: /home/elpsy/.cache/port-patch/django/tests/utils_tests/test_ipv6.py
2025-06-12 18:01:13.119 | INFO     | modules.patch_adapter:_generate_adapted_patch:271 - 文件未修改: tests/utils_tests/test_ipv6.py
2025-06-12 18:01:13.120 | INFO     | modules.patch_adapter:_generate_adapted_patch:254 - target_path: /home/elpsy/.cache/port-patch/django/tests/forms_tests/field_tests/test_genericipaddressfield.py
2025-06-12 18:01:13.120 | INFO     | modules.patch_adapter:_generate_adapted_patch:271 - 文件未修改: tests/forms_tests/field_tests/test_genericipaddressfield.py
2025-06-12 18:01:13.121 | INFO     | modules.patch_adapter:_generate_adapted_patch:254 - target_path: /home/elpsy/.cache/port-patch/django/docs/ref/forms/fields.txt
2025-06-12 18:01:13.121 | INFO     | modules.patch_adapter:_generate_adapted_patch:271 - 文件未修改: docs/ref/forms/fields.txt
2025-06-12 18:01:13.122 | INFO     | modules.patch_adapter:_generate_adapted_patch:254 - target_path: /home/elpsy/.cache/port-patch/django/django/forms/fields.py
2025-06-12 18:01:13.122 | INFO     | modules.patch_adapter:_generate_adapted_patch:264 - 文件内容变化，执行复制: django/forms/fields.py
2025-06-12 18:01:13.124 | INFO     | modules.patch_adapter:_generate_adapted_patch:267 - 将文件从/home/elpsy/workspace/sow/patch-backport/workspace/django/django/ad866a/adapted_3.2.7/django/forms/fields.py复制到/home/elpsy/.cache/port-patch/django/django/forms/fields.py
2025-06-12 18:01:13.124 | INFO     | modules.patch_adapter:_generate_adapted_patch:254 - target_path: /home/elpsy/.cache/port-patch/django/django/utils/ipv6.py
2025-06-12 18:01:13.125 | INFO     | modules.patch_adapter:_generate_adapted_patch:264 - 文件内容变化，执行复制: django/utils/ipv6.py
2025-06-12 18:01:13.126 | INFO     | modules.patch_adapter:_generate_adapted_patch:267 - 将文件从/home/elpsy/workspace/sow/patch-backport/workspace/django/django/ad866a/adapted_3.2.7/django/utils/ipv6.py复制到/home/elpsy/.cache/port-patch/django/django/utils/ipv6.py
2025-06-12 18:01:13.127 | INFO     | modules.patch_adapter:_generate_adapted_patch:254 - target_path: /home/elpsy/.cache/port-patch/django/django/db/models/fields/__init__.py
2025-06-12 18:01:13.129 | INFO     | modules.patch_adapter:_generate_adapted_patch:271 - 文件未修改: django/db/models/fields/__init__.py
2025-06-12 18:01:13.214 | INFO     | modules.patch_adapter:_generate_adapted_patch:322 - 生成补丁成功: /home/elpsy/workspace/sow/patch-backport/workspace/django/django/ad866a/patches/0001-Applied-adapted-patch-for-3.2.7.patch

2025-06-12 18:01:13.214 | INFO     | modules.patch_adapter:_generate_adapted_patch:324 - patch_dir所含文件: ['adapted_3.2.7.patch', 'merged_3.2.7.patch', 'upstream_ad866a.patch', '0001-Applied-adapted-patch-for-3.2.7.patch']
2025-06-12 18:01:13.215 | INFO     | modules.patch_adapter:_generate_adapted_patch:335 - 已重命名补丁文件: 从 /home/elpsy/workspace/sow/patch-backport/workspace/django/django/ad866a/patches/0001-Applied-adapted-patch-for-3.2.7.patch 到 /home/elpsy/workspace/sow/patch-backport/workspace/django/django/ad866a/patches/adapted_3.2.7.patch
2025-06-12 18:01:13.215 | INFO     | modules.patch_adapter:_generate_adapted_patch:345 - 已生成适配后的补丁文件: /home/elpsy/workspace/sow/patch-backport/workspace/django/django/ad866a/patches/adapted_3.2.7.patch
2025-06-12 18:01:13.216 | INFO     | modules.patch_adapter:execute:73 - 生成适配补丁成功: /home/elpsy/workspace/sow/patch-backport/workspace/django/django/ad866a/patches/adapted_3.2.7.patch
2025-06-12 18:01:13.291 | INFO     | modules.patch_adapter:_test_apply_patch:478 - 补丁应用成功: /home/elpsy/workspace/sow/patch-backport/workspace/django/django/ad866a/patches/adapted_3.2.7.patch
2025-06-12 18:01:13.339 | INFO     | modules.patch_adapter:_cleanup_test_branch:199 - 清理测试分支: test_adapt_3.2.7_20250612_180112
2025-06-12 18:01:13.368 | INFO     | modules.patch_adapter:_save_metrics:428 - 补丁适配指标已保存到: workspace/django/django/ad866a/metrics/patch_adapter_metrics.json
2025-06-12 18:01:13.369 | INFO     | core.adaptation_pipeline:process_patch:128 - 补丁处理完成，耗时: 123.45秒
2025-06-12 18:01:13.369 | INFO     | __main__:_merge_patches:1101 - 开始合并补丁...
2025-06-12 18:01:13.370 | INFO     | __main__:_merge_patches:1136 - chunk_results2:
2025-06-12 18:01:13.371 | INFO     | __main__:_merge_patches:1138 - chunk_patches: [PosixPath('/home/elpsy/workspace/sow/patch-backport/workspace/django/django/ad866a/chunk_patches/chunk_001_20250612_175910.patch'), PosixPath('/home/elpsy/workspace/sow/patch-backport/workspace/django/django/ad866a/chunk_patches/chunk_009_20250612_175910.patch'), PosixPath('/home/elpsy/workspace/sow/patch-backport/workspace/django/django/ad866a/chunk_patches/chunk_010_20250612_175910.patch'), PosixPath('/home/elpsy/workspace/sow/patch-backport/workspace/django/django/ad866a/chunk_patches/chunk_011_20250612_175910.patch'), PosixPath('/home/elpsy/workspace/sow/patch-backport/workspace/django/django/ad866a/chunk_patches/chunk_014_20250612_175910.patch')]
2025-06-12 18:01:13.371 | INFO     | __main__:_merge_patches:1140 - Chunk分析器应用了 5/18 个chunks
2025-06-12 18:01:13.371 | INFO     | __main__:_merge_patches:1175 - 找到patch_adapter成功的补丁: /home/elpsy/workspace/sow/patch-backport/workspace/django/django/ad866a/patches/adapted_3.2.7.patch
2025-06-12 18:01:13.372 | INFO     | __main__:_merge_patches:1186 - 合并 5 个chunk补丁和patch_adapter补丁
2025-06-12 18:01:13.372 | INFO     | __main__:_combine_patch_files:1269 - 创建临时测试分支: patch_merge_85945442
2025-06-12 18:01:13.519 | INFO     | __main__:_combine_patch_files:1321 - 补丁 chunk_001_20250612_175910.patch 大小: 1547 字节
2025-06-12 18:01:13.519 | INFO     | __main__:_combine_patch_files:1321 - 补丁 chunk_009_20250612_175910.patch 大小: 1346 字节
2025-06-12 18:01:13.520 | INFO     | __main__:_combine_patch_files:1321 - 补丁 chunk_010_20250612_175910.patch 大小: 1650 字节
2025-06-12 18:01:13.520 | INFO     | __main__:_combine_patch_files:1321 - 补丁 chunk_011_20250612_175910.patch 大小: 1398 字节
2025-06-12 18:01:13.520 | INFO     | __main__:_combine_patch_files:1321 - 补丁 chunk_014_20250612_175910.patch 大小: 1481 字节
2025-06-12 18:01:13.521 | INFO     | __main__:_combine_patch_files:1321 - 补丁 adapted_3.2.7.patch 大小: 1494 字节
2025-06-12 18:01:13.521 | INFO     | __main__:_combine_patch_files:1330 - 应用补丁: /home/elpsy/workspace/sow/patch-backport/workspace/django/django/ad866a/chunk_patches/chunk_001_20250612_175910.patch
2025-06-12 18:01:13.521 | INFO     | __main__:_combine_patch_files:1333 - 执行命令: git apply --ignore-whitespace /home/elpsy/workspace/sow/patch-backport/workspace/django/django/ad866a/chunk_patches/chunk_001_20250612_175910.patch
2025-06-12 18:01:13.525 | INFO     | __main__:_combine_patch_files:1343 - 成功应用补丁: /home/elpsy/workspace/sow/patch-backport/workspace/django/django/ad866a/chunk_patches/chunk_001_20250612_175910.patch
2025-06-12 18:01:13.526 | INFO     | __main__:_combine_patch_files:1330 - 应用补丁: /home/elpsy/workspace/sow/patch-backport/workspace/django/django/ad866a/chunk_patches/chunk_009_20250612_175910.patch
2025-06-12 18:01:13.526 | INFO     | __main__:_combine_patch_files:1333 - 执行命令: git apply --ignore-whitespace /home/elpsy/workspace/sow/patch-backport/workspace/django/django/ad866a/chunk_patches/chunk_009_20250612_175910.patch
2025-06-12 18:01:13.530 | INFO     | __main__:_combine_patch_files:1343 - 成功应用补丁: /home/elpsy/workspace/sow/patch-backport/workspace/django/django/ad866a/chunk_patches/chunk_009_20250612_175910.patch
2025-06-12 18:01:13.530 | INFO     | __main__:_combine_patch_files:1330 - 应用补丁: /home/elpsy/workspace/sow/patch-backport/workspace/django/django/ad866a/chunk_patches/chunk_010_20250612_175910.patch
2025-06-12 18:01:13.530 | INFO     | __main__:_combine_patch_files:1333 - 执行命令: git apply --ignore-whitespace /home/elpsy/workspace/sow/patch-backport/workspace/django/django/ad866a/chunk_patches/chunk_010_20250612_175910.patch
2025-06-12 18:01:13.534 | INFO     | __main__:_combine_patch_files:1343 - 成功应用补丁: /home/elpsy/workspace/sow/patch-backport/workspace/django/django/ad866a/chunk_patches/chunk_010_20250612_175910.patch
2025-06-12 18:01:13.534 | INFO     | __main__:_combine_patch_files:1330 - 应用补丁: /home/elpsy/workspace/sow/patch-backport/workspace/django/django/ad866a/chunk_patches/chunk_011_20250612_175910.patch
2025-06-12 18:01:13.534 | INFO     | __main__:_combine_patch_files:1333 - 执行命令: git apply --ignore-whitespace /home/elpsy/workspace/sow/patch-backport/workspace/django/django/ad866a/chunk_patches/chunk_011_20250612_175910.patch
2025-06-12 18:01:13.537 | INFO     | __main__:_combine_patch_files:1343 - 成功应用补丁: /home/elpsy/workspace/sow/patch-backport/workspace/django/django/ad866a/chunk_patches/chunk_011_20250612_175910.patch
2025-06-12 18:01:13.538 | INFO     | __main__:_combine_patch_files:1330 - 应用补丁: /home/elpsy/workspace/sow/patch-backport/workspace/django/django/ad866a/chunk_patches/chunk_014_20250612_175910.patch
2025-06-12 18:01:13.538 | INFO     | __main__:_combine_patch_files:1333 - 执行命令: git apply --ignore-whitespace /home/elpsy/workspace/sow/patch-backport/workspace/django/django/ad866a/chunk_patches/chunk_014_20250612_175910.patch
2025-06-12 18:01:13.542 | INFO     | __main__:_combine_patch_files:1343 - 成功应用补丁: /home/elpsy/workspace/sow/patch-backport/workspace/django/django/ad866a/chunk_patches/chunk_014_20250612_175910.patch
2025-06-12 18:01:13.542 | INFO     | __main__:_combine_patch_files:1330 - 应用补丁: /home/elpsy/workspace/sow/patch-backport/workspace/django/django/ad866a/patches/adapted_3.2.7.patch
2025-06-12 18:01:13.542 | INFO     | __main__:_combine_patch_files:1333 - 执行命令: git apply --ignore-whitespace /home/elpsy/workspace/sow/patch-backport/workspace/django/django/ad866a/patches/adapted_3.2.7.patch
2025-06-12 18:01:13.547 | INFO     | __main__:_combine_patch_files:1343 - 成功应用补丁: /home/elpsy/workspace/sow/patch-backport/workspace/django/django/ad866a/patches/adapted_3.2.7.patch
2025-06-12 18:01:13.656 | INFO     | __main__:_combine_patch_files:1442 - 执行命令: git format-patch -1 HEAD --stdout > temp_patch_merge/merged.patch
2025-06-12 18:01:13.668 | INFO     | __main__:_combine_patch_files:1484 - 成功生成合并补丁: temp_patch_merge/merged.patch (大小: 4550 字节)
2025-06-12 18:01:13.668 | INFO     | __main__:_combine_patch_files:1499 - 清理临时分支: patch_merge_85945442
2025-06-12 18:01:13.698 | INFO     | __main__:_merge_patches:1204 - 成功合并chunk补丁和patch_adapter补丁到: workspace/django/django/ad866a/patches/merged_3.2.7.patch
2025-06-12 18:01:13.698 | INFO     | __main__:_process_mode1:392 - 成功合并补丁到: workspace/django/django/ad866a/patches/merged_3.2.7.patch
2025-06-12 18:01:13.699 | INFO     | __main__:_save_results:758 - 已复制最终补丁到结果目录: results/django_3.2.7_ad866a_20250612_180113/merged_3.2.7.patch
2025-06-12 18:01:13.701 | INFO     | __main__:_save_results:896 - 结果已保存到: results/django_3.2.7_ad866a_20250612_180113/result.json
2025-06-12 18:01:13.702 | INFO     | __main__:_print_summary:938 - context.patch_adapter_result: {'success': True, 'adapted_patch_path': '/home/elpsy/workspace/sow/patch-backport/workspace/django/django/ad866a/patches/adapted_3.2.7.patch', 'apply_result': {'success': True, 'error': None, 'error_type': None, 'output': 'Applying: Applied adapted patch for 3.2.7\n'}}
2025-06-12 18:01:13.702 | INFO     | __main__:_print_summary:965 - ==================================================
2025-06-12 18:01:13.702 | INFO     | __main__:_print_summary:966 - 处理摘要 - 提交: ad866a
2025-06-12 18:01:13.703 | INFO     | __main__:_print_summary:967 - 适配状态: 适配成功 (方法: patch_adapter)
2025-06-12 18:01:13.703 | INFO     | __main__:_print_summary:982 - 块分析统计:
2025-06-12 18:01:13.703 | INFO     | __main__:_print_summary:983 - - 总块数: 18
2025-06-12 18:01:13.703 | INFO     | __main__:_print_summary:984 - - 冲突块数: 13
2025-06-12 18:01:13.704 | INFO     | __main__:_print_summary:985 - - 成功适配块数: 13
2025-06-12 18:01:13.704 | INFO     | __main__:_print_summary:986 - - 适配失败块数: 0
2025-06-12 18:01:13.704 | INFO     | __main__:_print_summary:987 - - 编译失败块数: 0
2025-06-12 18:01:13.704 | INFO     | __main__:_print_summary:991 - 总执行时间: 123.45秒
2025-06-12 18:01:13.705 | INFO     | __main__:_print_summary:996 - ==================================================
2025-06-12 18:01:13.705 | INFO     | __main__:run:335 - 处理完成
2025-06-12 18:01:13.705 | INFO     | __main__:process_single_commit:2219 - ============================================================
2025-06-12 18:01:13.705 | INFO     | __main__:process_single_commit:2220 - 单个commit处理完成: ad866a1ca3e7d60da888d25d27e46a8adb2ed36e
2025-06-12 18:01:13.706 | INFO     | __main__:process_single_commit:2221 - ============================================================
2025-06-12 18:01:13.709 | INFO     | __main__:clean_config:2181 - 清理配置文件: /home/elpsy/.config/port-patch/new_inputs.yaml
