2025-06-12 15:59:05.235 | INFO     | __main__:_setup_logger:325 - 日志文件: logs/backport_20250612_155905.log
2025-06-12 15:59:05.235 | INFO     | __main__:run:329 - 开始执行 模式1
2025-06-12 15:59:05.235 | INFO     | __main__:_process_mode1:351 - 处理补丁: https://github.com/linux/kernel-torvalds/commit/2afd4d267e6dbaec8d3ccd4f5396cb84bc67aa2e.patch
2025-06-12 15:59:05.236 | INFO     | core.adaptation_pipeline:_load_modules:66 - 已加载模块: direct_apply
2025-06-12 15:59:05.236 | INFO     | core.adaptation_pipeline:_load_modules:66 - 已加载模块: chunk_analyzer
2025-06-12 15:59:05.237 | INFO     | core.adaptation_pipeline:_load_modules:66 - 已加载模块: llm_adapter
2025-06-12 15:59:05.237 | INFO     | core.adaptation_pipeline:_load_modules:66 - 已加载模块: patch_adapter
2025-06-12 15:59:05.237 | INFO     | __main__:_process_mode1:358 - 目标版本: ['v6.12-rc7']
2025-06-12 15:59:05.238 | INFO     | __main__:_process_mode1:365 - 开始处理版本: v6.12-rc7
2025-06-12 15:59:05.238 | INFO     | core.adaptation_pipeline:process_patch:85 - 开始处理补丁: 2afd4d267e6dbaec8d3ccd4f5396cb84bc67aa2e.patch
2025-06-12 15:59:05.238 | INFO     | core.adaptation_pipeline:process_patch:106 - 执行模块: direct_apply
2025-06-12 15:59:05.239 | INFO     | modules.direct_apply:_download_patch:245 - 上游补丁文件不存在，下载补丁
2025-06-12 15:59:05.240 | INFO     | patch_utils:_download_github_patch:232 - GitHub patch URL parts: ['https:', '', 'github.com', 'linux', 'kernel-torvalds', 'commit', '2afd4d267e6dbaec8d3ccd4f5396cb84bc67aa2e.patch']
2025-06-12 15:59:05.240 | INFO     | patch_utils:_download_github_patch:240 - 使用GitHub Commit API下载patch: https://api.github.com/repos/linux/kernel-torvalds/commits/2afd4d267e6dbaec8d3ccd4f5396cb84bc67aa2e
2025-06-12 15:59:06.066 | ERROR    | patch_utils:_download_github_patch:260 - 使用GitHub API下载patch失败: 404 Client Error: Not Found for url: https://api.github.com/repos/linux/kernel-torvalds/commits/2afd4d267e6dbaec8d3ccd4f5396cb84bc67aa2e
2025-06-12 15:59:06.067 | INFO     | patch_utils:_download_direct_patch:396 - 直接下载补丁文件: https://github.com/linux/kernel-torvalds/commit/2afd4d267e6dbaec8d3ccd4f5396cb84bc67aa2e.patch
2025-06-12 15:59:12.394 | ERROR    | patch_utils:_download_direct_patch:427 - 直接下载patch失败: Exceeded 30 redirects.
2025-06-12 15:59:12.395 | WARNING  | modules.direct_apply:_download_patch:258 - 补丁下载出错: 无法下载补丁: https://github.com/linux/kernel-torvalds/commit/2afd4d267e6dbaec8d3ccd4f5396cb84bc67aa2e.patch - Exceeded 30 redirects.
2025-06-12 15:59:12.399 | INFO     | modules.direct_apply:_download_patch:261 - 尝试从本地仓库生成补丁
2025-06-12 15:59:12.401 | INFO     | patch_utils:generate_patch_from_git:452 - 尝试从本地仓库生成补丁: 2afd4d267e6dbaec8d3ccd4f5396cb84bc67aa2e.patch
2025-06-12 15:59:12.436 | INFO     | patch_utils:generate_patch_from_git:483 - 成功从本地仓库生成补丁: workspace/linux/kernel-torvalds/2afd4d/patches/upstream_2afd4d.patch
2025-06-12 15:59:12.437 | INFO     | modules.direct_apply:_download_patch:269 - 成功从本地仓库生成补丁: workspace/linux/kernel-torvalds/2afd4d/patches/upstream_2afd4d.patch
2025-06-12 15:59:12.437 | INFO     | modules.direct_apply:execute:62 - 此时upstream_patch_path存在状态: True
2025-06-12 15:59:12.437 | INFO     | modules.direct_apply:execute:63 - 下载补丁成功: /home/elpsy/workspace/sow/patch-backport/workspace/linux/kernel-torvalds/2afd4d/patches/upstream_2afd4d.patch
2025-06-12 15:59:12.619 | INFO     | modules.direct_apply:_prepare_test_branch:375 - 创建测试分支: test_patch_v6.12-rc7
2025-06-12 15:59:13.243 | ERROR    | modules.direct_apply:_apply_patch:315 - 补丁应用失败: error: patch failed: fs/ntfs3/record.c:209
error: fs/ntfs3/record.c: patch does not apply
hint: Use 'git am --show-current-patch' to see the failed patch

2025-06-12 15:59:13.725 | INFO     | modules.direct_apply:_cleanup_test_branch:467 - 清理测试分支: test_patch_v6.12-rc7
2025-06-12 15:59:13.725 | INFO     | core.adaptation_pipeline:process_patch:106 - 执行模块: chunk_analyzer
2025-06-12 15:59:13.726 | INFO     | modules.chunk_analyzer:execute:52 - 开始分析补丁: /home/elpsy/workspace/sow/patch-backport/workspace/linux/kernel-torvalds/2afd4d/patches/upstream_2afd4d.patch
2025-06-12 15:59:13.727 | INFO     | modules.chunk_analyzer:_split_patch_into_chunks:175 - 开始分解补丁文件: /home/elpsy/workspace/sow/patch-backport/workspace/linux/kernel-torvalds/2afd4d/patches/upstream_2afd4d.patch
2025-06-12 15:59:13.727 | INFO     | modules.chunk_analyzer:_split_patch_into_chunks:180 - 补丁文件包含 584 行内容
2025-06-12 15:59:13.728 | INFO     | modules.chunk_analyzer:_split_patch_into_chunks:195 - 发现修改文件: fs/ntfs3/attrib.c
2025-06-12 15:59:13.729 | INFO     | modules.chunk_analyzer:_split_patch_into_chunks:246 - 发现修改块: fs/ntfs3/attrib.c @@ -787,7 +787,8 @@ (modification)
2025-06-12 15:59:13.729 | INFO     | modules.chunk_analyzer:_split_patch_into_chunks:246 - 发现修改块: fs/ntfs3/attrib.c @@ -1181,7 +1182,7 @@ (modification)
2025-06-12 15:59:13.730 | INFO     | modules.chunk_analyzer:_split_patch_into_chunks:246 - 发现修改块: fs/ntfs3/attrib.c @@ -1796,7 +1797,7 @@ (modification)
2025-06-12 15:59:13.730 | INFO     | modules.chunk_analyzer:_split_patch_into_chunks:246 - 发现修改块: fs/ntfs3/attrib.c @@ -2041,8 +2042,8 @@ (modification)
2025-06-12 15:59:13.731 | INFO     | modules.chunk_analyzer:_split_patch_into_chunks:195 - 发现修改文件: fs/ntfs3/frecord.c
2025-06-12 15:59:13.731 | INFO     | modules.chunk_analyzer:_split_patch_into_chunks:246 - 发现修改块: fs/ntfs3/frecord.c @@ -75,7 +75,7 @@ (modification)
2025-06-12 15:59:13.732 | INFO     | modules.chunk_analyzer:_split_patch_into_chunks:246 - 发现修改块: fs/ntfs3/frecord.c @@ -89,7 +89,7 @@ (modification)
2025-06-12 15:59:13.733 | INFO     | modules.chunk_analyzer:_split_patch_into_chunks:246 - 发现修改块: fs/ntfs3/frecord.c @@ -201,7 +201,8 @@ (modification)
2025-06-12 15:59:13.733 | INFO     | modules.chunk_analyzer:_split_patch_into_chunks:246 - 发现修改块: fs/ntfs3/frecord.c @@ -217,7 +218,7 @@ (modification)
2025-06-12 15:59:13.734 | INFO     | modules.chunk_analyzer:_split_patch_into_chunks:246 - 发现修改块: fs/ntfs3/frecord.c @@ -259,7 +260,7 @@ (modification)
2025-06-12 15:59:13.735 | INFO     | modules.chunk_analyzer:_split_patch_into_chunks:246 - 发现修改块: fs/ntfs3/frecord.c @@ -275,7 +276,7 @@ (modification)
2025-06-12 15:59:13.735 | INFO     | modules.chunk_analyzer:_split_patch_into_chunks:246 - 发现修改块: fs/ntfs3/frecord.c @@ -293,7 +294,8 @@ (modification)
2025-06-12 15:59:13.736 | INFO     | modules.chunk_analyzer:_split_patch_into_chunks:246 - 发现修改块: fs/ntfs3/frecord.c @@ -319,7 +321,7 @@ (modification)
2025-06-12 15:59:13.736 | INFO     | modules.chunk_analyzer:_split_patch_into_chunks:246 - 发现修改块: fs/ntfs3/frecord.c @@ -398,7 +400,8 @@ (modification)
2025-06-12 15:59:13.737 | INFO     | modules.chunk_analyzer:_split_patch_into_chunks:246 - 发现修改块: fs/ntfs3/frecord.c @@ -437,7 +440,7 @@ (modification)
2025-06-12 15:59:13.737 | INFO     | modules.chunk_analyzer:_split_patch_into_chunks:246 - 发现修改块: fs/ntfs3/frecord.c @@ -485,7 +488,7 @@ (modification)
2025-06-12 15:59:13.737 | INFO     | modules.chunk_analyzer:_split_patch_into_chunks:246 - 发现修改块: fs/ntfs3/frecord.c @@ -673,7 +676,7 @@ (modification)
2025-06-12 15:59:13.738 | INFO     | modules.chunk_analyzer:_split_patch_into_chunks:246 - 发现修改块: fs/ntfs3/frecord.c @@ -695,7 +698,7 @@ (modification)
2025-06-12 15:59:13.738 | INFO     | modules.chunk_analyzer:_split_patch_into_chunks:246 - 发现修改块: fs/ntfs3/frecord.c @@ -731,7 +734,7 @@ (modification)
2025-06-12 15:59:13.739 | INFO     | modules.chunk_analyzer:_split_patch_into_chunks:246 - 发现修改块: fs/ntfs3/frecord.c @@ -740,7 +743,7 @@ (modification)
2025-06-12 15:59:13.739 | INFO     | modules.chunk_analyzer:_split_patch_into_chunks:246 - 发现修改块: fs/ntfs3/frecord.c @@ -768,7 +771,7 @@ (modification)
2025-06-12 15:59:13.742 | INFO     | modules.chunk_analyzer:_split_patch_into_chunks:246 - 发现修改块: fs/ntfs3/frecord.c @@ -831,7 +834,7 @@ (modification)
2025-06-12 15:59:13.742 | INFO     | modules.chunk_analyzer:_split_patch_into_chunks:246 - 发现修改块: fs/ntfs3/frecord.c @@ -886,7 +889,7 @@ (modification)
2025-06-12 15:59:13.743 | INFO     | modules.chunk_analyzer:_split_patch_into_chunks:246 - 发现修改块: fs/ntfs3/frecord.c @@ -909,7 +912,7 @@ (modification)
2025-06-12 15:59:13.743 | INFO     | modules.chunk_analyzer:_split_patch_into_chunks:246 - 发现修改块: fs/ntfs3/frecord.c @@ -993,13 +996,13 @@ (modification)
2025-06-12 15:59:13.743 | INFO     | modules.chunk_analyzer:_split_patch_into_chunks:246 - 发现修改块: fs/ntfs3/frecord.c @@ -1008,7 +1011,7 @@ (modification)
2025-06-12 15:59:13.744 | INFO     | modules.chunk_analyzer:_split_patch_into_chunks:246 - 发现修改块: fs/ntfs3/frecord.c @@ -1157,7 +1160,7 @@ (modification)
2025-06-12 15:59:13.744 | INFO     | modules.chunk_analyzer:_split_patch_into_chunks:246 - 发现修改块: fs/ntfs3/frecord.c @@ -1175,7 +1178,7 @@ (modification)
2025-06-12 15:59:13.744 | INFO     | modules.chunk_analyzer:_split_patch_into_chunks:246 - 发现修改块: fs/ntfs3/frecord.c @@ -1259,7 +1262,7 @@ (modification)
2025-06-12 15:59:13.745 | INFO     | modules.chunk_analyzer:_split_patch_into_chunks:246 - 发现修改块: fs/ntfs3/frecord.c @@ -1280,7 +1283,7 @@ (modification)
2025-06-12 15:59:13.745 | INFO     | modules.chunk_analyzer:_split_patch_into_chunks:246 - 发现修改块: fs/ntfs3/frecord.c @@ -1397,7 +1400,7 @@ (modification)
2025-06-12 15:59:13.746 | INFO     | modules.chunk_analyzer:_split_patch_into_chunks:246 - 发现修改块: fs/ntfs3/frecord.c @@ -3344,7 +3347,7 @@ (modification)
2025-06-12 15:59:13.746 | INFO     | modules.chunk_analyzer:_split_patch_into_chunks:195 - 发现修改文件: fs/ntfs3/ntfs_fs.h
2025-06-12 15:59:13.747 | INFO     | modules.chunk_analyzer:_split_patch_into_chunks:246 - 发现修改块: fs/ntfs3/ntfs_fs.h @@ -745,23 +745,24 @@ (modification)
2025-06-12 15:59:13.747 | INFO     | modules.chunk_analyzer:_split_patch_into_chunks:195 - 发现修改文件: fs/ntfs3/record.c
2025-06-12 15:59:13.747 | INFO     | modules.chunk_analyzer:_split_patch_into_chunks:246 - 发现修改块: fs/ntfs3/record.c @@ -31,7 +31,7 @@ (modification)
2025-06-12 15:59:13.748 | INFO     | modules.chunk_analyzer:_split_patch_into_chunks:246 - 发现修改块: fs/ntfs3/record.c @@ -52,7 +52,7 @@ (modification)
2025-06-12 15:59:13.748 | INFO     | modules.chunk_analyzer:_split_patch_into_chunks:246 - 发现修改块: fs/ntfs3/record.c @@ -195,7 +195,8 @@ (modification)
2025-06-12 15:59:13.748 | INFO     | modules.chunk_analyzer:_split_patch_into_chunks:246 - 发现修改块: fs/ntfs3/record.c @@ -209,11 +210,11 @@ (modification)
2025-06-12 15:59:13.749 | INFO     | modules.chunk_analyzer:_split_patch_into_chunks:246 - 发现修改块: fs/ntfs3/record.c @@ -243,7 +244,7 @@ (modification)
2025-06-12 15:59:13.749 | INFO     | modules.chunk_analyzer:_split_patch_into_chunks:246 - 发现修改块: fs/ntfs3/record.c @@ -254,112 +255,116 @@ (modification)
2025-06-12 15:59:13.749 | INFO     | modules.chunk_analyzer:_split_patch_into_chunks:246 - 发现修改块: fs/ntfs3/record.c @@ -467,9 +472,9 @@ (modification)
2025-06-12 15:59:13.750 | INFO     | modules.chunk_analyzer:_split_patch_into_chunks:246 - 发现修改块: fs/ntfs3/record.c @@ -488,7 +493,7 @@ (modification)
2025-06-12 15:59:13.750 | INFO     | modules.chunk_analyzer:_split_patch_into_chunks:246 - 发现修改块: fs/ntfs3/record.c @@ -508,7 +513,7 @@ (modification)
2025-06-12 15:59:13.750 | INFO     | modules.chunk_analyzer:_split_patch_into_chunks:266 - 补丁分解完成，共找到 41 个修改块
2025-06-12 15:59:13.751 | INFO     | modules.chunk_analyzer:execute:56 - 补丁被分解为 41 个块
2025-06-12 15:59:13.752 | INFO     | modules.chunk_analyzer:_create_chunk_patches:285 - 从原始补丁提取头部信息: /home/elpsy/workspace/sow/patch-backport/workspace/linux/kernel-torvalds/2afd4d/patches/upstream_2afd4d.patch
2025-06-12 15:59:13.752 | INFO     | modules.chunk_analyzer:_create_chunk_patches:311 - 创建块补丁文件: /home/elpsy/workspace/sow/patch-backport/workspace/linux/kernel-torvalds/2afd4d/chunk_patches/chunk_001_20250612_155913.patch (修改文件: fs/ntfs3/attrib.c)
2025-06-12 15:59:13.753 | INFO     | modules.chunk_analyzer:_create_chunk_patches:311 - 创建块补丁文件: /home/elpsy/workspace/sow/patch-backport/workspace/linux/kernel-torvalds/2afd4d/chunk_patches/chunk_002_20250612_155913.patch (修改文件: fs/ntfs3/attrib.c)
2025-06-12 15:59:13.754 | INFO     | modules.chunk_analyzer:_create_chunk_patches:311 - 创建块补丁文件: /home/elpsy/workspace/sow/patch-backport/workspace/linux/kernel-torvalds/2afd4d/chunk_patches/chunk_003_20250612_155913.patch (修改文件: fs/ntfs3/attrib.c)
2025-06-12 15:59:13.754 | INFO     | modules.chunk_analyzer:_create_chunk_patches:311 - 创建块补丁文件: /home/elpsy/workspace/sow/patch-backport/workspace/linux/kernel-torvalds/2afd4d/chunk_patches/chunk_004_20250612_155913.patch (修改文件: fs/ntfs3/attrib.c)
2025-06-12 15:59:13.755 | INFO     | modules.chunk_analyzer:_create_chunk_patches:311 - 创建块补丁文件: /home/elpsy/workspace/sow/patch-backport/workspace/linux/kernel-torvalds/2afd4d/chunk_patches/chunk_005_20250612_155913.patch (修改文件: fs/ntfs3/frecord.c)
2025-06-12 15:59:13.758 | INFO     | modules.chunk_analyzer:_create_chunk_patches:311 - 创建块补丁文件: /home/elpsy/workspace/sow/patch-backport/workspace/linux/kernel-torvalds/2afd4d/chunk_patches/chunk_006_20250612_155913.patch (修改文件: fs/ntfs3/frecord.c)
2025-06-12 15:59:13.759 | INFO     | modules.chunk_analyzer:_create_chunk_patches:311 - 创建块补丁文件: /home/elpsy/workspace/sow/patch-backport/workspace/linux/kernel-torvalds/2afd4d/chunk_patches/chunk_007_20250612_155913.patch (修改文件: fs/ntfs3/frecord.c)
2025-06-12 15:59:13.760 | INFO     | modules.chunk_analyzer:_create_chunk_patches:311 - 创建块补丁文件: /home/elpsy/workspace/sow/patch-backport/workspace/linux/kernel-torvalds/2afd4d/chunk_patches/chunk_008_20250612_155913.patch (修改文件: fs/ntfs3/frecord.c)
2025-06-12 15:59:13.761 | INFO     | modules.chunk_analyzer:_create_chunk_patches:311 - 创建块补丁文件: /home/elpsy/workspace/sow/patch-backport/workspace/linux/kernel-torvalds/2afd4d/chunk_patches/chunk_009_20250612_155913.patch (修改文件: fs/ntfs3/frecord.c)
2025-06-12 15:59:13.762 | INFO     | modules.chunk_analyzer:_create_chunk_patches:311 - 创建块补丁文件: /home/elpsy/workspace/sow/patch-backport/workspace/linux/kernel-torvalds/2afd4d/chunk_patches/chunk_010_20250612_155913.patch (修改文件: fs/ntfs3/frecord.c)
2025-06-12 15:59:13.763 | INFO     | modules.chunk_analyzer:_create_chunk_patches:311 - 创建块补丁文件: /home/elpsy/workspace/sow/patch-backport/workspace/linux/kernel-torvalds/2afd4d/chunk_patches/chunk_011_20250612_155913.patch (修改文件: fs/ntfs3/frecord.c)
2025-06-12 15:59:13.764 | INFO     | modules.chunk_analyzer:_create_chunk_patches:311 - 创建块补丁文件: /home/elpsy/workspace/sow/patch-backport/workspace/linux/kernel-torvalds/2afd4d/chunk_patches/chunk_012_20250612_155913.patch (修改文件: fs/ntfs3/frecord.c)
2025-06-12 15:59:13.764 | INFO     | modules.chunk_analyzer:_create_chunk_patches:311 - 创建块补丁文件: /home/elpsy/workspace/sow/patch-backport/workspace/linux/kernel-torvalds/2afd4d/chunk_patches/chunk_013_20250612_155913.patch (修改文件: fs/ntfs3/frecord.c)
2025-06-12 15:59:13.765 | INFO     | modules.chunk_analyzer:_create_chunk_patches:311 - 创建块补丁文件: /home/elpsy/workspace/sow/patch-backport/workspace/linux/kernel-torvalds/2afd4d/chunk_patches/chunk_014_20250612_155913.patch (修改文件: fs/ntfs3/frecord.c)
2025-06-12 15:59:13.766 | INFO     | modules.chunk_analyzer:_create_chunk_patches:311 - 创建块补丁文件: /home/elpsy/workspace/sow/patch-backport/workspace/linux/kernel-torvalds/2afd4d/chunk_patches/chunk_015_20250612_155913.patch (修改文件: fs/ntfs3/frecord.c)
2025-06-12 15:59:13.767 | INFO     | modules.chunk_analyzer:_create_chunk_patches:311 - 创建块补丁文件: /home/elpsy/workspace/sow/patch-backport/workspace/linux/kernel-torvalds/2afd4d/chunk_patches/chunk_016_20250612_155913.patch (修改文件: fs/ntfs3/frecord.c)
2025-06-12 15:59:13.767 | INFO     | modules.chunk_analyzer:_create_chunk_patches:311 - 创建块补丁文件: /home/elpsy/workspace/sow/patch-backport/workspace/linux/kernel-torvalds/2afd4d/chunk_patches/chunk_017_20250612_155913.patch (修改文件: fs/ntfs3/frecord.c)
2025-06-12 15:59:13.768 | INFO     | modules.chunk_analyzer:_create_chunk_patches:311 - 创建块补丁文件: /home/elpsy/workspace/sow/patch-backport/workspace/linux/kernel-torvalds/2afd4d/chunk_patches/chunk_018_20250612_155913.patch (修改文件: fs/ntfs3/frecord.c)
2025-06-12 15:59:13.769 | INFO     | modules.chunk_analyzer:_create_chunk_patches:311 - 创建块补丁文件: /home/elpsy/workspace/sow/patch-backport/workspace/linux/kernel-torvalds/2afd4d/chunk_patches/chunk_019_20250612_155913.patch (修改文件: fs/ntfs3/frecord.c)
2025-06-12 15:59:13.769 | INFO     | modules.chunk_analyzer:_create_chunk_patches:311 - 创建块补丁文件: /home/elpsy/workspace/sow/patch-backport/workspace/linux/kernel-torvalds/2afd4d/chunk_patches/chunk_020_20250612_155913.patch (修改文件: fs/ntfs3/frecord.c)
2025-06-12 15:59:13.769 | INFO     | modules.chunk_analyzer:_create_chunk_patches:311 - 创建块补丁文件: /home/elpsy/workspace/sow/patch-backport/workspace/linux/kernel-torvalds/2afd4d/chunk_patches/chunk_021_20250612_155913.patch (修改文件: fs/ntfs3/frecord.c)
2025-06-12 15:59:13.770 | INFO     | modules.chunk_analyzer:_create_chunk_patches:311 - 创建块补丁文件: /home/elpsy/workspace/sow/patch-backport/workspace/linux/kernel-torvalds/2afd4d/chunk_patches/chunk_022_20250612_155913.patch (修改文件: fs/ntfs3/frecord.c)
2025-06-12 15:59:13.772 | INFO     | modules.chunk_analyzer:_create_chunk_patches:311 - 创建块补丁文件: /home/elpsy/workspace/sow/patch-backport/workspace/linux/kernel-torvalds/2afd4d/chunk_patches/chunk_023_20250612_155913.patch (修改文件: fs/ntfs3/frecord.c)
2025-06-12 15:59:13.772 | INFO     | modules.chunk_analyzer:_create_chunk_patches:311 - 创建块补丁文件: /home/elpsy/workspace/sow/patch-backport/workspace/linux/kernel-torvalds/2afd4d/chunk_patches/chunk_024_20250612_155913.patch (修改文件: fs/ntfs3/frecord.c)
2025-06-12 15:59:13.773 | INFO     | modules.chunk_analyzer:_create_chunk_patches:311 - 创建块补丁文件: /home/elpsy/workspace/sow/patch-backport/workspace/linux/kernel-torvalds/2afd4d/chunk_patches/chunk_025_20250612_155913.patch (修改文件: fs/ntfs3/frecord.c)
2025-06-12 15:59:13.774 | INFO     | modules.chunk_analyzer:_create_chunk_patches:311 - 创建块补丁文件: /home/elpsy/workspace/sow/patch-backport/workspace/linux/kernel-torvalds/2afd4d/chunk_patches/chunk_026_20250612_155913.patch (修改文件: fs/ntfs3/frecord.c)
2025-06-12 15:59:13.775 | INFO     | modules.chunk_analyzer:_create_chunk_patches:311 - 创建块补丁文件: /home/elpsy/workspace/sow/patch-backport/workspace/linux/kernel-torvalds/2afd4d/chunk_patches/chunk_027_20250612_155913.patch (修改文件: fs/ntfs3/frecord.c)
2025-06-12 15:59:13.776 | INFO     | modules.chunk_analyzer:_create_chunk_patches:311 - 创建块补丁文件: /home/elpsy/workspace/sow/patch-backport/workspace/linux/kernel-torvalds/2afd4d/chunk_patches/chunk_028_20250612_155913.patch (修改文件: fs/ntfs3/frecord.c)
2025-06-12 15:59:13.777 | INFO     | modules.chunk_analyzer:_create_chunk_patches:311 - 创建块补丁文件: /home/elpsy/workspace/sow/patch-backport/workspace/linux/kernel-torvalds/2afd4d/chunk_patches/chunk_029_20250612_155913.patch (修改文件: fs/ntfs3/frecord.c)
2025-06-12 15:59:13.778 | INFO     | modules.chunk_analyzer:_create_chunk_patches:311 - 创建块补丁文件: /home/elpsy/workspace/sow/patch-backport/workspace/linux/kernel-torvalds/2afd4d/chunk_patches/chunk_030_20250612_155913.patch (修改文件: fs/ntfs3/frecord.c)
2025-06-12 15:59:13.779 | INFO     | modules.chunk_analyzer:_create_chunk_patches:311 - 创建块补丁文件: /home/elpsy/workspace/sow/patch-backport/workspace/linux/kernel-torvalds/2afd4d/chunk_patches/chunk_031_20250612_155913.patch (修改文件: fs/ntfs3/frecord.c)
2025-06-12 15:59:13.779 | INFO     | modules.chunk_analyzer:_create_chunk_patches:311 - 创建块补丁文件: /home/elpsy/workspace/sow/patch-backport/workspace/linux/kernel-torvalds/2afd4d/chunk_patches/chunk_032_20250612_155913.patch (修改文件: fs/ntfs3/ntfs_fs.h)
2025-06-12 15:59:13.780 | INFO     | modules.chunk_analyzer:_create_chunk_patches:311 - 创建块补丁文件: /home/elpsy/workspace/sow/patch-backport/workspace/linux/kernel-torvalds/2afd4d/chunk_patches/chunk_033_20250612_155913.patch (修改文件: fs/ntfs3/record.c)
2025-06-12 15:59:13.781 | INFO     | modules.chunk_analyzer:_create_chunk_patches:311 - 创建块补丁文件: /home/elpsy/workspace/sow/patch-backport/workspace/linux/kernel-torvalds/2afd4d/chunk_patches/chunk_034_20250612_155913.patch (修改文件: fs/ntfs3/record.c)
2025-06-12 15:59:13.782 | INFO     | modules.chunk_analyzer:_create_chunk_patches:311 - 创建块补丁文件: /home/elpsy/workspace/sow/patch-backport/workspace/linux/kernel-torvalds/2afd4d/chunk_patches/chunk_035_20250612_155913.patch (修改文件: fs/ntfs3/record.c)
2025-06-12 15:59:13.782 | INFO     | modules.chunk_analyzer:_create_chunk_patches:311 - 创建块补丁文件: /home/elpsy/workspace/sow/patch-backport/workspace/linux/kernel-torvalds/2afd4d/chunk_patches/chunk_036_20250612_155913.patch (修改文件: fs/ntfs3/record.c)
2025-06-12 15:59:13.783 | INFO     | modules.chunk_analyzer:_create_chunk_patches:311 - 创建块补丁文件: /home/elpsy/workspace/sow/patch-backport/workspace/linux/kernel-torvalds/2afd4d/chunk_patches/chunk_037_20250612_155913.patch (修改文件: fs/ntfs3/record.c)
2025-06-12 15:59:13.783 | INFO     | modules.chunk_analyzer:_create_chunk_patches:311 - 创建块补丁文件: /home/elpsy/workspace/sow/patch-backport/workspace/linux/kernel-torvalds/2afd4d/chunk_patches/chunk_038_20250612_155913.patch (修改文件: fs/ntfs3/record.c)
2025-06-12 15:59:13.784 | INFO     | modules.chunk_analyzer:_create_chunk_patches:311 - 创建块补丁文件: /home/elpsy/workspace/sow/patch-backport/workspace/linux/kernel-torvalds/2afd4d/chunk_patches/chunk_039_20250612_155913.patch (修改文件: fs/ntfs3/record.c)
2025-06-12 15:59:13.785 | INFO     | modules.chunk_analyzer:_create_chunk_patches:311 - 创建块补丁文件: /home/elpsy/workspace/sow/patch-backport/workspace/linux/kernel-torvalds/2afd4d/chunk_patches/chunk_040_20250612_155913.patch (修改文件: fs/ntfs3/record.c)
2025-06-12 15:59:13.786 | INFO     | modules.chunk_analyzer:_create_chunk_patches:311 - 创建块补丁文件: /home/elpsy/workspace/sow/patch-backport/workspace/linux/kernel-torvalds/2afd4d/chunk_patches/chunk_041_20250612_155913.patch (修改文件: fs/ntfs3/record.c)
2025-06-12 15:59:13.786 | INFO     | modules.chunk_analyzer:execute:60 - 已为 41 个块创建单独的补丁文件
2025-06-12 15:59:13.786 | INFO     | modules.chunk_analyzer:execute:62 - 第 1 个补丁文件为：
2025-06-12 15:59:13.787 | INFO     | modules.chunk_analyzer:execute:66 - From 2afd4d267e6dbaec8d3ccd4f5396cb84bc67aa2e Mon Sep 17 00:00:00 2001
From: Konstantin Komarov <almaz.alexandrovich@paragon-software.com>
Date: Mon, 30 Dec 2024 10:33:34 +0300
Subject: [PATCH] fs/ntfs3: Mark inode as bad as soon as error detected in
 mi_enum_attr()

Extended the `mi_enum_attr()` function interface with an additional
parameter, `struct ntfs_inode *ni`, to allow marking the inode
as bad as soon as an error is detected.

Reported-by: syzbot+73d8fc29ec7cba8286fa@syzkaller.appspotmail.com
Signed-off-by: Konstantin Komarov <almaz.alexandrovich@paragon-software.com>

diff --git a/fs/ntfs3/attrib.c b/fs/ntfs3/attrib.c
index 8d789b017fa9..795cf8e75d2e 100644
--- a/fs/ntfs3/attrib.c
+++ b/fs/ntfs3/attrib.c
@@ -787,7 +787,8 @@ int attr_set_size(struct ntfs_inode *ni, enum ATTR_TYPE type,
 		if (err)
 			goto out;
 
-		attr = mi_find_attr(mi, NULL, type, name, name_len, &le->id);
+		attr = mi_find_attr(ni, mi, NULL, type, name, name_len,
+				    &le->id);
 		if (!attr) {
 			err = -EINVAL;
 			goto bad_inode;

2025-06-12 15:59:13.787 | INFO     | modules.chunk_analyzer:execute:62 - 第 2 个补丁文件为：
2025-06-12 15:59:13.787 | INFO     | modules.chunk_analyzer:execute:66 - From 2afd4d267e6dbaec8d3ccd4f5396cb84bc67aa2e Mon Sep 17 00:00:00 2001
From: Konstantin Komarov <almaz.alexandrovich@paragon-software.com>
Date: Mon, 30 Dec 2024 10:33:34 +0300
Subject: [PATCH] fs/ntfs3: Mark inode as bad as soon as error detected in
 mi_enum_attr()

Extended the `mi_enum_attr()` function interface with an additional
parameter, `struct ntfs_inode *ni`, to allow marking the inode
as bad as soon as an error is detected.

Reported-by: syzbot+73d8fc29ec7cba8286fa@syzkaller.appspotmail.com
Signed-off-by: Konstantin Komarov <almaz.alexandrovich@paragon-software.com>

diff --git a/fs/ntfs3/attrib.c b/fs/ntfs3/attrib.c
index 8d789b017fa9..795cf8e75d2e 100644
--- a/fs/ntfs3/attrib.c
+++ b/fs/ntfs3/attrib.c
@@ -1181,7 +1182,7 @@ int attr_data_get_block(struct ntfs_inode *ni, CLST vcn, CLST clen, CLST *lcn,
 			goto out;
 		}
 
-		attr = mi_find_attr(mi, NULL, ATTR_DATA, NULL, 0, &le->id);
+		attr = mi_find_attr(ni, mi, NULL, ATTR_DATA, NULL, 0, &le->id);
 		if (!attr) {
 			err = -EINVAL;
 			goto out;

2025-06-12 15:59:13.788 | INFO     | modules.chunk_analyzer:execute:62 - 第 3 个补丁文件为：
2025-06-12 15:59:13.788 | INFO     | modules.chunk_analyzer:execute:66 - From 2afd4d267e6dbaec8d3ccd4f5396cb84bc67aa2e Mon Sep 17 00:00:00 2001
From: Konstantin Komarov <almaz.alexandrovich@paragon-software.com>
Date: Mon, 30 Dec 2024 10:33:34 +0300
Subject: [PATCH] fs/ntfs3: Mark inode as bad as soon as error detected in
 mi_enum_attr()

Extended the `mi_enum_attr()` function interface with an additional
parameter, `struct ntfs_inode *ni`, to allow marking the inode
as bad as soon as an error is detected.

Reported-by: syzbot+73d8fc29ec7cba8286fa@syzkaller.appspotmail.com
Signed-off-by: Konstantin Komarov <almaz.alexandrovich@paragon-software.com>

diff --git a/fs/ntfs3/attrib.c b/fs/ntfs3/attrib.c
index 8d789b017fa9..795cf8e75d2e 100644
--- a/fs/ntfs3/attrib.c
+++ b/fs/ntfs3/attrib.c
@@ -1796,7 +1797,7 @@ int attr_allocate_frame(struct ntfs_inode *ni, CLST frame, size_t compr_size,
 				goto out;
 			}
 
-			attr = mi_find_attr(mi, NULL, ATTR_DATA, NULL, 0,
+			attr = mi_find_attr(ni, mi, NULL, ATTR_DATA, NULL, 0,
 					    &le->id);
 			if (!attr) {
 				err = -EINVAL;

2025-06-12 15:59:13.789 | INFO     | modules.chunk_analyzer:execute:62 - 第 4 个补丁文件为：
2025-06-12 15:59:13.789 | INFO     | modules.chunk_analyzer:execute:66 - From 2afd4d267e6dbaec8d3ccd4f5396cb84bc67aa2e Mon Sep 17 00:00:00 2001
From: Konstantin Komarov <almaz.alexandrovich@paragon-software.com>
Date: Mon, 30 Dec 2024 10:33:34 +0300
Subject: [PATCH] fs/ntfs3: Mark inode as bad as soon as error detected in
 mi_enum_attr()

Extended the `mi_enum_attr()` function interface with an additional
parameter, `struct ntfs_inode *ni`, to allow marking the inode
as bad as soon as an error is detected.

Reported-by: syzbot+73d8fc29ec7cba8286fa@syzkaller.appspotmail.com
Signed-off-by: Konstantin Komarov <almaz.alexandrovich@paragon-software.com>

diff --git a/fs/ntfs3/attrib.c b/fs/ntfs3/attrib.c
index 8d789b017fa9..795cf8e75d2e 100644
--- a/fs/ntfs3/attrib.c
+++ b/fs/ntfs3/attrib.c
@@ -2041,8 +2042,8 @@ int attr_collapse_range(struct ntfs_inode *ni, u64 vbo, u64 bytes)
 				}
 
 				/* Look for required attribute. */
-				attr = mi_find_attr(mi, NULL, ATTR_DATA, NULL,
-						    0, &le->id);
+				attr = mi_find_attr(ni, mi, NULL, ATTR_DATA,
+						    NULL, 0, &le->id);
 				if (!attr) {
 					err = -EINVAL;
 					goto out;

2025-06-12 15:59:13.790 | INFO     | modules.chunk_analyzer:execute:62 - 第 5 个补丁文件为：
2025-06-12 15:59:13.790 | INFO     | modules.chunk_analyzer:execute:66 - From 2afd4d267e6dbaec8d3ccd4f5396cb84bc67aa2e Mon Sep 17 00:00:00 2001
From: Konstantin Komarov <almaz.alexandrovich@paragon-software.com>
Date: Mon, 30 Dec 2024 10:33:34 +0300
Subject: [PATCH] fs/ntfs3: Mark inode as bad as soon as error detected in
 mi_enum_attr()

Extended the `mi_enum_attr()` function interface with an additional
parameter, `struct ntfs_inode *ni`, to allow marking the inode
as bad as soon as an error is detected.

Reported-by: syzbot+73d8fc29ec7cba8286fa@syzkaller.appspotmail.com
Signed-off-by: Konstantin Komarov <almaz.alexandrovich@paragon-software.com>

diff --git a/fs/ntfs3/frecord.c b/fs/ntfs3/frecord.c
index c57f0686b14b..b6be7dfafcbd 100644
--- a/fs/ntfs3/frecord.c
+++ b/fs/ntfs3/frecord.c
@@ -75,7 +75,7 @@ struct ATTR_STD_INFO *ni_std(struct ntfs_inode *ni)
 {
 	const struct ATTRIB *attr;
 
-	attr = mi_find_attr(&ni->mi, NULL, ATTR_STD, NULL, 0, NULL);
+	attr = mi_find_attr(ni, &ni->mi, NULL, ATTR_STD, NULL, 0, NULL);
 	return attr ? resident_data_ex(attr, sizeof(struct ATTR_STD_INFO)) :
 		      NULL;
 }

2025-06-12 15:59:13.790 | INFO     | modules.chunk_analyzer:execute:62 - 第 6 个补丁文件为：
2025-06-12 15:59:13.791 | INFO     | modules.chunk_analyzer:execute:66 - From 2afd4d267e6dbaec8d3ccd4f5396cb84bc67aa2e Mon Sep 17 00:00:00 2001
From: Konstantin Komarov <almaz.alexandrovich@paragon-software.com>
Date: Mon, 30 Dec 2024 10:33:34 +0300
Subject: [PATCH] fs/ntfs3: Mark inode as bad as soon as error detected in
 mi_enum_attr()

Extended the `mi_enum_attr()` function interface with an additional
parameter, `struct ntfs_inode *ni`, to allow marking the inode
as bad as soon as an error is detected.

Reported-by: syzbot+73d8fc29ec7cba8286fa@syzkaller.appspotmail.com
Signed-off-by: Konstantin Komarov <almaz.alexandrovich@paragon-software.com>

diff --git a/fs/ntfs3/frecord.c b/fs/ntfs3/frecord.c
index c57f0686b14b..b6be7dfafcbd 100644
--- a/fs/ntfs3/frecord.c
+++ b/fs/ntfs3/frecord.c
@@ -89,7 +89,7 @@ struct ATTR_STD_INFO5 *ni_std5(struct ntfs_inode *ni)
 {
 	const struct ATTRIB *attr;
 
-	attr = mi_find_attr(&ni->mi, NULL, ATTR_STD, NULL, 0, NULL);
+	attr = mi_find_attr(ni, &ni->mi, NULL, ATTR_STD, NULL, 0, NULL);
 
 	return attr ? resident_data_ex(attr, sizeof(struct ATTR_STD_INFO5)) :
 		      NULL;

2025-06-12 15:59:13.792 | INFO     | modules.chunk_analyzer:execute:62 - 第 7 个补丁文件为：
2025-06-12 15:59:13.792 | INFO     | modules.chunk_analyzer:execute:66 - From 2afd4d267e6dbaec8d3ccd4f5396cb84bc67aa2e Mon Sep 17 00:00:00 2001
From: Konstantin Komarov <almaz.alexandrovich@paragon-software.com>
Date: Mon, 30 Dec 2024 10:33:34 +0300
Subject: [PATCH] fs/ntfs3: Mark inode as bad as soon as error detected in
 mi_enum_attr()

Extended the `mi_enum_attr()` function interface with an additional
parameter, `struct ntfs_inode *ni`, to allow marking the inode
as bad as soon as an error is detected.

Reported-by: syzbot+73d8fc29ec7cba8286fa@syzkaller.appspotmail.com
Signed-off-by: Konstantin Komarov <almaz.alexandrovich@paragon-software.com>

diff --git a/fs/ntfs3/frecord.c b/fs/ntfs3/frecord.c
index c57f0686b14b..b6be7dfafcbd 100644
--- a/fs/ntfs3/frecord.c
+++ b/fs/ntfs3/frecord.c
@@ -201,7 +201,8 @@ struct ATTRIB *ni_find_attr(struct ntfs_inode *ni, struct ATTRIB *attr,
 			*mi = &ni->mi;
 
 		/* Look for required attribute in primary record. */
-		return mi_find_attr(&ni->mi, attr, type, name, name_len, NULL);
+		return mi_find_attr(ni, &ni->mi, attr, type, name, name_len,
+				    NULL);
 	}
 
 	/* First look for list entry of required type. */

2025-06-12 15:59:13.793 | INFO     | modules.chunk_analyzer:execute:62 - 第 8 个补丁文件为：
2025-06-12 15:59:13.794 | INFO     | modules.chunk_analyzer:execute:66 - From 2afd4d267e6dbaec8d3ccd4f5396cb84bc67aa2e Mon Sep 17 00:00:00 2001
From: Konstantin Komarov <almaz.alexandrovich@paragon-software.com>
Date: Mon, 30 Dec 2024 10:33:34 +0300
Subject: [PATCH] fs/ntfs3: Mark inode as bad as soon as error detected in
 mi_enum_attr()

Extended the `mi_enum_attr()` function interface with an additional
parameter, `struct ntfs_inode *ni`, to allow marking the inode
as bad as soon as an error is detected.

Reported-by: syzbot+73d8fc29ec7cba8286fa@syzkaller.appspotmail.com
Signed-off-by: Konstantin Komarov <almaz.alexandrovich@paragon-software.com>

diff --git a/fs/ntfs3/frecord.c b/fs/ntfs3/frecord.c
index c57f0686b14b..b6be7dfafcbd 100644
--- a/fs/ntfs3/frecord.c
+++ b/fs/ntfs3/frecord.c
@@ -217,7 +218,7 @@ struct ATTRIB *ni_find_attr(struct ntfs_inode *ni, struct ATTRIB *attr,
 		return NULL;
 
 	/* Look for required attribute. */
-	attr = mi_find_attr(m, NULL, type, name, name_len, &le->id);
+	attr = mi_find_attr(ni, m, NULL, type, name, name_len, &le->id);
 
 	if (!attr)
 		goto out;

2025-06-12 15:59:13.794 | INFO     | modules.chunk_analyzer:execute:62 - 第 9 个补丁文件为：
2025-06-12 15:59:13.795 | INFO     | modules.chunk_analyzer:execute:66 - From 2afd4d267e6dbaec8d3ccd4f5396cb84bc67aa2e Mon Sep 17 00:00:00 2001
From: Konstantin Komarov <almaz.alexandrovich@paragon-software.com>
Date: Mon, 30 Dec 2024 10:33:34 +0300
Subject: [PATCH] fs/ntfs3: Mark inode as bad as soon as error detected in
 mi_enum_attr()

Extended the `mi_enum_attr()` function interface with an additional
parameter, `struct ntfs_inode *ni`, to allow marking the inode
as bad as soon as an error is detected.

Reported-by: syzbot+73d8fc29ec7cba8286fa@syzkaller.appspotmail.com
Signed-off-by: Konstantin Komarov <almaz.alexandrovich@paragon-software.com>

diff --git a/fs/ntfs3/frecord.c b/fs/ntfs3/frecord.c
index c57f0686b14b..b6be7dfafcbd 100644
--- a/fs/ntfs3/frecord.c
+++ b/fs/ntfs3/frecord.c
@@ -259,7 +260,7 @@ struct ATTRIB *ni_enum_attr_ex(struct ntfs_inode *ni, struct ATTRIB *attr,
 		if (mi)
 			*mi = &ni->mi;
 		/* Enum attributes in primary record. */
-		return mi_enum_attr(&ni->mi, attr);
+		return mi_enum_attr(ni, &ni->mi, attr);
 	}
 
 	/* Get next list entry. */

2025-06-12 15:59:13.795 | INFO     | modules.chunk_analyzer:execute:62 - 第 10 个补丁文件为：
2025-06-12 15:59:13.795 | INFO     | modules.chunk_analyzer:execute:66 - From 2afd4d267e6dbaec8d3ccd4f5396cb84bc67aa2e Mon Sep 17 00:00:00 2001
From: Konstantin Komarov <almaz.alexandrovich@paragon-software.com>
Date: Mon, 30 Dec 2024 10:33:34 +0300
Subject: [PATCH] fs/ntfs3: Mark inode as bad as soon as error detected in
 mi_enum_attr()

Extended the `mi_enum_attr()` function interface with an additional
parameter, `struct ntfs_inode *ni`, to allow marking the inode
as bad as soon as an error is detected.

Reported-by: syzbot+73d8fc29ec7cba8286fa@syzkaller.appspotmail.com
Signed-off-by: Konstantin Komarov <almaz.alexandrovich@paragon-software.com>

diff --git a/fs/ntfs3/frecord.c b/fs/ntfs3/frecord.c
index c57f0686b14b..b6be7dfafcbd 100644
--- a/fs/ntfs3/frecord.c
+++ b/fs/ntfs3/frecord.c
@@ -275,7 +276,7 @@ struct ATTRIB *ni_enum_attr_ex(struct ntfs_inode *ni, struct ATTRIB *attr,
 		*mi = mi2;
 
 	/* Find attribute in loaded record. */
-	return rec_find_attr_le(mi2, le2);
+	return rec_find_attr_le(ni, mi2, le2);
 }
 
 /*

2025-06-12 15:59:13.796 | INFO     | modules.chunk_analyzer:execute:62 - 第 11 个补丁文件为：
2025-06-12 15:59:13.796 | INFO     | modules.chunk_analyzer:execute:66 - From 2afd4d267e6dbaec8d3ccd4f5396cb84bc67aa2e Mon Sep 17 00:00:00 2001
From: Konstantin Komarov <almaz.alexandrovich@paragon-software.com>
Date: Mon, 30 Dec 2024 10:33:34 +0300
Subject: [PATCH] fs/ntfs3: Mark inode as bad as soon as error detected in
 mi_enum_attr()

Extended the `mi_enum_attr()` function interface with an additional
parameter, `struct ntfs_inode *ni`, to allow marking the inode
as bad as soon as an error is detected.

Reported-by: syzbot+73d8fc29ec7cba8286fa@syzkaller.appspotmail.com
Signed-off-by: Konstantin Komarov <almaz.alexandrovich@paragon-software.com>

diff --git a/fs/ntfs3/frecord.c b/fs/ntfs3/frecord.c
index c57f0686b14b..b6be7dfafcbd 100644
--- a/fs/ntfs3/frecord.c
+++ b/fs/ntfs3/frecord.c
@@ -293,7 +294,8 @@ struct ATTRIB *ni_load_attr(struct ntfs_inode *ni, enum ATTR_TYPE type,
 	if (!ni->attr_list.size) {
 		if (pmi)
 			*pmi = &ni->mi;
-		return mi_find_attr(&ni->mi, NULL, type, name, name_len, NULL);
+		return mi_find_attr(ni, &ni->mi, NULL, type, name, name_len,
+				    NULL);
 	}
 
 	le = al_find_ex(ni, NULL, type, name, name_len, NULL);

2025-06-12 15:59:13.796 | INFO     | modules.chunk_analyzer:execute:62 - 第 12 个补丁文件为：
2025-06-12 15:59:13.797 | INFO     | modules.chunk_analyzer:execute:66 - From 2afd4d267e6dbaec8d3ccd4f5396cb84bc67aa2e Mon Sep 17 00:00:00 2001
From: Konstantin Komarov <almaz.alexandrovich@paragon-software.com>
Date: Mon, 30 Dec 2024 10:33:34 +0300
Subject: [PATCH] fs/ntfs3: Mark inode as bad as soon as error detected in
 mi_enum_attr()

Extended the `mi_enum_attr()` function interface with an additional
parameter, `struct ntfs_inode *ni`, to allow marking the inode
as bad as soon as an error is detected.

Reported-by: syzbot+73d8fc29ec7cba8286fa@syzkaller.appspotmail.com
Signed-off-by: Konstantin Komarov <almaz.alexandrovich@paragon-software.com>

diff --git a/fs/ntfs3/frecord.c b/fs/ntfs3/frecord.c
index c57f0686b14b..b6be7dfafcbd 100644
--- a/fs/ntfs3/frecord.c
+++ b/fs/ntfs3/frecord.c
@@ -319,7 +321,7 @@ struct ATTRIB *ni_load_attr(struct ntfs_inode *ni, enum ATTR_TYPE type,
 	if (pmi)
 		*pmi = mi;
 
-	attr = mi_find_attr(mi, NULL, type, name, name_len, &le->id);
+	attr = mi_find_attr(ni, mi, NULL, type, name, name_len, &le->id);
 	if (!attr)
 		return NULL;
 

2025-06-12 15:59:13.797 | INFO     | modules.chunk_analyzer:execute:62 - 第 13 个补丁文件为：
2025-06-12 15:59:13.798 | INFO     | modules.chunk_analyzer:execute:66 - From 2afd4d267e6dbaec8d3ccd4f5396cb84bc67aa2e Mon Sep 17 00:00:00 2001
From: Konstantin Komarov <almaz.alexandrovich@paragon-software.com>
Date: Mon, 30 Dec 2024 10:33:34 +0300
Subject: [PATCH] fs/ntfs3: Mark inode as bad as soon as error detected in
 mi_enum_attr()

Extended the `mi_enum_attr()` function interface with an additional
parameter, `struct ntfs_inode *ni`, to allow marking the inode
as bad as soon as an error is detected.

Reported-by: syzbot+73d8fc29ec7cba8286fa@syzkaller.appspotmail.com
Signed-off-by: Konstantin Komarov <almaz.alexandrovich@paragon-software.com>

diff --git a/fs/ntfs3/frecord.c b/fs/ntfs3/frecord.c
index c57f0686b14b..b6be7dfafcbd 100644
--- a/fs/ntfs3/frecord.c
+++ b/fs/ntfs3/frecord.c
@@ -398,7 +400,8 @@ int ni_remove_attr(struct ntfs_inode *ni, enum ATTR_TYPE type,
 	int diff;
 
 	if (base_only || type == ATTR_LIST || !ni->attr_list.size) {
-		attr = mi_find_attr(&ni->mi, NULL, type, name, name_len, id);
+		attr = mi_find_attr(ni, &ni->mi, NULL, type, name, name_len,
+				    id);
 		if (!attr)
 			return -ENOENT;
 

2025-06-12 15:59:13.798 | INFO     | modules.chunk_analyzer:execute:62 - 第 14 个补丁文件为：
2025-06-12 15:59:13.799 | INFO     | modules.chunk_analyzer:execute:66 - From 2afd4d267e6dbaec8d3ccd4f5396cb84bc67aa2e Mon Sep 17 00:00:00 2001
From: Konstantin Komarov <almaz.alexandrovich@paragon-software.com>
Date: Mon, 30 Dec 2024 10:33:34 +0300
Subject: [PATCH] fs/ntfs3: Mark inode as bad as soon as error detected in
 mi_enum_attr()

Extended the `mi_enum_attr()` function interface with an additional
parameter, `struct ntfs_inode *ni`, to allow marking the inode
as bad as soon as an error is detected.

Reported-by: syzbot+73d8fc29ec7cba8286fa@syzkaller.appspotmail.com
Signed-off-by: Konstantin Komarov <almaz.alexandrovich@paragon-software.com>

diff --git a/fs/ntfs3/frecord.c b/fs/ntfs3/frecord.c
index c57f0686b14b..b6be7dfafcbd 100644
--- a/fs/ntfs3/frecord.c
+++ b/fs/ntfs3/frecord.c
@@ -437,7 +440,7 @@ int ni_remove_attr(struct ntfs_inode *ni, enum ATTR_TYPE type,
 
 		al_remove_le(ni, le);
 
-		attr = mi_find_attr(mi, NULL, type, name, name_len, id);
+		attr = mi_find_attr(ni, mi, NULL, type, name, name_len, id);
 		if (!attr)
 			return -ENOENT;
 

2025-06-12 15:59:13.799 | INFO     | modules.chunk_analyzer:execute:62 - 第 15 个补丁文件为：
2025-06-12 15:59:13.799 | INFO     | modules.chunk_analyzer:execute:66 - From 2afd4d267e6dbaec8d3ccd4f5396cb84bc67aa2e Mon Sep 17 00:00:00 2001
From: Konstantin Komarov <almaz.alexandrovich@paragon-software.com>
Date: Mon, 30 Dec 2024 10:33:34 +0300
Subject: [PATCH] fs/ntfs3: Mark inode as bad as soon as error detected in
 mi_enum_attr()

Extended the `mi_enum_attr()` function interface with an additional
parameter, `struct ntfs_inode *ni`, to allow marking the inode
as bad as soon as an error is detected.

Reported-by: syzbot+73d8fc29ec7cba8286fa@syzkaller.appspotmail.com
Signed-off-by: Konstantin Komarov <almaz.alexandrovich@paragon-software.com>

diff --git a/fs/ntfs3/frecord.c b/fs/ntfs3/frecord.c
index c57f0686b14b..b6be7dfafcbd 100644
--- a/fs/ntfs3/frecord.c
+++ b/fs/ntfs3/frecord.c
@@ -485,7 +488,7 @@ ni_ins_new_attr(struct ntfs_inode *ni, struct mft_inode *mi,
 		name = le->name;
 	}
 
-	attr = mi_insert_attr(mi, type, name, name_len, asize, name_off);
+	attr = mi_insert_attr(ni, mi, type, name, name_len, asize, name_off);
 	if (!attr) {
 		if (le_added)
 			al_remove_le(ni, le);

2025-06-12 15:59:13.800 | INFO     | modules.chunk_analyzer:execute:62 - 第 16 个补丁文件为：
2025-06-12 15:59:13.800 | INFO     | modules.chunk_analyzer:execute:66 - From 2afd4d267e6dbaec8d3ccd4f5396cb84bc67aa2e Mon Sep 17 00:00:00 2001
From: Konstantin Komarov <almaz.alexandrovich@paragon-software.com>
Date: Mon, 30 Dec 2024 10:33:34 +0300
Subject: [PATCH] fs/ntfs3: Mark inode as bad as soon as error detected in
 mi_enum_attr()

Extended the `mi_enum_attr()` function interface with an additional
parameter, `struct ntfs_inode *ni`, to allow marking the inode
as bad as soon as an error is detected.

Reported-by: syzbot+73d8fc29ec7cba8286fa@syzkaller.appspotmail.com
Signed-off-by: Konstantin Komarov <almaz.alexandrovich@paragon-software.com>

diff --git a/fs/ntfs3/frecord.c b/fs/ntfs3/frecord.c
index c57f0686b14b..b6be7dfafcbd 100644
--- a/fs/ntfs3/frecord.c
+++ b/fs/ntfs3/frecord.c
@@ -673,7 +676,7 @@ static int ni_try_remove_attr_list(struct ntfs_inode *ni)
 	if (err)
 		return err;
 
-	attr_list = mi_find_attr(&ni->mi, NULL, ATTR_LIST, NULL, 0, NULL);
+	attr_list = mi_find_attr(ni, &ni->mi, NULL, ATTR_LIST, NULL, 0, NULL);
 	if (!attr_list)
 		return 0;
 

2025-06-12 15:59:13.801 | INFO     | modules.chunk_analyzer:execute:62 - 第 17 个补丁文件为：
2025-06-12 15:59:13.801 | INFO     | modules.chunk_analyzer:execute:66 - From 2afd4d267e6dbaec8d3ccd4f5396cb84bc67aa2e Mon Sep 17 00:00:00 2001
From: Konstantin Komarov <almaz.alexandrovich@paragon-software.com>
Date: Mon, 30 Dec 2024 10:33:34 +0300
Subject: [PATCH] fs/ntfs3: Mark inode as bad as soon as error detected in
 mi_enum_attr()

Extended the `mi_enum_attr()` function interface with an additional
parameter, `struct ntfs_inode *ni`, to allow marking the inode
as bad as soon as an error is detected.

Reported-by: syzbot+73d8fc29ec7cba8286fa@syzkaller.appspotmail.com
Signed-off-by: Konstantin Komarov <almaz.alexandrovich@paragon-software.com>

diff --git a/fs/ntfs3/frecord.c b/fs/ntfs3/frecord.c
index c57f0686b14b..b6be7dfafcbd 100644
--- a/fs/ntfs3/frecord.c
+++ b/fs/ntfs3/frecord.c
@@ -695,7 +698,7 @@ static int ni_try_remove_attr_list(struct ntfs_inode *ni)
 		if (!mi)
 			return 0;
 
-		attr = mi_find_attr(mi, NULL, le->type, le_name(le),
+		attr = mi_find_attr(ni, mi, NULL, le->type, le_name(le),
 				    le->name_len, &le->id);
 		if (!attr)
 			return 0;

2025-06-12 15:59:13.801 | INFO     | modules.chunk_analyzer:execute:62 - 第 18 个补丁文件为：
2025-06-12 15:59:13.802 | INFO     | modules.chunk_analyzer:execute:66 - From 2afd4d267e6dbaec8d3ccd4f5396cb84bc67aa2e Mon Sep 17 00:00:00 2001
From: Konstantin Komarov <almaz.alexandrovich@paragon-software.com>
Date: Mon, 30 Dec 2024 10:33:34 +0300
Subject: [PATCH] fs/ntfs3: Mark inode as bad as soon as error detected in
 mi_enum_attr()

Extended the `mi_enum_attr()` function interface with an additional
parameter, `struct ntfs_inode *ni`, to allow marking the inode
as bad as soon as an error is detected.

Reported-by: syzbot+73d8fc29ec7cba8286fa@syzkaller.appspotmail.com
Signed-off-by: Konstantin Komarov <almaz.alexandrovich@paragon-software.com>

diff --git a/fs/ntfs3/frecord.c b/fs/ntfs3/frecord.c
index c57f0686b14b..b6be7dfafcbd 100644
--- a/fs/ntfs3/frecord.c
+++ b/fs/ntfs3/frecord.c
@@ -731,7 +734,7 @@ static int ni_try_remove_attr_list(struct ntfs_inode *ni)
 			goto out;
 		}
 
-		attr = mi_find_attr(mi, NULL, le->type, le_name(le),
+		attr = mi_find_attr(ni, mi, NULL, le->type, le_name(le),
 				    le->name_len, &le->id);
 		if (!attr) {
 			/* Should never happened, 'cause already checked. */

2025-06-12 15:59:13.802 | INFO     | modules.chunk_analyzer:execute:62 - 第 19 个补丁文件为：
2025-06-12 15:59:13.802 | INFO     | modules.chunk_analyzer:execute:66 - From 2afd4d267e6dbaec8d3ccd4f5396cb84bc67aa2e Mon Sep 17 00:00:00 2001
From: Konstantin Komarov <almaz.alexandrovich@paragon-software.com>
Date: Mon, 30 Dec 2024 10:33:34 +0300
Subject: [PATCH] fs/ntfs3: Mark inode as bad as soon as error detected in
 mi_enum_attr()

Extended the `mi_enum_attr()` function interface with an additional
parameter, `struct ntfs_inode *ni`, to allow marking the inode
as bad as soon as an error is detected.

Reported-by: syzbot+73d8fc29ec7cba8286fa@syzkaller.appspotmail.com
Signed-off-by: Konstantin Komarov <almaz.alexandrovich@paragon-software.com>

diff --git a/fs/ntfs3/frecord.c b/fs/ntfs3/frecord.c
index c57f0686b14b..b6be7dfafcbd 100644
--- a/fs/ntfs3/frecord.c
+++ b/fs/ntfs3/frecord.c
@@ -740,7 +743,7 @@ static int ni_try_remove_attr_list(struct ntfs_inode *ni)
 		asize = le32_to_cpu(attr->size);
 
 		/* Insert into primary record. */
-		attr_ins = mi_insert_attr(&ni->mi, le->type, le_name(le),
+		attr_ins = mi_insert_attr(ni, &ni->mi, le->type, le_name(le),
 					  le->name_len, asize,
 					  le16_to_cpu(attr->name_off));
 		if (!attr_ins) {

2025-06-12 15:59:13.803 | INFO     | modules.chunk_analyzer:execute:62 - 第 20 个补丁文件为：
2025-06-12 15:59:13.803 | INFO     | modules.chunk_analyzer:execute:66 - From 2afd4d267e6dbaec8d3ccd4f5396cb84bc67aa2e Mon Sep 17 00:00:00 2001
From: Konstantin Komarov <almaz.alexandrovich@paragon-software.com>
Date: Mon, 30 Dec 2024 10:33:34 +0300
Subject: [PATCH] fs/ntfs3: Mark inode as bad as soon as error detected in
 mi_enum_attr()

Extended the `mi_enum_attr()` function interface with an additional
parameter, `struct ntfs_inode *ni`, to allow marking the inode
as bad as soon as an error is detected.

Reported-by: syzbot+73d8fc29ec7cba8286fa@syzkaller.appspotmail.com
Signed-off-by: Konstantin Komarov <almaz.alexandrovich@paragon-software.com>

diff --git a/fs/ntfs3/frecord.c b/fs/ntfs3/frecord.c
index c57f0686b14b..b6be7dfafcbd 100644
--- a/fs/ntfs3/frecord.c
+++ b/fs/ntfs3/frecord.c
@@ -768,7 +771,7 @@ static int ni_try_remove_attr_list(struct ntfs_inode *ni)
 		if (!mi)
 			continue;
 
-		attr = mi_find_attr(mi, NULL, le->type, le_name(le),
+		attr = mi_find_attr(ni, mi, NULL, le->type, le_name(le),
 				    le->name_len, &le->id);
 		if (!attr)
 			continue;

2025-06-12 15:59:13.803 | INFO     | modules.chunk_analyzer:execute:62 - 第 21 个补丁文件为：
2025-06-12 15:59:13.804 | INFO     | modules.chunk_analyzer:execute:66 - From 2afd4d267e6dbaec8d3ccd4f5396cb84bc67aa2e Mon Sep 17 00:00:00 2001
From: Konstantin Komarov <almaz.alexandrovich@paragon-software.com>
Date: Mon, 30 Dec 2024 10:33:34 +0300
Subject: [PATCH] fs/ntfs3: Mark inode as bad as soon as error detected in
 mi_enum_attr()

Extended the `mi_enum_attr()` function interface with an additional
parameter, `struct ntfs_inode *ni`, to allow marking the inode
as bad as soon as an error is detected.

Reported-by: syzbot+73d8fc29ec7cba8286fa@syzkaller.appspotmail.com
Signed-off-by: Konstantin Komarov <almaz.alexandrovich@paragon-software.com>

diff --git a/fs/ntfs3/frecord.c b/fs/ntfs3/frecord.c
index c57f0686b14b..b6be7dfafcbd 100644
--- a/fs/ntfs3/frecord.c
+++ b/fs/ntfs3/frecord.c
@@ -831,7 +834,7 @@ int ni_create_attr_list(struct ntfs_inode *ni)
 	free_b = 0;
 	attr = NULL;
 
-	for (; (attr = mi_enum_attr(&ni->mi, attr)); le = Add2Ptr(le, sz)) {
+	for (; (attr = mi_enum_attr(ni, &ni->mi, attr)); le = Add2Ptr(le, sz)) {
 		sz = le_size(attr->name_len);
 		le->type = attr->type;
 		le->size = cpu_to_le16(sz);

2025-06-12 15:59:13.804 | INFO     | modules.chunk_analyzer:execute:62 - 第 22 个补丁文件为：
2025-06-12 15:59:13.805 | INFO     | modules.chunk_analyzer:execute:66 - From 2afd4d267e6dbaec8d3ccd4f5396cb84bc67aa2e Mon Sep 17 00:00:00 2001
From: Konstantin Komarov <almaz.alexandrovich@paragon-software.com>
Date: Mon, 30 Dec 2024 10:33:34 +0300
Subject: [PATCH] fs/ntfs3: Mark inode as bad as soon as error detected in
 mi_enum_attr()

Extended the `mi_enum_attr()` function interface with an additional
parameter, `struct ntfs_inode *ni`, to allow marking the inode
as bad as soon as an error is detected.

Reported-by: syzbot+73d8fc29ec7cba8286fa@syzkaller.appspotmail.com
Signed-off-by: Konstantin Komarov <almaz.alexandrovich@paragon-software.com>

diff --git a/fs/ntfs3/frecord.c b/fs/ntfs3/frecord.c
index c57f0686b14b..b6be7dfafcbd 100644
--- a/fs/ntfs3/frecord.c
+++ b/fs/ntfs3/frecord.c
@@ -886,7 +889,7 @@ int ni_create_attr_list(struct ntfs_inode *ni)
 		u32 asize = le32_to_cpu(b->size);
 		u16 name_off = le16_to_cpu(b->name_off);
 
-		attr = mi_insert_attr(mi, b->type, Add2Ptr(b, name_off),
+		attr = mi_insert_attr(ni, mi, b->type, Add2Ptr(b, name_off),
 				      b->name_len, asize, name_off);
 		if (!attr)
 			goto out;

2025-06-12 15:59:13.805 | INFO     | modules.chunk_analyzer:execute:62 - 第 23 个补丁文件为：
2025-06-12 15:59:13.806 | INFO     | modules.chunk_analyzer:execute:66 - From 2afd4d267e6dbaec8d3ccd4f5396cb84bc67aa2e Mon Sep 17 00:00:00 2001
From: Konstantin Komarov <almaz.alexandrovich@paragon-software.com>
Date: Mon, 30 Dec 2024 10:33:34 +0300
Subject: [PATCH] fs/ntfs3: Mark inode as bad as soon as error detected in
 mi_enum_attr()

Extended the `mi_enum_attr()` function interface with an additional
parameter, `struct ntfs_inode *ni`, to allow marking the inode
as bad as soon as an error is detected.

Reported-by: syzbot+73d8fc29ec7cba8286fa@syzkaller.appspotmail.com
Signed-off-by: Konstantin Komarov <almaz.alexandrovich@paragon-software.com>

diff --git a/fs/ntfs3/frecord.c b/fs/ntfs3/frecord.c
index c57f0686b14b..b6be7dfafcbd 100644
--- a/fs/ntfs3/frecord.c
+++ b/fs/ntfs3/frecord.c
@@ -909,7 +912,7 @@ int ni_create_attr_list(struct ntfs_inode *ni)
 			goto out;
 	}
 
-	attr = mi_insert_attr(&ni->mi, ATTR_LIST, NULL, 0,
+	attr = mi_insert_attr(ni, &ni->mi, ATTR_LIST, NULL, 0,
 			      lsize + SIZEOF_RESIDENT, SIZEOF_RESIDENT);
 	if (!attr)
 		goto out;

2025-06-12 15:59:13.807 | INFO     | modules.chunk_analyzer:execute:62 - 第 24 个补丁文件为：
2025-06-12 15:59:13.807 | INFO     | modules.chunk_analyzer:execute:66 - From 2afd4d267e6dbaec8d3ccd4f5396cb84bc67aa2e Mon Sep 17 00:00:00 2001
From: Konstantin Komarov <almaz.alexandrovich@paragon-software.com>
Date: Mon, 30 Dec 2024 10:33:34 +0300
Subject: [PATCH] fs/ntfs3: Mark inode as bad as soon as error detected in
 mi_enum_attr()

Extended the `mi_enum_attr()` function interface with an additional
parameter, `struct ntfs_inode *ni`, to allow marking the inode
as bad as soon as an error is detected.

Reported-by: syzbot+73d8fc29ec7cba8286fa@syzkaller.appspotmail.com
Signed-off-by: Konstantin Komarov <almaz.alexandrovich@paragon-software.com>

diff --git a/fs/ntfs3/frecord.c b/fs/ntfs3/frecord.c
index c57f0686b14b..b6be7dfafcbd 100644
--- a/fs/ntfs3/frecord.c
+++ b/fs/ntfs3/frecord.c
@@ -993,13 +996,13 @@ static int ni_ins_attr_ext(struct ntfs_inode *ni, struct ATTR_LIST_ENTRY *le,
 		mi = rb_entry(node, struct mft_inode, node);
 
 		if (is_mft_data &&
-		    (mi_enum_attr(mi, NULL) ||
+		    (mi_enum_attr(ni, mi, NULL) ||
 		     vbo <= ((u64)mi->rno << sbi->record_bits))) {
 			/* We can't accept this record 'cause MFT's bootstrapping. */
 			continue;
 		}
 		if (is_mft &&
-		    mi_find_attr(mi, NULL, ATTR_DATA, NULL, 0, NULL)) {
+		    mi_find_attr(ni, mi, NULL, ATTR_DATA, NULL, 0, NULL)) {
 			/*
 			 * This child record already has a ATTR_DATA.
 			 * So it can't accept any other records.

2025-06-12 15:59:13.808 | INFO     | modules.chunk_analyzer:execute:62 - 第 25 个补丁文件为：
2025-06-12 15:59:13.809 | INFO     | modules.chunk_analyzer:execute:66 - From 2afd4d267e6dbaec8d3ccd4f5396cb84bc67aa2e Mon Sep 17 00:00:00 2001
From: Konstantin Komarov <almaz.alexandrovich@paragon-software.com>
Date: Mon, 30 Dec 2024 10:33:34 +0300
Subject: [PATCH] fs/ntfs3: Mark inode as bad as soon as error detected in
 mi_enum_attr()

Extended the `mi_enum_attr()` function interface with an additional
parameter, `struct ntfs_inode *ni`, to allow marking the inode
as bad as soon as an error is detected.

Reported-by: syzbot+73d8fc29ec7cba8286fa@syzkaller.appspotmail.com
Signed-off-by: Konstantin Komarov <almaz.alexandrovich@paragon-software.com>

diff --git a/fs/ntfs3/frecord.c b/fs/ntfs3/frecord.c
index c57f0686b14b..b6be7dfafcbd 100644
--- a/fs/ntfs3/frecord.c
+++ b/fs/ntfs3/frecord.c
@@ -1008,7 +1011,7 @@ static int ni_ins_attr_ext(struct ntfs_inode *ni, struct ATTR_LIST_ENTRY *le,
 		}
 
 		if ((type != ATTR_NAME || name_len) &&
-		    mi_find_attr(mi, NULL, type, name, name_len, NULL)) {
+		    mi_find_attr(ni, mi, NULL, type, name, name_len, NULL)) {
 			/* Only indexed attributes can share same record. */
 			continue;
 		}

2025-06-12 15:59:13.809 | INFO     | modules.chunk_analyzer:execute:62 - 第 26 个补丁文件为：
2025-06-12 15:59:13.809 | INFO     | modules.chunk_analyzer:execute:66 - From 2afd4d267e6dbaec8d3ccd4f5396cb84bc67aa2e Mon Sep 17 00:00:00 2001
From: Konstantin Komarov <almaz.alexandrovich@paragon-software.com>
Date: Mon, 30 Dec 2024 10:33:34 +0300
Subject: [PATCH] fs/ntfs3: Mark inode as bad as soon as error detected in
 mi_enum_attr()

Extended the `mi_enum_attr()` function interface with an additional
parameter, `struct ntfs_inode *ni`, to allow marking the inode
as bad as soon as an error is detected.

Reported-by: syzbot+73d8fc29ec7cba8286fa@syzkaller.appspotmail.com
Signed-off-by: Konstantin Komarov <almaz.alexandrovich@paragon-software.com>

diff --git a/fs/ntfs3/frecord.c b/fs/ntfs3/frecord.c
index c57f0686b14b..b6be7dfafcbd 100644
--- a/fs/ntfs3/frecord.c
+++ b/fs/ntfs3/frecord.c
@@ -1157,7 +1160,7 @@ static int ni_insert_attr(struct ntfs_inode *ni, enum ATTR_TYPE type,
 	/* Estimate the result of moving all possible attributes away. */
 	attr = NULL;
 
-	while ((attr = mi_enum_attr(&ni->mi, attr))) {
+	while ((attr = mi_enum_attr(ni, &ni->mi, attr))) {
 		if (attr->type == ATTR_STD)
 			continue;
 		if (attr->type == ATTR_LIST)

2025-06-12 15:59:13.810 | INFO     | modules.chunk_analyzer:execute:62 - 第 27 个补丁文件为：
2025-06-12 15:59:13.810 | INFO     | modules.chunk_analyzer:execute:66 - From 2afd4d267e6dbaec8d3ccd4f5396cb84bc67aa2e Mon Sep 17 00:00:00 2001
From: Konstantin Komarov <almaz.alexandrovich@paragon-software.com>
Date: Mon, 30 Dec 2024 10:33:34 +0300
Subject: [PATCH] fs/ntfs3: Mark inode as bad as soon as error detected in
 mi_enum_attr()

Extended the `mi_enum_attr()` function interface with an additional
parameter, `struct ntfs_inode *ni`, to allow marking the inode
as bad as soon as an error is detected.

Reported-by: syzbot+73d8fc29ec7cba8286fa@syzkaller.appspotmail.com
Signed-off-by: Konstantin Komarov <almaz.alexandrovich@paragon-software.com>

diff --git a/fs/ntfs3/frecord.c b/fs/ntfs3/frecord.c
index c57f0686b14b..b6be7dfafcbd 100644
--- a/fs/ntfs3/frecord.c
+++ b/fs/ntfs3/frecord.c
@@ -1175,7 +1178,7 @@ static int ni_insert_attr(struct ntfs_inode *ni, enum ATTR_TYPE type,
 	attr = NULL;
 
 	for (;;) {
-		attr = mi_enum_attr(&ni->mi, attr);
+		attr = mi_enum_attr(ni, &ni->mi, attr);
 		if (!attr) {
 			/* We should never be here 'cause we have already check this case. */
 			err = -EINVAL;

2025-06-12 15:59:13.810 | INFO     | modules.chunk_analyzer:execute:62 - 第 28 个补丁文件为：
2025-06-12 15:59:13.811 | INFO     | modules.chunk_analyzer:execute:66 - From 2afd4d267e6dbaec8d3ccd4f5396cb84bc67aa2e Mon Sep 17 00:00:00 2001
From: Konstantin Komarov <almaz.alexandrovich@paragon-software.com>
Date: Mon, 30 Dec 2024 10:33:34 +0300
Subject: [PATCH] fs/ntfs3: Mark inode as bad as soon as error detected in
 mi_enum_attr()

Extended the `mi_enum_attr()` function interface with an additional
parameter, `struct ntfs_inode *ni`, to allow marking the inode
as bad as soon as an error is detected.

Reported-by: syzbot+73d8fc29ec7cba8286fa@syzkaller.appspotmail.com
Signed-off-by: Konstantin Komarov <almaz.alexandrovich@paragon-software.com>

diff --git a/fs/ntfs3/frecord.c b/fs/ntfs3/frecord.c
index c57f0686b14b..b6be7dfafcbd 100644
--- a/fs/ntfs3/frecord.c
+++ b/fs/ntfs3/frecord.c
@@ -1259,7 +1262,7 @@ static int ni_expand_mft_list(struct ntfs_inode *ni)
 	for (node = rb_first(&ni->mi_tree); node; node = rb_next(node)) {
 		mi = rb_entry(node, struct mft_inode, node);
 
-		attr = mi_enum_attr(mi, NULL);
+		attr = mi_enum_attr(ni, mi, NULL);
 
 		if (!attr) {
 			mft_min = mi->rno;

2025-06-12 15:59:13.811 | INFO     | modules.chunk_analyzer:execute:62 - 第 29 个补丁文件为：
2025-06-12 15:59:13.811 | INFO     | modules.chunk_analyzer:execute:66 - From 2afd4d267e6dbaec8d3ccd4f5396cb84bc67aa2e Mon Sep 17 00:00:00 2001
From: Konstantin Komarov <almaz.alexandrovich@paragon-software.com>
Date: Mon, 30 Dec 2024 10:33:34 +0300
Subject: [PATCH] fs/ntfs3: Mark inode as bad as soon as error detected in
 mi_enum_attr()

Extended the `mi_enum_attr()` function interface with an additional
parameter, `struct ntfs_inode *ni`, to allow marking the inode
as bad as soon as an error is detected.

Reported-by: syzbot+73d8fc29ec7cba8286fa@syzkaller.appspotmail.com
Signed-off-by: Konstantin Komarov <almaz.alexandrovich@paragon-software.com>

diff --git a/fs/ntfs3/frecord.c b/fs/ntfs3/frecord.c
index c57f0686b14b..b6be7dfafcbd 100644
--- a/fs/ntfs3/frecord.c
+++ b/fs/ntfs3/frecord.c
@@ -1280,7 +1283,7 @@ static int ni_expand_mft_list(struct ntfs_inode *ni)
 		ni_remove_mi(ni, mi_new);
 	}
 
-	attr = mi_find_attr(&ni->mi, NULL, ATTR_DATA, NULL, 0, NULL);
+	attr = mi_find_attr(ni, &ni->mi, NULL, ATTR_DATA, NULL, 0, NULL);
 	if (!attr) {
 		err = -EINVAL;
 		goto out;

2025-06-12 15:59:13.812 | INFO     | modules.chunk_analyzer:execute:62 - 第 30 个补丁文件为：
2025-06-12 15:59:13.812 | INFO     | modules.chunk_analyzer:execute:66 - From 2afd4d267e6dbaec8d3ccd4f5396cb84bc67aa2e Mon Sep 17 00:00:00 2001
From: Konstantin Komarov <almaz.alexandrovich@paragon-software.com>
Date: Mon, 30 Dec 2024 10:33:34 +0300
Subject: [PATCH] fs/ntfs3: Mark inode as bad as soon as error detected in
 mi_enum_attr()

Extended the `mi_enum_attr()` function interface with an additional
parameter, `struct ntfs_inode *ni`, to allow marking the inode
as bad as soon as an error is detected.

Reported-by: syzbot+73d8fc29ec7cba8286fa@syzkaller.appspotmail.com
Signed-off-by: Konstantin Komarov <almaz.alexandrovich@paragon-software.com>

diff --git a/fs/ntfs3/frecord.c b/fs/ntfs3/frecord.c
index c57f0686b14b..b6be7dfafcbd 100644
--- a/fs/ntfs3/frecord.c
+++ b/fs/ntfs3/frecord.c
@@ -1397,7 +1400,7 @@ int ni_expand_list(struct ntfs_inode *ni)
 			continue;
 
 		/* Find attribute in primary record. */
-		attr = rec_find_attr_le(&ni->mi, le);
+		attr = rec_find_attr_le(ni, &ni->mi, le);
 		if (!attr) {
 			err = -EINVAL;
 			goto out;

2025-06-12 15:59:13.812 | INFO     | modules.chunk_analyzer:execute:62 - 第 31 个补丁文件为：
2025-06-12 15:59:13.813 | INFO     | modules.chunk_analyzer:execute:66 - From 2afd4d267e6dbaec8d3ccd4f5396cb84bc67aa2e Mon Sep 17 00:00:00 2001
From: Konstantin Komarov <almaz.alexandrovich@paragon-software.com>
Date: Mon, 30 Dec 2024 10:33:34 +0300
Subject: [PATCH] fs/ntfs3: Mark inode as bad as soon as error detected in
 mi_enum_attr()

Extended the `mi_enum_attr()` function interface with an additional
parameter, `struct ntfs_inode *ni`, to allow marking the inode
as bad as soon as an error is detected.

Reported-by: syzbot+73d8fc29ec7cba8286fa@syzkaller.appspotmail.com
Signed-off-by: Konstantin Komarov <almaz.alexandrovich@paragon-software.com>

diff --git a/fs/ntfs3/frecord.c b/fs/ntfs3/frecord.c
index c57f0686b14b..b6be7dfafcbd 100644
--- a/fs/ntfs3/frecord.c
+++ b/fs/ntfs3/frecord.c
@@ -3344,7 +3347,7 @@ int ni_write_inode(struct inode *inode, int sync, const char *hint)
 		if (!mi->dirty)
 			continue;
 
-		is_empty = !mi_enum_attr(mi, NULL);
+		is_empty = !mi_enum_attr(ni, mi, NULL);
 
 		if (is_empty)
 			clear_rec_inuse(mi->mrec);

2025-06-12 15:59:13.813 | INFO     | modules.chunk_analyzer:execute:62 - 第 32 个补丁文件为：
2025-06-12 15:59:13.813 | INFO     | modules.chunk_analyzer:execute:66 - From 2afd4d267e6dbaec8d3ccd4f5396cb84bc67aa2e Mon Sep 17 00:00:00 2001
From: Konstantin Komarov <almaz.alexandrovich@paragon-software.com>
Date: Mon, 30 Dec 2024 10:33:34 +0300
Subject: [PATCH] fs/ntfs3: Mark inode as bad as soon as error detected in
 mi_enum_attr()

Extended the `mi_enum_attr()` function interface with an additional
parameter, `struct ntfs_inode *ni`, to allow marking the inode
as bad as soon as an error is detected.

Reported-by: syzbot+73d8fc29ec7cba8286fa@syzkaller.appspotmail.com
Signed-off-by: Konstantin Komarov <almaz.alexandrovich@paragon-software.com>

diff --git a/fs/ntfs3/ntfs_fs.h b/fs/ntfs3/ntfs_fs.h
index cd8e8374bb5a..382820464dee 100644
--- a/fs/ntfs3/ntfs_fs.h
+++ b/fs/ntfs3/ntfs_fs.h
@@ -745,23 +745,24 @@ int mi_get(struct ntfs_sb_info *sbi, CLST rno, struct mft_inode **mi);
 void mi_put(struct mft_inode *mi);
 int mi_init(struct mft_inode *mi, struct ntfs_sb_info *sbi, CLST rno);
 int mi_read(struct mft_inode *mi, bool is_mft);
-struct ATTRIB *mi_enum_attr(struct mft_inode *mi, struct ATTRIB *attr);
-// TODO: id?
-struct ATTRIB *mi_find_attr(struct mft_inode *mi, struct ATTRIB *attr,
-			    enum ATTR_TYPE type, const __le16 *name,
-			    u8 name_len, const __le16 *id);
-static inline struct ATTRIB *rec_find_attr_le(struct mft_inode *rec,
+struct ATTRIB *mi_enum_attr(struct ntfs_inode *ni, struct mft_inode *mi,
+			    struct ATTRIB *attr);
+struct ATTRIB *mi_find_attr(struct ntfs_inode *ni, struct mft_inode *mi,
+			    struct ATTRIB *attr, enum ATTR_TYPE type,
+			    const __le16 *name, u8 name_len, const __le16 *id);
+static inline struct ATTRIB *rec_find_attr_le(struct ntfs_inode *ni,
+					      struct mft_inode *rec,
 					      struct ATTR_LIST_ENTRY *le)
 {
-	return mi_find_attr(rec, NULL, le->type, le_name(le), le->name_len,
+	return mi_find_attr(ni, rec, NULL, le->type, le_name(le), le->name_len,
 			    &le->id);
 }
 int mi_write(struct mft_inode *mi, int wait);
 int mi_format_new(struct mft_inode *mi, struct ntfs_sb_info *sbi, CLST rno,
 		  __le16 flags, bool is_mft);
-struct ATTRIB *mi_insert_attr(struct mft_inode *mi, enum ATTR_TYPE type,
-			      const __le16 *name, u8 name_len, u32 asize,
-			      u16 name_off);
+struct ATTRIB *mi_insert_attr(struct ntfs_inode *ni, struct mft_inode *mi,
+			      enum ATTR_TYPE type, const __le16 *name,
+			      u8 name_len, u32 asize, u16 name_off);
 
 bool mi_remove_attr(struct ntfs_inode *ni, struct mft_inode *mi,
 		    struct ATTRIB *attr);

2025-06-12 15:59:13.814 | INFO     | modules.chunk_analyzer:execute:62 - 第 33 个补丁文件为：
2025-06-12 15:59:13.814 | INFO     | modules.chunk_analyzer:execute:66 - From 2afd4d267e6dbaec8d3ccd4f5396cb84bc67aa2e Mon Sep 17 00:00:00 2001
From: Konstantin Komarov <almaz.alexandrovich@paragon-software.com>
Date: Mon, 30 Dec 2024 10:33:34 +0300
Subject: [PATCH] fs/ntfs3: Mark inode as bad as soon as error detected in
 mi_enum_attr()

Extended the `mi_enum_attr()` function interface with an additional
parameter, `struct ntfs_inode *ni`, to allow marking the inode
as bad as soon as an error is detected.

Reported-by: syzbot+73d8fc29ec7cba8286fa@syzkaller.appspotmail.com
Signed-off-by: Konstantin Komarov <almaz.alexandrovich@paragon-software.com>

diff --git a/fs/ntfs3/record.c b/fs/ntfs3/record.c
index 61d53d39f3b9..714c7ecedca8 100644
--- a/fs/ntfs3/record.c
+++ b/fs/ntfs3/record.c
@@ -31,7 +31,7 @@ static inline int compare_attr(const struct ATTRIB *left, enum ATTR_TYPE type,
  *
  * Return: Unused attribute id that is less than mrec->next_attr_id.
  */
-static __le16 mi_new_attt_id(struct mft_inode *mi)
+static __le16 mi_new_attt_id(struct ntfs_inode *ni, struct mft_inode *mi)
 {
 	u16 free_id, max_id, t16;
 	struct MFT_REC *rec = mi->mrec;

2025-06-12 15:59:13.814 | INFO     | modules.chunk_analyzer:execute:62 - 第 34 个补丁文件为：
2025-06-12 15:59:13.815 | INFO     | modules.chunk_analyzer:execute:66 - From 2afd4d267e6dbaec8d3ccd4f5396cb84bc67aa2e Mon Sep 17 00:00:00 2001
From: Konstantin Komarov <almaz.alexandrovich@paragon-software.com>
Date: Mon, 30 Dec 2024 10:33:34 +0300
Subject: [PATCH] fs/ntfs3: Mark inode as bad as soon as error detected in
 mi_enum_attr()

Extended the `mi_enum_attr()` function interface with an additional
parameter, `struct ntfs_inode *ni`, to allow marking the inode
as bad as soon as an error is detected.

Reported-by: syzbot+73d8fc29ec7cba8286fa@syzkaller.appspotmail.com
Signed-off-by: Konstantin Komarov <almaz.alexandrovich@paragon-software.com>

diff --git a/fs/ntfs3/record.c b/fs/ntfs3/record.c
index 61d53d39f3b9..714c7ecedca8 100644
--- a/fs/ntfs3/record.c
+++ b/fs/ntfs3/record.c
@@ -52,7 +52,7 @@ static __le16 mi_new_attt_id(struct mft_inode *mi)
 	attr = NULL;
 
 	for (;;) {
-		attr = mi_enum_attr(mi, attr);
+		attr = mi_enum_attr(ni, mi, attr);
 		if (!attr) {
 			rec->next_attr_id = cpu_to_le16(max_id + 1);
 			mi->dirty = true;

2025-06-12 15:59:13.815 | INFO     | modules.chunk_analyzer:execute:62 - 第 35 个补丁文件为：
2025-06-12 15:59:13.816 | INFO     | modules.chunk_analyzer:execute:66 - From 2afd4d267e6dbaec8d3ccd4f5396cb84bc67aa2e Mon Sep 17 00:00:00 2001
From: Konstantin Komarov <almaz.alexandrovich@paragon-software.com>
Date: Mon, 30 Dec 2024 10:33:34 +0300
Subject: [PATCH] fs/ntfs3: Mark inode as bad as soon as error detected in
 mi_enum_attr()

Extended the `mi_enum_attr()` function interface with an additional
parameter, `struct ntfs_inode *ni`, to allow marking the inode
as bad as soon as an error is detected.

Reported-by: syzbot+73d8fc29ec7cba8286fa@syzkaller.appspotmail.com
Signed-off-by: Konstantin Komarov <almaz.alexandrovich@paragon-software.com>

diff --git a/fs/ntfs3/record.c b/fs/ntfs3/record.c
index 61d53d39f3b9..714c7ecedca8 100644
--- a/fs/ntfs3/record.c
+++ b/fs/ntfs3/record.c
@@ -195,7 +195,8 @@ int mi_read(struct mft_inode *mi, bool is_mft)
  * NOTE: mi->mrec - memory of size sbi->record_size
  * here we sure that mi->mrec->total == sbi->record_size (see mi_read)
  */
-struct ATTRIB *mi_enum_attr(struct mft_inode *mi, struct ATTRIB *attr)
+struct ATTRIB *mi_enum_attr(struct ntfs_inode *ni, struct mft_inode *mi,
+			    struct ATTRIB *attr)
 {
 	const struct MFT_REC *rec = mi->mrec;
 	u32 used = le32_to_cpu(rec->used);

2025-06-12 15:59:13.816 | INFO     | modules.chunk_analyzer:execute:62 - 第 36 个补丁文件为：
2025-06-12 15:59:13.816 | INFO     | modules.chunk_analyzer:execute:66 - From 2afd4d267e6dbaec8d3ccd4f5396cb84bc67aa2e Mon Sep 17 00:00:00 2001
From: Konstantin Komarov <almaz.alexandrovich@paragon-software.com>
Date: Mon, 30 Dec 2024 10:33:34 +0300
Subject: [PATCH] fs/ntfs3: Mark inode as bad as soon as error detected in
 mi_enum_attr()

Extended the `mi_enum_attr()` function interface with an additional
parameter, `struct ntfs_inode *ni`, to allow marking the inode
as bad as soon as an error is detected.

Reported-by: syzbot+73d8fc29ec7cba8286fa@syzkaller.appspotmail.com
Signed-off-by: Konstantin Komarov <almaz.alexandrovich@paragon-software.com>

diff --git a/fs/ntfs3/record.c b/fs/ntfs3/record.c
index 61d53d39f3b9..714c7ecedca8 100644
--- a/fs/ntfs3/record.c
+++ b/fs/ntfs3/record.c
@@ -209,11 +210,11 @@ struct ATTRIB *mi_enum_attr(struct mft_inode *mi, struct ATTRIB *attr)
 		off = le16_to_cpu(rec->attr_off);
 
 		if (used > total)
-			return NULL;
+			goto out;
 
 		if (off >= used || off < MFTRECORD_FIXUP_OFFSET_1 ||
 		    !IS_ALIGNED(off, 8)) {
-			return NULL;
+			goto out;
 		}
 
 		/* Skip non-resident records. */

2025-06-12 15:59:13.816 | INFO     | modules.chunk_analyzer:execute:62 - 第 37 个补丁文件为：
2025-06-12 15:59:13.817 | INFO     | modules.chunk_analyzer:execute:66 - From 2afd4d267e6dbaec8d3ccd4f5396cb84bc67aa2e Mon Sep 17 00:00:00 2001
From: Konstantin Komarov <almaz.alexandrovich@paragon-software.com>
Date: Mon, 30 Dec 2024 10:33:34 +0300
Subject: [PATCH] fs/ntfs3: Mark inode as bad as soon as error detected in
 mi_enum_attr()

Extended the `mi_enum_attr()` function interface with an additional
parameter, `struct ntfs_inode *ni`, to allow marking the inode
as bad as soon as an error is detected.

Reported-by: syzbot+73d8fc29ec7cba8286fa@syzkaller.appspotmail.com
Signed-off-by: Konstantin Komarov <almaz.alexandrovich@paragon-software.com>

diff --git a/fs/ntfs3/record.c b/fs/ntfs3/record.c
index 61d53d39f3b9..714c7ecedca8 100644
--- a/fs/ntfs3/record.c
+++ b/fs/ntfs3/record.c
@@ -243,7 +244,7 @@ struct ATTRIB *mi_enum_attr(struct mft_inode *mi, struct ATTRIB *attr)
 	 */
 	if (off + 8 > used) {
 		static_assert(ALIGN(sizeof(enum ATTR_TYPE), 8) == 8);
-		return NULL;
+		goto out;
 	}
 
 	if (attr->type == ATTR_END) {

2025-06-12 15:59:13.817 | INFO     | modules.chunk_analyzer:execute:62 - 第 38 个补丁文件为：
2025-06-12 15:59:13.817 | INFO     | modules.chunk_analyzer:execute:66 - From 2afd4d267e6dbaec8d3ccd4f5396cb84bc67aa2e Mon Sep 17 00:00:00 2001
From: Konstantin Komarov <almaz.alexandrovich@paragon-software.com>
Date: Mon, 30 Dec 2024 10:33:34 +0300
Subject: [PATCH] fs/ntfs3: Mark inode as bad as soon as error detected in
 mi_enum_attr()

Extended the `mi_enum_attr()` function interface with an additional
parameter, `struct ntfs_inode *ni`, to allow marking the inode
as bad as soon as an error is detected.

Reported-by: syzbot+73d8fc29ec7cba8286fa@syzkaller.appspotmail.com
Signed-off-by: Konstantin Komarov <almaz.alexandrovich@paragon-software.com>

diff --git a/fs/ntfs3/record.c b/fs/ntfs3/record.c
index 61d53d39f3b9..714c7ecedca8 100644
--- a/fs/ntfs3/record.c
+++ b/fs/ntfs3/record.c
@@ -254,112 +255,116 @@ struct ATTRIB *mi_enum_attr(struct mft_inode *mi, struct ATTRIB *attr)
 	/* 0x100 is last known attribute for now. */
 	t32 = le32_to_cpu(attr->type);
 	if (!t32 || (t32 & 0xf) || (t32 > 0x100))
-		return NULL;
+		goto out;
 
 	/* attributes in record must be ordered by type */
 	if (t32 < prev_type)
-		return NULL;
+		goto out;
 
 	asize = le32_to_cpu(attr->size);
 
 	if (!IS_ALIGNED(asize, 8))
-		return NULL;
+		goto out;
 
 	/* Check overflow and boundary. */
 	if (off + asize < off || off + asize > used)
-		return NULL;
+		goto out;
 
 	/* Can we use the field attr->non_res. */
 	if (off + 9 > used)
-		return NULL;
+		goto out;
 
 	/* Check size of attribute. */
 	if (!attr->non_res) {
 		/* Check resident fields. */
 		if (asize < SIZEOF_RESIDENT)
-			return NULL;
+			goto out;
 
 		t16 = le16_to_cpu(attr->res.data_off);
 		if (t16 > asize)
-			return NULL;
+			goto out;
 
 		if (le32_to_cpu(attr->res.data_size) > asize - t16)
-			return NULL;
+			goto out;
 
 		t32 = sizeof(short) * attr->name_len;
 		if (t32 && le16_to_cpu(attr->name_off) + t32 > t16)
-			return NULL;
+			goto out;
 
 		return attr;
 	}
 
 	/* Check nonresident fields. */
 	if (attr->non_res != 1)
-		return NULL;
+		goto out;
 
 	/* Can we use memory including attr->nres.valid_size? */
 	if (asize < SIZEOF_NONRESIDENT)
-		return NULL;
+		goto out;
 
 	t16 = le16_to_cpu(attr->nres.run_off);
 	if (t16 > asize)
-		return NULL;
+		goto out;
 
 	t32 = sizeof(short) * attr->name_len;
 	if (t32 && le16_to_cpu(attr->name_off) + t32 > t16)
-		return NULL;
+		goto out;
 
 	/* Check start/end vcn. */
 	if (le64_to_cpu(attr->nres.svcn) > le64_to_cpu(attr->nres.evcn) + 1)
-		return NULL;
+		goto out;
 
 	data_size = le64_to_cpu(attr->nres.data_size);
 	if (le64_to_cpu(attr->nres.valid_size) > data_size)
-		return NULL;
+		goto out;
 
 	alloc_size = le64_to_cpu(attr->nres.alloc_size);
 	if (data_size > alloc_size)
-		return NULL;
+		goto out;
 
 	t32 = mi->sbi->cluster_mask;
 	if (alloc_size & t32)
-		return NULL;
+		goto out;
 
 	if (!attr->nres.svcn && is_attr_ext(attr)) {
 		/* First segment of sparse/compressed attribute */
 		/* Can we use memory including attr->nres.total_size? */
 		if (asize < SIZEOF_NONRESIDENT_EX)
-			return NULL;
+			goto out;
 
 		tot_size = le64_to_cpu(attr->nres.total_size);
 		if (tot_size & t32)
-			return NULL;
+			goto out;
 
 		if (tot_size > alloc_size)
-			return NULL;
+			goto out;
 	} else {
 		if (attr->nres.c_unit)
-			return NULL;
+			goto out;
 
 		if (alloc_size > mi->sbi->volume.size)
-			return NULL;
+			goto out;
 	}
 
 	return attr;
+
+out:
+	_ntfs_bad_inode(&ni->vfs_inode);
+	return NULL;
 }
 
 /*
  * mi_find_attr - Find the attribute by type and name and id.
  */
-struct ATTRIB *mi_find_attr(struct mft_inode *mi, struct ATTRIB *attr,
-			    enum ATTR_TYPE type, const __le16 *name,
-			    u8 name_len, const __le16 *id)
+struct ATTRIB *mi_find_attr(struct ntfs_inode *ni, struct mft_inode *mi,
+			    struct ATTRIB *attr, enum ATTR_TYPE type,
+			    const __le16 *name, u8 name_len, const __le16 *id)
 {
 	u32 type_in = le32_to_cpu(type);
 	u32 atype;
 
 next_attr:
-	attr = mi_enum_attr(mi, attr);
+	attr = mi_enum_attr(ni, mi, attr);
 	if (!attr)
 		return NULL;
 

2025-06-12 15:59:13.818 | INFO     | modules.chunk_analyzer:execute:62 - 第 39 个补丁文件为：
2025-06-12 15:59:13.818 | INFO     | modules.chunk_analyzer:execute:66 - From 2afd4d267e6dbaec8d3ccd4f5396cb84bc67aa2e Mon Sep 17 00:00:00 2001
From: Konstantin Komarov <almaz.alexandrovich@paragon-software.com>
Date: Mon, 30 Dec 2024 10:33:34 +0300
Subject: [PATCH] fs/ntfs3: Mark inode as bad as soon as error detected in
 mi_enum_attr()

Extended the `mi_enum_attr()` function interface with an additional
parameter, `struct ntfs_inode *ni`, to allow marking the inode
as bad as soon as an error is detected.

Reported-by: syzbot+73d8fc29ec7cba8286fa@syzkaller.appspotmail.com
Signed-off-by: Konstantin Komarov <almaz.alexandrovich@paragon-software.com>

diff --git a/fs/ntfs3/record.c b/fs/ntfs3/record.c
index 61d53d39f3b9..714c7ecedca8 100644
--- a/fs/ntfs3/record.c
+++ b/fs/ntfs3/record.c
@@ -467,9 +472,9 @@ int mi_format_new(struct mft_inode *mi, struct ntfs_sb_info *sbi, CLST rno,
  *
  * Return: Not full constructed attribute or NULL if not possible to create.
  */
-struct ATTRIB *mi_insert_attr(struct mft_inode *mi, enum ATTR_TYPE type,
-			      const __le16 *name, u8 name_len, u32 asize,
-			      u16 name_off)
+struct ATTRIB *mi_insert_attr(struct ntfs_inode *ni, struct mft_inode *mi,
+			      enum ATTR_TYPE type, const __le16 *name,
+			      u8 name_len, u32 asize, u16 name_off)
 {
 	size_t tail;
 	struct ATTRIB *attr;

2025-06-12 15:59:13.819 | INFO     | modules.chunk_analyzer:execute:62 - 第 40 个补丁文件为：
2025-06-12 15:59:13.819 | INFO     | modules.chunk_analyzer:execute:66 - From 2afd4d267e6dbaec8d3ccd4f5396cb84bc67aa2e Mon Sep 17 00:00:00 2001
From: Konstantin Komarov <almaz.alexandrovich@paragon-software.com>
Date: Mon, 30 Dec 2024 10:33:34 +0300
Subject: [PATCH] fs/ntfs3: Mark inode as bad as soon as error detected in
 mi_enum_attr()

Extended the `mi_enum_attr()` function interface with an additional
parameter, `struct ntfs_inode *ni`, to allow marking the inode
as bad as soon as an error is detected.

Reported-by: syzbot+73d8fc29ec7cba8286fa@syzkaller.appspotmail.com
Signed-off-by: Konstantin Komarov <almaz.alexandrovich@paragon-software.com>

diff --git a/fs/ntfs3/record.c b/fs/ntfs3/record.c
index 61d53d39f3b9..714c7ecedca8 100644
--- a/fs/ntfs3/record.c
+++ b/fs/ntfs3/record.c
@@ -488,7 +493,7 @@ struct ATTRIB *mi_insert_attr(struct mft_inode *mi, enum ATTR_TYPE type,
 	 * at which we should insert it.
 	 */
 	attr = NULL;
-	while ((attr = mi_enum_attr(mi, attr))) {
+	while ((attr = mi_enum_attr(ni, mi, attr))) {
 		int diff = compare_attr(attr, type, name, name_len, upcase);
 
 		if (diff < 0)

2025-06-12 15:59:13.819 | INFO     | modules.chunk_analyzer:execute:62 - 第 41 个补丁文件为：
2025-06-12 15:59:13.820 | INFO     | modules.chunk_analyzer:execute:66 - From 2afd4d267e6dbaec8d3ccd4f5396cb84bc67aa2e Mon Sep 17 00:00:00 2001
From: Konstantin Komarov <almaz.alexandrovich@paragon-software.com>
Date: Mon, 30 Dec 2024 10:33:34 +0300
Subject: [PATCH] fs/ntfs3: Mark inode as bad as soon as error detected in
 mi_enum_attr()

Extended the `mi_enum_attr()` function interface with an additional
parameter, `struct ntfs_inode *ni`, to allow marking the inode
as bad as soon as an error is detected.

Reported-by: syzbot+73d8fc29ec7cba8286fa@syzkaller.appspotmail.com
Signed-off-by: Konstantin Komarov <almaz.alexandrovich@paragon-software.com>

diff --git a/fs/ntfs3/record.c b/fs/ntfs3/record.c
index 61d53d39f3b9..714c7ecedca8 100644
--- a/fs/ntfs3/record.c
+++ b/fs/ntfs3/record.c
@@ -508,7 +513,7 @@ struct ATTRIB *mi_insert_attr(struct mft_inode *mi, enum ATTR_TYPE type,
 		tail = used - PtrOffset(rec, attr);
 	}
 
-	id = mi_new_attt_id(mi);
+	id = mi_new_attt_id(ni, mi);
 
 	memmove(Add2Ptr(attr, asize), attr, tail);
 	memset(attr, 0, asize);
-- 
2.25.1


2025-06-12 15:59:13.820 | INFO     | modules.chunk_analyzer:_apply_chunk_patches:347 - 尝试应用第 1/41 个块补丁: chunk_001_20250612_155913.patch
2025-06-12 15:59:13.827 | INFO     | modules.chunk_analyzer:_apply_chunk_patches:360 - 成功应用块补丁: chunk_001_20250612_155913.patch
2025-06-12 15:59:13.828 | INFO     | modules.chunk_analyzer:_apply_chunk_patches:347 - 尝试应用第 2/41 个块补丁: chunk_002_20250612_155913.patch
2025-06-12 15:59:13.833 | INFO     | modules.chunk_analyzer:_apply_chunk_patches:360 - 成功应用块补丁: chunk_002_20250612_155913.patch
2025-06-12 15:59:13.833 | INFO     | modules.chunk_analyzer:_apply_chunk_patches:347 - 尝试应用第 3/41 个块补丁: chunk_003_20250612_155913.patch
2025-06-12 15:59:13.837 | INFO     | modules.chunk_analyzer:_apply_chunk_patches:360 - 成功应用块补丁: chunk_003_20250612_155913.patch
2025-06-12 15:59:13.837 | INFO     | modules.chunk_analyzer:_apply_chunk_patches:347 - 尝试应用第 4/41 个块补丁: chunk_004_20250612_155913.patch
2025-06-12 15:59:13.841 | INFO     | modules.chunk_analyzer:_apply_chunk_patches:360 - 成功应用块补丁: chunk_004_20250612_155913.patch
2025-06-12 15:59:13.842 | INFO     | modules.chunk_analyzer:_apply_chunk_patches:347 - 尝试应用第 5/41 个块补丁: chunk_005_20250612_155913.patch
2025-06-12 15:59:13.846 | INFO     | modules.chunk_analyzer:_apply_chunk_patches:360 - 成功应用块补丁: chunk_005_20250612_155913.patch
2025-06-12 15:59:13.846 | INFO     | modules.chunk_analyzer:_apply_chunk_patches:347 - 尝试应用第 6/41 个块补丁: chunk_006_20250612_155913.patch
2025-06-12 15:59:13.850 | INFO     | modules.chunk_analyzer:_apply_chunk_patches:360 - 成功应用块补丁: chunk_006_20250612_155913.patch
2025-06-12 15:59:13.850 | INFO     | modules.chunk_analyzer:_apply_chunk_patches:347 - 尝试应用第 7/41 个块补丁: chunk_007_20250612_155913.patch
2025-06-12 15:59:13.854 | INFO     | modules.chunk_analyzer:_apply_chunk_patches:360 - 成功应用块补丁: chunk_007_20250612_155913.patch
2025-06-12 15:59:13.854 | INFO     | modules.chunk_analyzer:_apply_chunk_patches:347 - 尝试应用第 8/41 个块补丁: chunk_008_20250612_155913.patch
2025-06-12 15:59:13.860 | INFO     | modules.chunk_analyzer:_apply_chunk_patches:360 - 成功应用块补丁: chunk_008_20250612_155913.patch
2025-06-12 15:59:13.860 | INFO     | modules.chunk_analyzer:_apply_chunk_patches:347 - 尝试应用第 9/41 个块补丁: chunk_009_20250612_155913.patch
2025-06-12 15:59:13.865 | INFO     | modules.chunk_analyzer:_apply_chunk_patches:360 - 成功应用块补丁: chunk_009_20250612_155913.patch
2025-06-12 15:59:13.865 | INFO     | modules.chunk_analyzer:_apply_chunk_patches:347 - 尝试应用第 10/41 个块补丁: chunk_010_20250612_155913.patch
2025-06-12 15:59:13.870 | INFO     | modules.chunk_analyzer:_apply_chunk_patches:360 - 成功应用块补丁: chunk_010_20250612_155913.patch
2025-06-12 15:59:13.870 | INFO     | modules.chunk_analyzer:_apply_chunk_patches:347 - 尝试应用第 11/41 个块补丁: chunk_011_20250612_155913.patch
2025-06-12 15:59:13.875 | INFO     | modules.chunk_analyzer:_apply_chunk_patches:360 - 成功应用块补丁: chunk_011_20250612_155913.patch
2025-06-12 15:59:13.875 | INFO     | modules.chunk_analyzer:_apply_chunk_patches:347 - 尝试应用第 12/41 个块补丁: chunk_012_20250612_155913.patch
2025-06-12 15:59:13.880 | INFO     | modules.chunk_analyzer:_apply_chunk_patches:360 - 成功应用块补丁: chunk_012_20250612_155913.patch
2025-06-12 15:59:13.880 | INFO     | modules.chunk_analyzer:_apply_chunk_patches:347 - 尝试应用第 13/41 个块补丁: chunk_013_20250612_155913.patch
2025-06-12 15:59:13.885 | INFO     | modules.chunk_analyzer:_apply_chunk_patches:360 - 成功应用块补丁: chunk_013_20250612_155913.patch
2025-06-12 15:59:13.885 | INFO     | modules.chunk_analyzer:_apply_chunk_patches:347 - 尝试应用第 14/41 个块补丁: chunk_014_20250612_155913.patch
2025-06-12 15:59:13.889 | INFO     | modules.chunk_analyzer:_apply_chunk_patches:360 - 成功应用块补丁: chunk_014_20250612_155913.patch
2025-06-12 15:59:13.890 | INFO     | modules.chunk_analyzer:_apply_chunk_patches:347 - 尝试应用第 15/41 个块补丁: chunk_015_20250612_155913.patch
2025-06-12 15:59:13.895 | INFO     | modules.chunk_analyzer:_apply_chunk_patches:360 - 成功应用块补丁: chunk_015_20250612_155913.patch
2025-06-12 15:59:13.895 | INFO     | modules.chunk_analyzer:_apply_chunk_patches:347 - 尝试应用第 16/41 个块补丁: chunk_016_20250612_155913.patch
2025-06-12 15:59:13.900 | INFO     | modules.chunk_analyzer:_apply_chunk_patches:360 - 成功应用块补丁: chunk_016_20250612_155913.patch
2025-06-12 15:59:13.900 | INFO     | modules.chunk_analyzer:_apply_chunk_patches:347 - 尝试应用第 17/41 个块补丁: chunk_017_20250612_155913.patch
2025-06-12 15:59:13.904 | INFO     | modules.chunk_analyzer:_apply_chunk_patches:360 - 成功应用块补丁: chunk_017_20250612_155913.patch
2025-06-12 15:59:13.904 | INFO     | modules.chunk_analyzer:_apply_chunk_patches:347 - 尝试应用第 18/41 个块补丁: chunk_018_20250612_155913.patch
2025-06-12 15:59:13.909 | INFO     | modules.chunk_analyzer:_apply_chunk_patches:360 - 成功应用块补丁: chunk_018_20250612_155913.patch
2025-06-12 15:59:13.910 | INFO     | modules.chunk_analyzer:_apply_chunk_patches:347 - 尝试应用第 19/41 个块补丁: chunk_019_20250612_155913.patch
2025-06-12 15:59:13.913 | INFO     | modules.chunk_analyzer:_apply_chunk_patches:360 - 成功应用块补丁: chunk_019_20250612_155913.patch
2025-06-12 15:59:13.914 | INFO     | modules.chunk_analyzer:_apply_chunk_patches:347 - 尝试应用第 20/41 个块补丁: chunk_020_20250612_155913.patch
2025-06-12 15:59:13.918 | INFO     | modules.chunk_analyzer:_apply_chunk_patches:360 - 成功应用块补丁: chunk_020_20250612_155913.patch
2025-06-12 15:59:13.919 | INFO     | modules.chunk_analyzer:_apply_chunk_patches:347 - 尝试应用第 21/41 个块补丁: chunk_021_20250612_155913.patch
2025-06-12 15:59:13.922 | INFO     | modules.chunk_analyzer:_apply_chunk_patches:360 - 成功应用块补丁: chunk_021_20250612_155913.patch
2025-06-12 15:59:13.922 | INFO     | modules.chunk_analyzer:_apply_chunk_patches:347 - 尝试应用第 22/41 个块补丁: chunk_022_20250612_155913.patch
2025-06-12 15:59:13.927 | INFO     | modules.chunk_analyzer:_apply_chunk_patches:360 - 成功应用块补丁: chunk_022_20250612_155913.patch
2025-06-12 15:59:13.927 | INFO     | modules.chunk_analyzer:_apply_chunk_patches:347 - 尝试应用第 23/41 个块补丁: chunk_023_20250612_155913.patch
2025-06-12 15:59:13.932 | INFO     | modules.chunk_analyzer:_apply_chunk_patches:360 - 成功应用块补丁: chunk_023_20250612_155913.patch
2025-06-12 15:59:13.933 | INFO     | modules.chunk_analyzer:_apply_chunk_patches:347 - 尝试应用第 24/41 个块补丁: chunk_024_20250612_155913.patch
2025-06-12 15:59:13.937 | INFO     | modules.chunk_analyzer:_apply_chunk_patches:360 - 成功应用块补丁: chunk_024_20250612_155913.patch
2025-06-12 15:59:13.937 | INFO     | modules.chunk_analyzer:_apply_chunk_patches:347 - 尝试应用第 25/41 个块补丁: chunk_025_20250612_155913.patch
2025-06-12 15:59:13.942 | INFO     | modules.chunk_analyzer:_apply_chunk_patches:360 - 成功应用块补丁: chunk_025_20250612_155913.patch
2025-06-12 15:59:13.942 | INFO     | modules.chunk_analyzer:_apply_chunk_patches:347 - 尝试应用第 26/41 个块补丁: chunk_026_20250612_155913.patch
2025-06-12 15:59:13.946 | INFO     | modules.chunk_analyzer:_apply_chunk_patches:360 - 成功应用块补丁: chunk_026_20250612_155913.patch
2025-06-12 15:59:13.947 | INFO     | modules.chunk_analyzer:_apply_chunk_patches:347 - 尝试应用第 27/41 个块补丁: chunk_027_20250612_155913.patch
2025-06-12 15:59:13.951 | INFO     | modules.chunk_analyzer:_apply_chunk_patches:360 - 成功应用块补丁: chunk_027_20250612_155913.patch
2025-06-12 15:59:13.951 | INFO     | modules.chunk_analyzer:_apply_chunk_patches:347 - 尝试应用第 28/41 个块补丁: chunk_028_20250612_155913.patch
2025-06-12 15:59:13.955 | INFO     | modules.chunk_analyzer:_apply_chunk_patches:360 - 成功应用块补丁: chunk_028_20250612_155913.patch
2025-06-12 15:59:13.955 | INFO     | modules.chunk_analyzer:_apply_chunk_patches:347 - 尝试应用第 29/41 个块补丁: chunk_029_20250612_155913.patch
2025-06-12 15:59:13.959 | INFO     | modules.chunk_analyzer:_apply_chunk_patches:360 - 成功应用块补丁: chunk_029_20250612_155913.patch
2025-06-12 15:59:13.960 | INFO     | modules.chunk_analyzer:_apply_chunk_patches:347 - 尝试应用第 30/41 个块补丁: chunk_030_20250612_155913.patch
2025-06-12 15:59:13.963 | INFO     | modules.chunk_analyzer:_apply_chunk_patches:360 - 成功应用块补丁: chunk_030_20250612_155913.patch
2025-06-12 15:59:13.964 | INFO     | modules.chunk_analyzer:_apply_chunk_patches:347 - 尝试应用第 31/41 个块补丁: chunk_031_20250612_155913.patch
2025-06-12 15:59:13.968 | INFO     | modules.chunk_analyzer:_apply_chunk_patches:360 - 成功应用块补丁: chunk_031_20250612_155913.patch
2025-06-12 15:59:13.968 | INFO     | modules.chunk_analyzer:_apply_chunk_patches:347 - 尝试应用第 32/41 个块补丁: chunk_032_20250612_155913.patch
2025-06-12 15:59:13.982 | INFO     | modules.chunk_analyzer:_apply_chunk_patches:360 - 成功应用块补丁: chunk_032_20250612_155913.patch
2025-06-12 15:59:13.983 | INFO     | modules.chunk_analyzer:_apply_chunk_patches:347 - 尝试应用第 33/41 个块补丁: chunk_033_20250612_155913.patch
2025-06-12 15:59:13.992 | INFO     | modules.chunk_analyzer:_apply_chunk_patches:360 - 成功应用块补丁: chunk_033_20250612_155913.patch
2025-06-12 15:59:13.992 | INFO     | modules.chunk_analyzer:_apply_chunk_patches:347 - 尝试应用第 34/41 个块补丁: chunk_034_20250612_155913.patch
2025-06-12 15:59:13.997 | INFO     | modules.chunk_analyzer:_apply_chunk_patches:360 - 成功应用块补丁: chunk_034_20250612_155913.patch
2025-06-12 15:59:13.998 | INFO     | modules.chunk_analyzer:_apply_chunk_patches:347 - 尝试应用第 35/41 个块补丁: chunk_035_20250612_155913.patch
2025-06-12 15:59:14.002 | INFO     | modules.chunk_analyzer:_apply_chunk_patches:360 - 成功应用块补丁: chunk_035_20250612_155913.patch
2025-06-12 15:59:14.002 | INFO     | modules.chunk_analyzer:_apply_chunk_patches:347 - 尝试应用第 36/41 个块补丁: chunk_036_20250612_155913.patch
2025-06-12 15:59:14.010 | WARNING  | modules.chunk_analyzer:_apply_chunk_patches:379 - 块补丁 chunk_036_20250612_155913.patch 应用失败: error: patch failed: fs/ntfs3/record.c:209
error: fs/ntfs3/record.c: patch does not apply

2025-06-12 15:59:14.010 | INFO     | modules.chunk_analyzer:_apply_chunk_patches:347 - 尝试应用第 37/41 个块补丁: chunk_037_20250612_155913.patch
2025-06-12 15:59:14.017 | WARNING  | modules.chunk_analyzer:_apply_chunk_patches:379 - 块补丁 chunk_037_20250612_155913.patch 应用失败: error: patch failed: fs/ntfs3/record.c:243
error: fs/ntfs3/record.c: patch does not apply

2025-06-12 15:59:14.017 | INFO     | modules.chunk_analyzer:_apply_chunk_patches:347 - 尝试应用第 38/41 个块补丁: chunk_038_20250612_155913.patch
2025-06-12 15:59:14.024 | WARNING  | modules.chunk_analyzer:_apply_chunk_patches:379 - 块补丁 chunk_038_20250612_155913.patch 应用失败: error: patch failed: fs/ntfs3/record.c:254
error: fs/ntfs3/record.c: patch does not apply

2025-06-12 15:59:14.024 | INFO     | modules.chunk_analyzer:_apply_chunk_patches:347 - 尝试应用第 39/41 个块补丁: chunk_039_20250612_155913.patch
2025-06-12 15:59:14.029 | INFO     | modules.chunk_analyzer:_apply_chunk_patches:360 - 成功应用块补丁: chunk_039_20250612_155913.patch
2025-06-12 15:59:14.029 | INFO     | modules.chunk_analyzer:_apply_chunk_patches:347 - 尝试应用第 40/41 个块补丁: chunk_040_20250612_155913.patch
2025-06-12 15:59:14.033 | INFO     | modules.chunk_analyzer:_apply_chunk_patches:360 - 成功应用块补丁: chunk_040_20250612_155913.patch
2025-06-12 15:59:14.033 | INFO     | modules.chunk_analyzer:_apply_chunk_patches:347 - 尝试应用第 41/41 个块补丁: chunk_041_20250612_155913.patch
2025-06-12 15:59:14.037 | INFO     | modules.chunk_analyzer:_apply_chunk_patches:360 - 成功应用块补丁: chunk_041_20250612_155913.patch
2025-06-12 15:59:14.037 | INFO     | modules.chunk_analyzer:_apply_chunk_patches:389 - 块补丁应用统计信息:
2025-06-12 15:59:14.038 | INFO     | modules.chunk_analyzer:_apply_chunk_patches:390 - - 总块数: 41
2025-06-12 15:59:14.038 | INFO     | modules.chunk_analyzer:_apply_chunk_patches:391 - - 无冲突块数: 38
2025-06-12 15:59:14.038 | INFO     | modules.chunk_analyzer:_apply_chunk_patches:392 - - 适配失败块数: 3
2025-06-12 15:59:14.038 | INFO     | modules.chunk_analyzer:execute:70 - 成功应用了 38 个块补丁，总共 41 个
2025-06-12 15:59:14.040 | INFO     | modules.chunk_analyzer:_create_remaining_patch:465 - 创建剩余块补丁文件: /home/elpsy/workspace/sow/patch-backport/workspace/linux/kernel-torvalds/2afd4d/chunk_patches/remaining_chunks_20250612_155914.patch
2025-06-12 15:59:14.041 | INFO     | modules.chunk_analyzer:execute:78 - 创建了包含 3 个未应用块的剩余补丁: /home/elpsy/workspace/sow/patch-backport/workspace/linux/kernel-torvalds/2afd4d/chunk_patches/remaining_chunks_20250612_155914.patch
2025-06-12 15:59:14.043 | INFO     | modules.chunk_analyzer:execute:102 - 已将剩余补丁路径存储到上下文: /home/elpsy/workspace/sow/patch-backport/workspace/linux/kernel-torvalds/2afd4d/chunk_patches/remaining_chunks_20250612_155914.patch
2025-06-12 15:59:14.044 | INFO     | modules.chunk_analyzer:execute:114 - 补丁分块分析完成，耗时: 0.32秒
2025-06-12 15:59:14.045 | INFO     | modules.base_module:_save_metrics:143 - 评测指标已保存到: workspace/linux/kernel-torvalds/2afd4d/evaluations/chunk_analyzer/metrics_2afd4d_20250612_155914.json
2025-06-12 15:59:14.047 | INFO     | modules.chunk_analyzer:_generate_additional_html_sections:855 - 找到当前评估会话目录: workspace/linux/kernel-torvalds/2afd4d/evaluations/chunk_analyzer/details_2afd4d_20250612_155914
2025-06-12 15:59:14.048 | INFO     | modules.chunk_analyzer:_get_patch_content:1089 - 使用当前会话评估目录: workspace/linux/kernel-torvalds/2afd4d/evaluations/chunk_analyzer/details_2afd4d_20250612_155914
2025-06-12 15:59:14.048 | WARNING  | modules.chunk_analyzer:_get_patch_content:1145 - 补丁目录不存在: workspace/linux/kernel-torvalds/2afd4d/evaluations/chunk_analyzer/details_2afd4d_20250612_155914/patches
2025-06-12 15:59:14.049 | INFO     | modules.chunk_analyzer:_get_patch_content:1150 - 成功创建补丁目录: workspace/linux/kernel-torvalds/2afd4d/evaluations/chunk_analyzer/details_2afd4d_20250612_155914/patches
2025-06-12 15:59:14.049 | INFO     | modules.chunk_analyzer:_get_patch_content:1168 - 已将原始补丁内容保存到: workspace/linux/kernel-torvalds/2afd4d/evaluations/chunk_analyzer/details_2afd4d_20250612_155914/patches/original_patch.txt
2025-06-12 15:59:14.049 | INFO     | modules.chunk_analyzer:_get_patch_content:1089 - 使用当前会话评估目录: workspace/linux/kernel-torvalds/2afd4d/evaluations/chunk_analyzer/details_2afd4d_20250612_155914
2025-06-12 15:59:14.051 | INFO     | modules.chunk_analyzer:_get_patch_content:1273 - 已将补丁块内容保存到: workspace/linux/kernel-torvalds/2afd4d/evaluations/chunk_analyzer/details_2afd4d_20250612_155914/patches/applied_chunk_1.txt
2025-06-12 15:59:14.051 | INFO     | modules.chunk_analyzer:_get_patch_content:1273 - 已将补丁块内容保存到: workspace/linux/kernel-torvalds/2afd4d/evaluations/chunk_analyzer/details_2afd4d_20250612_155914/patches/applied_chunk_2.txt
2025-06-12 15:59:14.052 | INFO     | modules.chunk_analyzer:_get_patch_content:1273 - 已将补丁块内容保存到: workspace/linux/kernel-torvalds/2afd4d/evaluations/chunk_analyzer/details_2afd4d_20250612_155914/patches/applied_chunk_3.txt
2025-06-12 15:59:14.052 | INFO     | modules.chunk_analyzer:_get_patch_content:1273 - 已将补丁块内容保存到: workspace/linux/kernel-torvalds/2afd4d/evaluations/chunk_analyzer/details_2afd4d_20250612_155914/patches/applied_chunk_4.txt
2025-06-12 15:59:14.053 | INFO     | modules.chunk_analyzer:_get_patch_content:1273 - 已将补丁块内容保存到: workspace/linux/kernel-torvalds/2afd4d/evaluations/chunk_analyzer/details_2afd4d_20250612_155914/patches/applied_chunk_5.txt
2025-06-12 15:59:14.053 | INFO     | modules.chunk_analyzer:_get_patch_content:1273 - 已将补丁块内容保存到: workspace/linux/kernel-torvalds/2afd4d/evaluations/chunk_analyzer/details_2afd4d_20250612_155914/patches/applied_chunk_6.txt
2025-06-12 15:59:14.054 | INFO     | modules.chunk_analyzer:_get_patch_content:1273 - 已将补丁块内容保存到: workspace/linux/kernel-torvalds/2afd4d/evaluations/chunk_analyzer/details_2afd4d_20250612_155914/patches/applied_chunk_7.txt
2025-06-12 15:59:14.054 | INFO     | modules.chunk_analyzer:_get_patch_content:1273 - 已将补丁块内容保存到: workspace/linux/kernel-torvalds/2afd4d/evaluations/chunk_analyzer/details_2afd4d_20250612_155914/patches/applied_chunk_8.txt
2025-06-12 15:59:14.055 | INFO     | modules.chunk_analyzer:_get_patch_content:1273 - 已将补丁块内容保存到: workspace/linux/kernel-torvalds/2afd4d/evaluations/chunk_analyzer/details_2afd4d_20250612_155914/patches/applied_chunk_9.txt
2025-06-12 15:59:14.055 | INFO     | modules.chunk_analyzer:_get_patch_content:1273 - 已将补丁块内容保存到: workspace/linux/kernel-torvalds/2afd4d/evaluations/chunk_analyzer/details_2afd4d_20250612_155914/patches/applied_chunk_10.txt
2025-06-12 15:59:14.056 | INFO     | modules.chunk_analyzer:_get_patch_content:1273 - 已将补丁块内容保存到: workspace/linux/kernel-torvalds/2afd4d/evaluations/chunk_analyzer/details_2afd4d_20250612_155914/patches/applied_chunk_11.txt
2025-06-12 15:59:14.056 | INFO     | modules.chunk_analyzer:_get_patch_content:1273 - 已将补丁块内容保存到: workspace/linux/kernel-torvalds/2afd4d/evaluations/chunk_analyzer/details_2afd4d_20250612_155914/patches/applied_chunk_12.txt
2025-06-12 15:59:14.057 | INFO     | modules.chunk_analyzer:_get_patch_content:1273 - 已将补丁块内容保存到: workspace/linux/kernel-torvalds/2afd4d/evaluations/chunk_analyzer/details_2afd4d_20250612_155914/patches/applied_chunk_13.txt
2025-06-12 15:59:14.058 | INFO     | modules.chunk_analyzer:_get_patch_content:1273 - 已将补丁块内容保存到: workspace/linux/kernel-torvalds/2afd4d/evaluations/chunk_analyzer/details_2afd4d_20250612_155914/patches/applied_chunk_14.txt
2025-06-12 15:59:14.059 | INFO     | modules.chunk_analyzer:_get_patch_content:1273 - 已将补丁块内容保存到: workspace/linux/kernel-torvalds/2afd4d/evaluations/chunk_analyzer/details_2afd4d_20250612_155914/patches/applied_chunk_15.txt
2025-06-12 15:59:14.060 | INFO     | modules.chunk_analyzer:_get_patch_content:1273 - 已将补丁块内容保存到: workspace/linux/kernel-torvalds/2afd4d/evaluations/chunk_analyzer/details_2afd4d_20250612_155914/patches/applied_chunk_16.txt
2025-06-12 15:59:14.060 | INFO     | modules.chunk_analyzer:_get_patch_content:1273 - 已将补丁块内容保存到: workspace/linux/kernel-torvalds/2afd4d/evaluations/chunk_analyzer/details_2afd4d_20250612_155914/patches/applied_chunk_17.txt
2025-06-12 15:59:14.061 | INFO     | modules.chunk_analyzer:_get_patch_content:1273 - 已将补丁块内容保存到: workspace/linux/kernel-torvalds/2afd4d/evaluations/chunk_analyzer/details_2afd4d_20250612_155914/patches/applied_chunk_18.txt
2025-06-12 15:59:14.061 | INFO     | modules.chunk_analyzer:_get_patch_content:1273 - 已将补丁块内容保存到: workspace/linux/kernel-torvalds/2afd4d/evaluations/chunk_analyzer/details_2afd4d_20250612_155914/patches/applied_chunk_19.txt
2025-06-12 15:59:14.062 | INFO     | modules.chunk_analyzer:_get_patch_content:1273 - 已将补丁块内容保存到: workspace/linux/kernel-torvalds/2afd4d/evaluations/chunk_analyzer/details_2afd4d_20250612_155914/patches/applied_chunk_20.txt
2025-06-12 15:59:14.062 | INFO     | modules.chunk_analyzer:_get_patch_content:1273 - 已将补丁块内容保存到: workspace/linux/kernel-torvalds/2afd4d/evaluations/chunk_analyzer/details_2afd4d_20250612_155914/patches/applied_chunk_21.txt
2025-06-12 15:59:14.063 | INFO     | modules.chunk_analyzer:_get_patch_content:1273 - 已将补丁块内容保存到: workspace/linux/kernel-torvalds/2afd4d/evaluations/chunk_analyzer/details_2afd4d_20250612_155914/patches/applied_chunk_22.txt
2025-06-12 15:59:14.063 | INFO     | modules.chunk_analyzer:_get_patch_content:1273 - 已将补丁块内容保存到: workspace/linux/kernel-torvalds/2afd4d/evaluations/chunk_analyzer/details_2afd4d_20250612_155914/patches/applied_chunk_23.txt
2025-06-12 15:59:14.064 | INFO     | modules.chunk_analyzer:_get_patch_content:1273 - 已将补丁块内容保存到: workspace/linux/kernel-torvalds/2afd4d/evaluations/chunk_analyzer/details_2afd4d_20250612_155914/patches/applied_chunk_24.txt
2025-06-12 15:59:14.064 | INFO     | modules.chunk_analyzer:_get_patch_content:1273 - 已将补丁块内容保存到: workspace/linux/kernel-torvalds/2afd4d/evaluations/chunk_analyzer/details_2afd4d_20250612_155914/patches/applied_chunk_25.txt
2025-06-12 15:59:14.065 | INFO     | modules.chunk_analyzer:_get_patch_content:1273 - 已将补丁块内容保存到: workspace/linux/kernel-torvalds/2afd4d/evaluations/chunk_analyzer/details_2afd4d_20250612_155914/patches/applied_chunk_26.txt
2025-06-12 15:59:14.065 | INFO     | modules.chunk_analyzer:_get_patch_content:1273 - 已将补丁块内容保存到: workspace/linux/kernel-torvalds/2afd4d/evaluations/chunk_analyzer/details_2afd4d_20250612_155914/patches/applied_chunk_27.txt
2025-06-12 15:59:14.066 | INFO     | modules.chunk_analyzer:_get_patch_content:1273 - 已将补丁块内容保存到: workspace/linux/kernel-torvalds/2afd4d/evaluations/chunk_analyzer/details_2afd4d_20250612_155914/patches/applied_chunk_28.txt
2025-06-12 15:59:14.066 | INFO     | modules.chunk_analyzer:_get_patch_content:1273 - 已将补丁块内容保存到: workspace/linux/kernel-torvalds/2afd4d/evaluations/chunk_analyzer/details_2afd4d_20250612_155914/patches/applied_chunk_29.txt
2025-06-12 15:59:14.067 | INFO     | modules.chunk_analyzer:_get_patch_content:1273 - 已将补丁块内容保存到: workspace/linux/kernel-torvalds/2afd4d/evaluations/chunk_analyzer/details_2afd4d_20250612_155914/patches/applied_chunk_30.txt
2025-06-12 15:59:14.067 | INFO     | modules.chunk_analyzer:_get_patch_content:1273 - 已将补丁块内容保存到: workspace/linux/kernel-torvalds/2afd4d/evaluations/chunk_analyzer/details_2afd4d_20250612_155914/patches/applied_chunk_31.txt
2025-06-12 15:59:14.068 | INFO     | modules.chunk_analyzer:_get_patch_content:1273 - 已将补丁块内容保存到: workspace/linux/kernel-torvalds/2afd4d/evaluations/chunk_analyzer/details_2afd4d_20250612_155914/patches/applied_chunk_32.txt
2025-06-12 15:59:14.068 | INFO     | modules.chunk_analyzer:_get_patch_content:1273 - 已将补丁块内容保存到: workspace/linux/kernel-torvalds/2afd4d/evaluations/chunk_analyzer/details_2afd4d_20250612_155914/patches/applied_chunk_33.txt
2025-06-12 15:59:14.069 | INFO     | modules.chunk_analyzer:_get_patch_content:1273 - 已将补丁块内容保存到: workspace/linux/kernel-torvalds/2afd4d/evaluations/chunk_analyzer/details_2afd4d_20250612_155914/patches/applied_chunk_34.txt
2025-06-12 15:59:14.069 | INFO     | modules.chunk_analyzer:_get_patch_content:1273 - 已将补丁块内容保存到: workspace/linux/kernel-torvalds/2afd4d/evaluations/chunk_analyzer/details_2afd4d_20250612_155914/patches/applied_chunk_35.txt
2025-06-12 15:59:14.070 | INFO     | modules.chunk_analyzer:_get_patch_content:1273 - 已将补丁块内容保存到: workspace/linux/kernel-torvalds/2afd4d/evaluations/chunk_analyzer/details_2afd4d_20250612_155914/patches/applied_chunk_36.txt
2025-06-12 15:59:14.070 | INFO     | modules.chunk_analyzer:_get_patch_content:1273 - 已将补丁块内容保存到: workspace/linux/kernel-torvalds/2afd4d/evaluations/chunk_analyzer/details_2afd4d_20250612_155914/patches/applied_chunk_37.txt
2025-06-12 15:59:14.071 | INFO     | modules.chunk_analyzer:_get_patch_content:1273 - 已将补丁块内容保存到: workspace/linux/kernel-torvalds/2afd4d/evaluations/chunk_analyzer/details_2afd4d_20250612_155914/patches/applied_chunk_38.txt
2025-06-12 15:59:14.071 | INFO     | modules.chunk_analyzer:_get_patch_content:1282 - 已将合并的补丁块内容保存到: workspace/linux/kernel-torvalds/2afd4d/evaluations/chunk_analyzer/details_2afd4d_20250612_155914/patches/all_applied_chunks.txt
2025-06-12 15:59:14.071 | INFO     | modules.chunk_analyzer:_get_patch_content:1286 - 从context获取应用成功的补丁内容
2025-06-12 15:59:14.072 | INFO     | modules.chunk_analyzer:_get_patch_content:1089 - 使用当前会话评估目录: workspace/linux/kernel-torvalds/2afd4d/evaluations/chunk_analyzer/details_2afd4d_20250612_155914
2025-06-12 15:59:14.072 | INFO     | modules.chunk_analyzer:_get_patch_content:1337 - 已将剩余补丁内容保存到: workspace/linux/kernel-torvalds/2afd4d/evaluations/chunk_analyzer/details_2afd4d_20250612_155914/patches/remaining_patch.txt
2025-06-12 15:59:14.073 | INFO     | modules.chunk_analyzer:_get_patch_content:1341 - 从context获取剩余补丁内容: /home/elpsy/workspace/sow/patch-backport/workspace/linux/kernel-torvalds/2afd4d/chunk_patches/remaining_chunks_20250612_155914.patch
2025-06-12 15:59:14.076 | INFO     | modules.base_module:_save_evaluation_info:198 - 美观易读的评估信息已保存到: workspace/linux/kernel-torvalds/2afd4d/evaluations/chunk_analyzer/details_2afd4d_20250612_155914
2025-06-12 15:59:14.094 | INFO     | core.adaptation_pipeline:process_patch:106 - 执行模块: llm_adapter
2025-06-12 15:59:14.094 | INFO     | modules.llm_adapter:execute:71 - context.commit.patch_path: /home/elpsy/workspace/sow/patch-backport/workspace/linux/kernel-torvalds/2afd4d/patches/upstream_2afd4d.patch
2025-06-12 15:59:14.095 | INFO     | modules.llm_adapter:execute:73 - 使用原始补丁文件: /home/elpsy/workspace/sow/patch-backport/workspace/linux/kernel-torvalds/2afd4d/patches/upstream_2afd4d.patch
2025-06-12 15:59:14.095 | INFO     | modules.llm_adapter:_prepare_prompt_data:223 - 使用传统上下文差异
2025-06-12 15:59:14.934 | WARNING  | git_operations:get_commit_content:143 - GitHub API获取提交内容失败: 404, {"message":"Not Found","documentation_url":"https://docs.github.com/rest/commits/commits#get-a-commit","status":"404"}
2025-06-12 15:59:14.935 | INFO     | git_operations:get_commit_content:144 - 尝试使用本地Git仓库获取提交内容...
2025-06-12 15:59:14.987 | INFO     | git_operations:_get_commit_content_local:234 - 成功从本地Git仓库获取提交 2afd4d267e6dbaec8d3ccd4f5396cb84bc67aa2e 的内容，包含 4 个文件
2025-06-12 15:59:15.890 | WARNING  | git_operations:get_commit_content:143 - GitHub API获取提交内容失败: 404, {"message":"Not Found","documentation_url":"https://docs.github.com/rest/commits/commits#get-a-commit","status":"404"}
2025-06-12 15:59:15.891 | INFO     | git_operations:get_commit_content:144 - 尝试使用本地Git仓库获取提交内容...
2025-06-12 15:59:15.931 | INFO     | git_operations:_get_commit_content_local:234 - 成功从本地Git仓库获取提交 2afd4d267e6dbaec8d3ccd4f5396cb84bc67aa2e 的内容，包含 4 个文件
2025-06-12 15:59:15.932 | INFO     | git_operations:get_file_contents_from_ref:264 - 获取内容中：['fs/ntfs3/attrib.c', 'fs/ntfs3/frecord.c', 'fs/ntfs3/ntfs_fs.h', 'fs/ntfs3/record.c']
2025-06-12 15:59:15.933 | INFO     | git_operations:_get_file_contents_local:280 - 正在从本地仓库获取文件 fs/ntfs3/attrib.c 在 1f2bf7049f6ef6048b56b18d0033d3e77b28f973 的内容
2025-06-12 15:59:15.939 | INFO     | git_operations:_get_file_contents_local:280 - 正在从本地仓库获取文件 fs/ntfs3/frecord.c 在 1f2bf7049f6ef6048b56b18d0033d3e77b28f973 的内容
2025-06-12 15:59:15.947 | INFO     | git_operations:_get_file_contents_local:280 - 正在从本地仓库获取文件 fs/ntfs3/ntfs_fs.h 在 1f2bf7049f6ef6048b56b18d0033d3e77b28f973 的内容
2025-06-12 15:59:15.953 | INFO     | git_operations:_get_file_contents_local:280 - 正在从本地仓库获取文件 fs/ntfs3/record.c 在 1f2bf7049f6ef6048b56b18d0033d3e77b28f973 的内容
2025-06-12 15:59:15.960 | INFO     | git_operations:_get_file_contents_local:300 - 本地获取文件内容为: [{'filename': 'fs/ntfs3/attrib.c', 'content': '// SPDX-License-Identifier: GPL-2.0\n/*\n *\n * Copyright (C) 2019-2021 Paragon Software GmbH, All rights reserved.\n *\n * TODO: Merge attr_set_size/attr_data_get_block/attr_allocate_frame?\n */\n\n#include <linux/fs.h>\n#include <linux/slab.h>\n#include <linux/kernel.h>\n\n#include "debug.h"\n#include "ntfs.h"\n#include "ntfs_fs.h"\n\n/*\n * You can set external NTFS_MIN_LOG2_OF_CLUMP/NTFS_MAX_LOG2_OF_CLUMP to manage\n * preallocate algorithm.\n */\n#ifndef NTFS_MIN_LOG2_OF_CLUMP\n#define NTFS_MIN_LOG2_OF_CLUMP 16\n#endif\n\n#ifndef NTFS_MAX_LOG2_OF_CLUMP\n#define NTFS_MAX_LOG2_OF_CLUMP 26\n#endif\n\n// 16M\n#define NTFS_CLUMP_MIN (1 << (NTFS_MIN_LOG2_OF_CLUMP + 8))\n// 16G\n#define NTFS_CLUMP_MAX (1ull << (NTFS_MAX_LOG2_OF_CLUMP + 8))\n\nstatic inline u64 get_pre_allocated(u64 size)\n{\n\tu32 clump;\n\tu8 align_shift;\n\tu64 ret;\n\n\tif (size <= NTFS_CLUMP_MIN) {\n\t\tclump = 1 << NTFS_MIN_LOG2_OF_CLUMP;\n\t\talign_shift = NTFS_MIN_LOG2_OF_CLUMP;\n\t} else if (size >= NTFS_CLUMP_MAX) {\n\t\tclump = 1 << NTFS_MAX_LOG2_OF_CLUMP;\n\t\talign_shift = NTFS_MAX_LOG2_OF_CLUMP;\n\t} else {\n\t\talign_shift = NTFS_MIN_LOG2_OF_CLUMP - 1 +\n\t\t\t      __ffs(size >> (8 + NTFS_MIN_LOG2_OF_CLUMP));\n\t\tclump = 1u << align_shift;\n\t}\n\n\tret = (((size + clump - 1) >> align_shift)) << align_shift;\n\n\treturn ret;\n}\n\n/*\n * attr_load_runs - Load all runs stored in @attr.\n */\nstatic int attr_load_runs(struct ATTRIB *attr, struct ntfs_inode *ni,\n\t\t\t  struct runs_tree *run, const CLST *vcn)\n{\n\tint err;\n\tCLST svcn = le64_to_cpu(attr->nres.svcn);\n\tCLST evcn = le64_to_cpu(attr->nres.evcn);\n\tu32 asize;\n\tu16 run_off;\n\n\tif (svcn >= evcn + 1 || run_is_mapped_full(run, svcn, evcn))\n\t\treturn 0;\n\n\tif (vcn && (evcn < *vcn || *vcn < svcn))\n\t\treturn -EINVAL;\n\n\tasize = le32_to_cpu(attr->size);\n\trun_off = le16_to_cpu(attr->nres.run_off);\n\n\tif (run_off > asize)\n\t\treturn -EINVAL;\n\n\terr = run_unpack_ex(run, ni->mi.sbi, ni->mi.rno, svcn, evcn,\n\t\t\t    vcn ? *vcn : svcn, Add2Ptr(attr, run_off),\n\t\t\t    asize - run_off);\n\tif (err < 0)\n\t\treturn err;\n\n\treturn 0;\n}\n\n/*\n * run_deallocate_ex - Deallocate clusters.\n */\nstatic int run_deallocate_ex(struct ntfs_sb_info *sbi, struct runs_tree *run,\n\t\t\t     CLST vcn, CLST len, CLST *done, bool trim)\n{\n\tint err = 0;\n\tCLST vcn_next, vcn0 = vcn, lcn, clen, dn = 0;\n\tsize_t idx;\n\n\tif (!len)\n\t\tgoto out;\n\n\tif (!run_lookup_entry(run, vcn, &lcn, &clen, &idx)) {\nfailed:\n\t\trun_truncate(run, vcn0);\n\t\terr = -EINVAL;\n\t\tgoto out;\n\t}\n\n\tfor (;;) {\n\t\tif (clen > len)\n\t\t\tclen = len;\n\n\t\tif (!clen) {\n\t\t\terr = -EINVAL;\n\t\t\tgoto out;\n\t\t}\n\n\t\tif (lcn != SPARSE_LCN) {\n\t\t\tif (sbi) {\n\t\t\t\t/* mark bitmap range [lcn + clen) as free and trim clusters. */\n\t\t\t\tmark_as_free_ex(sbi, lcn, clen, trim);\n\t\t\t}\n\t\t\tdn += clen;\n\t\t}\n\n\t\tlen -= clen;\n\t\tif (!len)\n\t\t\tbreak;\n\n\t\tvcn_next = vcn + clen;\n\t\tif (!run_get_entry(run, ++idx, &vcn, &lcn, &clen) ||\n\t\t    vcn != vcn_next) {\n\t\t\t/* Save memory - don\'t load entire run. */\n\t\t\tgoto failed;\n\t\t}\n\t}\n\nout:\n\tif (done)\n\t\t*done += dn;\n\n\treturn err;\n}\n\n/*\n * attr_allocate_clusters - Find free space, mark it as used and store in @run.\n */\nint attr_allocate_clusters(struct ntfs_sb_info *sbi, struct runs_tree *run,\n\t\t\t   CLST vcn, CLST lcn, CLST len, CLST *pre_alloc,\n\t\t\t   enum ALLOCATE_OPT opt, CLST *alen, const size_t fr,\n\t\t\t   CLST *new_lcn, CLST *new_len)\n{\n\tint err;\n\tCLST flen, vcn0 = vcn, pre = pre_alloc ? *pre_alloc : 0;\n\tsize_t cnt = run->count;\n\n\tfor (;;) {\n\t\terr = ntfs_look_for_free_space(sbi, lcn, len + pre, &lcn, &flen,\n\t\t\t\t\t       opt);\n\n\t\tif (err == -ENOSPC && pre) {\n\t\t\tpre = 0;\n\t\t\tif (*pre_alloc)\n\t\t\t\t*pre_alloc = 0;\n\t\t\tcontinue;\n\t\t}\n\n\t\tif (err)\n\t\t\tgoto out;\n\n\t\tif (vcn == vcn0) {\n\t\t\t/* Return the first fragment. */\n\t\t\tif (new_lcn)\n\t\t\t\t*new_lcn = lcn;\n\t\t\tif (new_len)\n\t\t\t\t*new_len = flen;\n\t\t}\n\n\t\t/* Add new fragment into run storage. */\n\t\tif (!run_add_entry(run, vcn, lcn, flen, opt & ALLOCATE_MFT)) {\n\t\t\t/* Undo last \'ntfs_look_for_free_space\' */\n\t\t\tmark_as_free_ex(sbi, lcn, len, false);\n\t\t\terr = -ENOMEM;\n\t\t\tgoto out;\n\t\t}\n\n\t\tif (opt & ALLOCATE_ZERO) {\n\t\t\tu8 shift = sbi->cluster_bits - SECTOR_SHIFT;\n\n\t\t\terr = blkdev_issue_zeroout(sbi->sb->s_bdev,\n\t\t\t\t\t\t   (sector_t)lcn << shift,\n\t\t\t\t\t\t   (sector_t)flen << shift,\n\t\t\t\t\t\t   GFP_NOFS, 0);\n\t\t\tif (err)\n\t\t\t\tgoto out;\n\t\t}\n\n\t\tvcn += flen;\n\n\t\tif (flen >= len || (opt & ALLOCATE_MFT) ||\n\t\t    (fr && run->count - cnt >= fr)) {\n\t\t\t*alen = vcn - vcn0;\n\t\t\treturn 0;\n\t\t}\n\n\t\tlen -= flen;\n\t}\n\nout:\n\t/* Undo \'ntfs_look_for_free_space\' */\n\tif (vcn - vcn0) {\n\t\trun_deallocate_ex(sbi, run, vcn0, vcn - vcn0, NULL, false);\n\t\trun_truncate(run, vcn0);\n\t}\n\n\treturn err;\n}\n\n/*\n * attr_make_nonresident\n *\n * If page is not NULL - it is already contains resident data\n * and locked (called from ni_write_frame()).\n */\nint attr_make_nonresident(struct ntfs_inode *ni, struct ATTRIB *attr,\n\t\t\t  struct ATTR_LIST_ENTRY *le, struct mft_inode *mi,\n\t\t\t  u64 new_size, struct runs_tree *run,\n\t\t\t  struct ATTRIB **ins_attr, struct page *page)\n{\n\tstruct ntfs_sb_info *sbi;\n\tstruct ATTRIB *attr_s;\n\tstruct MFT_REC *rec;\n\tu32 used, asize, rsize, aoff;\n\tbool is_data;\n\tCLST len, alen;\n\tchar *next;\n\tint err;\n\n\tif (attr->non_res) {\n\t\t*ins_attr = attr;\n\t\treturn 0;\n\t}\n\n\tsbi = mi->sbi;\n\trec = mi->mrec;\n\tattr_s = NULL;\n\tused = le32_to_cpu(rec->used);\n\tasize = le32_to_cpu(attr->size);\n\tnext = Add2Ptr(attr, asize);\n\taoff = PtrOffset(rec, attr);\n\trsize = le32_to_cpu(attr->res.data_size);\n\tis_data = attr->type == ATTR_DATA && !attr->name_len;\n\n\t/* len - how many clusters required to store \'rsize\' bytes */\n\tif (is_attr_compressed(attr)) {\n\t\tu8 shift = sbi->cluster_bits + NTFS_LZNT_CUNIT;\n\t\tlen = ((rsize + (1u << shift) - 1) >> shift) << NTFS_LZNT_CUNIT;\n\t} else {\n\t\tlen = bytes_to_cluster(sbi, rsize);\n\t}\n\n\trun_init(run);\n\n\t/* Make a copy of original attribute. */\n\tattr_s = kmemdup(attr, asize, GFP_NOFS);\n\tif (!attr_s) {\n\t\terr = -ENOMEM;\n\t\tgoto out;\n\t}\n\n\tif (!len) {\n\t\t/* Empty resident -> Empty nonresident. */\n\t\talen = 0;\n\t} else {\n\t\tconst char *data = resident_data(attr);\n\n\t\terr = attr_allocate_clusters(sbi, run, 0, 0, len, NULL,\n\t\t\t\t\t     ALLOCATE_DEF, &alen, 0, NULL,\n\t\t\t\t\t     NULL);\n\t\tif (err)\n\t\t\tgoto out1;\n\n\t\tif (!rsize) {\n\t\t\t/* Empty resident -> Non empty nonresident. */\n\t\t} else if (!is_data) {\n\t\t\terr = ntfs_sb_write_run(sbi, run, 0, data, rsize, 0);\n\t\t\tif (err)\n\t\t\t\tgoto out2;\n\t\t} else if (!page) {\n\t\t\tstruct address_space *mapping = ni->vfs_inode.i_mapping;\n\t\t\tstruct folio *folio;\n\n\t\t\tfolio = __filemap_get_folio(\n\t\t\t\tmapping, 0, FGP_LOCK | FGP_ACCESSED | FGP_CREAT,\n\t\t\t\tmapping_gfp_mask(mapping));\n\t\t\tif (IS_ERR(folio)) {\n\t\t\t\terr = PTR_ERR(folio);\n\t\t\t\tgoto out2;\n\t\t\t}\n\t\t\tfolio_fill_tail(folio, 0, data, rsize);\n\t\t\tfolio_mark_uptodate(folio);\n\t\t\tfolio_mark_dirty(folio);\n\t\t\tfolio_unlock(folio);\n\t\t\tfolio_put(folio);\n\t\t}\n\t}\n\n\t/* Remove original attribute. */\n\tused -= asize;\n\tmemmove(attr, Add2Ptr(attr, asize), used - aoff);\n\trec->used = cpu_to_le32(used);\n\tmi->dirty = true;\n\tif (le)\n\t\tal_remove_le(ni, le);\n\n\terr = ni_insert_nonresident(ni, attr_s->type, attr_name(attr_s),\n\t\t\t\t    attr_s->name_len, run, 0, alen,\n\t\t\t\t    attr_s->flags, &attr, NULL, NULL);\n\tif (err)\n\t\tgoto out3;\n\n\tkfree(attr_s);\n\tattr->nres.data_size = cpu_to_le64(rsize);\n\tattr->nres.valid_size = attr->nres.data_size;\n\n\t*ins_attr = attr;\n\n\tif (is_data)\n\t\tni->ni_flags &= ~NI_FLAG_RESIDENT;\n\n\t/* Resident attribute becomes non resident. */\n\treturn 0;\n\nout3:\n\tattr = Add2Ptr(rec, aoff);\n\tmemmove(next, attr, used - aoff);\n\tmemcpy(attr, attr_s, asize);\n\trec->used = cpu_to_le32(used + asize);\n\tmi->dirty = true;\nout2:\n\t/* Undo: do not trim new allocated clusters. */\n\trun_deallocate(sbi, run, false);\n\trun_close(run);\nout1:\n\tkfree(attr_s);\nout:\n\treturn err;\n}\n\n/*\n * attr_set_size_res - Helper for attr_set_size().\n */\nstatic int attr_set_size_res(struct ntfs_inode *ni, struct ATTRIB *attr,\n\t\t\t     struct ATTR_LIST_ENTRY *le, struct mft_inode *mi,\n\t\t\t     u64 new_size, struct runs_tree *run,\n\t\t\t     struct ATTRIB **ins_attr)\n{\n\tstruct ntfs_sb_info *sbi = mi->sbi;\n\tstruct MFT_REC *rec = mi->mrec;\n\tu32 used = le32_to_cpu(rec->used);\n\tu32 asize = le32_to_cpu(attr->size);\n\tu32 aoff = PtrOffset(rec, attr);\n\tu32 rsize = le32_to_cpu(attr->res.data_size);\n\tu32 tail = used - aoff - asize;\n\tchar *next = Add2Ptr(attr, asize);\n\ts64 dsize = ALIGN(new_size, 8) - ALIGN(rsize, 8);\n\n\tif (dsize < 0) {\n\t\tmemmove(next + dsize, next, tail);\n\t} else if (dsize > 0) {\n\t\tif (used + dsize > sbi->max_bytes_per_attr)\n\t\t\treturn attr_make_nonresident(ni, attr, le, mi, new_size,\n\t\t\t\t\t\t     run, ins_attr, NULL);\n\n\t\tmemmove(next + dsize, next, tail);\n\t\tmemset(next, 0, dsize);\n\t}\n\n\tif (new_size > rsize)\n\t\tmemset(Add2Ptr(resident_data(attr), rsize), 0,\n\t\t       new_size - rsize);\n\n\trec->used = cpu_to_le32(used + dsize);\n\tattr->size = cpu_to_le32(asize + dsize);\n\tattr->res.data_size = cpu_to_le32(new_size);\n\tmi->dirty = true;\n\t*ins_attr = attr;\n\n\treturn 0;\n}\n\n/*\n * attr_set_size - Change the size of attribute.\n *\n * Extend:\n *   - Sparse/compressed: No allocated clusters.\n *   - Normal: Append allocated and preallocated new clusters.\n * Shrink:\n *   - No deallocate if @keep_prealloc is set.\n */\nint attr_set_size(struct ntfs_inode *ni, enum ATTR_TYPE type,\n\t\t  const __le16 *name, u8 name_len, struct runs_tree *run,\n\t\t  u64 new_size, const u64 *new_valid, bool keep_prealloc,\n\t\t  struct ATTRIB **ret)\n{\n\tint err = 0;\n\tstruct ntfs_sb_info *sbi = ni->mi.sbi;\n\tu8 cluster_bits = sbi->cluster_bits;\n\tbool is_mft = ni->mi.rno == MFT_REC_MFT && type == ATTR_DATA &&\n\t\t      !name_len;\n\tu64 old_valid, old_size, old_alloc, new_alloc, new_alloc_tmp;\n\tstruct ATTRIB *attr = NULL, *attr_b;\n\tstruct ATTR_LIST_ENTRY *le, *le_b;\n\tstruct mft_inode *mi, *mi_b;\n\tCLST alen, vcn, lcn, new_alen, old_alen, svcn, evcn;\n\tCLST next_svcn, pre_alloc = -1, done = 0;\n\tbool is_ext, is_bad = false;\n\tbool dirty = false;\n\tu32 align;\n\tstruct MFT_REC *rec;\n\nagain:\n\talen = 0;\n\tle_b = NULL;\n\tattr_b = ni_find_attr(ni, NULL, &le_b, type, name, name_len, NULL,\n\t\t\t      &mi_b);\n\tif (!attr_b) {\n\t\terr = -ENOENT;\n\t\tgoto bad_inode;\n\t}\n\n\tif (!attr_b->non_res) {\n\t\terr = attr_set_size_res(ni, attr_b, le_b, mi_b, new_size, run,\n\t\t\t\t\t&attr_b);\n\t\tif (err)\n\t\t\treturn err;\n\n\t\t/* Return if file is still resident. */\n\t\tif (!attr_b->non_res) {\n\t\t\tdirty = true;\n\t\t\tgoto ok1;\n\t\t}\n\n\t\t/* Layout of records may be changed, so do a full search. */\n\t\tgoto again;\n\t}\n\n\tis_ext = is_attr_ext(attr_b);\n\talign = sbi->cluster_size;\n\tif (is_ext)\n\t\talign <<= attr_b->nres.c_unit;\n\n\told_valid = le64_to_cpu(attr_b->nres.valid_size);\n\told_size = le64_to_cpu(attr_b->nres.data_size);\n\told_alloc = le64_to_cpu(attr_b->nres.alloc_size);\n\nagain_1:\n\told_alen = old_alloc >> cluster_bits;\n\n\tnew_alloc = (new_size + align - 1) & ~(u64)(align - 1);\n\tnew_alen = new_alloc >> cluster_bits;\n\n\tif (keep_prealloc && new_size < old_size) {\n\t\tattr_b->nres.data_size = cpu_to_le64(new_size);\n\t\tmi_b->dirty = dirty = true;\n\t\tgoto ok;\n\t}\n\n\tvcn = old_alen - 1;\n\n\tsvcn = le64_to_cpu(attr_b->nres.svcn);\n\tevcn = le64_to_cpu(attr_b->nres.evcn);\n\n\tif (svcn <= vcn && vcn <= evcn) {\n\t\tattr = attr_b;\n\t\tle = le_b;\n\t\tmi = mi_b;\n\t} else if (!le_b) {\n\t\terr = -EINVAL;\n\t\tgoto bad_inode;\n\t} else {\n\t\tle = le_b;\n\t\tattr = ni_find_attr(ni, attr_b, &le, type, name, name_len, &vcn,\n\t\t\t\t    &mi);\n\t\tif (!attr) {\n\t\t\terr = -EINVAL;\n\t\t\tgoto bad_inode;\n\t\t}\n\nnext_le_1:\n\t\tsvcn = le64_to_cpu(attr->nres.svcn);\n\t\tevcn = le64_to_cpu(attr->nres.evcn);\n\t}\n\t/*\n\t * Here we have:\n\t * attr,mi,le - last attribute segment (containing \'vcn\').\n\t * attr_b,mi_b,le_b - base (primary) attribute segment.\n\t */\nnext_le:\n\trec = mi->mrec;\n\terr = attr_load_runs(attr, ni, run, NULL);\n\tif (err)\n\t\tgoto out;\n\n\tif (new_size > old_size) {\n\t\tCLST to_allocate;\n\t\tsize_t free;\n\n\t\tif (new_alloc <= old_alloc) {\n\t\t\tattr_b->nres.data_size = cpu_to_le64(new_size);\n\t\t\tmi_b->dirty = dirty = true;\n\t\t\tgoto ok;\n\t\t}\n\n\t\t/*\n\t\t * Add clusters. In simple case we have to:\n\t\t *  - allocate space (vcn, lcn, len)\n\t\t *  - update packed run in \'mi\'\n\t\t *  - update attr->nres.evcn\n\t\t *  - update attr_b->nres.data_size/attr_b->nres.alloc_size\n\t\t */\n\t\tto_allocate = new_alen - old_alen;\nadd_alloc_in_same_attr_seg:\n\t\tlcn = 0;\n\t\tif (is_mft) {\n\t\t\t/* MFT allocates clusters from MFT zone. */\n\t\t\tpre_alloc = 0;\n\t\t} else if (is_ext) {\n\t\t\t/* No preallocate for sparse/compress. */\n\t\t\tpre_alloc = 0;\n\t\t} else if (pre_alloc == -1) {\n\t\t\tpre_alloc = 0;\n\t\t\tif (type == ATTR_DATA && !name_len &&\n\t\t\t    sbi->options->prealloc) {\n\t\t\t\tpre_alloc = bytes_to_cluster(\n\t\t\t\t\t\t    sbi, get_pre_allocated(\n\t\t\t\t\t\t\t\t new_size)) -\n\t\t\t\t\t    new_alen;\n\t\t\t}\n\n\t\t\t/* Get the last LCN to allocate from. */\n\t\t\tif (old_alen &&\n\t\t\t    !run_lookup_entry(run, vcn, &lcn, NULL, NULL)) {\n\t\t\t\tlcn = SPARSE_LCN;\n\t\t\t}\n\n\t\t\tif (lcn == SPARSE_LCN)\n\t\t\t\tlcn = 0;\n\t\t\telse if (lcn)\n\t\t\t\tlcn += 1;\n\n\t\t\tfree = wnd_zeroes(&sbi->used.bitmap);\n\t\t\tif (to_allocate > free) {\n\t\t\t\terr = -ENOSPC;\n\t\t\t\tgoto out;\n\t\t\t}\n\n\t\t\tif (pre_alloc && to_allocate + pre_alloc > free)\n\t\t\t\tpre_alloc = 0;\n\t\t}\n\n\t\tvcn = old_alen;\n\n\t\tif (is_ext) {\n\t\t\tif (!run_add_entry(run, vcn, SPARSE_LCN, to_allocate,\n\t\t\t\t\t   false)) {\n\t\t\t\terr = -ENOMEM;\n\t\t\t\tgoto out;\n\t\t\t}\n\t\t\talen = to_allocate;\n\t\t} else {\n\t\t\t/* ~3 bytes per fragment. */\n\t\t\terr = attr_allocate_clusters(\n\t\t\t\tsbi, run, vcn, lcn, to_allocate, &pre_alloc,\n\t\t\t\tis_mft ? ALLOCATE_MFT : ALLOCATE_DEF, &alen,\n\t\t\t\tis_mft ? 0 :\n\t\t\t\t\t (sbi->record_size -\n\t\t\t\t\t  le32_to_cpu(rec->used) + 8) /\n\t\t\t\t\t\t\t 3 +\n\t\t\t\t\t\t 1,\n\t\t\t\tNULL, NULL);\n\t\t\tif (err)\n\t\t\t\tgoto out;\n\t\t}\n\n\t\tdone += alen;\n\t\tvcn += alen;\n\t\tif (to_allocate > alen)\n\t\t\tto_allocate -= alen;\n\t\telse\n\t\t\tto_allocate = 0;\n\npack_runs:\n\t\terr = mi_pack_runs(mi, attr, run, vcn - svcn);\n\t\tif (err)\n\t\t\tgoto undo_1;\n\n\t\tnext_svcn = le64_to_cpu(attr->nres.evcn) + 1;\n\t\tnew_alloc_tmp = (u64)next_svcn << cluster_bits;\n\t\tattr_b->nres.alloc_size = cpu_to_le64(new_alloc_tmp);\n\t\tmi_b->dirty = dirty = true;\n\n\t\tif (next_svcn >= vcn && !to_allocate) {\n\t\t\t/* Normal way. Update attribute and exit. */\n\t\t\tattr_b->nres.data_size = cpu_to_le64(new_size);\n\t\t\tgoto ok;\n\t\t}\n\n\t\t/* At least two MFT to avoid recursive loop. */\n\t\tif (is_mft && next_svcn == vcn &&\n\t\t    ((u64)done << sbi->cluster_bits) >= 2 * sbi->record_size) {\n\t\t\tnew_size = new_alloc_tmp;\n\t\t\tattr_b->nres.data_size = attr_b->nres.alloc_size;\n\t\t\tgoto ok;\n\t\t}\n\n\t\tif (le32_to_cpu(rec->used) < sbi->record_size) {\n\t\t\told_alen = next_svcn;\n\t\t\tevcn = old_alen - 1;\n\t\t\tgoto add_alloc_in_same_attr_seg;\n\t\t}\n\n\t\tattr_b->nres.data_size = attr_b->nres.alloc_size;\n\t\tif (new_alloc_tmp < old_valid)\n\t\t\tattr_b->nres.valid_size = attr_b->nres.data_size;\n\n\t\tif (type == ATTR_LIST) {\n\t\t\terr = ni_expand_list(ni);\n\t\t\tif (err)\n\t\t\t\tgoto undo_2;\n\t\t\tif (next_svcn < vcn)\n\t\t\t\tgoto pack_runs;\n\n\t\t\t/* Layout of records is changed. */\n\t\t\tgoto again;\n\t\t}\n\n\t\tif (!ni->attr_list.size) {\n\t\t\terr = ni_create_attr_list(ni);\n\t\t\t/* In case of error layout of records is not changed. */\n\t\t\tif (err)\n\t\t\t\tgoto undo_2;\n\t\t\t/* Layout of records is changed. */\n\t\t}\n\n\t\tif (next_svcn >= vcn) {\n\t\t\t/* This is MFT data, repeat. */\n\t\t\tgoto again;\n\t\t}\n\n\t\t/* Insert new attribute segment. */\n\t\terr = ni_insert_nonresident(ni, type, name, name_len, run,\n\t\t\t\t\t    next_svcn, vcn - next_svcn,\n\t\t\t\t\t    attr_b->flags, &attr, &mi, NULL);\n\n\t\t/*\n\t\t * Layout of records maybe changed.\n\t\t * Find base attribute to update.\n\t\t */\n\t\tle_b = NULL;\n\t\tattr_b = ni_find_attr(ni, NULL, &le_b, type, name, name_len,\n\t\t\t\t      NULL, &mi_b);\n\t\tif (!attr_b) {\n\t\t\terr = -EINVAL;\n\t\t\tgoto bad_inode;\n\t\t}\n\n\t\tif (err) {\n\t\t\t/* ni_insert_nonresident failed. */\n\t\t\tattr = NULL;\n\t\t\tgoto undo_2;\n\t\t}\n\n\t\t/* keep runs for $MFT::$ATTR_DATA and $MFT::$ATTR_BITMAP. */\n\t\tif (ni->mi.rno != MFT_REC_MFT)\n\t\t\trun_truncate_head(run, evcn + 1);\n\n\t\tsvcn = le64_to_cpu(attr->nres.svcn);\n\t\tevcn = le64_to_cpu(attr->nres.evcn);\n\n\t\t/*\n\t\t * Attribute is in consistency state.\n\t\t * Save this point to restore to if next steps fail.\n\t\t */\n\t\told_valid = old_size = old_alloc = (u64)vcn << cluster_bits;\n\t\tattr_b->nres.valid_size = attr_b->nres.data_size =\n\t\t\tattr_b->nres.alloc_size = cpu_to_le64(old_size);\n\t\tmi_b->dirty = dirty = true;\n\t\tgoto again_1;\n\t}\n\n\tif (new_size != old_size ||\n\t    (new_alloc != old_alloc && !keep_prealloc)) {\n\t\t/*\n\t\t * Truncate clusters. In simple case we have to:\n\t\t *  - update packed run in \'mi\'\n\t\t *  - update attr->nres.evcn\n\t\t *  - update attr_b->nres.data_size/attr_b->nres.alloc_size\n\t\t *  - mark and trim clusters as free (vcn, lcn, len)\n\t\t */\n\t\tCLST dlen = 0;\n\n\t\tvcn = max(svcn, new_alen);\n\t\tnew_alloc_tmp = (u64)vcn << cluster_bits;\n\n\t\tif (vcn > svcn) {\n\t\t\terr = mi_pack_runs(mi, attr, run, vcn - svcn);\n\t\t\tif (err)\n\t\t\t\tgoto out;\n\t\t} else if (le && le->vcn) {\n\t\t\tu16 le_sz = le16_to_cpu(le->size);\n\n\t\t\t/*\n\t\t\t * NOTE: List entries for one attribute are always\n\t\t\t * the same size. We deal with last entry (vcn==0)\n\t\t\t * and it is not first in entries array\n\t\t\t * (list entry for std attribute always first).\n\t\t\t * So it is safe to step back.\n\t\t\t */\n\t\t\tmi_remove_attr(NULL, mi, attr);\n\n\t\t\tif (!al_remove_le(ni, le)) {\n\t\t\t\terr = -EINVAL;\n\t\t\t\tgoto bad_inode;\n\t\t\t}\n\n\t\t\tle = (struct ATTR_LIST_ENTRY *)((u8 *)le - le_sz);\n\t\t} else {\n\t\t\tattr->nres.evcn = cpu_to_le64((u64)vcn - 1);\n\t\t\tmi->dirty = true;\n\t\t}\n\n\t\tattr_b->nres.alloc_size = cpu_to_le64(new_alloc_tmp);\n\n\t\tif (vcn == new_alen) {\n\t\t\tattr_b->nres.data_size = cpu_to_le64(new_size);\n\t\t\tif (new_size < old_valid)\n\t\t\t\tattr_b->nres.valid_size =\n\t\t\t\t\tattr_b->nres.data_size;\n\t\t} else {\n\t\t\tif (new_alloc_tmp <=\n\t\t\t    le64_to_cpu(attr_b->nres.data_size))\n\t\t\t\tattr_b->nres.data_size =\n\t\t\t\t\tattr_b->nres.alloc_size;\n\t\t\tif (new_alloc_tmp <\n\t\t\t    le64_to_cpu(attr_b->nres.valid_size))\n\t\t\t\tattr_b->nres.valid_size =\n\t\t\t\t\tattr_b->nres.alloc_size;\n\t\t}\n\t\tmi_b->dirty = dirty = true;\n\n\t\terr = run_deallocate_ex(sbi, run, vcn, evcn - vcn + 1, &dlen,\n\t\t\t\t\ttrue);\n\t\tif (err)\n\t\t\tgoto out;\n\n\t\tif (is_ext) {\n\t\t\t/* dlen - really deallocated clusters. */\n\t\t\tle64_sub_cpu(&attr_b->nres.total_size,\n\t\t\t\t     ((u64)dlen << cluster_bits));\n\t\t}\n\n\t\trun_truncate(run, vcn);\n\n\t\tif (new_alloc_tmp <= new_alloc)\n\t\t\tgoto ok;\n\n\t\told_size = new_alloc_tmp;\n\t\tvcn = svcn - 1;\n\n\t\tif (le == le_b) {\n\t\t\tattr = attr_b;\n\t\t\tmi = mi_b;\n\t\t\tevcn = svcn - 1;\n\t\t\tsvcn = 0;\n\t\t\tgoto next_le;\n\t\t}\n\n\t\tif (le->type != type || le->name_len != name_len ||\n\t\t    memcmp(le_name(le), name, name_len * sizeof(short))) {\n\t\t\terr = -EINVAL;\n\t\t\tgoto bad_inode;\n\t\t}\n\n\t\terr = ni_load_mi(ni, le, &mi);\n\t\tif (err)\n\t\t\tgoto out;\n\n\t\tattr = mi_find_attr(mi, NULL, type, name, name_len, &le->id);\n\t\tif (!attr) {\n\t\t\terr = -EINVAL;\n\t\t\tgoto bad_inode;\n\t\t}\n\t\tgoto next_le_1;\n\t}\n\nok:\n\tif (new_valid) {\n\t\t__le64 valid = cpu_to_le64(min(*new_valid, new_size));\n\n\t\tif (attr_b->nres.valid_size != valid) {\n\t\t\tattr_b->nres.valid_size = valid;\n\t\t\tmi_b->dirty = true;\n\t\t}\n\t}\n\nok1:\n\tif (ret)\n\t\t*ret = attr_b;\n\n\tif (((type == ATTR_DATA && !name_len) ||\n\t     (type == ATTR_ALLOC && name == I30_NAME))) {\n\t\t/* Update inode_set_bytes. */\n\t\tif (attr_b->non_res) {\n\t\t\tnew_alloc = le64_to_cpu(attr_b->nres.alloc_size);\n\t\t\tif (inode_get_bytes(&ni->vfs_inode) != new_alloc) {\n\t\t\t\tinode_set_bytes(&ni->vfs_inode, new_alloc);\n\t\t\t\tdirty = true;\n\t\t\t}\n\t\t}\n\n\t\t/* Don\'t forget to update duplicate information in parent. */\n\t\tif (dirty) {\n\t\t\tni->ni_flags |= NI_FLAG_UPDATE_PARENT;\n\t\t\tmark_inode_dirty(&ni->vfs_inode);\n\t\t}\n\t}\n\n\treturn 0;\n\nundo_2:\n\tvcn -= alen;\n\tattr_b->nres.data_size = cpu_to_le64(old_size);\n\tattr_b->nres.valid_size = cpu_to_le64(old_valid);\n\tattr_b->nres.alloc_size = cpu_to_le64(old_alloc);\n\n\t/* Restore \'attr\' and \'mi\'. */\n\tif (attr)\n\t\tgoto restore_run;\n\n\tif (le64_to_cpu(attr_b->nres.svcn) <= svcn &&\n\t    svcn <= le64_to_cpu(attr_b->nres.evcn)) {\n\t\tattr = attr_b;\n\t\tle = le_b;\n\t\tmi = mi_b;\n\t} else if (!le_b) {\n\t\terr = -EINVAL;\n\t\tgoto bad_inode;\n\t} else {\n\t\tle = le_b;\n\t\tattr = ni_find_attr(ni, attr_b, &le, type, name, name_len,\n\t\t\t\t    &svcn, &mi);\n\t\tif (!attr)\n\t\t\tgoto bad_inode;\n\t}\n\nrestore_run:\n\tif (mi_pack_runs(mi, attr, run, evcn - svcn + 1))\n\t\tis_bad = true;\n\nundo_1:\n\trun_deallocate_ex(sbi, run, vcn, alen, NULL, false);\n\n\trun_truncate(run, vcn);\nout:\n\tif (is_bad) {\nbad_inode:\n\t\t_ntfs_bad_inode(&ni->vfs_inode);\n\t}\n\treturn err;\n}\n\n/*\n * attr_data_get_block - Returns \'lcn\' and \'len\' for given \'vcn\'.\n *\n * @new == NULL means just to get current mapping for \'vcn\'\n * @new != NULL means allocate real cluster if \'vcn\' maps to hole\n * @zero - zeroout new allocated clusters\n *\n *  NOTE:\n *  - @new != NULL is called only for sparsed or compressed attributes.\n *  - new allocated clusters are zeroed via blkdev_issue_zeroout.\n */\nint attr_data_get_block(struct ntfs_inode *ni, CLST vcn, CLST clen, CLST *lcn,\n\t\t\tCLST *len, bool *new, bool zero)\n{\n\tint err = 0;\n\tstruct runs_tree *run = &ni->file.run;\n\tstruct ntfs_sb_info *sbi;\n\tu8 cluster_bits;\n\tstruct ATTRIB *attr, *attr_b;\n\tstruct ATTR_LIST_ENTRY *le, *le_b;\n\tstruct mft_inode *mi, *mi_b;\n\tCLST hint, svcn, to_alloc, evcn1, next_svcn, asize, end, vcn0, alen;\n\tCLST alloc, evcn;\n\tunsigned fr;\n\tu64 total_size, total_size0;\n\tint step = 0;\n\n\tif (new)\n\t\t*new = false;\n\n\t/* Try to find in cache. */\n\tdown_read(&ni->file.run_lock);\n\tif (!run_lookup_entry(run, vcn, lcn, len, NULL))\n\t\t*len = 0;\n\tup_read(&ni->file.run_lock);\n\n\tif (*len && (*lcn != SPARSE_LCN || !new))\n\t\treturn 0; /* Fast normal way without allocation. */\n\n\t/* No cluster in cache or we need to allocate cluster in hole. */\n\tsbi = ni->mi.sbi;\n\tcluster_bits = sbi->cluster_bits;\n\n\tni_lock(ni);\n\tdown_write(&ni->file.run_lock);\n\n\t/* Repeat the code above (under write lock). */\n\tif (!run_lookup_entry(run, vcn, lcn, len, NULL))\n\t\t*len = 0;\n\n\tif (*len) {\n\t\tif (*lcn != SPARSE_LCN || !new)\n\t\t\tgoto out; /* normal way without allocation. */\n\t\tif (clen > *len)\n\t\t\tclen = *len;\n\t}\n\n\tle_b = NULL;\n\tattr_b = ni_find_attr(ni, NULL, &le_b, ATTR_DATA, NULL, 0, NULL, &mi_b);\n\tif (!attr_b) {\n\t\terr = -ENOENT;\n\t\tgoto out;\n\t}\n\n\tif (!attr_b->non_res) {\n\t\t*lcn = RESIDENT_LCN;\n\t\t*len = 1;\n\t\tgoto out;\n\t}\n\n\tasize = le64_to_cpu(attr_b->nres.alloc_size) >> cluster_bits;\n\tif (vcn >= asize) {\n\t\tif (new) {\n\t\t\terr = -EINVAL;\n\t\t} else {\n\t\t\t*len = 1;\n\t\t\t*lcn = SPARSE_LCN;\n\t\t}\n\t\tgoto out;\n\t}\n\n\tsvcn = le64_to_cpu(attr_b->nres.svcn);\n\tevcn1 = le64_to_cpu(attr_b->nres.evcn) + 1;\n\n\tattr = attr_b;\n\tle = le_b;\n\tmi = mi_b;\n\n\tif (le_b && (vcn < svcn || evcn1 <= vcn)) {\n\t\tattr = ni_find_attr(ni, attr_b, &le, ATTR_DATA, NULL, 0, &vcn,\n\t\t\t\t    &mi);\n\t\tif (!attr) {\n\t\t\terr = -EINVAL;\n\t\t\tgoto out;\n\t\t}\n\t\tsvcn = le64_to_cpu(attr->nres.svcn);\n\t\tevcn1 = le64_to_cpu(attr->nres.evcn) + 1;\n\t}\n\n\t/* Load in cache actual information. */\n\terr = attr_load_runs(attr, ni, run, NULL);\n\tif (err)\n\t\tgoto out;\n\n\t/* Check for compressed frame. */\n\terr = attr_is_frame_compressed(ni, attr_b, vcn >> NTFS_LZNT_CUNIT,\n\t\t\t\t       &hint, run);\n\tif (err)\n\t\tgoto out;\n\n\tif (hint) {\n\t\t/* if frame is compressed - don\'t touch it. */\n\t\t*lcn = COMPRESSED_LCN;\n\t\t/* length to the end of frame. */\n\t\t*len = NTFS_LZNT_CLUSTERS - (vcn & (NTFS_LZNT_CLUSTERS - 1));\n\t\terr = 0;\n\t\tgoto out;\n\t}\n\n\tif (!*len) {\n\t\tif (run_lookup_entry(run, vcn, lcn, len, NULL)) {\n\t\t\tif (*lcn != SPARSE_LCN || !new)\n\t\t\t\tgoto ok; /* Slow normal way without allocation. */\n\n\t\t\tif (clen > *len)\n\t\t\t\tclen = *len;\n\t\t} else if (!new) {\n\t\t\t/* Here we may return -ENOENT.\n\t\t\t * In any case caller gets zero length. */\n\t\t\tgoto ok;\n\t\t}\n\t}\n\n\tif (!is_attr_ext(attr_b)) {\n\t\t/* The code below only for sparsed or compressed attributes. */\n\t\terr = -EINVAL;\n\t\tgoto out;\n\t}\n\n\tvcn0 = vcn;\n\tto_alloc = clen;\n\tfr = (sbi->record_size - le32_to_cpu(mi->mrec->used) + 8) / 3 + 1;\n\t/* Allocate frame aligned clusters.\n\t * ntfs.sys usually uses 16 clusters per frame for sparsed or compressed.\n\t * ntfs3 uses 1 cluster per frame for new created sparsed files. */\n\tif (attr_b->nres.c_unit) {\n\t\tCLST clst_per_frame = 1u << attr_b->nres.c_unit;\n\t\tCLST cmask = ~(clst_per_frame - 1);\n\n\t\t/* Get frame aligned vcn and to_alloc. */\n\t\tvcn = vcn0 & cmask;\n\t\tto_alloc = ((vcn0 + clen + clst_per_frame - 1) & cmask) - vcn;\n\t\tif (fr < clst_per_frame)\n\t\t\tfr = clst_per_frame;\n\t\tzero = true;\n\n\t\t/* Check if \'vcn\' and \'vcn0\' in different attribute segments. */\n\t\tif (vcn < svcn || evcn1 <= vcn) {\n\t\t\tstruct ATTRIB *attr2;\n\t\t\t/* Load runs for truncated vcn. */\n\t\t\tattr2 = ni_find_attr(ni, attr_b, &le_b, ATTR_DATA, NULL,\n\t\t\t\t\t     0, &vcn, &mi);\n\t\t\tif (!attr2) {\n\t\t\t\terr = -EINVAL;\n\t\t\t\tgoto out;\n\t\t\t}\n\t\t\tevcn1 = le64_to_cpu(attr2->nres.evcn) + 1;\n\t\t\terr = attr_load_runs(attr2, ni, run, NULL);\n\t\t\tif (err)\n\t\t\t\tgoto out;\n\t\t}\n\t}\n\n\tif (vcn + to_alloc > asize)\n\t\tto_alloc = asize - vcn;\n\n\t/* Get the last LCN to allocate from. */\n\thint = 0;\n\n\tif (vcn > evcn1) {\n\t\tif (!run_add_entry(run, evcn1, SPARSE_LCN, vcn - evcn1,\n\t\t\t\t   false)) {\n\t\t\terr = -ENOMEM;\n\t\t\tgoto out;\n\t\t}\n\t} else if (vcn && !run_lookup_entry(run, vcn - 1, &hint, NULL, NULL)) {\n\t\thint = -1;\n\t}\n\n\t/* Allocate and zeroout new clusters. */\n\terr = attr_allocate_clusters(sbi, run, vcn, hint + 1, to_alloc, NULL,\n\t\t\t\t     zero ? ALLOCATE_ZERO : ALLOCATE_DEF, &alen,\n\t\t\t\t     fr, lcn, len);\n\tif (err)\n\t\tgoto out;\n\t*new = true;\n\tstep = 1;\n\n\tend = vcn + alen;\n\t/* Save \'total_size0\' to restore if error. */\n\ttotal_size0 = le64_to_cpu(attr_b->nres.total_size);\n\ttotal_size = total_size0 + ((u64)alen << cluster_bits);\n\n\tif (vcn != vcn0) {\n\t\tif (!run_lookup_entry(run, vcn0, lcn, len, NULL)) {\n\t\t\terr = -EINVAL;\n\t\t\tgoto out;\n\t\t}\n\t\tif (*lcn == SPARSE_LCN) {\n\t\t\t/* Internal error. Should not happened. */\n\t\t\tWARN_ON(1);\n\t\t\terr = -EINVAL;\n\t\t\tgoto out;\n\t\t}\n\t\t/* Check case when vcn0 + len overlaps new allocated clusters. */\n\t\tif (vcn0 + *len > end)\n\t\t\t*len = end - vcn0;\n\t}\n\nrepack:\n\terr = mi_pack_runs(mi, attr, run, max(end, evcn1) - svcn);\n\tif (err)\n\t\tgoto out;\n\n\tattr_b->nres.total_size = cpu_to_le64(total_size);\n\tinode_set_bytes(&ni->vfs_inode, total_size);\n\tni->ni_flags |= NI_FLAG_UPDATE_PARENT;\n\n\tmi_b->dirty = true;\n\tmark_inode_dirty(&ni->vfs_inode);\n\n\t/* Stored [vcn : next_svcn) from [vcn : end). */\n\tnext_svcn = le64_to_cpu(attr->nres.evcn) + 1;\n\n\tif (end <= evcn1) {\n\t\tif (next_svcn == evcn1) {\n\t\t\t/* Normal way. Update attribute and exit. */\n\t\t\tgoto ok;\n\t\t}\n\t\t/* Add new segment [next_svcn : evcn1 - next_svcn). */\n\t\tif (!ni->attr_list.size) {\n\t\t\terr = ni_create_attr_list(ni);\n\t\t\tif (err)\n\t\t\t\tgoto undo1;\n\t\t\t/* Layout of records is changed. */\n\t\t\tle_b = NULL;\n\t\t\tattr_b = ni_find_attr(ni, NULL, &le_b, ATTR_DATA, NULL,\n\t\t\t\t\t      0, NULL, &mi_b);\n\t\t\tif (!attr_b) {\n\t\t\t\terr = -ENOENT;\n\t\t\t\tgoto out;\n\t\t\t}\n\n\t\t\tattr = attr_b;\n\t\t\tle = le_b;\n\t\t\tmi = mi_b;\n\t\t\tgoto repack;\n\t\t}\n\t}\n\n\t/*\n\t * The code below may require additional cluster (to extend attribute list)\n\t * and / or one MFT record\n\t * It is too complex to undo operations if -ENOSPC occurs deep inside\n\t * in \'ni_insert_nonresident\'.\n\t * Return in advance -ENOSPC here if there are no free cluster and no free MFT.\n\t */\n\tif (!ntfs_check_for_free_space(sbi, 1, 1)) {\n\t\t/* Undo step 1. */\n\t\terr = -ENOSPC;\n\t\tgoto undo1;\n\t}\n\n\tstep = 2;\n\tsvcn = evcn1;\n\n\t/* Estimate next attribute. */\n\tattr = ni_find_attr(ni, attr, &le, ATTR_DATA, NULL, 0, &svcn, &mi);\n\n\tif (!attr) {\n\t\t/* Insert new attribute segment. */\n\t\tgoto ins_ext;\n\t}\n\n\t/* Try to update existed attribute segment. */\n\talloc = bytes_to_cluster(sbi, le64_to_cpu(attr_b->nres.alloc_size));\n\tevcn = le64_to_cpu(attr->nres.evcn);\n\n\tif (end < next_svcn)\n\t\tend = next_svcn;\n\twhile (end > evcn) {\n\t\t/* Remove segment [svcn : evcn). */\n\t\tmi_remove_attr(NULL, mi, attr);\n\n\t\tif (!al_remove_le(ni, le)) {\n\t\t\terr = -EINVAL;\n\t\t\tgoto out;\n\t\t}\n\n\t\tif (evcn + 1 >= alloc) {\n\t\t\t/* Last attribute segment. */\n\t\t\tevcn1 = evcn + 1;\n\t\t\tgoto ins_ext;\n\t\t}\n\n\t\tif (ni_load_mi(ni, le, &mi)) {\n\t\t\tattr = NULL;\n\t\t\tgoto out;\n\t\t}\n\n\t\tattr = mi_find_attr(mi, NULL, ATTR_DATA, NULL, 0, &le->id);\n\t\tif (!attr) {\n\t\t\terr = -EINVAL;\n\t\t\tgoto out;\n\t\t}\n\t\tsvcn = le64_to_cpu(attr->nres.svcn);\n\t\tevcn = le64_to_cpu(attr->nres.evcn);\n\t}\n\n\tif (end < svcn)\n\t\tend = svcn;\n\n\terr = attr_load_runs(attr, ni, run, &end);\n\tif (err)\n\t\tgoto out;\n\n\tevcn1 = evcn + 1;\n\tattr->nres.svcn = cpu_to_le64(next_svcn);\n\terr = mi_pack_runs(mi, attr, run, evcn1 - next_svcn);\n\tif (err)\n\t\tgoto out;\n\n\tle->vcn = cpu_to_le64(next_svcn);\n\tni->attr_list.dirty = true;\n\tmi->dirty = true;\n\tnext_svcn = le64_to_cpu(attr->nres.evcn) + 1;\n\nins_ext:\n\tif (evcn1 > next_svcn) {\n\t\terr = ni_insert_nonresident(ni, ATTR_DATA, NULL, 0, run,\n\t\t\t\t\t    next_svcn, evcn1 - next_svcn,\n\t\t\t\t\t    attr_b->flags, &attr, &mi, NULL);\n\t\tif (err)\n\t\t\tgoto out;\n\t}\nok:\n\trun_truncate_around(run, vcn);\nout:\n\tif (err && step > 1) {\n\t\t/* Too complex to restore. */\n\t\t_ntfs_bad_inode(&ni->vfs_inode);\n\t}\n\tup_write(&ni->file.run_lock);\n\tni_unlock(ni);\n\n\treturn err;\n\nundo1:\n\t/* Undo step1. */\n\tattr_b->nres.total_size = cpu_to_le64(total_size0);\n\tinode_set_bytes(&ni->vfs_inode, total_size0);\n\n\tif (run_deallocate_ex(sbi, run, vcn, alen, NULL, false) ||\n\t    !run_add_entry(run, vcn, SPARSE_LCN, alen, false) ||\n\t    mi_pack_runs(mi, attr, run, max(end, evcn1) - svcn)) {\n\t\t_ntfs_bad_inode(&ni->vfs_inode);\n\t}\n\tgoto out;\n}\n\nint attr_data_read_resident(struct ntfs_inode *ni, struct folio *folio)\n{\n\tu64 vbo;\n\tstruct ATTRIB *attr;\n\tu32 data_size;\n\tsize_t len;\n\n\tattr = ni_find_attr(ni, NULL, NULL, ATTR_DATA, NULL, 0, NULL, NULL);\n\tif (!attr)\n\t\treturn -EINVAL;\n\n\tif (attr->non_res)\n\t\treturn E_NTFS_NONRESIDENT;\n\n\tvbo = folio->index << PAGE_SHIFT;\n\tdata_size = le32_to_cpu(attr->res.data_size);\n\tif (vbo > data_size)\n\t\tlen = 0;\n\telse\n\t\tlen = min(data_size - vbo, folio_size(folio));\n\n\tfolio_fill_tail(folio, 0, resident_data(attr) + vbo, len);\n\tfolio_mark_uptodate(folio);\n\n\treturn 0;\n}\n\nint attr_data_write_resident(struct ntfs_inode *ni, struct folio *folio)\n{\n\tu64 vbo;\n\tstruct mft_inode *mi;\n\tstruct ATTRIB *attr;\n\tu32 data_size;\n\n\tattr = ni_find_attr(ni, NULL, NULL, ATTR_DATA, NULL, 0, NULL, &mi);\n\tif (!attr)\n\t\treturn -EINVAL;\n\n\tif (attr->non_res) {\n\t\t/* Return special error code to check this case. */\n\t\treturn E_NTFS_NONRESIDENT;\n\t}\n\n\tvbo = folio->index << PAGE_SHIFT;\n\tdata_size = le32_to_cpu(attr->res.data_size);\n\tif (vbo < data_size) {\n\t\tchar *data = resident_data(attr);\n\t\tsize_t len = min(data_size - vbo, folio_size(folio));\n\n\t\tmemcpy_from_folio(data + vbo, folio, 0, len);\n\t\tmi->dirty = true;\n\t}\n\tni->i_valid = data_size;\n\n\treturn 0;\n}\n\n/*\n * attr_load_runs_vcn - Load runs with VCN.\n */\nint attr_load_runs_vcn(struct ntfs_inode *ni, enum ATTR_TYPE type,\n\t\t       const __le16 *name, u8 name_len, struct runs_tree *run,\n\t\t       CLST vcn)\n{\n\tstruct ATTRIB *attr;\n\tint err;\n\tCLST svcn, evcn;\n\tu16 ro;\n\n\tif (!ni) {\n\t\t/* Is record corrupted? */\n\t\treturn -ENOENT;\n\t}\n\n\tattr = ni_find_attr(ni, NULL, NULL, type, name, name_len, &vcn, NULL);\n\tif (!attr) {\n\t\t/* Is record corrupted? */\n\t\treturn -ENOENT;\n\t}\n\n\tsvcn = le64_to_cpu(attr->nres.svcn);\n\tevcn = le64_to_cpu(attr->nres.evcn);\n\n\tif (evcn < vcn || vcn < svcn) {\n\t\t/* Is record corrupted? */\n\t\treturn -EINVAL;\n\t}\n\n\tro = le16_to_cpu(attr->nres.run_off);\n\n\tif (ro > le32_to_cpu(attr->size))\n\t\treturn -EINVAL;\n\n\terr = run_unpack_ex(run, ni->mi.sbi, ni->mi.rno, svcn, evcn, svcn,\n\t\t\t    Add2Ptr(attr, ro), le32_to_cpu(attr->size) - ro);\n\tif (err < 0)\n\t\treturn err;\n\treturn 0;\n}\n\n/*\n * attr_load_runs_range - Load runs for given range [from to).\n */\nint attr_load_runs_range(struct ntfs_inode *ni, enum ATTR_TYPE type,\n\t\t\t const __le16 *name, u8 name_len, struct runs_tree *run,\n\t\t\t u64 from, u64 to)\n{\n\tstruct ntfs_sb_info *sbi = ni->mi.sbi;\n\tu8 cluster_bits = sbi->cluster_bits;\n\tCLST vcn;\n\tCLST vcn_last = (to - 1) >> cluster_bits;\n\tCLST lcn, clen;\n\tint err;\n\n\tfor (vcn = from >> cluster_bits; vcn <= vcn_last; vcn += clen) {\n\t\tif (!run_lookup_entry(run, vcn, &lcn, &clen, NULL)) {\n\t\t\terr = attr_load_runs_vcn(ni, type, name, name_len, run,\n\t\t\t\t\t\t vcn);\n\t\t\tif (err)\n\t\t\t\treturn err;\n\t\t\tclen = 0; /* Next run_lookup_entry(vcn) must be success. */\n\t\t}\n\t}\n\n\treturn 0;\n}\n\n#ifdef CONFIG_NTFS3_LZX_XPRESS\n/*\n * attr_wof_frame_info\n *\n * Read header of Xpress/LZX file to get info about frame.\n */\nint attr_wof_frame_info(struct ntfs_inode *ni, struct ATTRIB *attr,\n\t\t\tstruct runs_tree *run, u64 frame, u64 frames,\n\t\t\tu8 frame_bits, u32 *ondisk_size, u64 *vbo_data)\n{\n\tstruct ntfs_sb_info *sbi = ni->mi.sbi;\n\tu64 vbo[2], off[2], wof_size;\n\tu32 voff;\n\tu8 bytes_per_off;\n\tchar *addr;\n\tstruct folio *folio;\n\tint i, err;\n\t__le32 *off32;\n\t__le64 *off64;\n\n\tif (ni->vfs_inode.i_size < 0x100000000ull) {\n\t\t/* File starts with array of 32 bit offsets. */\n\t\tbytes_per_off = sizeof(__le32);\n\t\tvbo[1] = frame << 2;\n\t\t*vbo_data = frames << 2;\n\t} else {\n\t\t/* File starts with array of 64 bit offsets. */\n\t\tbytes_per_off = sizeof(__le64);\n\t\tvbo[1] = frame << 3;\n\t\t*vbo_data = frames << 3;\n\t}\n\n\t/*\n\t * Read 4/8 bytes at [vbo - 4(8)] == offset where compressed frame starts.\n\t * Read 4/8 bytes at [vbo] == offset where compressed frame ends.\n\t */\n\tif (!attr->non_res) {\n\t\tif (vbo[1] + bytes_per_off > le32_to_cpu(attr->res.data_size)) {\n\t\t\tntfs_inode_err(&ni->vfs_inode, "is corrupted");\n\t\t\treturn -EINVAL;\n\t\t}\n\t\taddr = resident_data(attr);\n\n\t\tif (bytes_per_off == sizeof(__le32)) {\n\t\t\toff32 = Add2Ptr(addr, vbo[1]);\n\t\t\toff[0] = vbo[1] ? le32_to_cpu(off32[-1]) : 0;\n\t\t\toff[1] = le32_to_cpu(off32[0]);\n\t\t} else {\n\t\t\toff64 = Add2Ptr(addr, vbo[1]);\n\t\t\toff[0] = vbo[1] ? le64_to_cpu(off64[-1]) : 0;\n\t\t\toff[1] = le64_to_cpu(off64[0]);\n\t\t}\n\n\t\t*vbo_data += off[0];\n\t\t*ondisk_size = off[1] - off[0];\n\t\treturn 0;\n\t}\n\n\twof_size = le64_to_cpu(attr->nres.data_size);\n\tdown_write(&ni->file.run_lock);\n\tfolio = ni->file.offs_folio;\n\tif (!folio) {\n\t\tfolio = folio_alloc(GFP_KERNEL, 0);\n\t\tif (!folio) {\n\t\t\terr = -ENOMEM;\n\t\t\tgoto out;\n\t\t}\n\t\tfolio->index = -1;\n\t\tni->file.offs_folio = folio;\n\t}\n\tfolio_lock(folio);\n\taddr = folio_address(folio);\n\n\tif (vbo[1]) {\n\t\tvoff = vbo[1] & (PAGE_SIZE - 1);\n\t\tvbo[0] = vbo[1] - bytes_per_off;\n\t\ti = 0;\n\t} else {\n\t\tvoff = 0;\n\t\tvbo[0] = 0;\n\t\toff[0] = 0;\n\t\ti = 1;\n\t}\n\n\tdo {\n\t\tpgoff_t index = vbo[i] >> PAGE_SHIFT;\n\n\t\tif (index != folio->index) {\n\t\t\tstruct page *page = &folio->page;\n\t\t\tu64 from = vbo[i] & ~(u64)(PAGE_SIZE - 1);\n\t\t\tu64 to = min(from + PAGE_SIZE, wof_size);\n\n\t\t\terr = attr_load_runs_range(ni, ATTR_DATA, WOF_NAME,\n\t\t\t\t\t\t   ARRAY_SIZE(WOF_NAME), run,\n\t\t\t\t\t\t   from, to);\n\t\t\tif (err)\n\t\t\t\tgoto out1;\n\n\t\t\terr = ntfs_bio_pages(sbi, run, &page, 1, from,\n\t\t\t\t\t     to - from, REQ_OP_READ);\n\t\t\tif (err) {\n\t\t\t\tfolio->index = -1;\n\t\t\t\tgoto out1;\n\t\t\t}\n\t\t\tfolio->index = index;\n\t\t}\n\n\t\tif (i) {\n\t\t\tif (bytes_per_off == sizeof(__le32)) {\n\t\t\t\toff32 = Add2Ptr(addr, voff);\n\t\t\t\toff[1] = le32_to_cpu(*off32);\n\t\t\t} else {\n\t\t\t\toff64 = Add2Ptr(addr, voff);\n\t\t\t\toff[1] = le64_to_cpu(*off64);\n\t\t\t}\n\t\t} else if (!voff) {\n\t\t\tif (bytes_per_off == sizeof(__le32)) {\n\t\t\t\toff32 = Add2Ptr(addr, PAGE_SIZE - sizeof(u32));\n\t\t\t\toff[0] = le32_to_cpu(*off32);\n\t\t\t} else {\n\t\t\t\toff64 = Add2Ptr(addr, PAGE_SIZE - sizeof(u64));\n\t\t\t\toff[0] = le64_to_cpu(*off64);\n\t\t\t}\n\t\t} else {\n\t\t\t/* Two values in one page. */\n\t\t\tif (bytes_per_off == sizeof(__le32)) {\n\t\t\t\toff32 = Add2Ptr(addr, voff);\n\t\t\t\toff[0] = le32_to_cpu(off32[-1]);\n\t\t\t\toff[1] = le32_to_cpu(off32[0]);\n\t\t\t} else {\n\t\t\t\toff64 = Add2Ptr(addr, voff);\n\t\t\t\toff[0] = le64_to_cpu(off64[-1]);\n\t\t\t\toff[1] = le64_to_cpu(off64[0]);\n\t\t\t}\n\t\t\tbreak;\n\t\t}\n\t} while (++i < 2);\n\n\t*vbo_data += off[0];\n\t*ondisk_size = off[1] - off[0];\n\nout1:\n\tfolio_unlock(folio);\nout:\n\tup_write(&ni->file.run_lock);\n\treturn err;\n}\n#endif\n\n/*\n * attr_is_frame_compressed - Used to detect compressed frame.\n *\n * attr - base (primary) attribute segment.\n * run  - run to use, usually == &ni->file.run.\n * Only base segments contains valid \'attr->nres.c_unit\'\n */\nint attr_is_frame_compressed(struct ntfs_inode *ni, struct ATTRIB *attr,\n\t\t\t     CLST frame, CLST *clst_data, struct runs_tree *run)\n{\n\tint err;\n\tu32 clst_frame;\n\tCLST clen, lcn, vcn, alen, slen, vcn_next;\n\tsize_t idx;\n\n\t*clst_data = 0;\n\n\tif (!is_attr_compressed(attr))\n\t\treturn 0;\n\n\tif (!attr->non_res)\n\t\treturn 0;\n\n\tclst_frame = 1u << attr->nres.c_unit;\n\tvcn = frame * clst_frame;\n\n\tif (!run_lookup_entry(run, vcn, &lcn, &clen, &idx)) {\n\t\terr = attr_load_runs_vcn(ni, attr->type, attr_name(attr),\n\t\t\t\t\t attr->name_len, run, vcn);\n\t\tif (err)\n\t\t\treturn err;\n\n\t\tif (!run_lookup_entry(run, vcn, &lcn, &clen, &idx))\n\t\t\treturn -EINVAL;\n\t}\n\n\tif (lcn == SPARSE_LCN) {\n\t\t/* Sparsed frame. */\n\t\treturn 0;\n\t}\n\n\tif (clen >= clst_frame) {\n\t\t/*\n\t\t * The frame is not compressed \'cause\n\t\t * it does not contain any sparse clusters.\n\t\t */\n\t\t*clst_data = clst_frame;\n\t\treturn 0;\n\t}\n\n\talen = bytes_to_cluster(ni->mi.sbi, le64_to_cpu(attr->nres.alloc_size));\n\tslen = 0;\n\t*clst_data = clen;\n\n\t/*\n\t * The frame is compressed if *clst_data + slen >= clst_frame.\n\t * Check next fragments.\n\t */\n\twhile ((vcn += clen) < alen) {\n\t\tvcn_next = vcn;\n\n\t\tif (!run_get_entry(run, ++idx, &vcn, &lcn, &clen) ||\n\t\t    vcn_next != vcn) {\n\t\t\terr = attr_load_runs_vcn(ni, attr->type,\n\t\t\t\t\t\t attr_name(attr),\n\t\t\t\t\t\t attr->name_len, run, vcn_next);\n\t\t\tif (err)\n\t\t\t\treturn err;\n\t\t\tvcn = vcn_next;\n\n\t\t\tif (!run_lookup_entry(run, vcn, &lcn, &clen, &idx))\n\t\t\t\treturn -EINVAL;\n\t\t}\n\n\t\tif (lcn == SPARSE_LCN) {\n\t\t\tslen += clen;\n\t\t} else {\n\t\t\tif (slen) {\n\t\t\t\t/*\n\t\t\t\t * Data_clusters + sparse_clusters =\n\t\t\t\t * not enough for frame.\n\t\t\t\t */\n\t\t\t\treturn -EINVAL;\n\t\t\t}\n\t\t\t*clst_data += clen;\n\t\t}\n\n\t\tif (*clst_data + slen >= clst_frame) {\n\t\t\tif (!slen) {\n\t\t\t\t/*\n\t\t\t\t * There is no sparsed clusters in this frame\n\t\t\t\t * so it is not compressed.\n\t\t\t\t */\n\t\t\t\t*clst_data = clst_frame;\n\t\t\t} else {\n\t\t\t\t/* Frame is compressed. */\n\t\t\t}\n\t\t\tbreak;\n\t\t}\n\t}\n\n\treturn 0;\n}\n\n/*\n * attr_allocate_frame - Allocate/free clusters for @frame.\n *\n * Assumed: down_write(&ni->file.run_lock);\n */\nint attr_allocate_frame(struct ntfs_inode *ni, CLST frame, size_t compr_size,\n\t\t\tu64 new_valid)\n{\n\tint err = 0;\n\tstruct runs_tree *run = &ni->file.run;\n\tstruct ntfs_sb_info *sbi = ni->mi.sbi;\n\tstruct ATTRIB *attr = NULL, *attr_b;\n\tstruct ATTR_LIST_ENTRY *le, *le_b;\n\tstruct mft_inode *mi, *mi_b;\n\tCLST svcn, evcn1, next_svcn, len;\n\tCLST vcn, end, clst_data;\n\tu64 total_size, valid_size, data_size;\n\n\tle_b = NULL;\n\tattr_b = ni_find_attr(ni, NULL, &le_b, ATTR_DATA, NULL, 0, NULL, &mi_b);\n\tif (!attr_b)\n\t\treturn -ENOENT;\n\n\tif (!is_attr_ext(attr_b))\n\t\treturn -EINVAL;\n\n\tvcn = frame << NTFS_LZNT_CUNIT;\n\ttotal_size = le64_to_cpu(attr_b->nres.total_size);\n\n\tsvcn = le64_to_cpu(attr_b->nres.svcn);\n\tevcn1 = le64_to_cpu(attr_b->nres.evcn) + 1;\n\tdata_size = le64_to_cpu(attr_b->nres.data_size);\n\n\tif (svcn <= vcn && vcn < evcn1) {\n\t\tattr = attr_b;\n\t\tle = le_b;\n\t\tmi = mi_b;\n\t} else if (!le_b) {\n\t\terr = -EINVAL;\n\t\tgoto out;\n\t} else {\n\t\tle = le_b;\n\t\tattr = ni_find_attr(ni, attr_b, &le, ATTR_DATA, NULL, 0, &vcn,\n\t\t\t\t    &mi);\n\t\tif (!attr) {\n\t\t\terr = -EINVAL;\n\t\t\tgoto out;\n\t\t}\n\t\tsvcn = le64_to_cpu(attr->nres.svcn);\n\t\tevcn1 = le64_to_cpu(attr->nres.evcn) + 1;\n\t}\n\n\terr = attr_load_runs(attr, ni, run, NULL);\n\tif (err)\n\t\tgoto out;\n\n\terr = attr_is_frame_compressed(ni, attr_b, frame, &clst_data, run);\n\tif (err)\n\t\tgoto out;\n\n\ttotal_size -= (u64)clst_data << sbi->cluster_bits;\n\n\tlen = bytes_to_cluster(sbi, compr_size);\n\n\tif (len == clst_data)\n\t\tgoto out;\n\n\tif (len < clst_data) {\n\t\terr = run_deallocate_ex(sbi, run, vcn + len, clst_data - len,\n\t\t\t\t\tNULL, true);\n\t\tif (err)\n\t\t\tgoto out;\n\n\t\tif (!run_add_entry(run, vcn + len, SPARSE_LCN, clst_data - len,\n\t\t\t\t   false)) {\n\t\t\terr = -ENOMEM;\n\t\t\tgoto out;\n\t\t}\n\t\tend = vcn + clst_data;\n\t\t/* Run contains updated range [vcn + len : end). */\n\t} else {\n\t\tCLST alen, hint = 0;\n\t\t/* Get the last LCN to allocate from. */\n\t\tif (vcn + clst_data &&\n\t\t    !run_lookup_entry(run, vcn + clst_data - 1, &hint, NULL,\n\t\t\t\t      NULL)) {\n\t\t\thint = -1;\n\t\t}\n\n\t\terr = attr_allocate_clusters(sbi, run, vcn + clst_data,\n\t\t\t\t\t     hint + 1, len - clst_data, NULL,\n\t\t\t\t\t     ALLOCATE_DEF, &alen, 0, NULL,\n\t\t\t\t\t     NULL);\n\t\tif (err)\n\t\t\tgoto out;\n\n\t\tend = vcn + len;\n\t\t/* Run contains updated range [vcn + clst_data : end). */\n\t}\n\n\ttotal_size += (u64)len << sbi->cluster_bits;\n\nrepack:\n\terr = mi_pack_runs(mi, attr, run, max(end, evcn1) - svcn);\n\tif (err)\n\t\tgoto out;\n\n\tattr_b->nres.total_size = cpu_to_le64(total_size);\n\tinode_set_bytes(&ni->vfs_inode, total_size);\n\tni->ni_flags |= NI_FLAG_UPDATE_PARENT;\n\n\tmi_b->dirty = true;\n\tmark_inode_dirty(&ni->vfs_inode);\n\n\t/* Stored [vcn : next_svcn) from [vcn : end). */\n\tnext_svcn = le64_to_cpu(attr->nres.evcn) + 1;\n\n\tif (end <= evcn1) {\n\t\tif (next_svcn == evcn1) {\n\t\t\t/* Normal way. Update attribute and exit. */\n\t\t\tgoto ok;\n\t\t}\n\t\t/* Add new segment [next_svcn : evcn1 - next_svcn). */\n\t\tif (!ni->attr_list.size) {\n\t\t\terr = ni_create_attr_list(ni);\n\t\t\tif (err)\n\t\t\t\tgoto out;\n\t\t\t/* Layout of records is changed. */\n\t\t\tle_b = NULL;\n\t\t\tattr_b = ni_find_attr(ni, NULL, &le_b, ATTR_DATA, NULL,\n\t\t\t\t\t      0, NULL, &mi_b);\n\t\t\tif (!attr_b) {\n\t\t\t\terr = -ENOENT;\n\t\t\t\tgoto out;\n\t\t\t}\n\n\t\t\tattr = attr_b;\n\t\t\tle = le_b;\n\t\t\tmi = mi_b;\n\t\t\tgoto repack;\n\t\t}\n\t}\n\n\tsvcn = evcn1;\n\n\t/* Estimate next attribute. */\n\tattr = ni_find_attr(ni, attr, &le, ATTR_DATA, NULL, 0, &svcn, &mi);\n\n\tif (attr) {\n\t\tCLST alloc = bytes_to_cluster(\n\t\t\tsbi, le64_to_cpu(attr_b->nres.alloc_size));\n\t\tCLST evcn = le64_to_cpu(attr->nres.evcn);\n\n\t\tif (end < next_svcn)\n\t\t\tend = next_svcn;\n\t\twhile (end > evcn) {\n\t\t\t/* Remove segment [svcn : evcn). */\n\t\t\tmi_remove_attr(NULL, mi, attr);\n\n\t\t\tif (!al_remove_le(ni, le)) {\n\t\t\t\terr = -EINVAL;\n\t\t\t\tgoto out;\n\t\t\t}\n\n\t\t\tif (evcn + 1 >= alloc) {\n\t\t\t\t/* Last attribute segment. */\n\t\t\t\tevcn1 = evcn + 1;\n\t\t\t\tgoto ins_ext;\n\t\t\t}\n\n\t\t\tif (ni_load_mi(ni, le, &mi)) {\n\t\t\t\tattr = NULL;\n\t\t\t\tgoto out;\n\t\t\t}\n\n\t\t\tattr = mi_find_attr(mi, NULL, ATTR_DATA, NULL, 0,\n\t\t\t\t\t    &le->id);\n\t\t\tif (!attr) {\n\t\t\t\terr = -EINVAL;\n\t\t\t\tgoto out;\n\t\t\t}\n\t\t\tsvcn = le64_to_cpu(attr->nres.svcn);\n\t\t\tevcn = le64_to_cpu(attr->nres.evcn);\n\t\t}\n\n\t\tif (end < svcn)\n\t\t\tend = svcn;\n\n\t\terr = attr_load_runs(attr, ni, run, &end);\n\t\tif (err)\n\t\t\tgoto out;\n\n\t\tevcn1 = evcn + 1;\n\t\tattr->nres.svcn = cpu_to_le64(next_svcn);\n\t\terr = mi_pack_runs(mi, attr, run, evcn1 - next_svcn);\n\t\tif (err)\n\t\t\tgoto out;\n\n\t\tle->vcn = cpu_to_le64(next_svcn);\n\t\tni->attr_list.dirty = true;\n\t\tmi->dirty = true;\n\n\t\tnext_svcn = le64_to_cpu(attr->nres.evcn) + 1;\n\t}\nins_ext:\n\tif (evcn1 > next_svcn) {\n\t\terr = ni_insert_nonresident(ni, ATTR_DATA, NULL, 0, run,\n\t\t\t\t\t    next_svcn, evcn1 - next_svcn,\n\t\t\t\t\t    attr_b->flags, &attr, &mi, NULL);\n\t\tif (err)\n\t\t\tgoto out;\n\t}\nok:\n\trun_truncate_around(run, vcn);\nout:\n\tif (attr_b) {\n\t\tif (new_valid > data_size)\n\t\t\tnew_valid = data_size;\n\n\t\tvalid_size = le64_to_cpu(attr_b->nres.valid_size);\n\t\tif (new_valid != valid_size) {\n\t\t\tattr_b->nres.valid_size = cpu_to_le64(valid_size);\n\t\t\tmi_b->dirty = true;\n\t\t}\n\t}\n\n\treturn err;\n}\n\n/*\n * attr_collapse_range - Collapse range in file.\n */\nint attr_collapse_range(struct ntfs_inode *ni, u64 vbo, u64 bytes)\n{\n\tint err = 0;\n\tstruct runs_tree *run = &ni->file.run;\n\tstruct ntfs_sb_info *sbi = ni->mi.sbi;\n\tstruct ATTRIB *attr = NULL, *attr_b;\n\tstruct ATTR_LIST_ENTRY *le, *le_b;\n\tstruct mft_inode *mi, *mi_b;\n\tCLST svcn, evcn1, len, dealloc, alen;\n\tCLST vcn, end;\n\tu64 valid_size, data_size, alloc_size, total_size;\n\tu32 mask;\n\t__le16 a_flags;\n\n\tif (!bytes)\n\t\treturn 0;\n\n\tle_b = NULL;\n\tattr_b = ni_find_attr(ni, NULL, &le_b, ATTR_DATA, NULL, 0, NULL, &mi_b);\n\tif (!attr_b)\n\t\treturn -ENOENT;\n\n\tif (!attr_b->non_res) {\n\t\t/* Attribute is resident. Nothing to do? */\n\t\treturn 0;\n\t}\n\n\tdata_size = le64_to_cpu(attr_b->nres.data_size);\n\talloc_size = le64_to_cpu(attr_b->nres.alloc_size);\n\ta_flags = attr_b->flags;\n\n\tif (is_attr_ext(attr_b)) {\n\t\ttotal_size = le64_to_cpu(attr_b->nres.total_size);\n\t\tmask = (sbi->cluster_size << attr_b->nres.c_unit) - 1;\n\t} else {\n\t\ttotal_size = alloc_size;\n\t\tmask = sbi->cluster_mask;\n\t}\n\n\tif ((vbo & mask) || (bytes & mask)) {\n\t\t/* Allow to collapse only cluster aligned ranges. */\n\t\treturn -EINVAL;\n\t}\n\n\tif (vbo > data_size)\n\t\treturn -EINVAL;\n\n\tdown_write(&ni->file.run_lock);\n\n\tif (vbo + bytes >= data_size) {\n\t\tu64 new_valid = min(ni->i_valid, vbo);\n\n\t\t/* Simple truncate file at \'vbo\'. */\n\t\ttruncate_setsize(&ni->vfs_inode, vbo);\n\t\terr = attr_set_size(ni, ATTR_DATA, NULL, 0, &ni->file.run, vbo,\n\t\t\t\t    &new_valid, true, NULL);\n\n\t\tif (!err && new_valid < ni->i_valid)\n\t\t\tni->i_valid = new_valid;\n\n\t\tgoto out;\n\t}\n\n\t/*\n\t * Enumerate all attribute segments and collapse.\n\t */\n\talen = alloc_size >> sbi->cluster_bits;\n\tvcn = vbo >> sbi->cluster_bits;\n\tlen = bytes >> sbi->cluster_bits;\n\tend = vcn + len;\n\tdealloc = 0;\n\n\tsvcn = le64_to_cpu(attr_b->nres.svcn);\n\tevcn1 = le64_to_cpu(attr_b->nres.evcn) + 1;\n\n\tif (svcn <= vcn && vcn < evcn1) {\n\t\tattr = attr_b;\n\t\tle = le_b;\n\t\tmi = mi_b;\n\t} else if (!le_b) {\n\t\terr = -EINVAL;\n\t\tgoto out;\n\t} else {\n\t\tle = le_b;\n\t\tattr = ni_find_attr(ni, attr_b, &le, ATTR_DATA, NULL, 0, &vcn,\n\t\t\t\t    &mi);\n\t\tif (!attr) {\n\t\t\terr = -EINVAL;\n\t\t\tgoto out;\n\t\t}\n\n\t\tsvcn = le64_to_cpu(attr->nres.svcn);\n\t\tevcn1 = le64_to_cpu(attr->nres.evcn) + 1;\n\t}\n\n\tfor (;;) {\n\t\tif (svcn >= end) {\n\t\t\t/* Shift VCN- */\n\t\t\tattr->nres.svcn = cpu_to_le64(svcn - len);\n\t\t\tattr->nres.evcn = cpu_to_le64(evcn1 - 1 - len);\n\t\t\tif (le) {\n\t\t\t\tle->vcn = attr->nres.svcn;\n\t\t\t\tni->attr_list.dirty = true;\n\t\t\t}\n\t\t\tmi->dirty = true;\n\t\t} else if (svcn < vcn || end < evcn1) {\n\t\t\tCLST vcn1, eat, next_svcn;\n\n\t\t\t/* Collapse a part of this attribute segment. */\n\t\t\terr = attr_load_runs(attr, ni, run, &svcn);\n\t\t\tif (err)\n\t\t\t\tgoto out;\n\t\t\tvcn1 = max(vcn, svcn);\n\t\t\teat = min(end, evcn1) - vcn1;\n\n\t\t\terr = run_deallocate_ex(sbi, run, vcn1, eat, &dealloc,\n\t\t\t\t\t\ttrue);\n\t\t\tif (err)\n\t\t\t\tgoto out;\n\n\t\t\tif (!run_collapse_range(run, vcn1, eat)) {\n\t\t\t\terr = -ENOMEM;\n\t\t\t\tgoto out;\n\t\t\t}\n\n\t\t\tif (svcn >= vcn) {\n\t\t\t\t/* Shift VCN */\n\t\t\t\tattr->nres.svcn = cpu_to_le64(vcn);\n\t\t\t\tif (le) {\n\t\t\t\t\tle->vcn = attr->nres.svcn;\n\t\t\t\t\tni->attr_list.dirty = true;\n\t\t\t\t}\n\t\t\t}\n\n\t\t\terr = mi_pack_runs(mi, attr, run, evcn1 - svcn - eat);\n\t\t\tif (err)\n\t\t\t\tgoto out;\n\n\t\t\tnext_svcn = le64_to_cpu(attr->nres.evcn) + 1;\n\t\t\tif (next_svcn + eat < evcn1) {\n\t\t\t\terr = ni_insert_nonresident(\n\t\t\t\t\tni, ATTR_DATA, NULL, 0, run, next_svcn,\n\t\t\t\t\tevcn1 - eat - next_svcn, a_flags, &attr,\n\t\t\t\t\t&mi, &le);\n\t\t\t\tif (err)\n\t\t\t\t\tgoto out;\n\n\t\t\t\t/* Layout of records maybe changed. */\n\t\t\t\tattr_b = NULL;\n\t\t\t}\n\n\t\t\t/* Free all allocated memory. */\n\t\t\trun_truncate(run, 0);\n\t\t} else {\n\t\t\tu16 le_sz;\n\t\t\tu16 roff = le16_to_cpu(attr->nres.run_off);\n\n\t\t\tif (roff > le32_to_cpu(attr->size)) {\n\t\t\t\terr = -EINVAL;\n\t\t\t\tgoto out;\n\t\t\t}\n\n\t\t\trun_unpack_ex(RUN_DEALLOCATE, sbi, ni->mi.rno, svcn,\n\t\t\t\t      evcn1 - 1, svcn, Add2Ptr(attr, roff),\n\t\t\t\t      le32_to_cpu(attr->size) - roff);\n\n\t\t\t/* Delete this attribute segment. */\n\t\t\tmi_remove_attr(NULL, mi, attr);\n\t\t\tif (!le)\n\t\t\t\tbreak;\n\n\t\t\tle_sz = le16_to_cpu(le->size);\n\t\t\tif (!al_remove_le(ni, le)) {\n\t\t\t\terr = -EINVAL;\n\t\t\t\tgoto out;\n\t\t\t}\n\n\t\t\tif (evcn1 >= alen)\n\t\t\t\tbreak;\n\n\t\t\tif (!svcn) {\n\t\t\t\t/* Load next record that contains this attribute. */\n\t\t\t\tif (ni_load_mi(ni, le, &mi)) {\n\t\t\t\t\terr = -EINVAL;\n\t\t\t\t\tgoto out;\n\t\t\t\t}\n\n\t\t\t\t/* Look for required attribute. */\n\t\t\t\tattr = mi_find_attr(mi, NULL, ATTR_DATA, NULL,\n\t\t\t\t\t\t    0, &le->id);\n\t\t\t\tif (!attr) {\n\t\t\t\t\terr = -EINVAL;\n\t\t\t\t\tgoto out;\n\t\t\t\t}\n\t\t\t\tgoto next_attr;\n\t\t\t}\n\t\t\tle = (struct ATTR_LIST_ENTRY *)((u8 *)le - le_sz);\n\t\t}\n\n\t\tif (evcn1 >= alen)\n\t\t\tbreak;\n\n\t\tattr = ni_enum_attr_ex(ni, attr, &le, &mi);\n\t\tif (!attr) {\n\t\t\terr = -EINVAL;\n\t\t\tgoto out;\n\t\t}\n\nnext_attr:\n\t\tsvcn = le64_to_cpu(attr->nres.svcn);\n\t\tevcn1 = le64_to_cpu(attr->nres.evcn) + 1;\n\t}\n\n\tif (!attr_b) {\n\t\tle_b = NULL;\n\t\tattr_b = ni_find_attr(ni, NULL, &le_b, ATTR_DATA, NULL, 0, NULL,\n\t\t\t\t      &mi_b);\n\t\tif (!attr_b) {\n\t\t\terr = -ENOENT;\n\t\t\tgoto out;\n\t\t}\n\t}\n\n\tdata_size -= bytes;\n\tvalid_size = ni->i_valid;\n\tif (vbo + bytes <= valid_size)\n\t\tvalid_size -= bytes;\n\telse if (vbo < valid_size)\n\t\tvalid_size = vbo;\n\n\tattr_b->nres.alloc_size = cpu_to_le64(alloc_size - bytes);\n\tattr_b->nres.data_size = cpu_to_le64(data_size);\n\tattr_b->nres.valid_size = cpu_to_le64(min(valid_size, data_size));\n\ttotal_size -= (u64)dealloc << sbi->cluster_bits;\n\tif (is_attr_ext(attr_b))\n\t\tattr_b->nres.total_size = cpu_to_le64(total_size);\n\tmi_b->dirty = true;\n\n\t/* Update inode size. */\n\tni->i_valid = valid_size;\n\ti_size_write(&ni->vfs_inode, data_size);\n\tinode_set_bytes(&ni->vfs_inode, total_size);\n\tni->ni_flags |= NI_FLAG_UPDATE_PARENT;\n\tmark_inode_dirty(&ni->vfs_inode);\n\nout:\n\tup_write(&ni->file.run_lock);\n\tif (err)\n\t\t_ntfs_bad_inode(&ni->vfs_inode);\n\n\treturn err;\n}\n\n/*\n * attr_punch_hole\n *\n * Not for normal files.\n */\nint attr_punch_hole(struct ntfs_inode *ni, u64 vbo, u64 bytes, u32 *frame_size)\n{\n\tint err = 0;\n\tstruct runs_tree *run = &ni->file.run;\n\tstruct ntfs_sb_info *sbi = ni->mi.sbi;\n\tstruct ATTRIB *attr = NULL, *attr_b;\n\tstruct ATTR_LIST_ENTRY *le, *le_b;\n\tstruct mft_inode *mi, *mi_b;\n\tCLST svcn, evcn1, vcn, len, end, alen, hole, next_svcn;\n\tu64 total_size, alloc_size;\n\tu32 mask;\n\t__le16 a_flags;\n\tstruct runs_tree run2;\n\n\tif (!bytes)\n\t\treturn 0;\n\n\tle_b = NULL;\n\tattr_b = ni_find_attr(ni, NULL, &le_b, ATTR_DATA, NULL, 0, NULL, &mi_b);\n\tif (!attr_b)\n\t\treturn -ENOENT;\n\n\tif (!attr_b->non_res) {\n\t\tu32 data_size = le32_to_cpu(attr_b->res.data_size);\n\t\tu32 from, to;\n\n\t\tif (vbo > data_size)\n\t\t\treturn 0;\n\n\t\tfrom = vbo;\n\t\tto = min_t(u64, vbo + bytes, data_size);\n\t\tmemset(Add2Ptr(resident_data(attr_b), from), 0, to - from);\n\t\treturn 0;\n\t}\n\n\tif (!is_attr_ext(attr_b))\n\t\treturn -EOPNOTSUPP;\n\n\talloc_size = le64_to_cpu(attr_b->nres.alloc_size);\n\ttotal_size = le64_to_cpu(attr_b->nres.total_size);\n\n\tif (vbo >= alloc_size) {\n\t\t/* NOTE: It is allowed. */\n\t\treturn 0;\n\t}\n\n\tmask = (sbi->cluster_size << attr_b->nres.c_unit) - 1;\n\n\tbytes += vbo;\n\tif (bytes > alloc_size)\n\t\tbytes = alloc_size;\n\tbytes -= vbo;\n\n\tif ((vbo & mask) || (bytes & mask)) {\n\t\t/* We have to zero a range(s). */\n\t\tif (frame_size == NULL) {\n\t\t\t/* Caller insists range is aligned. */\n\t\t\treturn -EINVAL;\n\t\t}\n\t\t*frame_size = mask + 1;\n\t\treturn E_NTFS_NOTALIGNED;\n\t}\n\n\tdown_write(&ni->file.run_lock);\n\trun_init(&run2);\n\trun_truncate(run, 0);\n\n\t/*\n\t * Enumerate all attribute segments and punch hole where necessary.\n\t */\n\talen = alloc_size >> sbi->cluster_bits;\n\tvcn = vbo >> sbi->cluster_bits;\n\tlen = bytes >> sbi->cluster_bits;\n\tend = vcn + len;\n\thole = 0;\n\n\tsvcn = le64_to_cpu(attr_b->nres.svcn);\n\tevcn1 = le64_to_cpu(attr_b->nres.evcn) + 1;\n\ta_flags = attr_b->flags;\n\n\tif (svcn <= vcn && vcn < evcn1) {\n\t\tattr = attr_b;\n\t\tle = le_b;\n\t\tmi = mi_b;\n\t} else if (!le_b) {\n\t\terr = -EINVAL;\n\t\tgoto bad_inode;\n\t} else {\n\t\tle = le_b;\n\t\tattr = ni_find_attr(ni, attr_b, &le, ATTR_DATA, NULL, 0, &vcn,\n\t\t\t\t    &mi);\n\t\tif (!attr) {\n\t\t\terr = -EINVAL;\n\t\t\tgoto bad_inode;\n\t\t}\n\n\t\tsvcn = le64_to_cpu(attr->nres.svcn);\n\t\tevcn1 = le64_to_cpu(attr->nres.evcn) + 1;\n\t}\n\n\twhile (svcn < end) {\n\t\tCLST vcn1, zero, hole2 = hole;\n\n\t\terr = attr_load_runs(attr, ni, run, &svcn);\n\t\tif (err)\n\t\t\tgoto done;\n\t\tvcn1 = max(vcn, svcn);\n\t\tzero = min(end, evcn1) - vcn1;\n\n\t\t/*\n\t\t * Check range [vcn1 + zero).\n\t\t * Calculate how many clusters there are.\n\t\t * Don\'t do any destructive actions.\n\t\t */\n\t\terr = run_deallocate_ex(NULL, run, vcn1, zero, &hole2, false);\n\t\tif (err)\n\t\t\tgoto done;\n\n\t\t/* Check if required range is already hole. */\n\t\tif (hole2 == hole)\n\t\t\tgoto next_attr;\n\n\t\t/* Make a clone of run to undo. */\n\t\terr = run_clone(run, &run2);\n\t\tif (err)\n\t\t\tgoto done;\n\n\t\t/* Make a hole range (sparse) [vcn1 + zero). */\n\t\tif (!run_add_entry(run, vcn1, SPARSE_LCN, zero, false)) {\n\t\t\terr = -ENOMEM;\n\t\t\tgoto done;\n\t\t}\n\n\t\t/* Update run in attribute segment. */\n\t\terr = mi_pack_runs(mi, attr, run, evcn1 - svcn);\n\t\tif (err)\n\t\t\tgoto done;\n\t\tnext_svcn = le64_to_cpu(attr->nres.evcn) + 1;\n\t\tif (next_svcn < evcn1) {\n\t\t\t/* Insert new attribute segment. */\n\t\t\terr = ni_insert_nonresident(ni, ATTR_DATA, NULL, 0, run,\n\t\t\t\t\t\t    next_svcn,\n\t\t\t\t\t\t    evcn1 - next_svcn, a_flags,\n\t\t\t\t\t\t    &attr, &mi, &le);\n\t\t\tif (err)\n\t\t\t\tgoto undo_punch;\n\n\t\t\t/* Layout of records maybe changed. */\n\t\t\tattr_b = NULL;\n\t\t}\n\n\t\t/* Real deallocate. Should not fail. */\n\t\trun_deallocate_ex(sbi, &run2, vcn1, zero, &hole, true);\n\nnext_attr:\n\t\t/* Free all allocated memory. */\n\t\trun_truncate(run, 0);\n\n\t\tif (evcn1 >= alen)\n\t\t\tbreak;\n\n\t\t/* Get next attribute segment. */\n\t\tattr = ni_enum_attr_ex(ni, attr, &le, &mi);\n\t\tif (!attr) {\n\t\t\terr = -EINVAL;\n\t\t\tgoto bad_inode;\n\t\t}\n\n\t\tsvcn = le64_to_cpu(attr->nres.svcn);\n\t\tevcn1 = le64_to_cpu(attr->nres.evcn) + 1;\n\t}\n\ndone:\n\tif (!hole)\n\t\tgoto out;\n\n\tif (!attr_b) {\n\t\tattr_b = ni_find_attr(ni, NULL, NULL, ATTR_DATA, NULL, 0, NULL,\n\t\t\t\t      &mi_b);\n\t\tif (!attr_b) {\n\t\t\terr = -EINVAL;\n\t\t\tgoto bad_inode;\n\t\t}\n\t}\n\n\ttotal_size -= (u64)hole << sbi->cluster_bits;\n\tattr_b->nres.total_size = cpu_to_le64(total_size);\n\tmi_b->dirty = true;\n\n\t/* Update inode size. */\n\tinode_set_bytes(&ni->vfs_inode, total_size);\n\tni->ni_flags |= NI_FLAG_UPDATE_PARENT;\n\tmark_inode_dirty(&ni->vfs_inode);\n\nout:\n\trun_close(&run2);\n\tup_write(&ni->file.run_lock);\n\treturn err;\n\nbad_inode:\n\t_ntfs_bad_inode(&ni->vfs_inode);\n\tgoto out;\n\nundo_punch:\n\t/*\n\t * Restore packed runs.\n\t * \'mi_pack_runs\' should not fail, cause we restore original.\n\t */\n\tif (mi_pack_runs(mi, attr, &run2, evcn1 - svcn))\n\t\tgoto bad_inode;\n\n\tgoto done;\n}\n\n/*\n * attr_insert_range - Insert range (hole) in file.\n * Not for normal files.\n */\nint attr_insert_range(struct ntfs_inode *ni, u64 vbo, u64 bytes)\n{\n\tint err = 0;\n\tstruct runs_tree *run = &ni->file.run;\n\tstruct ntfs_sb_info *sbi = ni->mi.sbi;\n\tstruct ATTRIB *attr = NULL, *attr_b;\n\tstruct ATTR_LIST_ENTRY *le, *le_b;\n\tstruct mft_inode *mi, *mi_b;\n\tCLST vcn, svcn, evcn1, len, next_svcn;\n\tu64 data_size, alloc_size;\n\tu32 mask;\n\t__le16 a_flags;\n\n\tif (!bytes)\n\t\treturn 0;\n\n\tle_b = NULL;\n\tattr_b = ni_find_attr(ni, NULL, &le_b, ATTR_DATA, NULL, 0, NULL, &mi_b);\n\tif (!attr_b)\n\t\treturn -ENOENT;\n\n\tif (!is_attr_ext(attr_b)) {\n\t\t/* It was checked above. See fallocate. */\n\t\treturn -EOPNOTSUPP;\n\t}\n\n\tif (!attr_b->non_res) {\n\t\tdata_size = le32_to_cpu(attr_b->res.data_size);\n\t\talloc_size = data_size;\n\t\tmask = sbi->cluster_mask; /* cluster_size - 1 */\n\t} else {\n\t\tdata_size = le64_to_cpu(attr_b->nres.data_size);\n\t\talloc_size = le64_to_cpu(attr_b->nres.alloc_size);\n\t\tmask = (sbi->cluster_size << attr_b->nres.c_unit) - 1;\n\t}\n\n\tif (vbo >= data_size) {\n\t\t/*\n\t\t * Insert range after the file size is not allowed.\n\t\t * If the offset is equal to or greater than the end of\n\t\t * file, an error is returned.  For such operations (i.e., inserting\n\t\t * a hole at the end of file), ftruncate(2) should be used.\n\t\t */\n\t\treturn -EINVAL;\n\t}\n\n\tif ((vbo & mask) || (bytes & mask)) {\n\t\t/* Allow to insert only frame aligned ranges. */\n\t\treturn -EINVAL;\n\t}\n\n\t/*\n\t * valid_size <= data_size <= alloc_size\n\t * Check alloc_size for maximum possible.\n\t */\n\tif (bytes > sbi->maxbytes_sparse - alloc_size)\n\t\treturn -EFBIG;\n\n\tvcn = vbo >> sbi->cluster_bits;\n\tlen = bytes >> sbi->cluster_bits;\n\n\tdown_write(&ni->file.run_lock);\n\n\tif (!attr_b->non_res) {\n\t\terr = attr_set_size(ni, ATTR_DATA, NULL, 0, run,\n\t\t\t\t    data_size + bytes, NULL, false, NULL);\n\n\t\tle_b = NULL;\n\t\tattr_b = ni_find_attr(ni, NULL, &le_b, ATTR_DATA, NULL, 0, NULL,\n\t\t\t\t      &mi_b);\n\t\tif (!attr_b) {\n\t\t\terr = -EINVAL;\n\t\t\tgoto bad_inode;\n\t\t}\n\n\t\tif (err)\n\t\t\tgoto out;\n\n\t\tif (!attr_b->non_res) {\n\t\t\t/* Still resident. */\n\t\t\tchar *data = Add2Ptr(attr_b,\n\t\t\t\t\t     le16_to_cpu(attr_b->res.data_off));\n\n\t\t\tmemmove(data + bytes, data, bytes);\n\t\t\tmemset(data, 0, bytes);\n\t\t\tgoto done;\n\t\t}\n\n\t\t/* Resident files becomes nonresident. */\n\t\tdata_size = le64_to_cpu(attr_b->nres.data_size);\n\t\talloc_size = le64_to_cpu(attr_b->nres.alloc_size);\n\t}\n\n\t/*\n\t * Enumerate all attribute segments and shift start vcn.\n\t */\n\ta_flags = attr_b->flags;\n\tsvcn = le64_to_cpu(attr_b->nres.svcn);\n\tevcn1 = le64_to_cpu(attr_b->nres.evcn) + 1;\n\n\tif (svcn <= vcn && vcn < evcn1) {\n\t\tattr = attr_b;\n\t\tle = le_b;\n\t\tmi = mi_b;\n\t} else if (!le_b) {\n\t\terr = -EINVAL;\n\t\tgoto bad_inode;\n\t} else {\n\t\tle = le_b;\n\t\tattr = ni_find_attr(ni, attr_b, &le, ATTR_DATA, NULL, 0, &vcn,\n\t\t\t\t    &mi);\n\t\tif (!attr) {\n\t\t\terr = -EINVAL;\n\t\t\tgoto bad_inode;\n\t\t}\n\n\t\tsvcn = le64_to_cpu(attr->nres.svcn);\n\t\tevcn1 = le64_to_cpu(attr->nres.evcn) + 1;\n\t}\n\n\trun_truncate(run, 0); /* clear cached values. */\n\terr = attr_load_runs(attr, ni, run, NULL);\n\tif (err)\n\t\tgoto out;\n\n\tif (!run_insert_range(run, vcn, len)) {\n\t\terr = -ENOMEM;\n\t\tgoto out;\n\t}\n\n\t/* Try to pack in current record as much as possible. */\n\terr = mi_pack_runs(mi, attr, run, evcn1 + len - svcn);\n\tif (err)\n\t\tgoto out;\n\n\tnext_svcn = le64_to_cpu(attr->nres.evcn) + 1;\n\n\twhile ((attr = ni_enum_attr_ex(ni, attr, &le, &mi)) &&\n\t       attr->type == ATTR_DATA && !attr->name_len) {\n\t\tle64_add_cpu(&attr->nres.svcn, len);\n\t\tle64_add_cpu(&attr->nres.evcn, len);\n\t\tif (le) {\n\t\t\tle->vcn = attr->nres.svcn;\n\t\t\tni->attr_list.dirty = true;\n\t\t}\n\t\tmi->dirty = true;\n\t}\n\n\tif (next_svcn < evcn1 + len) {\n\t\terr = ni_insert_nonresident(ni, ATTR_DATA, NULL, 0, run,\n\t\t\t\t\t    next_svcn, evcn1 + len - next_svcn,\n\t\t\t\t\t    a_flags, NULL, NULL, NULL);\n\n\t\tle_b = NULL;\n\t\tattr_b = ni_find_attr(ni, NULL, &le_b, ATTR_DATA, NULL, 0, NULL,\n\t\t\t\t      &mi_b);\n\t\tif (!attr_b) {\n\t\t\terr = -EINVAL;\n\t\t\tgoto bad_inode;\n\t\t}\n\n\t\tif (err) {\n\t\t\t/* ni_insert_nonresident failed. Try to undo. */\n\t\t\tgoto undo_insert_range;\n\t\t}\n\t}\n\n\t/*\n\t * Update primary attribute segment.\n\t */\n\tif (vbo <= ni->i_valid)\n\t\tni->i_valid += bytes;\n\n\tattr_b->nres.data_size = cpu_to_le64(data_size + bytes);\n\tattr_b->nres.alloc_size = cpu_to_le64(alloc_size + bytes);\n\n\t/* ni->valid may be not equal valid_size (temporary). */\n\tif (ni->i_valid > data_size + bytes)\n\t\tattr_b->nres.valid_size = attr_b->nres.data_size;\n\telse\n\t\tattr_b->nres.valid_size = cpu_to_le64(ni->i_valid);\n\tmi_b->dirty = true;\n\ndone:\n\ti_size_write(&ni->vfs_inode, ni->vfs_inode.i_size + bytes);\n\tni->ni_flags |= NI_FLAG_UPDATE_PARENT;\n\tmark_inode_dirty(&ni->vfs_inode);\n\nout:\n\trun_truncate(run, 0); /* clear cached values. */\n\n\tup_write(&ni->file.run_lock);\n\n\treturn err;\n\nbad_inode:\n\t_ntfs_bad_inode(&ni->vfs_inode);\n\tgoto out;\n\nundo_insert_range:\n\tsvcn = le64_to_cpu(attr_b->nres.svcn);\n\tevcn1 = le64_to_cpu(attr_b->nres.evcn) + 1;\n\n\tif (svcn <= vcn && vcn < evcn1) {\n\t\tattr = attr_b;\n\t\tle = le_b;\n\t\tmi = mi_b;\n\t} else if (!le_b) {\n\t\tgoto bad_inode;\n\t} else {\n\t\tle = le_b;\n\t\tattr = ni_find_attr(ni, attr_b, &le, ATTR_DATA, NULL, 0, &vcn,\n\t\t\t\t    &mi);\n\t\tif (!attr) {\n\t\t\tgoto bad_inode;\n\t\t}\n\n\t\tsvcn = le64_to_cpu(attr->nres.svcn);\n\t\tevcn1 = le64_to_cpu(attr->nres.evcn) + 1;\n\t}\n\n\tif (attr_load_runs(attr, ni, run, NULL))\n\t\tgoto bad_inode;\n\n\tif (!run_collapse_range(run, vcn, len))\n\t\tgoto bad_inode;\n\n\tif (mi_pack_runs(mi, attr, run, evcn1 + len - svcn))\n\t\tgoto bad_inode;\n\n\twhile ((attr = ni_enum_attr_ex(ni, attr, &le, &mi)) &&\n\t       attr->type == ATTR_DATA && !attr->name_len) {\n\t\tle64_sub_cpu(&attr->nres.svcn, len);\n\t\tle64_sub_cpu(&attr->nres.evcn, len);\n\t\tif (le) {\n\t\t\tle->vcn = attr->nres.svcn;\n\t\t\tni->attr_list.dirty = true;\n\t\t}\n\t\tmi->dirty = true;\n\t}\n\n\tgoto out;\n}\n\n/*\n * attr_force_nonresident\n *\n * Convert default data attribute into non resident form.\n */\nint attr_force_nonresident(struct ntfs_inode *ni)\n{\n\tint err;\n\tstruct ATTRIB *attr;\n\tstruct ATTR_LIST_ENTRY *le = NULL;\n\tstruct mft_inode *mi;\n\n\tattr = ni_find_attr(ni, NULL, &le, ATTR_DATA, NULL, 0, NULL, &mi);\n\tif (!attr) {\n\t\tntfs_bad_inode(&ni->vfs_inode, "no data attribute");\n\t\treturn -ENOENT;\n\t}\n\n\tif (attr->non_res) {\n\t\t/* Already non resident. */\n\t\treturn 0;\n\t}\n\n\tdown_write(&ni->file.run_lock);\n\terr = attr_make_nonresident(ni, attr, le, mi,\n\t\t\t\t    le32_to_cpu(attr->res.data_size),\n\t\t\t\t    &ni->file.run, &attr, NULL);\n\tup_write(&ni->file.run_lock);\n\n\treturn err;\n}\n\n/*\n * Change the compression of data attribute\n */\nint attr_set_compress(struct ntfs_inode *ni, bool compr)\n{\n\tstruct ATTRIB *attr;\n\tstruct mft_inode *mi;\n\n\tattr = ni_find_attr(ni, NULL, NULL, ATTR_DATA, NULL, 0, NULL, &mi);\n\tif (!attr)\n\t\treturn -ENOENT;\n\n\tif (is_attr_compressed(attr) == !!compr) {\n\t\t/* Already required compressed state. */\n\t\treturn 0;\n\t}\n\n\tif (attr->non_res) {\n\t\tu16 run_off;\n\t\tu32 run_size;\n\t\tchar *run;\n\n\t\tif (attr->nres.data_size) {\n\t\t\t/*\n\t\t\t * There are rare cases when it possible to change\n\t\t\t * compress state without big changes.\n\t\t\t * TODO: Process these cases.\n\t\t\t */\n\t\t\treturn -EOPNOTSUPP;\n\t\t}\n\n\t\trun_off = le16_to_cpu(attr->nres.run_off);\n\t\trun_size = le32_to_cpu(attr->size) - run_off;\n\t\trun = Add2Ptr(attr, run_off);\n\n\t\tif (!compr) {\n\t\t\t/* remove field \'attr->nres.total_size\'. */\n\t\t\tmemmove(run - 8, run, run_size);\n\t\t\trun_off -= 8;\n\t\t}\n\n\t\tif (!mi_resize_attr(mi, attr, compr ? +8 : -8)) {\n\t\t\t/*\n\t\t\t * Ignore rare case when there are no 8 bytes in record with attr.\n\t\t\t * TODO: split attribute.\n\t\t\t */\n\t\t\treturn -EOPNOTSUPP;\n\t\t}\n\n\t\tif (compr) {\n\t\t\t/* Make a gap for \'attr->nres.total_size\'. */\n\t\t\tmemmove(run + 8, run, run_size);\n\t\t\trun_off += 8;\n\t\t\tattr->nres.total_size = attr->nres.alloc_size;\n\t\t}\n\t\tattr->nres.run_off = cpu_to_le16(run_off);\n\t}\n\n\t/* Update data attribute flags. */\n\tif (compr) {\n\t\tattr->flags |= ATTR_FLAG_COMPRESSED;\n\t\tattr->nres.c_unit = NTFS_LZNT_CUNIT;\n\t} else {\n\t\tattr->flags &= ~ATTR_FLAG_COMPRESSED;\n\t\tattr->nres.c_unit = 0;\n\t}\n\tmi->dirty = true;\n\n\treturn 0;\n}\n', 'sha': None}, {'filename': 'fs/ntfs3/frecord.c', 'content': '// SPDX-License-Identifier: GPL-2.0\n/*\n *\n * Copyright (C) 2019-2021 Paragon Software GmbH, All rights reserved.\n *\n */\n\n#include <linux/fiemap.h>\n#include <linux/fs.h>\n#include <linux/minmax.h>\n#include <linux/vmalloc.h>\n\n#include "debug.h"\n#include "ntfs.h"\n#include "ntfs_fs.h"\n#ifdef CONFIG_NTFS3_LZX_XPRESS\n#include "lib/lib.h"\n#endif\n\nstatic struct mft_inode *ni_ins_mi(struct ntfs_inode *ni, struct rb_root *tree,\n\t\t\t\t   CLST ino, struct rb_node *ins)\n{\n\tstruct rb_node **p = &tree->rb_node;\n\tstruct rb_node *pr = NULL;\n\n\twhile (*p) {\n\t\tstruct mft_inode *mi;\n\n\t\tpr = *p;\n\t\tmi = rb_entry(pr, struct mft_inode, node);\n\t\tif (mi->rno > ino)\n\t\t\tp = &pr->rb_left;\n\t\telse if (mi->rno < ino)\n\t\t\tp = &pr->rb_right;\n\t\telse\n\t\t\treturn mi;\n\t}\n\n\tif (!ins)\n\t\treturn NULL;\n\n\trb_link_node(ins, pr, p);\n\trb_insert_color(ins, tree);\n\treturn rb_entry(ins, struct mft_inode, node);\n}\n\n/*\n * ni_find_mi - Find mft_inode by record number.\n */\nstatic struct mft_inode *ni_find_mi(struct ntfs_inode *ni, CLST rno)\n{\n\treturn ni_ins_mi(ni, &ni->mi_tree, rno, NULL);\n}\n\n/*\n * ni_add_mi - Add new mft_inode into ntfs_inode.\n */\nstatic void ni_add_mi(struct ntfs_inode *ni, struct mft_inode *mi)\n{\n\tni_ins_mi(ni, &ni->mi_tree, mi->rno, &mi->node);\n}\n\n/*\n * ni_remove_mi - Remove mft_inode from ntfs_inode.\n */\nvoid ni_remove_mi(struct ntfs_inode *ni, struct mft_inode *mi)\n{\n\trb_erase(&mi->node, &ni->mi_tree);\n}\n\n/*\n * ni_std - Return: Pointer into std_info from primary record.\n */\nstruct ATTR_STD_INFO *ni_std(struct ntfs_inode *ni)\n{\n\tconst struct ATTRIB *attr;\n\n\tattr = mi_find_attr(&ni->mi, NULL, ATTR_STD, NULL, 0, NULL);\n\treturn attr ? resident_data_ex(attr, sizeof(struct ATTR_STD_INFO)) :\n\t\t      NULL;\n}\n\n/*\n * ni_std5\n *\n * Return: Pointer into std_info from primary record.\n */\nstruct ATTR_STD_INFO5 *ni_std5(struct ntfs_inode *ni)\n{\n\tconst struct ATTRIB *attr;\n\n\tattr = mi_find_attr(&ni->mi, NULL, ATTR_STD, NULL, 0, NULL);\n\n\treturn attr ? resident_data_ex(attr, sizeof(struct ATTR_STD_INFO5)) :\n\t\t      NULL;\n}\n\n/*\n * ni_clear - Clear resources allocated by ntfs_inode.\n */\nvoid ni_clear(struct ntfs_inode *ni)\n{\n\tstruct rb_node *node;\n\n\tif (!ni->vfs_inode.i_nlink && ni->mi.mrec &&\n\t    is_rec_inuse(ni->mi.mrec) &&\n\t    !(ni->mi.sbi->flags & NTFS_FLAGS_LOG_REPLAYING))\n\t\tni_delete_all(ni);\n\n\tal_destroy(ni);\n\n\tfor (node = rb_first(&ni->mi_tree); node;) {\n\t\tstruct rb_node *next = rb_next(node);\n\t\tstruct mft_inode *mi = rb_entry(node, struct mft_inode, node);\n\n\t\trb_erase(node, &ni->mi_tree);\n\t\tmi_put(mi);\n\t\tnode = next;\n\t}\n\n\t/* Bad inode always has mode == S_IFREG. */\n\tif (ni->ni_flags & NI_FLAG_DIR)\n\t\tindx_clear(&ni->dir);\n\telse {\n\t\trun_close(&ni->file.run);\n#ifdef CONFIG_NTFS3_LZX_XPRESS\n\t\tif (ni->file.offs_folio) {\n\t\t\t/* On-demand allocated page for offsets. */\n\t\t\tfolio_put(ni->file.offs_folio);\n\t\t\tni->file.offs_folio = NULL;\n\t\t}\n#endif\n\t}\n\n\tmi_clear(&ni->mi);\n}\n\n/*\n * ni_load_mi_ex - Find mft_inode by record number.\n */\nint ni_load_mi_ex(struct ntfs_inode *ni, CLST rno, struct mft_inode **mi)\n{\n\tint err;\n\tstruct mft_inode *r;\n\n\tr = ni_find_mi(ni, rno);\n\tif (r)\n\t\tgoto out;\n\n\terr = mi_get(ni->mi.sbi, rno, &r);\n\tif (err)\n\t\treturn err;\n\n\tni_add_mi(ni, r);\n\nout:\n\tif (mi)\n\t\t*mi = r;\n\treturn 0;\n}\n\n/*\n * ni_load_mi - Load mft_inode corresponded list_entry.\n */\nint ni_load_mi(struct ntfs_inode *ni, const struct ATTR_LIST_ENTRY *le,\n\t       struct mft_inode **mi)\n{\n\tCLST rno;\n\n\tif (!le) {\n\t\t*mi = &ni->mi;\n\t\treturn 0;\n\t}\n\n\trno = ino_get(&le->ref);\n\tif (rno == ni->mi.rno) {\n\t\t*mi = &ni->mi;\n\t\treturn 0;\n\t}\n\treturn ni_load_mi_ex(ni, rno, mi);\n}\n\n/*\n * ni_find_attr\n *\n * Return: Attribute and record this attribute belongs to.\n */\nstruct ATTRIB *ni_find_attr(struct ntfs_inode *ni, struct ATTRIB *attr,\n\t\t\t    struct ATTR_LIST_ENTRY **le_o, enum ATTR_TYPE type,\n\t\t\t    const __le16 *name, u8 name_len, const CLST *vcn,\n\t\t\t    struct mft_inode **mi)\n{\n\tstruct ATTR_LIST_ENTRY *le;\n\tstruct mft_inode *m;\n\n\tif (!ni->attr_list.size ||\n\t    (!name_len && (type == ATTR_LIST || type == ATTR_STD))) {\n\t\tif (le_o)\n\t\t\t*le_o = NULL;\n\t\tif (mi)\n\t\t\t*mi = &ni->mi;\n\n\t\t/* Look for required attribute in primary record. */\n\t\treturn mi_find_attr(&ni->mi, attr, type, name, name_len, NULL);\n\t}\n\n\t/* First look for list entry of required type. */\n\tle = al_find_ex(ni, le_o ? *le_o : NULL, type, name, name_len, vcn);\n\tif (!le)\n\t\treturn NULL;\n\n\tif (le_o)\n\t\t*le_o = le;\n\n\t/* Load record that contains this attribute. */\n\tif (ni_load_mi(ni, le, &m))\n\t\treturn NULL;\n\n\t/* Look for required attribute. */\n\tattr = mi_find_attr(m, NULL, type, name, name_len, &le->id);\n\n\tif (!attr)\n\t\tgoto out;\n\n\tif (!attr->non_res) {\n\t\tif (vcn && *vcn)\n\t\t\tgoto out;\n\t} else if (!vcn) {\n\t\tif (attr->nres.svcn)\n\t\t\tgoto out;\n\t} else if (le64_to_cpu(attr->nres.svcn) > *vcn ||\n\t\t   *vcn > le64_to_cpu(attr->nres.evcn)) {\n\t\tgoto out;\n\t}\n\n\tif (mi)\n\t\t*mi = m;\n\treturn attr;\n\nout:\n\tntfs_inode_err(&ni->vfs_inode, "failed to parse mft record");\n\tntfs_set_state(ni->mi.sbi, NTFS_DIRTY_ERROR);\n\treturn NULL;\n}\n\n/*\n * ni_enum_attr_ex - Enumerates attributes in ntfs_inode.\n */\nstruct ATTRIB *ni_enum_attr_ex(struct ntfs_inode *ni, struct ATTRIB *attr,\n\t\t\t       struct ATTR_LIST_ENTRY **le,\n\t\t\t       struct mft_inode **mi)\n{\n\tstruct mft_inode *mi2;\n\tstruct ATTR_LIST_ENTRY *le2;\n\n\t/* Do we have an attribute list? */\n\tif (!ni->attr_list.size) {\n\t\t*le = NULL;\n\t\tif (mi)\n\t\t\t*mi = &ni->mi;\n\t\t/* Enum attributes in primary record. */\n\t\treturn mi_enum_attr(&ni->mi, attr);\n\t}\n\n\t/* Get next list entry. */\n\tle2 = *le = al_enumerate(ni, attr ? *le : NULL);\n\tif (!le2)\n\t\treturn NULL;\n\n\t/* Load record that contains the required attribute. */\n\tif (ni_load_mi(ni, le2, &mi2))\n\t\treturn NULL;\n\n\tif (mi)\n\t\t*mi = mi2;\n\n\t/* Find attribute in loaded record. */\n\treturn rec_find_attr_le(mi2, le2);\n}\n\n/*\n * ni_load_attr - Load attribute that contains given VCN.\n */\nstruct ATTRIB *ni_load_attr(struct ntfs_inode *ni, enum ATTR_TYPE type,\n\t\t\t    const __le16 *name, u8 name_len, CLST vcn,\n\t\t\t    struct mft_inode **pmi)\n{\n\tstruct ATTR_LIST_ENTRY *le;\n\tstruct ATTRIB *attr;\n\tstruct mft_inode *mi;\n\tstruct ATTR_LIST_ENTRY *next;\n\n\tif (!ni->attr_list.size) {\n\t\tif (pmi)\n\t\t\t*pmi = &ni->mi;\n\t\treturn mi_find_attr(&ni->mi, NULL, type, name, name_len, NULL);\n\t}\n\n\tle = al_find_ex(ni, NULL, type, name, name_len, NULL);\n\tif (!le)\n\t\treturn NULL;\n\n\t/*\n\t * Unfortunately ATTR_LIST_ENTRY contains only start VCN.\n\t * So to find the ATTRIB segment that contains \'vcn\' we should\n\t * enumerate some entries.\n\t */\n\tif (vcn) {\n\t\tfor (;; le = next) {\n\t\t\tnext = al_find_ex(ni, le, type, name, name_len, NULL);\n\t\t\tif (!next || le64_to_cpu(next->vcn) > vcn)\n\t\t\t\tbreak;\n\t\t}\n\t}\n\n\tif (ni_load_mi(ni, le, &mi))\n\t\treturn NULL;\n\n\tif (pmi)\n\t\t*pmi = mi;\n\n\tattr = mi_find_attr(mi, NULL, type, name, name_len, &le->id);\n\tif (!attr)\n\t\treturn NULL;\n\n\tif (!attr->non_res)\n\t\treturn attr;\n\n\tif (le64_to_cpu(attr->nres.svcn) <= vcn &&\n\t    vcn <= le64_to_cpu(attr->nres.evcn))\n\t\treturn attr;\n\n\treturn NULL;\n}\n\n/*\n * ni_load_all_mi - Load all subrecords.\n */\nint ni_load_all_mi(struct ntfs_inode *ni)\n{\n\tint err;\n\tstruct ATTR_LIST_ENTRY *le;\n\n\tif (!ni->attr_list.size)\n\t\treturn 0;\n\n\tle = NULL;\n\n\twhile ((le = al_enumerate(ni, le))) {\n\t\tCLST rno = ino_get(&le->ref);\n\n\t\tif (rno == ni->mi.rno)\n\t\t\tcontinue;\n\n\t\terr = ni_load_mi_ex(ni, rno, NULL);\n\t\tif (err)\n\t\t\treturn err;\n\t}\n\n\treturn 0;\n}\n\n/*\n * ni_add_subrecord - Allocate + format + attach a new subrecord.\n */\nbool ni_add_subrecord(struct ntfs_inode *ni, CLST rno, struct mft_inode **mi)\n{\n\tstruct mft_inode *m;\n\n\tm = kzalloc(sizeof(struct mft_inode), GFP_NOFS);\n\tif (!m)\n\t\treturn false;\n\n\tif (mi_format_new(m, ni->mi.sbi, rno, 0, ni->mi.rno == MFT_REC_MFT)) {\n\t\tmi_put(m);\n\t\treturn false;\n\t}\n\n\tmi_get_ref(&ni->mi, &m->mrec->parent_ref);\n\n\tni_add_mi(ni, m);\n\t*mi = m;\n\treturn true;\n}\n\n/*\n * ni_remove_attr - Remove all attributes for the given type/name/id.\n */\nint ni_remove_attr(struct ntfs_inode *ni, enum ATTR_TYPE type,\n\t\t   const __le16 *name, u8 name_len, bool base_only,\n\t\t   const __le16 *id)\n{\n\tint err;\n\tstruct ATTRIB *attr;\n\tstruct ATTR_LIST_ENTRY *le;\n\tstruct mft_inode *mi;\n\tu32 type_in;\n\tint diff;\n\n\tif (base_only || type == ATTR_LIST || !ni->attr_list.size) {\n\t\tattr = mi_find_attr(&ni->mi, NULL, type, name, name_len, id);\n\t\tif (!attr)\n\t\t\treturn -ENOENT;\n\n\t\tmi_remove_attr(ni, &ni->mi, attr);\n\t\treturn 0;\n\t}\n\n\ttype_in = le32_to_cpu(type);\n\tle = NULL;\n\n\tfor (;;) {\n\t\tle = al_enumerate(ni, le);\n\t\tif (!le)\n\t\t\treturn 0;\n\nnext_le2:\n\t\tdiff = le32_to_cpu(le->type) - type_in;\n\t\tif (diff < 0)\n\t\t\tcontinue;\n\n\t\tif (diff > 0)\n\t\t\treturn 0;\n\n\t\tif (le->name_len != name_len)\n\t\t\tcontinue;\n\n\t\tif (name_len &&\n\t\t    memcmp(le_name(le), name, name_len * sizeof(short)))\n\t\t\tcontinue;\n\n\t\tif (id && le->id != *id)\n\t\t\tcontinue;\n\t\terr = ni_load_mi(ni, le, &mi);\n\t\tif (err)\n\t\t\treturn err;\n\n\t\tal_remove_le(ni, le);\n\n\t\tattr = mi_find_attr(mi, NULL, type, name, name_len, id);\n\t\tif (!attr)\n\t\t\treturn -ENOENT;\n\n\t\tmi_remove_attr(ni, mi, attr);\n\n\t\tif (PtrOffset(ni->attr_list.le, le) >= ni->attr_list.size)\n\t\t\treturn 0;\n\t\tgoto next_le2;\n\t}\n}\n\n/*\n * ni_ins_new_attr - Insert the attribute into record.\n *\n * Return: Not full constructed attribute or NULL if not possible to create.\n */\nstatic struct ATTRIB *\nni_ins_new_attr(struct ntfs_inode *ni, struct mft_inode *mi,\n\t\tstruct ATTR_LIST_ENTRY *le, enum ATTR_TYPE type,\n\t\tconst __le16 *name, u8 name_len, u32 asize, u16 name_off,\n\t\tCLST svcn, struct ATTR_LIST_ENTRY **ins_le)\n{\n\tint err;\n\tstruct ATTRIB *attr;\n\tbool le_added = false;\n\tstruct MFT_REF ref;\n\n\tmi_get_ref(mi, &ref);\n\n\tif (type != ATTR_LIST && !le && ni->attr_list.size) {\n\t\terr = al_add_le(ni, type, name, name_len, svcn, cpu_to_le16(-1),\n\t\t\t\t&ref, &le);\n\t\tif (err) {\n\t\t\t/* No memory or no space. */\n\t\t\treturn ERR_PTR(err);\n\t\t}\n\t\tle_added = true;\n\n\t\t/*\n\t\t * al_add_le -> attr_set_size (list) -> ni_expand_list\n\t\t * which moves some attributes out of primary record\n\t\t * this means that name may point into moved memory\n\t\t * reinit \'name\' from le.\n\t\t */\n\t\tname = le->name;\n\t}\n\n\tattr = mi_insert_attr(mi, type, name, name_len, asize, name_off);\n\tif (!attr) {\n\t\tif (le_added)\n\t\t\tal_remove_le(ni, le);\n\t\treturn NULL;\n\t}\n\n\tif (type == ATTR_LIST) {\n\t\t/* Attr list is not in list entry array. */\n\t\tgoto out;\n\t}\n\n\tif (!le)\n\t\tgoto out;\n\n\t/* Update ATTRIB Id and record reference. */\n\tle->id = attr->id;\n\tni->attr_list.dirty = true;\n\tle->ref = ref;\n\nout:\n\tif (ins_le)\n\t\t*ins_le = le;\n\treturn attr;\n}\n\n/*\n * ni_repack\n *\n * Random write access to sparsed or compressed file may result to\n * not optimized packed runs.\n * Here is the place to optimize it.\n */\nstatic int ni_repack(struct ntfs_inode *ni)\n{\n#if 1\n\treturn 0;\n#else\n\tint err = 0;\n\tstruct ntfs_sb_info *sbi = ni->mi.sbi;\n\tstruct mft_inode *mi, *mi_p = NULL;\n\tstruct ATTRIB *attr = NULL, *attr_p;\n\tstruct ATTR_LIST_ENTRY *le = NULL, *le_p;\n\tCLST alloc = 0;\n\tu8 cluster_bits = sbi->cluster_bits;\n\tCLST svcn, evcn = 0, svcn_p, evcn_p, next_svcn;\n\tu32 roff, rs = sbi->record_size;\n\tstruct runs_tree run;\n\n\trun_init(&run);\n\n\twhile ((attr = ni_enum_attr_ex(ni, attr, &le, &mi))) {\n\t\tif (!attr->non_res)\n\t\t\tcontinue;\n\n\t\tsvcn = le64_to_cpu(attr->nres.svcn);\n\t\tif (svcn != le64_to_cpu(le->vcn)) {\n\t\t\terr = -EINVAL;\n\t\t\tbreak;\n\t\t}\n\n\t\tif (!svcn) {\n\t\t\talloc = le64_to_cpu(attr->nres.alloc_size) >>\n\t\t\t\tcluster_bits;\n\t\t\tmi_p = NULL;\n\t\t} else if (svcn != evcn + 1) {\n\t\t\terr = -EINVAL;\n\t\t\tbreak;\n\t\t}\n\n\t\tevcn = le64_to_cpu(attr->nres.evcn);\n\n\t\tif (svcn > evcn + 1) {\n\t\t\terr = -EINVAL;\n\t\t\tbreak;\n\t\t}\n\n\t\tif (!mi_p) {\n\t\t\t/* Do not try if not enough free space. */\n\t\t\tif (le32_to_cpu(mi->mrec->used) + 8 >= rs)\n\t\t\t\tcontinue;\n\n\t\t\t/* Do not try if last attribute segment. */\n\t\t\tif (evcn + 1 == alloc)\n\t\t\t\tcontinue;\n\t\t\trun_close(&run);\n\t\t}\n\n\t\troff = le16_to_cpu(attr->nres.run_off);\n\n\t\tif (roff > le32_to_cpu(attr->size)) {\n\t\t\terr = -EINVAL;\n\t\t\tbreak;\n\t\t}\n\n\t\terr = run_unpack(&run, sbi, ni->mi.rno, svcn, evcn, svcn,\n\t\t\t\t Add2Ptr(attr, roff),\n\t\t\t\t le32_to_cpu(attr->size) - roff);\n\t\tif (err < 0)\n\t\t\tbreak;\n\n\t\tif (!mi_p) {\n\t\t\tmi_p = mi;\n\t\t\tattr_p = attr;\n\t\t\tsvcn_p = svcn;\n\t\t\tevcn_p = evcn;\n\t\t\tle_p = le;\n\t\t\terr = 0;\n\t\t\tcontinue;\n\t\t}\n\n\t\t/*\n\t\t * Run contains data from two records: mi_p and mi\n\t\t * Try to pack in one.\n\t\t */\n\t\terr = mi_pack_runs(mi_p, attr_p, &run, evcn + 1 - svcn_p);\n\t\tif (err)\n\t\t\tbreak;\n\n\t\tnext_svcn = le64_to_cpu(attr_p->nres.evcn) + 1;\n\n\t\tif (next_svcn >= evcn + 1) {\n\t\t\t/* We can remove this attribute segment. */\n\t\t\tal_remove_le(ni, le);\n\t\t\tmi_remove_attr(NULL, mi, attr);\n\t\t\tle = le_p;\n\t\t\tcontinue;\n\t\t}\n\n\t\tattr->nres.svcn = le->vcn = cpu_to_le64(next_svcn);\n\t\tmi->dirty = true;\n\t\tni->attr_list.dirty = true;\n\n\t\tif (evcn + 1 == alloc) {\n\t\t\terr = mi_pack_runs(mi, attr, &run,\n\t\t\t\t\t   evcn + 1 - next_svcn);\n\t\t\tif (err)\n\t\t\t\tbreak;\n\t\t\tmi_p = NULL;\n\t\t} else {\n\t\t\tmi_p = mi;\n\t\t\tattr_p = attr;\n\t\t\tsvcn_p = next_svcn;\n\t\t\tevcn_p = evcn;\n\t\t\tle_p = le;\n\t\t\trun_truncate_head(&run, next_svcn);\n\t\t}\n\t}\n\n\tif (err) {\n\t\tntfs_inode_warn(&ni->vfs_inode, "repack problem");\n\t\tntfs_set_state(sbi, NTFS_DIRTY_ERROR);\n\n\t\t/* Pack loaded but not packed runs. */\n\t\tif (mi_p)\n\t\t\tmi_pack_runs(mi_p, attr_p, &run, evcn_p + 1 - svcn_p);\n\t}\n\n\trun_close(&run);\n\treturn err;\n#endif\n}\n\n/*\n * ni_try_remove_attr_list\n *\n * Can we remove attribute list?\n * Check the case when primary record contains enough space for all attributes.\n */\nstatic int ni_try_remove_attr_list(struct ntfs_inode *ni)\n{\n\tint err = 0;\n\tstruct ntfs_sb_info *sbi = ni->mi.sbi;\n\tstruct ATTRIB *attr, *attr_list, *attr_ins;\n\tstruct ATTR_LIST_ENTRY *le;\n\tstruct mft_inode *mi;\n\tu32 asize, free;\n\tstruct MFT_REF ref;\n\tstruct MFT_REC *mrec;\n\t__le16 id;\n\n\tif (!ni->attr_list.dirty)\n\t\treturn 0;\n\n\terr = ni_repack(ni);\n\tif (err)\n\t\treturn err;\n\n\tattr_list = mi_find_attr(&ni->mi, NULL, ATTR_LIST, NULL, 0, NULL);\n\tif (!attr_list)\n\t\treturn 0;\n\n\tasize = le32_to_cpu(attr_list->size);\n\n\t/* Free space in primary record without attribute list. */\n\tfree = sbi->record_size - le32_to_cpu(ni->mi.mrec->used) + asize;\n\tmi_get_ref(&ni->mi, &ref);\n\n\tle = NULL;\n\twhile ((le = al_enumerate(ni, le))) {\n\t\tif (!memcmp(&le->ref, &ref, sizeof(ref)))\n\t\t\tcontinue;\n\n\t\tif (le->vcn)\n\t\t\treturn 0;\n\n\t\tmi = ni_find_mi(ni, ino_get(&le->ref));\n\t\tif (!mi)\n\t\t\treturn 0;\n\n\t\tattr = mi_find_attr(mi, NULL, le->type, le_name(le),\n\t\t\t\t    le->name_len, &le->id);\n\t\tif (!attr)\n\t\t\treturn 0;\n\n\t\tasize = le32_to_cpu(attr->size);\n\t\tif (asize > free)\n\t\t\treturn 0;\n\n\t\tfree -= asize;\n\t}\n\n\t/* Make a copy of primary record to restore if error. */\n\tmrec = kmemdup(ni->mi.mrec, sbi->record_size, GFP_NOFS);\n\tif (!mrec)\n\t\treturn 0; /* Not critical. */\n\n\t/* It seems that attribute list can be removed from primary record. */\n\tmi_remove_attr(NULL, &ni->mi, attr_list);\n\n\t/*\n\t * Repeat the cycle above and copy all attributes to primary record.\n\t * Do not remove original attributes from subrecords!\n\t * It should be success!\n\t */\n\tle = NULL;\n\twhile ((le = al_enumerate(ni, le))) {\n\t\tif (!memcmp(&le->ref, &ref, sizeof(ref)))\n\t\t\tcontinue;\n\n\t\tmi = ni_find_mi(ni, ino_get(&le->ref));\n\t\tif (!mi) {\n\t\t\t/* Should never happened, \'cause already checked. */\n\t\t\tgoto out;\n\t\t}\n\n\t\tattr = mi_find_attr(mi, NULL, le->type, le_name(le),\n\t\t\t\t    le->name_len, &le->id);\n\t\tif (!attr) {\n\t\t\t/* Should never happened, \'cause already checked. */\n\t\t\tgoto out;\n\t\t}\n\t\tasize = le32_to_cpu(attr->size);\n\n\t\t/* Insert into primary record. */\n\t\tattr_ins = mi_insert_attr(&ni->mi, le->type, le_name(le),\n\t\t\t\t\t  le->name_len, asize,\n\t\t\t\t\t  le16_to_cpu(attr->name_off));\n\t\tif (!attr_ins) {\n\t\t\t/*\n\t\t\t * No space in primary record (already checked).\n\t\t\t */\n\t\t\tgoto out;\n\t\t}\n\n\t\t/* Copy all except id. */\n\t\tid = attr_ins->id;\n\t\tmemcpy(attr_ins, attr, asize);\n\t\tattr_ins->id = id;\n\t}\n\n\t/*\n\t * Repeat the cycle above and remove all attributes from subrecords.\n\t */\n\tle = NULL;\n\twhile ((le = al_enumerate(ni, le))) {\n\t\tif (!memcmp(&le->ref, &ref, sizeof(ref)))\n\t\t\tcontinue;\n\n\t\tmi = ni_find_mi(ni, ino_get(&le->ref));\n\t\tif (!mi)\n\t\t\tcontinue;\n\n\t\tattr = mi_find_attr(mi, NULL, le->type, le_name(le),\n\t\t\t\t    le->name_len, &le->id);\n\t\tif (!attr)\n\t\t\tcontinue;\n\n\t\t/* Remove from original record. */\n\t\tmi_remove_attr(NULL, mi, attr);\n\t}\n\n\trun_deallocate(sbi, &ni->attr_list.run, true);\n\trun_close(&ni->attr_list.run);\n\tni->attr_list.size = 0;\n\tkvfree(ni->attr_list.le);\n\tni->attr_list.le = NULL;\n\tni->attr_list.dirty = false;\n\n\tkfree(mrec);\n\treturn 0;\nout:\n\t/* Restore primary record. */\n\tswap(mrec, ni->mi.mrec);\n\tkfree(mrec);\n\treturn 0;\n}\n\n/*\n * ni_create_attr_list - Generates an attribute list for this primary record.\n */\nint ni_create_attr_list(struct ntfs_inode *ni)\n{\n\tstruct ntfs_sb_info *sbi = ni->mi.sbi;\n\tint err;\n\tu32 lsize;\n\tstruct ATTRIB *attr;\n\tstruct ATTRIB *arr_move[7];\n\tstruct ATTR_LIST_ENTRY *le, *le_b[7];\n\tstruct MFT_REC *rec;\n\tbool is_mft;\n\tCLST rno = 0;\n\tstruct mft_inode *mi;\n\tu32 free_b, nb, to_free, rs;\n\tu16 sz;\n\n\tis_mft = ni->mi.rno == MFT_REC_MFT;\n\trec = ni->mi.mrec;\n\trs = sbi->record_size;\n\n\t/*\n\t * Skip estimating exact memory requirement.\n\t * Looks like one record_size is always enough.\n\t */\n\tle = kmalloc(al_aligned(rs), GFP_NOFS);\n\tif (!le)\n\t\treturn -ENOMEM;\n\n\tmi_get_ref(&ni->mi, &le->ref);\n\tni->attr_list.le = le;\n\n\tattr = NULL;\n\tnb = 0;\n\tfree_b = 0;\n\tattr = NULL;\n\n\tfor (; (attr = mi_enum_attr(&ni->mi, attr)); le = Add2Ptr(le, sz)) {\n\t\tsz = le_size(attr->name_len);\n\t\tle->type = attr->type;\n\t\tle->size = cpu_to_le16(sz);\n\t\tle->name_len = attr->name_len;\n\t\tle->name_off = offsetof(struct ATTR_LIST_ENTRY, name);\n\t\tle->vcn = 0;\n\t\tif (le != ni->attr_list.le)\n\t\t\tle->ref = ni->attr_list.le->ref;\n\t\tle->id = attr->id;\n\n\t\tif (attr->name_len)\n\t\t\tmemcpy(le->name, attr_name(attr),\n\t\t\t       sizeof(short) * attr->name_len);\n\t\telse if (attr->type == ATTR_STD)\n\t\t\tcontinue;\n\t\telse if (attr->type == ATTR_LIST)\n\t\t\tcontinue;\n\t\telse if (is_mft && attr->type == ATTR_DATA)\n\t\t\tcontinue;\n\n\t\tif (!nb || nb < ARRAY_SIZE(arr_move)) {\n\t\t\tle_b[nb] = le;\n\t\t\tarr_move[nb++] = attr;\n\t\t\tfree_b += le32_to_cpu(attr->size);\n\t\t}\n\t}\n\n\tlsize = PtrOffset(ni->attr_list.le, le);\n\tni->attr_list.size = lsize;\n\n\tto_free = le32_to_cpu(rec->used) + lsize + SIZEOF_RESIDENT;\n\tif (to_free <= rs) {\n\t\tto_free = 0;\n\t} else {\n\t\tto_free -= rs;\n\n\t\tif (to_free > free_b) {\n\t\t\terr = -EINVAL;\n\t\t\tgoto out;\n\t\t}\n\t}\n\n\t/* Allocate child MFT. */\n\terr = ntfs_look_free_mft(sbi, &rno, is_mft, ni, &mi);\n\tif (err)\n\t\tgoto out;\n\n\terr = -EINVAL;\n\t/* Call mi_remove_attr() in reverse order to keep pointers \'arr_move\' valid. */\n\twhile (to_free > 0) {\n\t\tstruct ATTRIB *b = arr_move[--nb];\n\t\tu32 asize = le32_to_cpu(b->size);\n\t\tu16 name_off = le16_to_cpu(b->name_off);\n\n\t\tattr = mi_insert_attr(mi, b->type, Add2Ptr(b, name_off),\n\t\t\t\t      b->name_len, asize, name_off);\n\t\tif (!attr)\n\t\t\tgoto out;\n\n\t\tmi_get_ref(mi, &le_b[nb]->ref);\n\t\tle_b[nb]->id = attr->id;\n\n\t\t/* Copy all except id. */\n\t\tmemcpy(attr, b, asize);\n\t\tattr->id = le_b[nb]->id;\n\n\t\t/* Remove from primary record. */\n\t\tif (!mi_remove_attr(NULL, &ni->mi, b))\n\t\t\tgoto out;\n\n\t\tif (to_free <= asize)\n\t\t\tbreak;\n\t\tto_free -= asize;\n\t\tif (!nb)\n\t\t\tgoto out;\n\t}\n\n\tattr = mi_insert_attr(&ni->mi, ATTR_LIST, NULL, 0,\n\t\t\t      lsize + SIZEOF_RESIDENT, SIZEOF_RESIDENT);\n\tif (!attr)\n\t\tgoto out;\n\n\tattr->non_res = 0;\n\tattr->flags = 0;\n\tattr->res.data_size = cpu_to_le32(lsize);\n\tattr->res.data_off = SIZEOF_RESIDENT_LE;\n\tattr->res.flags = 0;\n\tattr->res.res = 0;\n\n\tmemcpy(resident_data_ex(attr, lsize), ni->attr_list.le, lsize);\n\n\tni->attr_list.dirty = false;\n\n\tmark_inode_dirty(&ni->vfs_inode);\n\treturn 0;\n\nout:\n\tkvfree(ni->attr_list.le);\n\tni->attr_list.le = NULL;\n\tni->attr_list.size = 0;\n\treturn err;\n}\n\n/*\n * ni_ins_attr_ext - Add an external attribute to the ntfs_inode.\n */\nstatic int ni_ins_attr_ext(struct ntfs_inode *ni, struct ATTR_LIST_ENTRY *le,\n\t\t\t   enum ATTR_TYPE type, const __le16 *name, u8 name_len,\n\t\t\t   u32 asize, CLST svcn, u16 name_off, bool force_ext,\n\t\t\t   struct ATTRIB **ins_attr, struct mft_inode **ins_mi,\n\t\t\t   struct ATTR_LIST_ENTRY **ins_le)\n{\n\tstruct ATTRIB *attr;\n\tstruct mft_inode *mi;\n\tCLST rno;\n\tu64 vbo;\n\tstruct rb_node *node;\n\tint err;\n\tbool is_mft, is_mft_data;\n\tstruct ntfs_sb_info *sbi = ni->mi.sbi;\n\n\tis_mft = ni->mi.rno == MFT_REC_MFT;\n\tis_mft_data = is_mft && type == ATTR_DATA && !name_len;\n\n\tif (asize > sbi->max_bytes_per_attr) {\n\t\terr = -EINVAL;\n\t\tgoto out;\n\t}\n\n\t/*\n\t * Standard information and attr_list cannot be made external.\n\t * The Log File cannot have any external attributes.\n\t */\n\tif (type == ATTR_STD || type == ATTR_LIST ||\n\t    ni->mi.rno == MFT_REC_LOG) {\n\t\terr = -EINVAL;\n\t\tgoto out;\n\t}\n\n\t/* Create attribute list if it is not already existed. */\n\tif (!ni->attr_list.size) {\n\t\terr = ni_create_attr_list(ni);\n\t\tif (err)\n\t\t\tgoto out;\n\t}\n\n\tvbo = is_mft_data ? ((u64)svcn << sbi->cluster_bits) : 0;\n\n\tif (force_ext)\n\t\tgoto insert_ext;\n\n\t/* Load all subrecords into memory. */\n\terr = ni_load_all_mi(ni);\n\tif (err)\n\t\tgoto out;\n\n\t/* Check each of loaded subrecord. */\n\tfor (node = rb_first(&ni->mi_tree); node; node = rb_next(node)) {\n\t\tmi = rb_entry(node, struct mft_inode, node);\n\n\t\tif (is_mft_data &&\n\t\t    (mi_enum_attr(mi, NULL) ||\n\t\t     vbo <= ((u64)mi->rno << sbi->record_bits))) {\n\t\t\t/* We can\'t accept this record \'cause MFT\'s bootstrapping. */\n\t\t\tcontinue;\n\t\t}\n\t\tif (is_mft &&\n\t\t    mi_find_attr(mi, NULL, ATTR_DATA, NULL, 0, NULL)) {\n\t\t\t/*\n\t\t\t * This child record already has a ATTR_DATA.\n\t\t\t * So it can\'t accept any other records.\n\t\t\t */\n\t\t\tcontinue;\n\t\t}\n\n\t\tif ((type != ATTR_NAME || name_len) &&\n\t\t    mi_find_attr(mi, NULL, type, name, name_len, NULL)) {\n\t\t\t/* Only indexed attributes can share same record. */\n\t\t\tcontinue;\n\t\t}\n\n\t\t/*\n\t\t * Do not try to insert this attribute\n\t\t * if there is no room in record.\n\t\t */\n\t\tif (le32_to_cpu(mi->mrec->used) + asize > sbi->record_size)\n\t\t\tcontinue;\n\n\t\t/* Try to insert attribute into this subrecord. */\n\t\tattr = ni_ins_new_attr(ni, mi, le, type, name, name_len, asize,\n\t\t\t\t       name_off, svcn, ins_le);\n\t\tif (!attr)\n\t\t\tcontinue;\n\t\tif (IS_ERR(attr))\n\t\t\treturn PTR_ERR(attr);\n\n\t\tif (ins_attr)\n\t\t\t*ins_attr = attr;\n\t\tif (ins_mi)\n\t\t\t*ins_mi = mi;\n\t\treturn 0;\n\t}\n\ninsert_ext:\n\t/* We have to allocate a new child subrecord. */\n\terr = ntfs_look_free_mft(sbi, &rno, is_mft_data, ni, &mi);\n\tif (err)\n\t\tgoto out;\n\n\tif (is_mft_data && vbo <= ((u64)rno << sbi->record_bits)) {\n\t\terr = -EINVAL;\n\t\tgoto out1;\n\t}\n\n\tattr = ni_ins_new_attr(ni, mi, le, type, name, name_len, asize,\n\t\t\t       name_off, svcn, ins_le);\n\tif (!attr) {\n\t\terr = -EINVAL;\n\t\tgoto out2;\n\t}\n\n\tif (IS_ERR(attr)) {\n\t\terr = PTR_ERR(attr);\n\t\tgoto out2;\n\t}\n\n\tif (ins_attr)\n\t\t*ins_attr = attr;\n\tif (ins_mi)\n\t\t*ins_mi = mi;\n\n\treturn 0;\n\nout2:\n\tni_remove_mi(ni, mi);\n\tmi_put(mi);\n\nout1:\n\tntfs_mark_rec_free(sbi, rno, is_mft);\n\nout:\n\treturn err;\n}\n\n/*\n * ni_insert_attr - Insert an attribute into the file.\n *\n * If the primary record has room, it will just insert the attribute.\n * If not, it may make the attribute external.\n * For $MFT::Data it may make room for the attribute by\n * making other attributes external.\n *\n * NOTE:\n * The ATTR_LIST and ATTR_STD cannot be made external.\n * This function does not fill new attribute full.\n * It only fills \'size\'/\'type\'/\'id\'/\'name_len\' fields.\n */\nstatic int ni_insert_attr(struct ntfs_inode *ni, enum ATTR_TYPE type,\n\t\t\t  const __le16 *name, u8 name_len, u32 asize,\n\t\t\t  u16 name_off, CLST svcn, struct ATTRIB **ins_attr,\n\t\t\t  struct mft_inode **ins_mi,\n\t\t\t  struct ATTR_LIST_ENTRY **ins_le)\n{\n\tstruct ntfs_sb_info *sbi = ni->mi.sbi;\n\tint err;\n\tstruct ATTRIB *attr, *eattr;\n\tstruct MFT_REC *rec;\n\tbool is_mft;\n\tstruct ATTR_LIST_ENTRY *le;\n\tu32 list_reserve, max_free, free, used, t32;\n\t__le16 id;\n\tu16 t16;\n\n\tis_mft = ni->mi.rno == MFT_REC_MFT;\n\trec = ni->mi.mrec;\n\n\tlist_reserve = SIZEOF_NONRESIDENT + 3 * (1 + 2 * sizeof(u32));\n\tused = le32_to_cpu(rec->used);\n\tfree = sbi->record_size - used;\n\n\tif (is_mft && type != ATTR_LIST) {\n\t\t/* Reserve space for the ATTRIB list. */\n\t\tif (free < list_reserve)\n\t\t\tfree = 0;\n\t\telse\n\t\t\tfree -= list_reserve;\n\t}\n\n\tif (asize <= free) {\n\t\tattr = ni_ins_new_attr(ni, &ni->mi, NULL, type, name, name_len,\n\t\t\t\t       asize, name_off, svcn, ins_le);\n\t\tif (IS_ERR(attr)) {\n\t\t\terr = PTR_ERR(attr);\n\t\t\tgoto out;\n\t\t}\n\n\t\tif (attr) {\n\t\t\tif (ins_attr)\n\t\t\t\t*ins_attr = attr;\n\t\t\tif (ins_mi)\n\t\t\t\t*ins_mi = &ni->mi;\n\t\t\terr = 0;\n\t\t\tgoto out;\n\t\t}\n\t}\n\n\tif (!is_mft || type != ATTR_DATA || svcn) {\n\t\t/* This ATTRIB will be external. */\n\t\terr = ni_ins_attr_ext(ni, NULL, type, name, name_len, asize,\n\t\t\t\t      svcn, name_off, false, ins_attr, ins_mi,\n\t\t\t\t      ins_le);\n\t\tgoto out;\n\t}\n\n\t/*\n\t * Here we have: "is_mft && type == ATTR_DATA && !svcn"\n\t *\n\t * The first chunk of the $MFT::Data ATTRIB must be the base record.\n\t * Evict as many other attributes as possible.\n\t */\n\tmax_free = free;\n\n\t/* Estimate the result of moving all possible attributes away. */\n\tattr = NULL;\n\n\twhile ((attr = mi_enum_attr(&ni->mi, attr))) {\n\t\tif (attr->type == ATTR_STD)\n\t\t\tcontinue;\n\t\tif (attr->type == ATTR_LIST)\n\t\t\tcontinue;\n\t\tmax_free += le32_to_cpu(attr->size);\n\t}\n\n\tif (max_free < asize + list_reserve) {\n\t\t/* Impossible to insert this attribute into primary record. */\n\t\terr = -EINVAL;\n\t\tgoto out;\n\t}\n\n\t/* Start real attribute moving. */\n\tattr = NULL;\n\n\tfor (;;) {\n\t\tattr = mi_enum_attr(&ni->mi, attr);\n\t\tif (!attr) {\n\t\t\t/* We should never be here \'cause we have already check this case. */\n\t\t\terr = -EINVAL;\n\t\t\tgoto out;\n\t\t}\n\n\t\t/* Skip attributes that MUST be primary record. */\n\t\tif (attr->type == ATTR_STD || attr->type == ATTR_LIST)\n\t\t\tcontinue;\n\n\t\tle = NULL;\n\t\tif (ni->attr_list.size) {\n\t\t\tle = al_find_le(ni, NULL, attr);\n\t\t\tif (!le) {\n\t\t\t\t/* Really this is a serious bug. */\n\t\t\t\terr = -EINVAL;\n\t\t\t\tgoto out;\n\t\t\t}\n\t\t}\n\n\t\tt32 = le32_to_cpu(attr->size);\n\t\tt16 = le16_to_cpu(attr->name_off);\n\t\terr = ni_ins_attr_ext(ni, le, attr->type, Add2Ptr(attr, t16),\n\t\t\t\t      attr->name_len, t32, attr_svcn(attr), t16,\n\t\t\t\t      false, &eattr, NULL, NULL);\n\t\tif (err)\n\t\t\treturn err;\n\n\t\tid = eattr->id;\n\t\tmemcpy(eattr, attr, t32);\n\t\teattr->id = id;\n\n\t\t/* Remove from primary record. */\n\t\tmi_remove_attr(NULL, &ni->mi, attr);\n\n\t\t/* attr now points to next attribute. */\n\t\tif (attr->type == ATTR_END)\n\t\t\tgoto out;\n\t}\n\twhile (asize + list_reserve > sbi->record_size - le32_to_cpu(rec->used))\n\t\t;\n\n\tattr = ni_ins_new_attr(ni, &ni->mi, NULL, type, name, name_len, asize,\n\t\t\t       name_off, svcn, ins_le);\n\tif (!attr) {\n\t\terr = -EINVAL;\n\t\tgoto out;\n\t}\n\n\tif (IS_ERR(attr)) {\n\t\terr = PTR_ERR(attr);\n\t\tgoto out;\n\t}\n\n\tif (ins_attr)\n\t\t*ins_attr = attr;\n\tif (ins_mi)\n\t\t*ins_mi = &ni->mi;\n\nout:\n\treturn err;\n}\n\n/* ni_expand_mft_list - Split ATTR_DATA of $MFT. */\nstatic int ni_expand_mft_list(struct ntfs_inode *ni)\n{\n\tint err = 0;\n\tstruct runs_tree *run = &ni->file.run;\n\tu32 asize, run_size, done = 0;\n\tstruct ATTRIB *attr;\n\tstruct rb_node *node;\n\tCLST mft_min, mft_new, svcn, evcn, plen;\n\tstruct mft_inode *mi, *mi_min, *mi_new;\n\tstruct ntfs_sb_info *sbi = ni->mi.sbi;\n\n\t/* Find the nearest MFT. */\n\tmft_min = 0;\n\tmft_new = 0;\n\tmi_min = NULL;\n\n\tfor (node = rb_first(&ni->mi_tree); node; node = rb_next(node)) {\n\t\tmi = rb_entry(node, struct mft_inode, node);\n\n\t\tattr = mi_enum_attr(mi, NULL);\n\n\t\tif (!attr) {\n\t\t\tmft_min = mi->rno;\n\t\t\tmi_min = mi;\n\t\t\tbreak;\n\t\t}\n\t}\n\n\tif (ntfs_look_free_mft(sbi, &mft_new, true, ni, &mi_new)) {\n\t\tmft_new = 0;\n\t\t/* Really this is not critical. */\n\t} else if (mft_min > mft_new) {\n\t\tmft_min = mft_new;\n\t\tmi_min = mi_new;\n\t} else {\n\t\tntfs_mark_rec_free(sbi, mft_new, true);\n\t\tmft_new = 0;\n\t\tni_remove_mi(ni, mi_new);\n\t}\n\n\tattr = mi_find_attr(&ni->mi, NULL, ATTR_DATA, NULL, 0, NULL);\n\tif (!attr) {\n\t\terr = -EINVAL;\n\t\tgoto out;\n\t}\n\n\tasize = le32_to_cpu(attr->size);\n\n\tevcn = le64_to_cpu(attr->nres.evcn);\n\tsvcn = bytes_to_cluster(sbi, (u64)(mft_min + 1) << sbi->record_bits);\n\tif (evcn + 1 >= svcn) {\n\t\terr = -EINVAL;\n\t\tgoto out;\n\t}\n\n\t/*\n\t * Split primary attribute [0 evcn] in two parts [0 svcn) + [svcn evcn].\n\t *\n\t * Update first part of ATTR_DATA in \'primary MFT.\n\t */\n\terr = run_pack(run, 0, svcn, Add2Ptr(attr, SIZEOF_NONRESIDENT),\n\t\t       asize - SIZEOF_NONRESIDENT, &plen);\n\tif (err < 0)\n\t\tgoto out;\n\n\trun_size = ALIGN(err, 8);\n\terr = 0;\n\n\tif (plen < svcn) {\n\t\terr = -EINVAL;\n\t\tgoto out;\n\t}\n\n\tattr->nres.evcn = cpu_to_le64(svcn - 1);\n\tattr->size = cpu_to_le32(run_size + SIZEOF_NONRESIDENT);\n\t/* \'done\' - How many bytes of primary MFT becomes free. */\n\tdone = asize - run_size - SIZEOF_NONRESIDENT;\n\tle32_sub_cpu(&ni->mi.mrec->used, done);\n\n\t/* Estimate packed size (run_buf=NULL). */\n\terr = run_pack(run, svcn, evcn + 1 - svcn, NULL, sbi->record_size,\n\t\t       &plen);\n\tif (err < 0)\n\t\tgoto out;\n\n\trun_size = ALIGN(err, 8);\n\terr = 0;\n\n\tif (plen < evcn + 1 - svcn) {\n\t\terr = -EINVAL;\n\t\tgoto out;\n\t}\n\n\t/*\n\t * This function may implicitly call expand attr_list.\n\t * Insert second part of ATTR_DATA in \'mi_min\'.\n\t */\n\tattr = ni_ins_new_attr(ni, mi_min, NULL, ATTR_DATA, NULL, 0,\n\t\t\t       SIZEOF_NONRESIDENT + run_size,\n\t\t\t       SIZEOF_NONRESIDENT, svcn, NULL);\n\tif (!attr) {\n\t\terr = -EINVAL;\n\t\tgoto out;\n\t}\n\n\tif (IS_ERR(attr)) {\n\t\terr = PTR_ERR(attr);\n\t\tgoto out;\n\t}\n\n\tattr->non_res = 1;\n\tattr->name_off = SIZEOF_NONRESIDENT_LE;\n\tattr->flags = 0;\n\n\t/* This function can\'t fail - cause already checked above. */\n\trun_pack(run, svcn, evcn + 1 - svcn, Add2Ptr(attr, SIZEOF_NONRESIDENT),\n\t\t run_size, &plen);\n\n\tattr->nres.svcn = cpu_to_le64(svcn);\n\tattr->nres.evcn = cpu_to_le64(evcn);\n\tattr->nres.run_off = cpu_to_le16(SIZEOF_NONRESIDENT);\n\nout:\n\tif (mft_new) {\n\t\tntfs_mark_rec_free(sbi, mft_new, true);\n\t\tni_remove_mi(ni, mi_new);\n\t}\n\n\treturn !err && !done ? -EOPNOTSUPP : err;\n}\n\n/*\n * ni_expand_list - Move all possible attributes out of primary record.\n */\nint ni_expand_list(struct ntfs_inode *ni)\n{\n\tint err = 0;\n\tu32 asize, done = 0;\n\tstruct ATTRIB *attr, *ins_attr;\n\tstruct ATTR_LIST_ENTRY *le;\n\tbool is_mft = ni->mi.rno == MFT_REC_MFT;\n\tstruct MFT_REF ref;\n\n\tmi_get_ref(&ni->mi, &ref);\n\tle = NULL;\n\n\twhile ((le = al_enumerate(ni, le))) {\n\t\tif (le->type == ATTR_STD)\n\t\t\tcontinue;\n\n\t\tif (memcmp(&ref, &le->ref, sizeof(struct MFT_REF)))\n\t\t\tcontinue;\n\n\t\tif (is_mft && le->type == ATTR_DATA)\n\t\t\tcontinue;\n\n\t\t/* Find attribute in primary record. */\n\t\tattr = rec_find_attr_le(&ni->mi, le);\n\t\tif (!attr) {\n\t\t\terr = -EINVAL;\n\t\t\tgoto out;\n\t\t}\n\n\t\tasize = le32_to_cpu(attr->size);\n\n\t\t/* Always insert into new record to avoid collisions (deep recursive). */\n\t\terr = ni_ins_attr_ext(ni, le, attr->type, attr_name(attr),\n\t\t\t\t      attr->name_len, asize, attr_svcn(attr),\n\t\t\t\t      le16_to_cpu(attr->name_off), true,\n\t\t\t\t      &ins_attr, NULL, NULL);\n\n\t\tif (err)\n\t\t\tgoto out;\n\n\t\tmemcpy(ins_attr, attr, asize);\n\t\tins_attr->id = le->id;\n\t\t/* Remove from primary record. */\n\t\tmi_remove_attr(NULL, &ni->mi, attr);\n\n\t\tdone += asize;\n\t\tgoto out;\n\t}\n\n\tif (!is_mft) {\n\t\terr = -EFBIG; /* Attr list is too big(?) */\n\t\tgoto out;\n\t}\n\n\t/* Split MFT data as much as possible. */\n\terr = ni_expand_mft_list(ni);\n\nout:\n\treturn !err && !done ? -EOPNOTSUPP : err;\n}\n\n/*\n * ni_insert_nonresident - Insert new nonresident attribute.\n */\nint ni_insert_nonresident(struct ntfs_inode *ni, enum ATTR_TYPE type,\n\t\t\t  const __le16 *name, u8 name_len,\n\t\t\t  const struct runs_tree *run, CLST svcn, CLST len,\n\t\t\t  __le16 flags, struct ATTRIB **new_attr,\n\t\t\t  struct mft_inode **mi, struct ATTR_LIST_ENTRY **le)\n{\n\tint err;\n\tCLST plen;\n\tstruct ATTRIB *attr;\n\tbool is_ext = (flags & (ATTR_FLAG_SPARSED | ATTR_FLAG_COMPRESSED)) &&\n\t\t      !svcn;\n\tu32 name_size = ALIGN(name_len * sizeof(short), 8);\n\tu32 name_off = is_ext ? SIZEOF_NONRESIDENT_EX : SIZEOF_NONRESIDENT;\n\tu32 run_off = name_off + name_size;\n\tu32 run_size, asize;\n\tstruct ntfs_sb_info *sbi = ni->mi.sbi;\n\n\t/* Estimate packed size (run_buf=NULL). */\n\terr = run_pack(run, svcn, len, NULL, sbi->max_bytes_per_attr - run_off,\n\t\t       &plen);\n\tif (err < 0)\n\t\tgoto out;\n\n\trun_size = ALIGN(err, 8);\n\n\tif (plen < len) {\n\t\terr = -EINVAL;\n\t\tgoto out;\n\t}\n\n\tasize = run_off + run_size;\n\n\tif (asize > sbi->max_bytes_per_attr) {\n\t\terr = -EINVAL;\n\t\tgoto out;\n\t}\n\n\terr = ni_insert_attr(ni, type, name, name_len, asize, name_off, svcn,\n\t\t\t     &attr, mi, le);\n\n\tif (err)\n\t\tgoto out;\n\n\tattr->non_res = 1;\n\tattr->name_off = cpu_to_le16(name_off);\n\tattr->flags = flags;\n\n\t/* This function can\'t fail - cause already checked above. */\n\trun_pack(run, svcn, len, Add2Ptr(attr, run_off), run_size, &plen);\n\n\tattr->nres.svcn = cpu_to_le64(svcn);\n\tattr->nres.evcn = cpu_to_le64((u64)svcn + len - 1);\n\n\tif (new_attr)\n\t\t*new_attr = attr;\n\n\t*(__le64 *)&attr->nres.run_off = cpu_to_le64(run_off);\n\n\tattr->nres.alloc_size =\n\t\tsvcn ? 0 : cpu_to_le64((u64)len << ni->mi.sbi->cluster_bits);\n\tattr->nres.data_size = attr->nres.alloc_size;\n\tattr->nres.valid_size = attr->nres.alloc_size;\n\n\tif (is_ext) {\n\t\tif (flags & ATTR_FLAG_COMPRESSED)\n\t\t\tattr->nres.c_unit = NTFS_LZNT_CUNIT;\n\t\tattr->nres.total_size = attr->nres.alloc_size;\n\t}\n\nout:\n\treturn err;\n}\n\n/*\n * ni_insert_resident - Inserts new resident attribute.\n */\nint ni_insert_resident(struct ntfs_inode *ni, u32 data_size,\n\t\t       enum ATTR_TYPE type, const __le16 *name, u8 name_len,\n\t\t       struct ATTRIB **new_attr, struct mft_inode **mi,\n\t\t       struct ATTR_LIST_ENTRY **le)\n{\n\tint err;\n\tu32 name_size = ALIGN(name_len * sizeof(short), 8);\n\tu32 asize = SIZEOF_RESIDENT + name_size + ALIGN(data_size, 8);\n\tstruct ATTRIB *attr;\n\n\terr = ni_insert_attr(ni, type, name, name_len, asize, SIZEOF_RESIDENT,\n\t\t\t     0, &attr, mi, le);\n\tif (err)\n\t\treturn err;\n\n\tattr->non_res = 0;\n\tattr->flags = 0;\n\n\tattr->res.data_size = cpu_to_le32(data_size);\n\tattr->res.data_off = cpu_to_le16(SIZEOF_RESIDENT + name_size);\n\tif (type == ATTR_NAME) {\n\t\tattr->res.flags = RESIDENT_FLAG_INDEXED;\n\n\t\t/* is_attr_indexed(attr)) == true */\n\t\tle16_add_cpu(&ni->mi.mrec->hard_links, 1);\n\t\tni->mi.dirty = true;\n\t}\n\tattr->res.res = 0;\n\n\tif (new_attr)\n\t\t*new_attr = attr;\n\n\treturn 0;\n}\n\n/*\n * ni_remove_attr_le - Remove attribute from record.\n */\nvoid ni_remove_attr_le(struct ntfs_inode *ni, struct ATTRIB *attr,\n\t\t       struct mft_inode *mi, struct ATTR_LIST_ENTRY *le)\n{\n\tmi_remove_attr(ni, mi, attr);\n\n\tif (le)\n\t\tal_remove_le(ni, le);\n}\n\n/*\n * ni_delete_all - Remove all attributes and frees allocates space.\n *\n * ntfs_evict_inode->ntfs_clear_inode->ni_delete_all (if no links).\n */\nint ni_delete_all(struct ntfs_inode *ni)\n{\n\tint err;\n\tstruct ATTR_LIST_ENTRY *le = NULL;\n\tstruct ATTRIB *attr = NULL;\n\tstruct rb_node *node;\n\tu16 roff;\n\tu32 asize;\n\tCLST svcn, evcn;\n\tstruct ntfs_sb_info *sbi = ni->mi.sbi;\n\tbool nt3 = is_ntfs3(sbi);\n\tstruct MFT_REF ref;\n\n\twhile ((attr = ni_enum_attr_ex(ni, attr, &le, NULL))) {\n\t\tif (!nt3 || attr->name_len) {\n\t\t\t;\n\t\t} else if (attr->type == ATTR_REPARSE) {\n\t\t\tmi_get_ref(&ni->mi, &ref);\n\t\t\tntfs_remove_reparse(sbi, 0, &ref);\n\t\t} else if (attr->type == ATTR_ID && !attr->non_res &&\n\t\t\t   le32_to_cpu(attr->res.data_size) >=\n\t\t\t\t   sizeof(struct GUID)) {\n\t\t\tntfs_objid_remove(sbi, resident_data(attr));\n\t\t}\n\n\t\tif (!attr->non_res)\n\t\t\tcontinue;\n\n\t\tsvcn = le64_to_cpu(attr->nres.svcn);\n\t\tevcn = le64_to_cpu(attr->nres.evcn);\n\n\t\tif (evcn + 1 <= svcn)\n\t\t\tcontinue;\n\n\t\tasize = le32_to_cpu(attr->size);\n\t\troff = le16_to_cpu(attr->nres.run_off);\n\n\t\tif (roff > asize) {\n\t\t\t_ntfs_bad_inode(&ni->vfs_inode);\n\t\t\treturn -EINVAL;\n\t\t}\n\n\t\t/* run==1 means unpack and deallocate. */\n\t\trun_unpack_ex(RUN_DEALLOCATE, sbi, ni->mi.rno, svcn, evcn, svcn,\n\t\t\t      Add2Ptr(attr, roff), asize - roff);\n\t}\n\n\tif (ni->attr_list.size) {\n\t\trun_deallocate(ni->mi.sbi, &ni->attr_list.run, true);\n\t\tal_destroy(ni);\n\t}\n\n\t/* Free all subrecords. */\n\tfor (node = rb_first(&ni->mi_tree); node;) {\n\t\tstruct rb_node *next = rb_next(node);\n\t\tstruct mft_inode *mi = rb_entry(node, struct mft_inode, node);\n\n\t\tclear_rec_inuse(mi->mrec);\n\t\tmi->dirty = true;\n\t\tmi_write(mi, 0);\n\n\t\tntfs_mark_rec_free(sbi, mi->rno, false);\n\t\tni_remove_mi(ni, mi);\n\t\tmi_put(mi);\n\t\tnode = next;\n\t}\n\n\t/* Free base record. */\n\tclear_rec_inuse(ni->mi.mrec);\n\tni->mi.dirty = true;\n\terr = mi_write(&ni->mi, 0);\n\n\tntfs_mark_rec_free(sbi, ni->mi.rno, false);\n\n\treturn err;\n}\n\n/* ni_fname_name\n *\n * Return: File name attribute by its value.\n */\nstruct ATTR_FILE_NAME *ni_fname_name(struct ntfs_inode *ni,\n\t\t\t\t     const struct le_str *uni,\n\t\t\t\t     const struct MFT_REF *home_dir,\n\t\t\t\t     struct mft_inode **mi,\n\t\t\t\t     struct ATTR_LIST_ENTRY **le)\n{\n\tstruct ATTRIB *attr = NULL;\n\tstruct ATTR_FILE_NAME *fname;\n\n\tif (le)\n\t\t*le = NULL;\n\n\t/* Enumerate all names. */\nnext:\n\tattr = ni_find_attr(ni, attr, le, ATTR_NAME, NULL, 0, NULL, mi);\n\tif (!attr)\n\t\treturn NULL;\n\n\tfname = resident_data_ex(attr, SIZEOF_ATTRIBUTE_FILENAME);\n\tif (!fname)\n\t\tgoto next;\n\n\tif (home_dir && memcmp(home_dir, &fname->home, sizeof(*home_dir)))\n\t\tgoto next;\n\n\tif (!uni)\n\t\treturn fname;\n\n\tif (uni->len != fname->name_len)\n\t\tgoto next;\n\n\tif (ntfs_cmp_names(uni->name, uni->len, fname->name, uni->len, NULL,\n\t\t\t   false))\n\t\tgoto next;\n\treturn fname;\n}\n\n/*\n * ni_fname_type\n *\n * Return: File name attribute with given type.\n */\nstruct ATTR_FILE_NAME *ni_fname_type(struct ntfs_inode *ni, u8 name_type,\n\t\t\t\t     struct mft_inode **mi,\n\t\t\t\t     struct ATTR_LIST_ENTRY **le)\n{\n\tstruct ATTRIB *attr = NULL;\n\tstruct ATTR_FILE_NAME *fname;\n\n\t*le = NULL;\n\n\tif (name_type == FILE_NAME_POSIX)\n\t\treturn NULL;\n\n\t/* Enumerate all names. */\n\tfor (;;) {\n\t\tattr = ni_find_attr(ni, attr, le, ATTR_NAME, NULL, 0, NULL, mi);\n\t\tif (!attr)\n\t\t\treturn NULL;\n\n\t\tfname = resident_data_ex(attr, SIZEOF_ATTRIBUTE_FILENAME);\n\t\tif (fname && name_type == fname->type)\n\t\t\treturn fname;\n\t}\n}\n\n/*\n * ni_new_attr_flags\n *\n * Process compressed/sparsed in special way.\n * NOTE: You need to set ni->std_fa = new_fa\n * after this function to keep internal structures in consistency.\n */\nint ni_new_attr_flags(struct ntfs_inode *ni, enum FILE_ATTRIBUTE new_fa)\n{\n\tstruct ATTRIB *attr;\n\tstruct mft_inode *mi;\n\t__le16 new_aflags;\n\tu32 new_asize;\n\n\tattr = ni_find_attr(ni, NULL, NULL, ATTR_DATA, NULL, 0, NULL, &mi);\n\tif (!attr)\n\t\treturn -EINVAL;\n\n\tnew_aflags = attr->flags;\n\n\tif (new_fa & FILE_ATTRIBUTE_SPARSE_FILE)\n\t\tnew_aflags |= ATTR_FLAG_SPARSED;\n\telse\n\t\tnew_aflags &= ~ATTR_FLAG_SPARSED;\n\n\tif (new_fa & FILE_ATTRIBUTE_COMPRESSED)\n\t\tnew_aflags |= ATTR_FLAG_COMPRESSED;\n\telse\n\t\tnew_aflags &= ~ATTR_FLAG_COMPRESSED;\n\n\tif (new_aflags == attr->flags)\n\t\treturn 0;\n\n\tif ((new_aflags & (ATTR_FLAG_COMPRESSED | ATTR_FLAG_SPARSED)) ==\n\t    (ATTR_FLAG_COMPRESSED | ATTR_FLAG_SPARSED)) {\n\t\tntfs_inode_warn(&ni->vfs_inode,\n\t\t\t\t"file can\'t be sparsed and compressed");\n\t\treturn -EOPNOTSUPP;\n\t}\n\n\tif (!attr->non_res)\n\t\tgoto out;\n\n\tif (attr->nres.data_size) {\n\t\tntfs_inode_warn(\n\t\t\t&ni->vfs_inode,\n\t\t\t"one can change sparsed/compressed only for empty files");\n\t\treturn -EOPNOTSUPP;\n\t}\n\n\t/* Resize nonresident empty attribute in-place only. */\n\tnew_asize = (new_aflags & (ATTR_FLAG_COMPRESSED | ATTR_FLAG_SPARSED)) ?\n\t\t\t    (SIZEOF_NONRESIDENT_EX + 8) :\n\t\t\t    (SIZEOF_NONRESIDENT + 8);\n\n\tif (!mi_resize_attr(mi, attr, new_asize - le32_to_cpu(attr->size)))\n\t\treturn -EOPNOTSUPP;\n\n\tif (new_aflags & ATTR_FLAG_SPARSED) {\n\t\tattr->name_off = SIZEOF_NONRESIDENT_EX_LE;\n\t\t/* Windows uses 16 clusters per frame but supports one cluster per frame too. */\n\t\tattr->nres.c_unit = 0;\n\t\tni->vfs_inode.i_mapping->a_ops = &ntfs_aops;\n\t} else if (new_aflags & ATTR_FLAG_COMPRESSED) {\n\t\tattr->name_off = SIZEOF_NONRESIDENT_EX_LE;\n\t\t/* The only allowed: 16 clusters per frame. */\n\t\tattr->nres.c_unit = NTFS_LZNT_CUNIT;\n\t\tni->vfs_inode.i_mapping->a_ops = &ntfs_aops_cmpr;\n\t} else {\n\t\tattr->name_off = SIZEOF_NONRESIDENT_LE;\n\t\t/* Normal files. */\n\t\tattr->nres.c_unit = 0;\n\t\tni->vfs_inode.i_mapping->a_ops = &ntfs_aops;\n\t}\n\tattr->nres.run_off = attr->name_off;\nout:\n\tattr->flags = new_aflags;\n\tmi->dirty = true;\n\n\treturn 0;\n}\n\n/*\n * ni_parse_reparse\n *\n * buffer - memory for reparse buffer header\n */\nenum REPARSE_SIGN ni_parse_reparse(struct ntfs_inode *ni, struct ATTRIB *attr,\n\t\t\t\t   struct REPARSE_DATA_BUFFER *buffer)\n{\n\tconst struct REPARSE_DATA_BUFFER *rp = NULL;\n\tu8 bits;\n\tu16 len;\n\ttypeof(rp->CompressReparseBuffer) *cmpr;\n\n\t/* Try to estimate reparse point. */\n\tif (!attr->non_res) {\n\t\trp = resident_data_ex(attr, sizeof(struct REPARSE_DATA_BUFFER));\n\t} else if (le64_to_cpu(attr->nres.data_size) >=\n\t\t   sizeof(struct REPARSE_DATA_BUFFER)) {\n\t\tstruct runs_tree run;\n\n\t\trun_init(&run);\n\n\t\tif (!attr_load_runs_vcn(ni, ATTR_REPARSE, NULL, 0, &run, 0) &&\n\t\t    !ntfs_read_run_nb(ni->mi.sbi, &run, 0, buffer,\n\t\t\t\t      sizeof(struct REPARSE_DATA_BUFFER),\n\t\t\t\t      NULL)) {\n\t\t\trp = buffer;\n\t\t}\n\n\t\trun_close(&run);\n\t}\n\n\tif (!rp)\n\t\treturn REPARSE_NONE;\n\n\tlen = le16_to_cpu(rp->ReparseDataLength);\n\tswitch (rp->ReparseTag) {\n\tcase (IO_REPARSE_TAG_MICROSOFT | IO_REPARSE_TAG_SYMBOLIC_LINK):\n\t\tbreak; /* Symbolic link. */\n\tcase IO_REPARSE_TAG_MOUNT_POINT:\n\t\tbreak; /* Mount points and junctions. */\n\tcase IO_REPARSE_TAG_SYMLINK:\n\t\tbreak;\n\tcase IO_REPARSE_TAG_COMPRESS:\n\t\t/*\n\t\t * WOF - Windows Overlay Filter - Used to compress files with\n\t\t * LZX/Xpress.\n\t\t *\n\t\t * Unlike native NTFS file compression, the Windows\n\t\t * Overlay Filter supports only read operations. This means\n\t\t * that it doesn\'t need to sector-align each compressed chunk,\n\t\t * so the compressed data can be packed more tightly together.\n\t\t * If you open the file for writing, the WOF just decompresses\n\t\t * the entire file, turning it back into a plain file.\n\t\t *\n\t\t * Ntfs3 driver decompresses the entire file only on write or\n\t\t * change size requests.\n\t\t */\n\n\t\tcmpr = &rp->CompressReparseBuffer;\n\t\tif (len < sizeof(*cmpr) ||\n\t\t    cmpr->WofVersion != WOF_CURRENT_VERSION ||\n\t\t    cmpr->WofProvider != WOF_PROVIDER_SYSTEM ||\n\t\t    cmpr->ProviderVer != WOF_PROVIDER_CURRENT_VERSION) {\n\t\t\treturn REPARSE_NONE;\n\t\t}\n\n\t\tswitch (cmpr->CompressionFormat) {\n\t\tcase WOF_COMPRESSION_XPRESS4K:\n\t\t\tbits = 0xc; // 4k\n\t\t\tbreak;\n\t\tcase WOF_COMPRESSION_XPRESS8K:\n\t\t\tbits = 0xd; // 8k\n\t\t\tbreak;\n\t\tcase WOF_COMPRESSION_XPRESS16K:\n\t\t\tbits = 0xe; // 16k\n\t\t\tbreak;\n\t\tcase WOF_COMPRESSION_LZX32K:\n\t\t\tbits = 0xf; // 32k\n\t\t\tbreak;\n\t\tdefault:\n\t\t\tbits = 0x10; // 64k\n\t\t\tbreak;\n\t\t}\n\t\tni_set_ext_compress_bits(ni, bits);\n\t\treturn REPARSE_COMPRESSED;\n\n\tcase IO_REPARSE_TAG_DEDUP:\n\t\tni->ni_flags |= NI_FLAG_DEDUPLICATED;\n\t\treturn REPARSE_DEDUPLICATED;\n\n\tdefault:\n\t\tif (rp->ReparseTag & IO_REPARSE_TAG_NAME_SURROGATE)\n\t\t\tbreak;\n\n\t\treturn REPARSE_NONE;\n\t}\n\n\tif (buffer != rp)\n\t\tmemcpy(buffer, rp, sizeof(struct REPARSE_DATA_BUFFER));\n\n\t/* Looks like normal symlink. */\n\treturn REPARSE_LINK;\n}\n\n/*\n * ni_fiemap - Helper for file_fiemap().\n *\n * Assumed ni_lock.\n * TODO: Less aggressive locks.\n */\nint ni_fiemap(struct ntfs_inode *ni, struct fiemap_extent_info *fieinfo,\n\t      __u64 vbo, __u64 len)\n{\n\tint err = 0;\n\tstruct ntfs_sb_info *sbi = ni->mi.sbi;\n\tu8 cluster_bits = sbi->cluster_bits;\n\tstruct runs_tree run;\n\tstruct ATTRIB *attr;\n\tCLST vcn = vbo >> cluster_bits;\n\tCLST lcn, clen;\n\tu64 valid = ni->i_valid;\n\tu64 lbo, bytes;\n\tu64 end, alloc_size;\n\tsize_t idx = -1;\n\tu32 flags;\n\tbool ok;\n\n\trun_init(&run);\n\tif (S_ISDIR(ni->vfs_inode.i_mode)) {\n\t\tattr = ni_find_attr(ni, NULL, NULL, ATTR_ALLOC, I30_NAME,\n\t\t\t\t    ARRAY_SIZE(I30_NAME), NULL, NULL);\n\t} else {\n\t\tattr = ni_find_attr(ni, NULL, NULL, ATTR_DATA, NULL, 0, NULL,\n\t\t\t\t    NULL);\n\t\tif (!attr) {\n\t\t\terr = -EINVAL;\n\t\t\tgoto out;\n\t\t}\n\t\tif (is_attr_compressed(attr)) {\n\t\t\t/* Unfortunately cp -r incorrectly treats compressed clusters. */\n\t\t\terr = -EOPNOTSUPP;\n\t\t\tntfs_inode_warn(\n\t\t\t\t&ni->vfs_inode,\n\t\t\t\t"fiemap is not supported for compressed file (cp -r)");\n\t\t\tgoto out;\n\t\t}\n\t}\n\n\tif (!attr || !attr->non_res) {\n\t\terr = fiemap_fill_next_extent(\n\t\t\tfieinfo, 0, 0,\n\t\t\tattr ? le32_to_cpu(attr->res.data_size) : 0,\n\t\t\tFIEMAP_EXTENT_DATA_INLINE | FIEMAP_EXTENT_LAST |\n\t\t\t\tFIEMAP_EXTENT_MERGED);\n\t\tgoto out;\n\t}\n\n\tend = vbo + len;\n\talloc_size = le64_to_cpu(attr->nres.alloc_size);\n\tif (end > alloc_size)\n\t\tend = alloc_size;\n\n\twhile (vbo < end) {\n\t\tif (idx == -1) {\n\t\t\tok = run_lookup_entry(&run, vcn, &lcn, &clen, &idx);\n\t\t} else {\n\t\t\tCLST vcn_next = vcn;\n\n\t\t\tok = run_get_entry(&run, ++idx, &vcn, &lcn, &clen) &&\n\t\t\t     vcn == vcn_next;\n\t\t\tif (!ok)\n\t\t\t\tvcn = vcn_next;\n\t\t}\n\n\t\tif (!ok) {\n\t\t\terr = attr_load_runs_vcn(ni, attr->type,\n\t\t\t\t\t\t attr_name(attr),\n\t\t\t\t\t\t attr->name_len, &run, vcn);\n\n\t\t\tif (err)\n\t\t\t\tbreak;\n\n\t\t\tok = run_lookup_entry(&run, vcn, &lcn, &clen, &idx);\n\n\t\t\tif (!ok) {\n\t\t\t\terr = -EINVAL;\n\t\t\t\tbreak;\n\t\t\t}\n\t\t}\n\n\t\tif (!clen) {\n\t\t\terr = -EINVAL; // ?\n\t\t\tbreak;\n\t\t}\n\n\t\tif (lcn == SPARSE_LCN) {\n\t\t\tvcn += clen;\n\t\t\tvbo = (u64)vcn << cluster_bits;\n\t\t\tcontinue;\n\t\t}\n\n\t\tflags = FIEMAP_EXTENT_MERGED;\n\t\tif (S_ISDIR(ni->vfs_inode.i_mode)) {\n\t\t\t;\n\t\t} else if (is_attr_compressed(attr)) {\n\t\t\tCLST clst_data;\n\n\t\t\terr = attr_is_frame_compressed(ni, attr,\n\t\t\t\t\t\t       vcn >> attr->nres.c_unit,\n\t\t\t\t\t\t       &clst_data, &run);\n\t\t\tif (err)\n\t\t\t\tbreak;\n\t\t\tif (clst_data < NTFS_LZNT_CLUSTERS)\n\t\t\t\tflags |= FIEMAP_EXTENT_ENCODED;\n\t\t} else if (is_attr_encrypted(attr)) {\n\t\t\tflags |= FIEMAP_EXTENT_DATA_ENCRYPTED;\n\t\t}\n\n\t\tvbo = (u64)vcn << cluster_bits;\n\t\tbytes = (u64)clen << cluster_bits;\n\t\tlbo = (u64)lcn << cluster_bits;\n\n\t\tvcn += clen;\n\n\t\tif (vbo + bytes >= end)\n\t\t\tbytes = end - vbo;\n\n\t\tif (vbo + bytes <= valid) {\n\t\t\t;\n\t\t} else if (vbo >= valid) {\n\t\t\tflags |= FIEMAP_EXTENT_UNWRITTEN;\n\t\t} else {\n\t\t\t/* vbo < valid && valid < vbo + bytes */\n\t\t\tu64 dlen = valid - vbo;\n\n\t\t\tif (vbo + dlen >= end)\n\t\t\t\tflags |= FIEMAP_EXTENT_LAST;\n\n\t\t\terr = fiemap_fill_next_extent(fieinfo, vbo, lbo, dlen,\n\t\t\t\t\t\t      flags);\n\n\t\t\tif (err < 0)\n\t\t\t\tbreak;\n\t\t\tif (err == 1) {\n\t\t\t\terr = 0;\n\t\t\t\tbreak;\n\t\t\t}\n\n\t\t\tvbo = valid;\n\t\t\tbytes -= dlen;\n\t\t\tif (!bytes)\n\t\t\t\tcontinue;\n\n\t\t\tlbo += dlen;\n\t\t\tflags |= FIEMAP_EXTENT_UNWRITTEN;\n\t\t}\n\n\t\tif (vbo + bytes >= end)\n\t\t\tflags |= FIEMAP_EXTENT_LAST;\n\n\t\terr = fiemap_fill_next_extent(fieinfo, vbo, lbo, bytes, flags);\n\t\tif (err < 0)\n\t\t\tbreak;\n\t\tif (err == 1) {\n\t\t\terr = 0;\n\t\t\tbreak;\n\t\t}\n\n\t\tvbo += bytes;\n\t}\n\nout:\n\trun_close(&run);\n\treturn err;\n}\n\n/*\n * ni_readpage_cmpr\n *\n * When decompressing, we typically obtain more than one page per reference.\n * We inject the additional pages into the page cache.\n */\nint ni_readpage_cmpr(struct ntfs_inode *ni, struct folio *folio)\n{\n\tint err;\n\tstruct ntfs_sb_info *sbi = ni->mi.sbi;\n\tstruct address_space *mapping = folio->mapping;\n\tpgoff_t index = folio->index;\n\tu64 frame_vbo, vbo = (u64)index << PAGE_SHIFT;\n\tstruct page **pages = NULL; /* Array of at most 16 pages. stack? */\n\tu8 frame_bits;\n\tCLST frame;\n\tu32 i, idx, frame_size, pages_per_frame;\n\tgfp_t gfp_mask;\n\tstruct page *pg;\n\n\tif (vbo >= i_size_read(&ni->vfs_inode)) {\n\t\tfolio_zero_range(folio, 0, folio_size(folio));\n\t\tfolio_mark_uptodate(folio);\n\t\terr = 0;\n\t\tgoto out;\n\t}\n\n\tif (ni->ni_flags & NI_FLAG_COMPRESSED_MASK) {\n\t\t/* Xpress or LZX. */\n\t\tframe_bits = ni_ext_compress_bits(ni);\n\t} else {\n\t\t/* LZNT compression. */\n\t\tframe_bits = NTFS_LZNT_CUNIT + sbi->cluster_bits;\n\t}\n\tframe_size = 1u << frame_bits;\n\tframe = vbo >> frame_bits;\n\tframe_vbo = (u64)frame << frame_bits;\n\tidx = (vbo - frame_vbo) >> PAGE_SHIFT;\n\n\tpages_per_frame = frame_size >> PAGE_SHIFT;\n\tpages = kcalloc(pages_per_frame, sizeof(struct page *), GFP_NOFS);\n\tif (!pages) {\n\t\terr = -ENOMEM;\n\t\tgoto out;\n\t}\n\n\tpages[idx] = &folio->page;\n\tindex = frame_vbo >> PAGE_SHIFT;\n\tgfp_mask = mapping_gfp_mask(mapping);\n\n\tfor (i = 0; i < pages_per_frame; i++, index++) {\n\t\tif (i == idx)\n\t\t\tcontinue;\n\n\t\tpg = find_or_create_page(mapping, index, gfp_mask);\n\t\tif (!pg) {\n\t\t\terr = -ENOMEM;\n\t\t\tgoto out1;\n\t\t}\n\t\tpages[i] = pg;\n\t}\n\n\terr = ni_read_frame(ni, frame_vbo, pages, pages_per_frame);\n\nout1:\n\tfor (i = 0; i < pages_per_frame; i++) {\n\t\tpg = pages[i];\n\t\tif (i == idx || !pg)\n\t\t\tcontinue;\n\t\tunlock_page(pg);\n\t\tput_page(pg);\n\t}\n\nout:\n\t/* At this point, err contains 0 or -EIO depending on the "critical" page. */\n\tkfree(pages);\n\tfolio_unlock(folio);\n\n\treturn err;\n}\n\n#ifdef CONFIG_NTFS3_LZX_XPRESS\n/*\n * ni_decompress_file - Decompress LZX/Xpress compressed file.\n *\n * Remove ATTR_DATA::WofCompressedData.\n * Remove ATTR_REPARSE.\n */\nint ni_decompress_file(struct ntfs_inode *ni)\n{\n\tstruct ntfs_sb_info *sbi = ni->mi.sbi;\n\tstruct inode *inode = &ni->vfs_inode;\n\tloff_t i_size = i_size_read(inode);\n\tstruct address_space *mapping = inode->i_mapping;\n\tgfp_t gfp_mask = mapping_gfp_mask(mapping);\n\tstruct page **pages = NULL;\n\tstruct ATTR_LIST_ENTRY *le;\n\tstruct ATTRIB *attr;\n\tCLST vcn, cend, lcn, clen, end;\n\tpgoff_t index;\n\tu64 vbo;\n\tu8 frame_bits;\n\tu32 i, frame_size, pages_per_frame, bytes;\n\tstruct mft_inode *mi;\n\tint err;\n\n\t/* Clusters for decompressed data. */\n\tcend = bytes_to_cluster(sbi, i_size);\n\n\tif (!i_size)\n\t\tgoto remove_wof;\n\n\t/* Check in advance. */\n\tif (cend > wnd_zeroes(&sbi->used.bitmap)) {\n\t\terr = -ENOSPC;\n\t\tgoto out;\n\t}\n\n\tframe_bits = ni_ext_compress_bits(ni);\n\tframe_size = 1u << frame_bits;\n\tpages_per_frame = frame_size >> PAGE_SHIFT;\n\tpages = kcalloc(pages_per_frame, sizeof(struct page *), GFP_NOFS);\n\tif (!pages) {\n\t\terr = -ENOMEM;\n\t\tgoto out;\n\t}\n\n\t/*\n\t * Step 1: Decompress data and copy to new allocated clusters.\n\t */\n\tindex = 0;\n\tfor (vbo = 0; vbo < i_size; vbo += bytes) {\n\t\tu32 nr_pages;\n\t\tbool new;\n\n\t\tif (vbo + frame_size > i_size) {\n\t\t\tbytes = i_size - vbo;\n\t\t\tnr_pages = (bytes + PAGE_SIZE - 1) >> PAGE_SHIFT;\n\t\t} else {\n\t\t\tnr_pages = pages_per_frame;\n\t\t\tbytes = frame_size;\n\t\t}\n\n\t\tend = bytes_to_cluster(sbi, vbo + bytes);\n\n\t\tfor (vcn = vbo >> sbi->cluster_bits; vcn < end; vcn += clen) {\n\t\t\terr = attr_data_get_block(ni, vcn, cend - vcn, &lcn,\n\t\t\t\t\t\t  &clen, &new, false);\n\t\t\tif (err)\n\t\t\t\tgoto out;\n\t\t}\n\n\t\tfor (i = 0; i < pages_per_frame; i++, index++) {\n\t\t\tstruct page *pg;\n\n\t\t\tpg = find_or_create_page(mapping, index, gfp_mask);\n\t\t\tif (!pg) {\n\t\t\t\twhile (i--) {\n\t\t\t\t\tunlock_page(pages[i]);\n\t\t\t\t\tput_page(pages[i]);\n\t\t\t\t}\n\t\t\t\terr = -ENOMEM;\n\t\t\t\tgoto out;\n\t\t\t}\n\t\t\tpages[i] = pg;\n\t\t}\n\n\t\terr = ni_read_frame(ni, vbo, pages, pages_per_frame);\n\n\t\tif (!err) {\n\t\t\tdown_read(&ni->file.run_lock);\n\t\t\terr = ntfs_bio_pages(sbi, &ni->file.run, pages,\n\t\t\t\t\t     nr_pages, vbo, bytes,\n\t\t\t\t\t     REQ_OP_WRITE);\n\t\t\tup_read(&ni->file.run_lock);\n\t\t}\n\n\t\tfor (i = 0; i < pages_per_frame; i++) {\n\t\t\tunlock_page(pages[i]);\n\t\t\tput_page(pages[i]);\n\t\t}\n\n\t\tif (err)\n\t\t\tgoto out;\n\n\t\tcond_resched();\n\t}\n\nremove_wof:\n\t/*\n\t * Step 2: Deallocate attributes ATTR_DATA::WofCompressedData\n\t * and ATTR_REPARSE.\n\t */\n\tattr = NULL;\n\tle = NULL;\n\twhile ((attr = ni_enum_attr_ex(ni, attr, &le, NULL))) {\n\t\tCLST svcn, evcn;\n\t\tu32 asize, roff;\n\n\t\tif (attr->type == ATTR_REPARSE) {\n\t\t\tstruct MFT_REF ref;\n\n\t\t\tmi_get_ref(&ni->mi, &ref);\n\t\t\tntfs_remove_reparse(sbi, 0, &ref);\n\t\t}\n\n\t\tif (!attr->non_res)\n\t\t\tcontinue;\n\n\t\tif (attr->type != ATTR_REPARSE &&\n\t\t    (attr->type != ATTR_DATA ||\n\t\t     attr->name_len != ARRAY_SIZE(WOF_NAME) ||\n\t\t     memcmp(attr_name(attr), WOF_NAME, sizeof(WOF_NAME))))\n\t\t\tcontinue;\n\n\t\tsvcn = le64_to_cpu(attr->nres.svcn);\n\t\tevcn = le64_to_cpu(attr->nres.evcn);\n\n\t\tif (evcn + 1 <= svcn)\n\t\t\tcontinue;\n\n\t\tasize = le32_to_cpu(attr->size);\n\t\troff = le16_to_cpu(attr->nres.run_off);\n\n\t\tif (roff > asize) {\n\t\t\terr = -EINVAL;\n\t\t\tgoto out;\n\t\t}\n\n\t\t/*run==1  Means unpack and deallocate. */\n\t\trun_unpack_ex(RUN_DEALLOCATE, sbi, ni->mi.rno, svcn, evcn, svcn,\n\t\t\t      Add2Ptr(attr, roff), asize - roff);\n\t}\n\n\t/*\n\t * Step 3: Remove attribute ATTR_DATA::WofCompressedData.\n\t */\n\terr = ni_remove_attr(ni, ATTR_DATA, WOF_NAME, ARRAY_SIZE(WOF_NAME),\n\t\t\t     false, NULL);\n\tif (err)\n\t\tgoto out;\n\n\t/*\n\t * Step 4: Remove ATTR_REPARSE.\n\t */\n\terr = ni_remove_attr(ni, ATTR_REPARSE, NULL, 0, false, NULL);\n\tif (err)\n\t\tgoto out;\n\n\t/*\n\t * Step 5: Remove sparse flag from data attribute.\n\t */\n\tattr = ni_find_attr(ni, NULL, NULL, ATTR_DATA, NULL, 0, NULL, &mi);\n\tif (!attr) {\n\t\terr = -EINVAL;\n\t\tgoto out;\n\t}\n\n\tif (attr->non_res && is_attr_sparsed(attr)) {\n\t\t/* Sparsed attribute header is 8 bytes bigger than normal. */\n\t\tstruct MFT_REC *rec = mi->mrec;\n\t\tu32 used = le32_to_cpu(rec->used);\n\t\tu32 asize = le32_to_cpu(attr->size);\n\t\tu16 roff = le16_to_cpu(attr->nres.run_off);\n\t\tchar *rbuf = Add2Ptr(attr, roff);\n\n\t\tmemmove(rbuf - 8, rbuf, used - PtrOffset(rec, rbuf));\n\t\tattr->size = cpu_to_le32(asize - 8);\n\t\tattr->flags &= ~ATTR_FLAG_SPARSED;\n\t\tattr->nres.run_off = cpu_to_le16(roff - 8);\n\t\tattr->nres.c_unit = 0;\n\t\trec->used = cpu_to_le32(used - 8);\n\t\tmi->dirty = true;\n\t\tni->std_fa &= ~(FILE_ATTRIBUTE_SPARSE_FILE |\n\t\t\t\tFILE_ATTRIBUTE_REPARSE_POINT);\n\n\t\tmark_inode_dirty(inode);\n\t}\n\n\t/* Clear cached flag. */\n\tni->ni_flags &= ~NI_FLAG_COMPRESSED_MASK;\n\tif (ni->file.offs_folio) {\n\t\tfolio_put(ni->file.offs_folio);\n\t\tni->file.offs_folio = NULL;\n\t}\n\tmapping->a_ops = &ntfs_aops;\n\nout:\n\tkfree(pages);\n\tif (err)\n\t\t_ntfs_bad_inode(inode);\n\n\treturn err;\n}\n\n/*\n * decompress_lzx_xpress - External compression LZX/Xpress.\n */\nstatic int decompress_lzx_xpress(struct ntfs_sb_info *sbi, const char *cmpr,\n\t\t\t\t size_t cmpr_size, void *unc, size_t unc_size,\n\t\t\t\t u32 frame_size)\n{\n\tint err;\n\tvoid *ctx;\n\n\tif (cmpr_size == unc_size) {\n\t\t/* Frame not compressed. */\n\t\tmemcpy(unc, cmpr, unc_size);\n\t\treturn 0;\n\t}\n\n\terr = 0;\n\tif (frame_size == 0x8000) {\n\t\tmutex_lock(&sbi->compress.mtx_lzx);\n\t\t/* LZX: Frame compressed. */\n\t\tctx = sbi->compress.lzx;\n\t\tif (!ctx) {\n\t\t\t/* Lazy initialize LZX decompress context. */\n\t\t\tctx = lzx_allocate_decompressor();\n\t\t\tif (!ctx) {\n\t\t\t\terr = -ENOMEM;\n\t\t\t\tgoto out1;\n\t\t\t}\n\n\t\t\tsbi->compress.lzx = ctx;\n\t\t}\n\n\t\tif (lzx_decompress(ctx, cmpr, cmpr_size, unc, unc_size)) {\n\t\t\t/* Treat all errors as "invalid argument". */\n\t\t\terr = -EINVAL;\n\t\t}\nout1:\n\t\tmutex_unlock(&sbi->compress.mtx_lzx);\n\t} else {\n\t\t/* XPRESS: Frame compressed. */\n\t\tmutex_lock(&sbi->compress.mtx_xpress);\n\t\tctx = sbi->compress.xpress;\n\t\tif (!ctx) {\n\t\t\t/* Lazy initialize Xpress decompress context. */\n\t\t\tctx = xpress_allocate_decompressor();\n\t\t\tif (!ctx) {\n\t\t\t\terr = -ENOMEM;\n\t\t\t\tgoto out2;\n\t\t\t}\n\n\t\t\tsbi->compress.xpress = ctx;\n\t\t}\n\n\t\tif (xpress_decompress(ctx, cmpr, cmpr_size, unc, unc_size)) {\n\t\t\t/* Treat all errors as "invalid argument". */\n\t\t\terr = -EINVAL;\n\t\t}\nout2:\n\t\tmutex_unlock(&sbi->compress.mtx_xpress);\n\t}\n\treturn err;\n}\n#endif\n\n/*\n * ni_read_frame\n *\n * Pages - Array of locked pages.\n */\nint ni_read_frame(struct ntfs_inode *ni, u64 frame_vbo, struct page **pages,\n\t\t  u32 pages_per_frame)\n{\n\tint err;\n\tstruct ntfs_sb_info *sbi = ni->mi.sbi;\n\tu8 cluster_bits = sbi->cluster_bits;\n\tchar *frame_ondisk = NULL;\n\tchar *frame_mem = NULL;\n\tstruct page **pages_disk = NULL;\n\tstruct ATTR_LIST_ENTRY *le = NULL;\n\tstruct runs_tree *run = &ni->file.run;\n\tu64 valid_size = ni->i_valid;\n\tu64 vbo_disk;\n\tsize_t unc_size;\n\tu32 frame_size, i, npages_disk, ondisk_size;\n\tstruct page *pg;\n\tstruct ATTRIB *attr;\n\tCLST frame, clst_data;\n\n\t/*\n\t * To simplify decompress algorithm do vmap for source\n\t * and target pages.\n\t */\n\tfor (i = 0; i < pages_per_frame; i++)\n\t\tkmap(pages[i]);\n\n\tframe_size = pages_per_frame << PAGE_SHIFT;\n\tframe_mem = vmap(pages, pages_per_frame, VM_MAP, PAGE_KERNEL);\n\tif (!frame_mem) {\n\t\terr = -ENOMEM;\n\t\tgoto out;\n\t}\n\n\tattr = ni_find_attr(ni, NULL, &le, ATTR_DATA, NULL, 0, NULL, NULL);\n\tif (!attr) {\n\t\terr = -ENOENT;\n\t\tgoto out1;\n\t}\n\n\tif (!attr->non_res) {\n\t\tu32 data_size = le32_to_cpu(attr->res.data_size);\n\n\t\tmemset(frame_mem, 0, frame_size);\n\t\tif (frame_vbo < data_size) {\n\t\t\tondisk_size = data_size - frame_vbo;\n\t\t\tmemcpy(frame_mem, resident_data(attr) + frame_vbo,\n\t\t\t       min(ondisk_size, frame_size));\n\t\t}\n\t\terr = 0;\n\t\tgoto out1;\n\t}\n\n\tif (frame_vbo >= valid_size) {\n\t\tmemset(frame_mem, 0, frame_size);\n\t\terr = 0;\n\t\tgoto out1;\n\t}\n\n\tif (ni->ni_flags & NI_FLAG_COMPRESSED_MASK) {\n#ifndef CONFIG_NTFS3_LZX_XPRESS\n\t\terr = -EOPNOTSUPP;\n\t\tgoto out1;\n#else\n\t\tloff_t i_size = i_size_read(&ni->vfs_inode);\n\t\tu32 frame_bits = ni_ext_compress_bits(ni);\n\t\tu64 frame64 = frame_vbo >> frame_bits;\n\t\tu64 frames, vbo_data;\n\n\t\tif (frame_size != (1u << frame_bits)) {\n\t\t\terr = -EINVAL;\n\t\t\tgoto out1;\n\t\t}\n\t\tswitch (frame_size) {\n\t\tcase 0x1000:\n\t\tcase 0x2000:\n\t\tcase 0x4000:\n\t\tcase 0x8000:\n\t\t\tbreak;\n\t\tdefault:\n\t\t\t/* Unknown compression. */\n\t\t\terr = -EOPNOTSUPP;\n\t\t\tgoto out1;\n\t\t}\n\n\t\tattr = ni_find_attr(ni, attr, &le, ATTR_DATA, WOF_NAME,\n\t\t\t\t    ARRAY_SIZE(WOF_NAME), NULL, NULL);\n\t\tif (!attr) {\n\t\t\tntfs_inode_err(\n\t\t\t\t&ni->vfs_inode,\n\t\t\t\t"external compressed file should contains data attribute \\"WofCompressedData\\"");\n\t\t\terr = -EINVAL;\n\t\t\tgoto out1;\n\t\t}\n\n\t\tif (!attr->non_res) {\n\t\t\trun = NULL;\n\t\t} else {\n\t\t\trun = run_alloc();\n\t\t\tif (!run) {\n\t\t\t\terr = -ENOMEM;\n\t\t\t\tgoto out1;\n\t\t\t}\n\t\t}\n\n\t\tframes = (i_size - 1) >> frame_bits;\n\n\t\terr = attr_wof_frame_info(ni, attr, run, frame64, frames,\n\t\t\t\t\t  frame_bits, &ondisk_size, &vbo_data);\n\t\tif (err)\n\t\t\tgoto out2;\n\n\t\tif (frame64 == frames) {\n\t\t\tunc_size = 1 + ((i_size - 1) & (frame_size - 1));\n\t\t\tondisk_size = attr_size(attr) - vbo_data;\n\t\t} else {\n\t\t\tunc_size = frame_size;\n\t\t}\n\n\t\tif (ondisk_size > frame_size) {\n\t\t\terr = -EINVAL;\n\t\t\tgoto out2;\n\t\t}\n\n\t\tif (!attr->non_res) {\n\t\t\tif (vbo_data + ondisk_size >\n\t\t\t    le32_to_cpu(attr->res.data_size)) {\n\t\t\t\terr = -EINVAL;\n\t\t\t\tgoto out1;\n\t\t\t}\n\n\t\t\terr = decompress_lzx_xpress(\n\t\t\t\tsbi, Add2Ptr(resident_data(attr), vbo_data),\n\t\t\t\tondisk_size, frame_mem, unc_size, frame_size);\n\t\t\tgoto out1;\n\t\t}\n\t\tvbo_disk = vbo_data;\n\t\t/* Load all runs to read [vbo_disk-vbo_to). */\n\t\terr = attr_load_runs_range(ni, ATTR_DATA, WOF_NAME,\n\t\t\t\t\t   ARRAY_SIZE(WOF_NAME), run, vbo_disk,\n\t\t\t\t\t   vbo_data + ondisk_size);\n\t\tif (err)\n\t\t\tgoto out2;\n\t\tnpages_disk = (ondisk_size + (vbo_disk & (PAGE_SIZE - 1)) +\n\t\t\t       PAGE_SIZE - 1) >>\n\t\t\t      PAGE_SHIFT;\n#endif\n\t} else if (is_attr_compressed(attr)) {\n\t\t/* LZNT compression. */\n\t\tif (sbi->cluster_size > NTFS_LZNT_MAX_CLUSTER) {\n\t\t\terr = -EOPNOTSUPP;\n\t\t\tgoto out1;\n\t\t}\n\n\t\tif (attr->nres.c_unit != NTFS_LZNT_CUNIT) {\n\t\t\terr = -EOPNOTSUPP;\n\t\t\tgoto out1;\n\t\t}\n\n\t\tdown_write(&ni->file.run_lock);\n\t\trun_truncate_around(run, le64_to_cpu(attr->nres.svcn));\n\t\tframe = frame_vbo >> (cluster_bits + NTFS_LZNT_CUNIT);\n\t\terr = attr_is_frame_compressed(ni, attr, frame, &clst_data,\n\t\t\t\t\t       run);\n\t\tup_write(&ni->file.run_lock);\n\t\tif (err)\n\t\t\tgoto out1;\n\n\t\tif (!clst_data) {\n\t\t\tmemset(frame_mem, 0, frame_size);\n\t\t\tgoto out1;\n\t\t}\n\n\t\tframe_size = sbi->cluster_size << NTFS_LZNT_CUNIT;\n\t\tondisk_size = clst_data << cluster_bits;\n\n\t\tif (clst_data >= NTFS_LZNT_CLUSTERS) {\n\t\t\t/* Frame is not compressed. */\n\t\t\tdown_read(&ni->file.run_lock);\n\t\t\terr = ntfs_bio_pages(sbi, run, pages, pages_per_frame,\n\t\t\t\t\t     frame_vbo, ondisk_size,\n\t\t\t\t\t     REQ_OP_READ);\n\t\t\tup_read(&ni->file.run_lock);\n\t\t\tgoto out1;\n\t\t}\n\t\tvbo_disk = frame_vbo;\n\t\tnpages_disk = (ondisk_size + PAGE_SIZE - 1) >> PAGE_SHIFT;\n\t} else {\n\t\t__builtin_unreachable();\n\t\terr = -EINVAL;\n\t\tgoto out1;\n\t}\n\n\tpages_disk = kcalloc(npages_disk, sizeof(*pages_disk), GFP_NOFS);\n\tif (!pages_disk) {\n\t\terr = -ENOMEM;\n\t\tgoto out2;\n\t}\n\n\tfor (i = 0; i < npages_disk; i++) {\n\t\tpg = alloc_page(GFP_KERNEL);\n\t\tif (!pg) {\n\t\t\terr = -ENOMEM;\n\t\t\tgoto out3;\n\t\t}\n\t\tpages_disk[i] = pg;\n\t\tlock_page(pg);\n\t\tkmap(pg);\n\t}\n\n\t/* Read \'ondisk_size\' bytes from disk. */\n\tdown_read(&ni->file.run_lock);\n\terr = ntfs_bio_pages(sbi, run, pages_disk, npages_disk, vbo_disk,\n\t\t\t     ondisk_size, REQ_OP_READ);\n\tup_read(&ni->file.run_lock);\n\tif (err)\n\t\tgoto out3;\n\n\t/*\n\t * To simplify decompress algorithm do vmap for source and target pages.\n\t */\n\tframe_ondisk = vmap(pages_disk, npages_disk, VM_MAP, PAGE_KERNEL_RO);\n\tif (!frame_ondisk) {\n\t\terr = -ENOMEM;\n\t\tgoto out3;\n\t}\n\n\t/* Decompress: Frame_ondisk -> frame_mem. */\n#ifdef CONFIG_NTFS3_LZX_XPRESS\n\tif (run != &ni->file.run) {\n\t\t/* LZX or XPRESS */\n\t\terr = decompress_lzx_xpress(\n\t\t\tsbi, frame_ondisk + (vbo_disk & (PAGE_SIZE - 1)),\n\t\t\tondisk_size, frame_mem, unc_size, frame_size);\n\t} else\n#endif\n\t{\n\t\t/* LZNT - Native NTFS compression. */\n\t\tunc_size = decompress_lznt(frame_ondisk, ondisk_size, frame_mem,\n\t\t\t\t\t   frame_size);\n\t\tif ((ssize_t)unc_size < 0)\n\t\t\terr = unc_size;\n\t\telse if (!unc_size || unc_size > frame_size)\n\t\t\terr = -EINVAL;\n\t}\n\tif (!err && valid_size < frame_vbo + frame_size) {\n\t\tsize_t ok = valid_size - frame_vbo;\n\n\t\tmemset(frame_mem + ok, 0, frame_size - ok);\n\t}\n\n\tvunmap(frame_ondisk);\n\nout3:\n\tfor (i = 0; i < npages_disk; i++) {\n\t\tpg = pages_disk[i];\n\t\tif (pg) {\n\t\t\tkunmap(pg);\n\t\t\tunlock_page(pg);\n\t\t\tput_page(pg);\n\t\t}\n\t}\n\tkfree(pages_disk);\n\nout2:\n#ifdef CONFIG_NTFS3_LZX_XPRESS\n\tif (run != &ni->file.run)\n\t\trun_free(run);\n#endif\nout1:\n\tvunmap(frame_mem);\nout:\n\tfor (i = 0; i < pages_per_frame; i++) {\n\t\tpg = pages[i];\n\t\tkunmap(pg);\n\t\tSetPageUptodate(pg);\n\t}\n\n\treturn err;\n}\n\n/*\n * ni_write_frame\n *\n * Pages - Array of locked pages.\n */\nint ni_write_frame(struct ntfs_inode *ni, struct page **pages,\n\t\t   u32 pages_per_frame)\n{\n\tint err;\n\tstruct ntfs_sb_info *sbi = ni->mi.sbi;\n\tstruct folio *folio = page_folio(pages[0]);\n\tu8 frame_bits = NTFS_LZNT_CUNIT + sbi->cluster_bits;\n\tu32 frame_size = sbi->cluster_size << NTFS_LZNT_CUNIT;\n\tu64 frame_vbo = folio_pos(folio);\n\tCLST frame = frame_vbo >> frame_bits;\n\tchar *frame_ondisk = NULL;\n\tstruct page **pages_disk = NULL;\n\tstruct ATTR_LIST_ENTRY *le = NULL;\n\tchar *frame_mem;\n\tstruct ATTRIB *attr;\n\tstruct mft_inode *mi;\n\tu32 i;\n\tstruct page *pg;\n\tsize_t compr_size, ondisk_size;\n\tstruct lznt *lznt;\n\n\tattr = ni_find_attr(ni, NULL, &le, ATTR_DATA, NULL, 0, NULL, &mi);\n\tif (!attr) {\n\t\terr = -ENOENT;\n\t\tgoto out;\n\t}\n\n\tif (WARN_ON(!is_attr_compressed(attr))) {\n\t\terr = -EINVAL;\n\t\tgoto out;\n\t}\n\n\tif (sbi->cluster_size > NTFS_LZNT_MAX_CLUSTER) {\n\t\terr = -EOPNOTSUPP;\n\t\tgoto out;\n\t}\n\n\tif (!attr->non_res) {\n\t\tdown_write(&ni->file.run_lock);\n\t\terr = attr_make_nonresident(ni, attr, le, mi,\n\t\t\t\t\t    le32_to_cpu(attr->res.data_size),\n\t\t\t\t\t    &ni->file.run, &attr, pages[0]);\n\t\tup_write(&ni->file.run_lock);\n\t\tif (err)\n\t\t\tgoto out;\n\t}\n\n\tif (attr->nres.c_unit != NTFS_LZNT_CUNIT) {\n\t\terr = -EOPNOTSUPP;\n\t\tgoto out;\n\t}\n\n\tpages_disk = kcalloc(pages_per_frame, sizeof(struct page *), GFP_NOFS);\n\tif (!pages_disk) {\n\t\terr = -ENOMEM;\n\t\tgoto out;\n\t}\n\n\tfor (i = 0; i < pages_per_frame; i++) {\n\t\tpg = alloc_page(GFP_KERNEL);\n\t\tif (!pg) {\n\t\t\terr = -ENOMEM;\n\t\t\tgoto out1;\n\t\t}\n\t\tpages_disk[i] = pg;\n\t\tlock_page(pg);\n\t\tkmap(pg);\n\t}\n\n\t/* To simplify compress algorithm do vmap for source and target pages. */\n\tframe_ondisk = vmap(pages_disk, pages_per_frame, VM_MAP, PAGE_KERNEL);\n\tif (!frame_ondisk) {\n\t\terr = -ENOMEM;\n\t\tgoto out1;\n\t}\n\n\tfor (i = 0; i < pages_per_frame; i++)\n\t\tkmap(pages[i]);\n\n\t/* Map in-memory frame for read-only. */\n\tframe_mem = vmap(pages, pages_per_frame, VM_MAP, PAGE_KERNEL_RO);\n\tif (!frame_mem) {\n\t\terr = -ENOMEM;\n\t\tgoto out2;\n\t}\n\n\tmutex_lock(&sbi->compress.mtx_lznt);\n\tlznt = NULL;\n\tif (!sbi->compress.lznt) {\n\t\t/*\n\t\t * LZNT implements two levels of compression:\n\t\t * 0 - Standard compression\n\t\t * 1 - Best compression, requires a lot of cpu\n\t\t * use mount option?\n\t\t */\n\t\tlznt = get_lznt_ctx(0);\n\t\tif (!lznt) {\n\t\t\tmutex_unlock(&sbi->compress.mtx_lznt);\n\t\t\terr = -ENOMEM;\n\t\t\tgoto out3;\n\t\t}\n\n\t\tsbi->compress.lznt = lznt;\n\t\tlznt = NULL;\n\t}\n\n\t/* Compress: frame_mem -> frame_ondisk */\n\tcompr_size = compress_lznt(frame_mem, frame_size, frame_ondisk,\n\t\t\t\t   frame_size, sbi->compress.lznt);\n\tmutex_unlock(&sbi->compress.mtx_lznt);\n\tkfree(lznt);\n\n\tif (compr_size + sbi->cluster_size > frame_size) {\n\t\t/* Frame is not compressed. */\n\t\tcompr_size = frame_size;\n\t\tondisk_size = frame_size;\n\t} else if (compr_size) {\n\t\t/* Frame is compressed. */\n\t\tondisk_size = ntfs_up_cluster(sbi, compr_size);\n\t\tmemset(frame_ondisk + compr_size, 0, ondisk_size - compr_size);\n\t} else {\n\t\t/* Frame is sparsed. */\n\t\tondisk_size = 0;\n\t}\n\n\tdown_write(&ni->file.run_lock);\n\trun_truncate_around(&ni->file.run, le64_to_cpu(attr->nres.svcn));\n\terr = attr_allocate_frame(ni, frame, compr_size, ni->i_valid);\n\tup_write(&ni->file.run_lock);\n\tif (err)\n\t\tgoto out2;\n\n\tif (!ondisk_size)\n\t\tgoto out2;\n\n\tdown_read(&ni->file.run_lock);\n\terr = ntfs_bio_pages(sbi, &ni->file.run,\n\t\t\t     ondisk_size < frame_size ? pages_disk : pages,\n\t\t\t     pages_per_frame, frame_vbo, ondisk_size,\n\t\t\t     REQ_OP_WRITE);\n\tup_read(&ni->file.run_lock);\n\nout3:\n\tvunmap(frame_mem);\n\nout2:\n\tfor (i = 0; i < pages_per_frame; i++)\n\t\tkunmap(pages[i]);\n\n\tvunmap(frame_ondisk);\nout1:\n\tfor (i = 0; i < pages_per_frame; i++) {\n\t\tpg = pages_disk[i];\n\t\tif (pg) {\n\t\t\tkunmap(pg);\n\t\t\tunlock_page(pg);\n\t\t\tput_page(pg);\n\t\t}\n\t}\n\tkfree(pages_disk);\nout:\n\treturn err;\n}\n\n/*\n * ni_remove_name - Removes name \'de\' from MFT and from directory.\n * \'de2\' and \'undo_step\' are used to restore MFT/dir, if error occurs.\n */\nint ni_remove_name(struct ntfs_inode *dir_ni, struct ntfs_inode *ni,\n\t\t   struct NTFS_DE *de, struct NTFS_DE **de2, int *undo_step)\n{\n\tint err;\n\tstruct ntfs_sb_info *sbi = ni->mi.sbi;\n\tstruct ATTR_FILE_NAME *de_name = (struct ATTR_FILE_NAME *)(de + 1);\n\tstruct ATTR_FILE_NAME *fname;\n\tstruct ATTR_LIST_ENTRY *le;\n\tstruct mft_inode *mi;\n\tu16 de_key_size = le16_to_cpu(de->key_size);\n\tu8 name_type;\n\n\t*undo_step = 0;\n\n\t/* Find name in record. */\n\tmi_get_ref(&dir_ni->mi, &de_name->home);\n\n\tfname = ni_fname_name(ni, (struct le_str *)&de_name->name_len,\n\t\t\t      &de_name->home, &mi, &le);\n\tif (!fname)\n\t\treturn -ENOENT;\n\n\tmemcpy(&de_name->dup, &fname->dup, sizeof(struct NTFS_DUP_INFO));\n\tname_type = paired_name(fname->type);\n\n\t/* Mark ntfs as dirty. It will be cleared at umount. */\n\tntfs_set_state(sbi, NTFS_DIRTY_DIRTY);\n\n\t/* Step 1: Remove name from directory. */\n\terr = indx_delete_entry(&dir_ni->dir, dir_ni, fname, de_key_size, sbi);\n\tif (err)\n\t\treturn err;\n\n\t/* Step 2: Remove name from MFT. */\n\tni_remove_attr_le(ni, attr_from_name(fname), mi, le);\n\n\t*undo_step = 2;\n\n\t/* Get paired name. */\n\tfname = ni_fname_type(ni, name_type, &mi, &le);\n\tif (fname) {\n\t\tu16 de2_key_size = fname_full_size(fname);\n\n\t\t*de2 = Add2Ptr(de, 1024);\n\t\t(*de2)->key_size = cpu_to_le16(de2_key_size);\n\n\t\tmemcpy(*de2 + 1, fname, de2_key_size);\n\n\t\t/* Step 3: Remove paired name from directory. */\n\t\terr = indx_delete_entry(&dir_ni->dir, dir_ni, fname,\n\t\t\t\t\tde2_key_size, sbi);\n\t\tif (err)\n\t\t\treturn err;\n\n\t\t/* Step 4: Remove paired name from MFT. */\n\t\tni_remove_attr_le(ni, attr_from_name(fname), mi, le);\n\n\t\t*undo_step = 4;\n\t}\n\treturn 0;\n}\n\n/*\n * ni_remove_name_undo - Paired function for ni_remove_name.\n *\n * Return: True if ok\n */\nbool ni_remove_name_undo(struct ntfs_inode *dir_ni, struct ntfs_inode *ni,\n\t\t\t struct NTFS_DE *de, struct NTFS_DE *de2, int undo_step)\n{\n\tstruct ntfs_sb_info *sbi = ni->mi.sbi;\n\tstruct ATTRIB *attr;\n\tu16 de_key_size;\n\n\tswitch (undo_step) {\n\tcase 4:\n\t\tde_key_size = le16_to_cpu(de2->key_size);\n\t\tif (ni_insert_resident(ni, de_key_size, ATTR_NAME, NULL, 0,\n\t\t\t\t       &attr, NULL, NULL))\n\t\t\treturn false;\n\t\tmemcpy(Add2Ptr(attr, SIZEOF_RESIDENT), de2 + 1, de_key_size);\n\n\t\tmi_get_ref(&ni->mi, &de2->ref);\n\t\tde2->size = cpu_to_le16(ALIGN(de_key_size, 8) +\n\t\t\t\t\tsizeof(struct NTFS_DE));\n\t\tde2->flags = 0;\n\t\tde2->res = 0;\n\n\t\tif (indx_insert_entry(&dir_ni->dir, dir_ni, de2, sbi, NULL, 1))\n\t\t\treturn false;\n\t\tfallthrough;\n\n\tcase 2:\n\t\tde_key_size = le16_to_cpu(de->key_size);\n\n\t\tif (ni_insert_resident(ni, de_key_size, ATTR_NAME, NULL, 0,\n\t\t\t\t       &attr, NULL, NULL))\n\t\t\treturn false;\n\n\t\tmemcpy(Add2Ptr(attr, SIZEOF_RESIDENT), de + 1, de_key_size);\n\t\tmi_get_ref(&ni->mi, &de->ref);\n\n\t\tif (indx_insert_entry(&dir_ni->dir, dir_ni, de, sbi, NULL, 1))\n\t\t\treturn false;\n\t}\n\n\treturn true;\n}\n\n/*\n * ni_add_name - Add new name into MFT and into directory.\n */\nint ni_add_name(struct ntfs_inode *dir_ni, struct ntfs_inode *ni,\n\t\tstruct NTFS_DE *de)\n{\n\tint err;\n\tstruct ntfs_sb_info *sbi = ni->mi.sbi;\n\tstruct ATTRIB *attr;\n\tstruct ATTR_LIST_ENTRY *le;\n\tstruct mft_inode *mi;\n\tstruct ATTR_FILE_NAME *fname;\n\tstruct ATTR_FILE_NAME *de_name = (struct ATTR_FILE_NAME *)(de + 1);\n\tu16 de_key_size = le16_to_cpu(de->key_size);\n\n\tif (sbi->options->windows_names &&\n\t    !valid_windows_name(sbi, (struct le_str *)&de_name->name_len))\n\t\treturn -EINVAL;\n\n\t/* If option "hide_dot_files" then set hidden attribute for dot files. */\n\tif (ni->mi.sbi->options->hide_dot_files) {\n\t\tif (de_name->name_len > 0 &&\n\t\t    le16_to_cpu(de_name->name[0]) == \'.\')\n\t\t\tni->std_fa |= FILE_ATTRIBUTE_HIDDEN;\n\t\telse\n\t\t\tni->std_fa &= ~FILE_ATTRIBUTE_HIDDEN;\n\t}\n\n\tmi_get_ref(&ni->mi, &de->ref);\n\tmi_get_ref(&dir_ni->mi, &de_name->home);\n\n\t/* Fill duplicate from any ATTR_NAME. */\n\tfname = ni_fname_name(ni, NULL, NULL, NULL, NULL);\n\tif (fname)\n\t\tmemcpy(&de_name->dup, &fname->dup, sizeof(fname->dup));\n\tde_name->dup.fa = ni->std_fa;\n\n\t/* Insert new name into MFT. */\n\terr = ni_insert_resident(ni, de_key_size, ATTR_NAME, NULL, 0, &attr,\n\t\t\t\t &mi, &le);\n\tif (err)\n\t\treturn err;\n\n\tmemcpy(Add2Ptr(attr, SIZEOF_RESIDENT), de_name, de_key_size);\n\n\t/* Insert new name into directory. */\n\terr = indx_insert_entry(&dir_ni->dir, dir_ni, de, sbi, NULL, 0);\n\tif (err)\n\t\tni_remove_attr_le(ni, attr, mi, le);\n\n\treturn err;\n}\n\n/*\n * ni_rename - Remove one name and insert new name.\n */\nint ni_rename(struct ntfs_inode *dir_ni, struct ntfs_inode *new_dir_ni,\n\t      struct ntfs_inode *ni, struct NTFS_DE *de, struct NTFS_DE *new_de,\n\t      bool *is_bad)\n{\n\tint err;\n\tstruct NTFS_DE *de2 = NULL;\n\tint undo = 0;\n\n\t/*\n\t * There are two possible ways to rename:\n\t * 1) Add new name and remove old name.\n\t * 2) Remove old name and add new name.\n\t *\n\t * In most cases (not all!) adding new name into MFT and into directory can\n\t * allocate additional cluster(s).\n\t * Second way may result to bad inode if we can\'t add new name\n\t * and then can\'t restore (add) old name.\n\t */\n\n\t/*\n\t * Way 1 - Add new + remove old.\n\t */\n\terr = ni_add_name(new_dir_ni, ni, new_de);\n\tif (!err) {\n\t\terr = ni_remove_name(dir_ni, ni, de, &de2, &undo);\n\t\tif (err && ni_remove_name(new_dir_ni, ni, new_de, &de2, &undo))\n\t\t\t*is_bad = true;\n\t}\n\n\t/*\n\t * Way 2 - Remove old + add new.\n\t */\n\t/*\n\t *\terr = ni_remove_name(dir_ni, ni, de, &de2, &undo);\n\t *\tif (!err) {\n\t *\t\terr = ni_add_name(new_dir_ni, ni, new_de);\n\t *\t\tif (err && !ni_remove_name_undo(dir_ni, ni, de, de2, undo))\n\t *\t\t\t*is_bad = true;\n\t *\t}\n\t */\n\n\treturn err;\n}\n\n/*\n * ni_is_dirty - Return: True if \'ni\' requires ni_write_inode.\n */\nbool ni_is_dirty(struct inode *inode)\n{\n\tstruct ntfs_inode *ni = ntfs_i(inode);\n\tstruct rb_node *node;\n\n\tif (ni->mi.dirty || ni->attr_list.dirty ||\n\t    (ni->ni_flags & NI_FLAG_UPDATE_PARENT))\n\t\treturn true;\n\n\tfor (node = rb_first(&ni->mi_tree); node; node = rb_next(node)) {\n\t\tif (rb_entry(node, struct mft_inode, node)->dirty)\n\t\t\treturn true;\n\t}\n\n\treturn false;\n}\n\n/*\n * ni_update_parent\n *\n * Update duplicate info of ATTR_FILE_NAME in MFT and in parent directories.\n */\nstatic bool ni_update_parent(struct ntfs_inode *ni, struct NTFS_DUP_INFO *dup,\n\t\t\t     int sync)\n{\n\tstruct ATTRIB *attr;\n\tstruct mft_inode *mi;\n\tstruct ATTR_LIST_ENTRY *le = NULL;\n\tstruct ntfs_sb_info *sbi = ni->mi.sbi;\n\tstruct super_block *sb = sbi->sb;\n\tbool re_dirty = false;\n\n\tif (ni->mi.mrec->flags & RECORD_FLAG_DIR) {\n\t\tdup->fa |= FILE_ATTRIBUTE_DIRECTORY;\n\t\tattr = NULL;\n\t\tdup->alloc_size = 0;\n\t\tdup->data_size = 0;\n\t} else {\n\t\tdup->fa &= ~FILE_ATTRIBUTE_DIRECTORY;\n\n\t\tattr = ni_find_attr(ni, NULL, &le, ATTR_DATA, NULL, 0, NULL,\n\t\t\t\t    &mi);\n\t\tif (!attr) {\n\t\t\tdup->alloc_size = dup->data_size = 0;\n\t\t} else if (!attr->non_res) {\n\t\t\tu32 data_size = le32_to_cpu(attr->res.data_size);\n\n\t\t\tdup->alloc_size = cpu_to_le64(ALIGN(data_size, 8));\n\t\t\tdup->data_size = cpu_to_le64(data_size);\n\t\t} else {\n\t\t\tu64 new_valid = ni->i_valid;\n\t\t\tu64 data_size = le64_to_cpu(attr->nres.data_size);\n\t\t\t__le64 valid_le;\n\n\t\t\tdup->alloc_size = is_attr_ext(attr) ?\n\t\t\t\t\t\t  attr->nres.total_size :\n\t\t\t\t\t\t  attr->nres.alloc_size;\n\t\t\tdup->data_size = attr->nres.data_size;\n\n\t\t\tif (new_valid > data_size)\n\t\t\t\tnew_valid = data_size;\n\n\t\t\tvalid_le = cpu_to_le64(new_valid);\n\t\t\tif (valid_le != attr->nres.valid_size) {\n\t\t\t\tattr->nres.valid_size = valid_le;\n\t\t\t\tmi->dirty = true;\n\t\t\t}\n\t\t}\n\t}\n\n\t/* TODO: Fill reparse info. */\n\tdup->reparse = 0;\n\tdup->ea_size = 0;\n\n\tif (ni->ni_flags & NI_FLAG_EA) {\n\t\tattr = ni_find_attr(ni, attr, &le, ATTR_EA_INFO, NULL, 0, NULL,\n\t\t\t\t    NULL);\n\t\tif (attr) {\n\t\t\tconst struct EA_INFO *info;\n\n\t\t\tinfo = resident_data_ex(attr, sizeof(struct EA_INFO));\n\t\t\t/* If ATTR_EA_INFO exists \'info\' can\'t be NULL. */\n\t\t\tif (info)\n\t\t\t\tdup->ea_size = info->size_pack;\n\t\t}\n\t}\n\n\tattr = NULL;\n\tle = NULL;\n\n\twhile ((attr = ni_find_attr(ni, attr, &le, ATTR_NAME, NULL, 0, NULL,\n\t\t\t\t    &mi))) {\n\t\tstruct inode *dir;\n\t\tstruct ATTR_FILE_NAME *fname;\n\n\t\tfname = resident_data_ex(attr, SIZEOF_ATTRIBUTE_FILENAME);\n\t\tif (!fname || !memcmp(&fname->dup, dup, sizeof(fname->dup)))\n\t\t\tcontinue;\n\n\t\t/* Check simple case when parent inode equals current inode. */\n\t\tif (ino_get(&fname->home) == ni->vfs_inode.i_ino) {\n\t\t\tntfs_set_state(sbi, NTFS_DIRTY_ERROR);\n\t\t\tcontinue;\n\t\t}\n\n\t\t/* ntfs_iget5 may sleep. */\n\t\tdir = ntfs_iget5(sb, &fname->home, NULL);\n\t\tif (IS_ERR(dir)) {\n\t\t\tntfs_inode_warn(\n\t\t\t\t&ni->vfs_inode,\n\t\t\t\t"failed to open parent directory r=%lx to update",\n\t\t\t\t(long)ino_get(&fname->home));\n\t\t\tcontinue;\n\t\t}\n\n\t\tif (!is_bad_inode(dir)) {\n\t\t\tstruct ntfs_inode *dir_ni = ntfs_i(dir);\n\n\t\t\tif (!ni_trylock(dir_ni)) {\n\t\t\t\tre_dirty = true;\n\t\t\t} else {\n\t\t\t\tindx_update_dup(dir_ni, sbi, fname, dup, sync);\n\t\t\t\tni_unlock(dir_ni);\n\t\t\t\tmemcpy(&fname->dup, dup, sizeof(fname->dup));\n\t\t\t\tmi->dirty = true;\n\t\t\t}\n\t\t}\n\t\tiput(dir);\n\t}\n\n\treturn re_dirty;\n}\n\n/*\n * ni_write_inode - Write MFT base record and all subrecords to disk.\n */\nint ni_write_inode(struct inode *inode, int sync, const char *hint)\n{\n\tint err = 0, err2;\n\tstruct ntfs_inode *ni = ntfs_i(inode);\n\tstruct super_block *sb = inode->i_sb;\n\tstruct ntfs_sb_info *sbi = sb->s_fs_info;\n\tbool re_dirty = false;\n\tstruct ATTR_STD_INFO *std;\n\tstruct rb_node *node, *next;\n\tstruct NTFS_DUP_INFO dup;\n\n\tif (is_bad_inode(inode) || sb_rdonly(sb))\n\t\treturn 0;\n\n\tif (unlikely(ntfs3_forced_shutdown(sb)))\n\t\treturn -EIO;\n\n\tif (!ni_trylock(ni)) {\n\t\t/* \'ni\' is under modification, skip for now. */\n\t\tmark_inode_dirty_sync(inode);\n\t\treturn 0;\n\t}\n\n\tif (!ni->mi.mrec)\n\t\tgoto out;\n\n\tif (is_rec_inuse(ni->mi.mrec) &&\n\t    !(sbi->flags & NTFS_FLAGS_LOG_REPLAYING) && inode->i_nlink) {\n\t\tbool modified = false;\n\t\tstruct timespec64 ts;\n\n\t\t/* Update times in standard attribute. */\n\t\tstd = ni_std(ni);\n\t\tif (!std) {\n\t\t\terr = -EINVAL;\n\t\t\tgoto out;\n\t\t}\n\n\t\t/* Update the access times if they have changed. */\n\t\tts = inode_get_mtime(inode);\n\t\tdup.m_time = kernel2nt(&ts);\n\t\tif (std->m_time != dup.m_time) {\n\t\t\tstd->m_time = dup.m_time;\n\t\t\tmodified = true;\n\t\t}\n\n\t\tts = inode_get_ctime(inode);\n\t\tdup.c_time = kernel2nt(&ts);\n\t\tif (std->c_time != dup.c_time) {\n\t\t\tstd->c_time = dup.c_time;\n\t\t\tmodified = true;\n\t\t}\n\n\t\tts = inode_get_atime(inode);\n\t\tdup.a_time = kernel2nt(&ts);\n\t\tif (std->a_time != dup.a_time) {\n\t\t\tstd->a_time = dup.a_time;\n\t\t\tmodified = true;\n\t\t}\n\n\t\tdup.fa = ni->std_fa;\n\t\tif (std->fa != dup.fa) {\n\t\t\tstd->fa = dup.fa;\n\t\t\tmodified = true;\n\t\t}\n\n\t\t/* std attribute is always in primary MFT record. */\n\t\tif (modified)\n\t\t\tni->mi.dirty = true;\n\n\t\tif (!ntfs_is_meta_file(sbi, inode->i_ino) &&\n\t\t    (modified || (ni->ni_flags & NI_FLAG_UPDATE_PARENT))\n\t\t    /* Avoid __wait_on_freeing_inode(inode). */\n\t\t    && (sb->s_flags & SB_ACTIVE)) {\n\t\t\tdup.cr_time = std->cr_time;\n\t\t\t/* Not critical if this function fail. */\n\t\t\tre_dirty = ni_update_parent(ni, &dup, sync);\n\n\t\t\tif (re_dirty)\n\t\t\t\tni->ni_flags |= NI_FLAG_UPDATE_PARENT;\n\t\t\telse\n\t\t\t\tni->ni_flags &= ~NI_FLAG_UPDATE_PARENT;\n\t\t}\n\n\t\t/* Update attribute list. */\n\t\tif (ni->attr_list.size && ni->attr_list.dirty) {\n\t\t\tif (inode->i_ino != MFT_REC_MFT || sync) {\n\t\t\t\terr = ni_try_remove_attr_list(ni);\n\t\t\t\tif (err)\n\t\t\t\t\tgoto out;\n\t\t\t}\n\n\t\t\terr = al_update(ni, sync);\n\t\t\tif (err)\n\t\t\t\tgoto out;\n\t\t}\n\t}\n\n\tfor (node = rb_first(&ni->mi_tree); node; node = next) {\n\t\tstruct mft_inode *mi = rb_entry(node, struct mft_inode, node);\n\t\tbool is_empty;\n\n\t\tnext = rb_next(node);\n\n\t\tif (!mi->dirty)\n\t\t\tcontinue;\n\n\t\tis_empty = !mi_enum_attr(mi, NULL);\n\n\t\tif (is_empty)\n\t\t\tclear_rec_inuse(mi->mrec);\n\n\t\terr2 = mi_write(mi, sync);\n\t\tif (!err && err2)\n\t\t\terr = err2;\n\n\t\tif (is_empty) {\n\t\t\tntfs_mark_rec_free(sbi, mi->rno, false);\n\t\t\trb_erase(node, &ni->mi_tree);\n\t\t\tmi_put(mi);\n\t\t}\n\t}\n\n\tif (ni->mi.dirty) {\n\t\terr2 = mi_write(&ni->mi, sync);\n\t\tif (!err && err2)\n\t\t\terr = err2;\n\t}\nout:\n\tni_unlock(ni);\n\n\tif (err) {\n\t\tntfs_inode_err(inode, "%s failed, %d.", hint, err);\n\t\tntfs_set_state(sbi, NTFS_DIRTY_ERROR);\n\t\treturn err;\n\t}\n\n\tif (re_dirty)\n\t\tmark_inode_dirty_sync(inode);\n\n\treturn 0;\n}\n\n/*\n * ni_set_compress\n *\n * Helper for \'ntfs_fileattr_set\'.\n * Changes compression for empty files and directories only.\n */\nint ni_set_compress(struct inode *inode, bool compr)\n{\n\tint err;\n\tstruct ntfs_inode *ni = ntfs_i(inode);\n\tstruct ATTR_STD_INFO *std;\n\tconst char *bad_inode;\n\n\tif (is_compressed(ni) == !!compr)\n\t\treturn 0;\n\n\tif (is_sparsed(ni)) {\n\t\t/* sparse and compress not compatible. */\n\t\treturn -EOPNOTSUPP;\n\t}\n\n\tif (!S_ISREG(inode->i_mode) && !S_ISDIR(inode->i_mode)) {\n\t\t/*Skip other inodes. (symlink,fifo,...) */\n\t\treturn -EOPNOTSUPP;\n\t}\n\n\tbad_inode = NULL;\n\n\tni_lock(ni);\n\n\tstd = ni_std(ni);\n\tif (!std) {\n\t\tbad_inode = "no std";\n\t\tgoto out;\n\t}\n\n\tif (S_ISREG(inode->i_mode)) {\n\t\terr = attr_set_compress(ni, compr);\n\t\tif (err) {\n\t\t\tif (err == -ENOENT) {\n\t\t\t\t/* Fix on the fly? */\n\t\t\t\t/* Each file must contain data attribute. */\n\t\t\t\tbad_inode = "no data attribute";\n\t\t\t}\n\t\t\tgoto out;\n\t\t}\n\t}\n\n\tni->std_fa = std->fa;\n\tif (compr)\n\t\tstd->fa |= FILE_ATTRIBUTE_COMPRESSED;\n\telse\n\t\tstd->fa &= ~FILE_ATTRIBUTE_COMPRESSED;\n\n\tif (ni->std_fa != std->fa) {\n\t\tni->std_fa = std->fa;\n\t\tni->mi.dirty = true;\n\t}\n\t/* update duplicate information and directory entries in ni_write_inode.*/\n\tni->ni_flags |= NI_FLAG_UPDATE_PARENT;\n\terr = 0;\n\nout:\n\tni_unlock(ni);\n\tif (bad_inode) {\n\t\tntfs_bad_inode(inode, bad_inode);\n\t\terr = -EINVAL;\n\t}\n\n\treturn err;\n}\n', 'sha': None}, {'filename': 'fs/ntfs3/ntfs_fs.h', 'content': '/* SPDX-License-Identifier: GPL-2.0 */\n/*\n *\n * Copyright (C) 2019-2021 Paragon Software GmbH, All rights reserved.\n *\n */\n\n// clang-format off\n#ifndef _LINUX_NTFS3_NTFS_FS_H\n#define _LINUX_NTFS3_NTFS_FS_H\n\n#include <linux/blkdev.h>\n#include <linux/buffer_head.h>\n#include <linux/fs.h>\n#include <linux/highmem.h>\n#include <linux/kernel.h>\n#include <linux/mm.h>\n#include <linux/mutex.h>\n#include <linux/page-flags.h>\n#include <linux/pagemap.h>\n#include <linux/rbtree.h>\n#include <linux/rwsem.h>\n#include <linux/slab.h>\n#include <linux/string.h>\n#include <linux/time64.h>\n#include <linux/types.h>\n#include <linux/uidgid.h>\n#include <asm/div64.h>\n#include <asm/page.h>\n\n#include "debug.h"\n#include "ntfs.h"\n\nstruct dentry;\nstruct fiemap_extent_info;\nstruct user_namespace;\nstruct page;\nstruct writeback_control;\nenum utf16_endian;\n\n\n#define MINUS_ONE_T\t\t\t((size_t)(-1))\n/* Biggest MFT / smallest cluster */\n#define MAXIMUM_BYTES_PER_MFT\t\t4096\n#define MAXIMUM_SHIFT_BYTES_PER_MFT\t12\n#define NTFS_BLOCKS_PER_MFT_RECORD\t(MAXIMUM_BYTES_PER_MFT / 512)\n\n#define MAXIMUM_BYTES_PER_INDEX\t\t4096\n#define MAXIMUM_SHIFT_BYTES_PER_INDEX\t12\n#define NTFS_BLOCKS_PER_INODE\t\t(MAXIMUM_BYTES_PER_INDEX / 512)\n\n/* NTFS specific error code when fixup failed. */\n#define E_NTFS_FIXUP\t\t\t555\n/* NTFS specific error code about resident->nonresident. */\n#define E_NTFS_NONRESIDENT\t\t556\n/* NTFS specific error code about punch hole. */\n#define E_NTFS_NOTALIGNED\t\t557\n/* NTFS specific error code when on-disk struct is corrupted. */\n#define E_NTFS_CORRUPT\t\t\t558\n\n\n/* sbi->flags */\n#define NTFS_FLAGS_NODISCARD\t\t0x00000001\n/* ntfs in shutdown state. */\n#define NTFS_FLAGS_SHUTDOWN_BIT\t\t0x00000002  /* == 4*/\n/* Set when LogFile is replaying. */\n#define NTFS_FLAGS_LOG_REPLAYING\t0x00000008\n/* Set when we changed first MFT\'s which copy must be updated in $MftMirr. */\n#define NTFS_FLAGS_MFTMIRR\t\t0x00001000\n#define NTFS_FLAGS_NEED_REPLAY\t\t0x04000000\n\n\n/* ni->ni_flags */\n/*\n * Data attribute is external compressed (LZX/Xpress)\n * 1 - WOF_COMPRESSION_XPRESS4K\n * 2 - WOF_COMPRESSION_XPRESS8K\n * 3 - WOF_COMPRESSION_XPRESS16K\n * 4 - WOF_COMPRESSION_LZX32K\n */\n#define NI_FLAG_COMPRESSED_MASK\t\t0x0000000f\n/* Data attribute is deduplicated. */\n#define NI_FLAG_DEDUPLICATED\t\t0x00000010\n#define NI_FLAG_EA\t\t\t0x00000020\n#define NI_FLAG_DIR\t\t\t0x00000040\n#define NI_FLAG_RESIDENT\t\t0x00000080\n#define NI_FLAG_UPDATE_PARENT\t\t0x00000100\n// clang-format on\n\nstruct ntfs_mount_options {\n\tchar *nls_name;\n\tstruct nls_table *nls;\n\n\tkuid_t fs_uid;\n\tkgid_t fs_gid;\n\tu16 fs_fmask_inv;\n\tu16 fs_dmask_inv;\n\n\tunsigned fmask : 1; /* fmask was set. */\n\tunsigned dmask : 1; /*dmask was set. */\n\tunsigned sys_immutable : 1; /* Immutable system files. */\n\tunsigned discard : 1; /* Issue discard requests on deletions. */\n\tunsigned sparse : 1; /* Create sparse files. */\n\tunsigned showmeta : 1; /* Show meta files. */\n\tunsigned nohidden : 1; /* Do not show hidden files. */\n\tunsigned hide_dot_files : 1; /* Set hidden flag on dot files. */\n\tunsigned windows_names : 1; /* Disallow names forbidden by Windows. */\n\tunsigned force : 1; /* RW mount dirty volume. */\n\tunsigned prealloc : 1; /* Preallocate space when file is growing. */\n\tunsigned nocase : 1; /* case insensitive. */\n};\n\n/* Special value to unpack and deallocate. */\n#define RUN_DEALLOCATE ((struct runs_tree *)(size_t)1)\n\n/* TODO: Use rb tree instead of array. */\nstruct runs_tree {\n\tstruct ntfs_run *runs;\n\tsize_t count; /* Currently used size a ntfs_run storage. */\n\tsize_t allocated; /* Currently allocated ntfs_run storage size. */\n};\n\nstruct ntfs_buffers {\n\t/* Biggest MFT / smallest cluster = 4096 / 512 = 8 */\n\t/* Biggest index / smallest cluster = 4096 / 512 = 8 */\n\tstruct buffer_head *bh[PAGE_SIZE >> SECTOR_SHIFT];\n\tu32 bytes;\n\tu32 nbufs;\n\tu32 off;\n};\n\nenum ALLOCATE_OPT {\n\tALLOCATE_DEF = 0, // Allocate all clusters.\n\tALLOCATE_MFT = 1, // Allocate for MFT.\n\tALLOCATE_ZERO = 2, // Zeroout new allocated clusters\n};\n\nenum bitmap_mutex_classes {\n\tBITMAP_MUTEX_CLUSTERS = 0,\n\tBITMAP_MUTEX_MFT = 1,\n};\n\nstruct wnd_bitmap {\n\tstruct super_block *sb;\n\tstruct rw_semaphore rw_lock;\n\n\tstruct runs_tree run;\n\tsize_t nbits;\n\n\tsize_t total_zeroes; // Total number of free bits.\n\tu16 *free_bits; // Free bits in each window.\n\tsize_t nwnd;\n\tu32 bits_last; // Bits in last window.\n\n\tstruct rb_root start_tree; // Extents, sorted by \'start\'.\n\tstruct rb_root count_tree; // Extents, sorted by \'count + start\'.\n\tsize_t count; // Extents count.\n\n\t/*\n\t * -1 Tree is activated but not updated (too many fragments).\n\t * 0 - Tree is not activated.\n\t * 1 - Tree is activated and updated.\n\t */\n\tint uptodated;\n\tsize_t extent_min; // Minimal extent used while building.\n\tsize_t extent_max; // Upper estimate of biggest free block.\n\n\t/* Zone [bit, end) */\n\tsize_t zone_bit;\n\tsize_t zone_end;\n\n\tbool inited;\n};\n\ntypedef int (*NTFS_CMP_FUNC)(const void *key1, size_t len1, const void *key2,\n\t\t\t     size_t len2, const void *param);\n\nenum index_mutex_classed {\n\tINDEX_MUTEX_I30 = 0,\n\tINDEX_MUTEX_SII = 1,\n\tINDEX_MUTEX_SDH = 2,\n\tINDEX_MUTEX_SO = 3,\n\tINDEX_MUTEX_SQ = 4,\n\tINDEX_MUTEX_SR = 5,\n\tINDEX_MUTEX_TOTAL\n};\n\n/* ntfs_index - Allocation unit inside directory. */\nstruct ntfs_index {\n\tstruct runs_tree bitmap_run;\n\tstruct runs_tree alloc_run;\n\t/* read/write access to \'bitmap_run\'/\'alloc_run\' while ntfs_readdir */\n\tstruct rw_semaphore run_lock;\n\n\t/*TODO: Remove \'cmp\'. */\n\tNTFS_CMP_FUNC cmp;\n\n\tu8 index_bits; // log2(root->index_block_size)\n\tu8 idx2vbn_bits; // log2(root->index_block_clst)\n\tu8 vbn2vbo_bits; // index_block_size < cluster? 9 : cluster_bits\n\tu8 type; // index_mutex_classed\n};\n\n/* Minimum MFT zone. */\n#define NTFS_MIN_MFT_ZONE 100\n/* Step to increase the MFT. */\n#define NTFS_MFT_INCREASE_STEP 1024\n\n/* Ntfs file system in-core superblock data. */\nstruct ntfs_sb_info {\n\tstruct super_block *sb;\n\n\tu32 discard_granularity;\n\tu64 discard_granularity_mask_inv; // ~(discard_granularity_mask_inv-1)\n\n\tu32 cluster_size; // bytes per cluster\n\tu32 cluster_mask; // == cluster_size - 1\n\tu64 cluster_mask_inv; // ~(cluster_size - 1)\n\tu32 block_mask; // sb->s_blocksize - 1\n\tu32 blocks_per_cluster; // cluster_size / sb->s_blocksize\n\n\tu32 record_size;\n\tu32 index_size;\n\n\tu8 cluster_bits;\n\tu8 record_bits;\n\n\tu64 maxbytes; // Maximum size for normal files.\n\tu64 maxbytes_sparse; // Maximum size for sparse file.\n\n\tunsigned long flags; // See NTFS_FLAGS_\n\n\tCLST zone_max; // Maximum MFT zone length in clusters\n\tCLST bad_clusters; // The count of marked bad clusters.\n\n\tu16 max_bytes_per_attr; // Maximum attribute size in record.\n\tu16 attr_size_tr; // Attribute size threshold (320 bytes).\n\n\t/* Records in $Extend. */\n\tCLST objid_no;\n\tCLST quota_no;\n\tCLST reparse_no;\n\tCLST usn_jrnl_no;\n\n\tstruct ATTR_DEF_ENTRY *def_table; // Attribute definition table.\n\tu32 def_entries;\n\tu32 ea_max_size;\n\n\tstruct MFT_REC *new_rec;\n\n\tu16 *upcase;\n\n\tstruct {\n\t\tu64 lbo, lbo2;\n\t\tstruct ntfs_inode *ni;\n\t\tstruct wnd_bitmap bitmap; // $MFT::Bitmap\n\t\t/*\n\t\t * MFT records [11-24) used to expand MFT itself.\n\t\t * They always marked as used in $MFT::Bitmap\n\t\t * \'reserved_bitmap\' contains real bitmap of these records.\n\t\t */\n\t\tulong reserved_bitmap; // Bitmap of used records [11 - 24)\n\t\tsize_t next_free; // The next record to allocate from\n\t\tsize_t used; // MFT valid size in records.\n\t\tu32 recs_mirr; // Number of records in MFTMirr\n\t\tu8 next_reserved;\n\t\tu8 reserved_bitmap_inited;\n\t} mft;\n\n\tstruct {\n\t\tstruct wnd_bitmap bitmap; // $Bitmap::Data\n\t\tCLST next_free_lcn;\n\t} used;\n\n\tstruct {\n\t\tu64 size; // In bytes.\n\t\tu64 blocks; // In blocks.\n\t\tu64 ser_num;\n\t\tstruct ntfs_inode *ni;\n\t\t__le16 flags; // Cached current VOLUME_INFO::flags, VOLUME_FLAG_DIRTY.\n\t\tu8 major_ver;\n\t\tu8 minor_ver;\n\t\tchar label[256];\n\t\tbool real_dirty; // Real fs state.\n\t} volume;\n\n\tstruct {\n\t\tstruct ntfs_index index_sii;\n\t\tstruct ntfs_index index_sdh;\n\t\tstruct ntfs_inode *ni;\n\t\tu32 next_id;\n\t\tu64 next_off;\n\t\t__le32 def_security_id;\n\t} security;\n\n\tstruct {\n\t\tstruct ntfs_index index_r;\n\t\tstruct ntfs_inode *ni;\n\t\tu64 max_size; // 16K\n\t} reparse;\n\n\tstruct {\n\t\tstruct ntfs_index index_o;\n\t\tstruct ntfs_inode *ni;\n\t} objid;\n\n\tstruct {\n\t\tstruct mutex mtx_lznt;\n\t\tstruct lznt *lznt;\n#ifdef CONFIG_NTFS3_LZX_XPRESS\n\t\tstruct mutex mtx_xpress;\n\t\tstruct xpress_decompressor *xpress;\n\t\tstruct mutex mtx_lzx;\n\t\tstruct lzx_decompressor *lzx;\n#endif\n\t} compress;\n\n\tstruct ntfs_mount_options *options;\n\tstruct ratelimit_state msg_ratelimit;\n\tstruct proc_dir_entry *procdir;\n};\n\n/* One MFT record(usually 1024 bytes), consists of attributes. */\nstruct mft_inode {\n\tstruct rb_node node;\n\tstruct ntfs_sb_info *sbi;\n\n\tstruct MFT_REC *mrec;\n\tstruct ntfs_buffers nb;\n\n\tCLST rno;\n\tbool dirty;\n};\n\n/* Nested class for ntfs_inode::ni_lock. */\nenum ntfs_inode_mutex_lock_class {\n\tNTFS_INODE_MUTEX_DIRTY = 1,\n\tNTFS_INODE_MUTEX_SECURITY,\n\tNTFS_INODE_MUTEX_OBJID,\n\tNTFS_INODE_MUTEX_REPARSE,\n\tNTFS_INODE_MUTEX_NORMAL,\n\tNTFS_INODE_MUTEX_PARENT,\n\tNTFS_INODE_MUTEX_PARENT2,\n};\n\n/*\n * struct ntfs_inode\n *\n * Ntfs inode - extends linux inode. consists of one or more MFT inodes.\n */\nstruct ntfs_inode {\n\tstruct mft_inode mi; // base record\n\n\t/*\n\t * Valid size: [0 - i_valid) - these range in file contains valid data.\n\t * Range [i_valid - inode->i_size) - contains 0.\n\t * Usually i_valid <= inode->i_size.\n\t */\n\tu64 i_valid;\n\tstruct timespec64 i_crtime;\n\n\tstruct mutex ni_lock;\n\n\t/* File attributes from std. */\n\tenum FILE_ATTRIBUTE std_fa;\n\t__le32 std_security_id;\n\n\t/*\n\t * Tree of mft_inode.\n\t * Not empty when primary MFT record (usually 1024 bytes) can\'t save all attributes\n\t * e.g. file becomes too fragmented or contains a lot of names.\n\t */\n\tstruct rb_root mi_tree;\n\n\t/*\n\t * This member is used in ntfs_readdir to ensure that all subrecords are loaded\n\t */\n\tu8 mi_loaded;\n\n\tunion {\n\t\tstruct ntfs_index dir;\n\t\tstruct {\n\t\t\tstruct rw_semaphore run_lock;\n\t\t\tstruct runs_tree run;\n#ifdef CONFIG_NTFS3_LZX_XPRESS\n\t\t\tstruct folio *offs_folio;\n#endif\n\t\t} file;\n\t};\n\n\tstruct {\n\t\tstruct runs_tree run;\n\t\tstruct ATTR_LIST_ENTRY *le; // 1K aligned memory.\n\t\tsize_t size;\n\t\tbool dirty;\n\t} attr_list;\n\n\tsize_t ni_flags; // NI_FLAG_XXX\n\n\tstruct inode vfs_inode;\n};\n\nstruct indx_node {\n\tstruct ntfs_buffers nb;\n\tstruct INDEX_BUFFER *index;\n};\n\nstruct ntfs_fnd {\n\tint level;\n\tstruct indx_node *nodes[20];\n\tstruct NTFS_DE *de[20];\n\tstruct NTFS_DE *root_de;\n};\n\nenum REPARSE_SIGN {\n\tREPARSE_NONE = 0,\n\tREPARSE_COMPRESSED = 1,\n\tREPARSE_DEDUPLICATED = 2,\n\tREPARSE_LINK = 3\n};\n\n/* Functions from attrib.c */\nint attr_allocate_clusters(struct ntfs_sb_info *sbi, struct runs_tree *run,\n\t\t\t   CLST vcn, CLST lcn, CLST len, CLST *pre_alloc,\n\t\t\t   enum ALLOCATE_OPT opt, CLST *alen, const size_t fr,\n\t\t\t   CLST *new_lcn, CLST *new_len);\nint attr_make_nonresident(struct ntfs_inode *ni, struct ATTRIB *attr,\n\t\t\t  struct ATTR_LIST_ENTRY *le, struct mft_inode *mi,\n\t\t\t  u64 new_size, struct runs_tree *run,\n\t\t\t  struct ATTRIB **ins_attr, struct page *page);\nint attr_set_size(struct ntfs_inode *ni, enum ATTR_TYPE type,\n\t\t  const __le16 *name, u8 name_len, struct runs_tree *run,\n\t\t  u64 new_size, const u64 *new_valid, bool keep_prealloc,\n\t\t  struct ATTRIB **ret);\nint attr_data_get_block(struct ntfs_inode *ni, CLST vcn, CLST clen, CLST *lcn,\n\t\t\tCLST *len, bool *new, bool zero);\nint attr_data_read_resident(struct ntfs_inode *ni, struct folio *folio);\nint attr_data_write_resident(struct ntfs_inode *ni, struct folio *folio);\nint attr_load_runs_vcn(struct ntfs_inode *ni, enum ATTR_TYPE type,\n\t\t       const __le16 *name, u8 name_len, struct runs_tree *run,\n\t\t       CLST vcn);\nint attr_load_runs_range(struct ntfs_inode *ni, enum ATTR_TYPE type,\n\t\t\t const __le16 *name, u8 name_len, struct runs_tree *run,\n\t\t\t u64 from, u64 to);\nint attr_wof_frame_info(struct ntfs_inode *ni, struct ATTRIB *attr,\n\t\t\tstruct runs_tree *run, u64 frame, u64 frames,\n\t\t\tu8 frame_bits, u32 *ondisk_size, u64 *vbo_data);\nint attr_is_frame_compressed(struct ntfs_inode *ni, struct ATTRIB *attr,\n\t\t\t     CLST frame, CLST *clst_data,\n\t\t\t     struct runs_tree *run);\nint attr_allocate_frame(struct ntfs_inode *ni, CLST frame, size_t compr_size,\n\t\t\tu64 new_valid);\nint attr_collapse_range(struct ntfs_inode *ni, u64 vbo, u64 bytes);\nint attr_insert_range(struct ntfs_inode *ni, u64 vbo, u64 bytes);\nint attr_punch_hole(struct ntfs_inode *ni, u64 vbo, u64 bytes, u32 *frame_size);\nint attr_force_nonresident(struct ntfs_inode *ni);\nint attr_set_compress(struct ntfs_inode *ni, bool compr);\n\n/* Functions from attrlist.c */\nvoid al_destroy(struct ntfs_inode *ni);\nbool al_verify(struct ntfs_inode *ni);\nint ntfs_load_attr_list(struct ntfs_inode *ni, struct ATTRIB *attr);\nstruct ATTR_LIST_ENTRY *al_enumerate(struct ntfs_inode *ni,\n\t\t\t\t     struct ATTR_LIST_ENTRY *le);\nstruct ATTR_LIST_ENTRY *al_find_le(struct ntfs_inode *ni,\n\t\t\t\t   struct ATTR_LIST_ENTRY *le,\n\t\t\t\t   const struct ATTRIB *attr);\nstruct ATTR_LIST_ENTRY *al_find_ex(struct ntfs_inode *ni,\n\t\t\t\t   struct ATTR_LIST_ENTRY *le,\n\t\t\t\t   enum ATTR_TYPE type, const __le16 *name,\n\t\t\t\t   u8 name_len, const CLST *vcn);\nint al_add_le(struct ntfs_inode *ni, enum ATTR_TYPE type, const __le16 *name,\n\t      u8 name_len, CLST svcn, __le16 id, const struct MFT_REF *ref,\n\t      struct ATTR_LIST_ENTRY **new_le);\nbool al_remove_le(struct ntfs_inode *ni, struct ATTR_LIST_ENTRY *le);\nint al_update(struct ntfs_inode *ni, int sync);\nstatic inline size_t al_aligned(size_t size)\n{\n\treturn size_add(size, 1023) & ~(size_t)1023;\n}\n\n/* Globals from bitfunc.c */\nbool are_bits_clear(const void *map, size_t bit, size_t nbits);\nbool are_bits_set(const void *map, size_t bit, size_t nbits);\nsize_t get_set_bits_ex(const void *map, size_t bit, size_t nbits);\n\n/* Globals from dir.c */\nint ntfs_utf16_to_nls(struct ntfs_sb_info *sbi, const __le16 *name, u32 len,\n\t\t      u8 *buf, int buf_len);\nint ntfs_nls_to_utf16(struct ntfs_sb_info *sbi, const u8 *name, u32 name_len,\n\t\t      struct cpu_str *uni, u32 max_ulen,\n\t\t      enum utf16_endian endian);\nstruct inode *dir_search_u(struct inode *dir, const struct cpu_str *uni,\n\t\t\t   struct ntfs_fnd *fnd);\nbool dir_is_empty(struct inode *dir);\nextern const struct file_operations ntfs_dir_operations;\nextern const struct file_operations ntfs_legacy_dir_operations;\n\n/* Globals from file.c */\nint ntfs_fileattr_get(struct dentry *dentry, struct fileattr *fa);\nint ntfs_fileattr_set(struct mnt_idmap *idmap, struct dentry *dentry,\n\t\t      struct fileattr *fa);\nint ntfs_getattr(struct mnt_idmap *idmap, const struct path *path,\n\t\t struct kstat *stat, u32 request_mask, u32 flags);\nint ntfs_setattr(struct mnt_idmap *idmap, struct dentry *dentry,\n\t\t struct iattr *attr);\nint ntfs_file_open(struct inode *inode, struct file *file);\nint ntfs_fiemap(struct inode *inode, struct fiemap_extent_info *fieinfo,\n\t\t__u64 start, __u64 len);\nlong ntfs_ioctl(struct file *filp, u32 cmd, unsigned long arg);\nlong ntfs_compat_ioctl(struct file *filp, u32 cmd, unsigned long arg);\nextern const struct inode_operations ntfs_special_inode_operations;\nextern const struct inode_operations ntfs_file_inode_operations;\nextern const struct file_operations ntfs_file_operations;\nextern const struct file_operations ntfs_legacy_file_operations;\n\n/* Globals from frecord.c */\nvoid ni_remove_mi(struct ntfs_inode *ni, struct mft_inode *mi);\nstruct ATTR_STD_INFO *ni_std(struct ntfs_inode *ni);\nstruct ATTR_STD_INFO5 *ni_std5(struct ntfs_inode *ni);\nvoid ni_clear(struct ntfs_inode *ni);\nint ni_load_mi_ex(struct ntfs_inode *ni, CLST rno, struct mft_inode **mi);\nint ni_load_mi(struct ntfs_inode *ni, const struct ATTR_LIST_ENTRY *le,\n\t       struct mft_inode **mi);\nstruct ATTRIB *ni_find_attr(struct ntfs_inode *ni, struct ATTRIB *attr,\n\t\t\t    struct ATTR_LIST_ENTRY **entry_o,\n\t\t\t    enum ATTR_TYPE type, const __le16 *name,\n\t\t\t    u8 name_len, const CLST *vcn,\n\t\t\t    struct mft_inode **mi);\nstruct ATTRIB *ni_enum_attr_ex(struct ntfs_inode *ni, struct ATTRIB *attr,\n\t\t\t       struct ATTR_LIST_ENTRY **le,\n\t\t\t       struct mft_inode **mi);\nstruct ATTRIB *ni_load_attr(struct ntfs_inode *ni, enum ATTR_TYPE type,\n\t\t\t    const __le16 *name, u8 name_len, CLST vcn,\n\t\t\t    struct mft_inode **pmi);\nint ni_load_all_mi(struct ntfs_inode *ni);\nbool ni_add_subrecord(struct ntfs_inode *ni, CLST rno, struct mft_inode **mi);\nint ni_remove_attr(struct ntfs_inode *ni, enum ATTR_TYPE type,\n\t\t   const __le16 *name, u8 name_len, bool base_only,\n\t\t   const __le16 *id);\nint ni_create_attr_list(struct ntfs_inode *ni);\nint ni_expand_list(struct ntfs_inode *ni);\nint ni_insert_nonresident(struct ntfs_inode *ni, enum ATTR_TYPE type,\n\t\t\t  const __le16 *name, u8 name_len,\n\t\t\t  const struct runs_tree *run, CLST svcn, CLST len,\n\t\t\t  __le16 flags, struct ATTRIB **new_attr,\n\t\t\t  struct mft_inode **mi, struct ATTR_LIST_ENTRY **le);\nint ni_insert_resident(struct ntfs_inode *ni, u32 data_size,\n\t\t       enum ATTR_TYPE type, const __le16 *name, u8 name_len,\n\t\t       struct ATTRIB **new_attr, struct mft_inode **mi,\n\t\t       struct ATTR_LIST_ENTRY **le);\nvoid ni_remove_attr_le(struct ntfs_inode *ni, struct ATTRIB *attr,\n\t\t       struct mft_inode *mi, struct ATTR_LIST_ENTRY *le);\nint ni_delete_all(struct ntfs_inode *ni);\nstruct ATTR_FILE_NAME *ni_fname_name(struct ntfs_inode *ni,\n\t\t\t\t     const struct le_str *uni,\n\t\t\t\t     const struct MFT_REF *home,\n\t\t\t\t     struct mft_inode **mi,\n\t\t\t\t     struct ATTR_LIST_ENTRY **entry);\nstruct ATTR_FILE_NAME *ni_fname_type(struct ntfs_inode *ni, u8 name_type,\n\t\t\t\t     struct mft_inode **mi,\n\t\t\t\t     struct ATTR_LIST_ENTRY **entry);\nint ni_new_attr_flags(struct ntfs_inode *ni, enum FILE_ATTRIBUTE new_fa);\nenum REPARSE_SIGN ni_parse_reparse(struct ntfs_inode *ni, struct ATTRIB *attr,\n\t\t\t\t   struct REPARSE_DATA_BUFFER *buffer);\nint ni_write_inode(struct inode *inode, int sync, const char *hint);\n#define _ni_write_inode(i, w) ni_write_inode(i, w, __func__)\nint ni_fiemap(struct ntfs_inode *ni, struct fiemap_extent_info *fieinfo,\n\t      __u64 vbo, __u64 len);\nint ni_readpage_cmpr(struct ntfs_inode *ni, struct folio *folio);\nint ni_decompress_file(struct ntfs_inode *ni);\nint ni_read_frame(struct ntfs_inode *ni, u64 frame_vbo, struct page **pages,\n\t\t  u32 pages_per_frame);\nint ni_write_frame(struct ntfs_inode *ni, struct page **pages,\n\t\t   u32 pages_per_frame);\nint ni_remove_name(struct ntfs_inode *dir_ni, struct ntfs_inode *ni,\n\t\t   struct NTFS_DE *de, struct NTFS_DE **de2, int *undo_step);\n\nbool ni_remove_name_undo(struct ntfs_inode *dir_ni, struct ntfs_inode *ni,\n\t\t\t struct NTFS_DE *de, struct NTFS_DE *de2,\n\t\t\t int undo_step);\n\nint ni_add_name(struct ntfs_inode *dir_ni, struct ntfs_inode *ni,\n\t\tstruct NTFS_DE *de);\n\nint ni_rename(struct ntfs_inode *dir_ni, struct ntfs_inode *new_dir_ni,\n\t      struct ntfs_inode *ni, struct NTFS_DE *de, struct NTFS_DE *new_de,\n\t      bool *is_bad);\n\nbool ni_is_dirty(struct inode *inode);\nint ni_set_compress(struct inode *inode, bool compr);\n\n/* Globals from fslog.c */\nbool check_index_header(const struct INDEX_HDR *hdr, size_t bytes);\nint log_replay(struct ntfs_inode *ni, bool *initialized);\n\n/* Globals from fsntfs.c */\nstruct buffer_head *ntfs_bread(struct super_block *sb, sector_t block);\nbool ntfs_fix_pre_write(struct NTFS_RECORD_HEADER *rhdr, size_t bytes);\nint ntfs_fix_post_read(struct NTFS_RECORD_HEADER *rhdr, size_t bytes,\n\t\t       bool simple);\nint ntfs_extend_init(struct ntfs_sb_info *sbi);\nint ntfs_loadlog_and_replay(struct ntfs_inode *ni, struct ntfs_sb_info *sbi);\nint ntfs_look_for_free_space(struct ntfs_sb_info *sbi, CLST lcn, CLST len,\n\t\t\t     CLST *new_lcn, CLST *new_len,\n\t\t\t     enum ALLOCATE_OPT opt);\nbool ntfs_check_for_free_space(struct ntfs_sb_info *sbi, CLST clen, CLST mlen);\nint ntfs_look_free_mft(struct ntfs_sb_info *sbi, CLST *rno, bool mft,\n\t\t       struct ntfs_inode *ni, struct mft_inode **mi);\nvoid ntfs_mark_rec_free(struct ntfs_sb_info *sbi, CLST rno, bool is_mft);\nint ntfs_clear_mft_tail(struct ntfs_sb_info *sbi, size_t from, size_t to);\nint ntfs_refresh_zone(struct ntfs_sb_info *sbi);\nvoid ntfs_update_mftmirr(struct ntfs_sb_info *sbi, int wait);\nvoid ntfs_bad_inode(struct inode *inode, const char *hint);\n#define _ntfs_bad_inode(i) ntfs_bad_inode(i, __func__)\nenum NTFS_DIRTY_FLAGS {\n\tNTFS_DIRTY_CLEAR = 0,\n\tNTFS_DIRTY_DIRTY = 1,\n\tNTFS_DIRTY_ERROR = 2,\n};\nint ntfs_set_state(struct ntfs_sb_info *sbi, enum NTFS_DIRTY_FLAGS dirty);\nint ntfs_sb_read(struct super_block *sb, u64 lbo, size_t bytes, void *buffer);\nint ntfs_sb_write(struct super_block *sb, u64 lbo, size_t bytes,\n\t\t  const void *buffer, int wait);\nint ntfs_sb_write_run(struct ntfs_sb_info *sbi, const struct runs_tree *run,\n\t\t      u64 vbo, const void *buf, size_t bytes, int sync);\nstruct buffer_head *ntfs_bread_run(struct ntfs_sb_info *sbi,\n\t\t\t\t   const struct runs_tree *run, u64 vbo);\nint ntfs_read_run_nb(struct ntfs_sb_info *sbi, const struct runs_tree *run,\n\t\t     u64 vbo, void *buf, u32 bytes, struct ntfs_buffers *nb);\nint ntfs_read_bh(struct ntfs_sb_info *sbi, const struct runs_tree *run, u64 vbo,\n\t\t struct NTFS_RECORD_HEADER *rhdr, u32 bytes,\n\t\t struct ntfs_buffers *nb);\nint ntfs_get_bh(struct ntfs_sb_info *sbi, const struct runs_tree *run, u64 vbo,\n\t\tu32 bytes, struct ntfs_buffers *nb);\nint ntfs_write_bh(struct ntfs_sb_info *sbi, struct NTFS_RECORD_HEADER *rhdr,\n\t\t  struct ntfs_buffers *nb, int sync);\nint ntfs_bio_pages(struct ntfs_sb_info *sbi, const struct runs_tree *run,\n\t\t   struct page **pages, u32 nr_pages, u64 vbo, u32 bytes,\n\t\t   enum req_op op);\nint ntfs_bio_fill_1(struct ntfs_sb_info *sbi, const struct runs_tree *run);\nint ntfs_vbo_to_lbo(struct ntfs_sb_info *sbi, const struct runs_tree *run,\n\t\t    u64 vbo, u64 *lbo, u64 *bytes);\nstruct ntfs_inode *ntfs_new_inode(struct ntfs_sb_info *sbi, CLST nRec,\n\t\t\t\t  enum RECORD_FLAG flag);\nextern const u8 s_default_security[0x50];\nbool is_sd_valid(const struct SECURITY_DESCRIPTOR_RELATIVE *sd, u32 len);\nint ntfs_security_init(struct ntfs_sb_info *sbi);\nint ntfs_get_security_by_id(struct ntfs_sb_info *sbi, __le32 security_id,\n\t\t\t    struct SECURITY_DESCRIPTOR_RELATIVE **sd,\n\t\t\t    size_t *size);\nint ntfs_insert_security(struct ntfs_sb_info *sbi,\n\t\t\t const struct SECURITY_DESCRIPTOR_RELATIVE *sd,\n\t\t\t u32 size, __le32 *security_id, bool *inserted);\nint ntfs_reparse_init(struct ntfs_sb_info *sbi);\nint ntfs_objid_init(struct ntfs_sb_info *sbi);\nint ntfs_objid_remove(struct ntfs_sb_info *sbi, struct GUID *guid);\nint ntfs_insert_reparse(struct ntfs_sb_info *sbi, __le32 rtag,\n\t\t\tconst struct MFT_REF *ref);\nint ntfs_remove_reparse(struct ntfs_sb_info *sbi, __le32 rtag,\n\t\t\tconst struct MFT_REF *ref);\nvoid mark_as_free_ex(struct ntfs_sb_info *sbi, CLST lcn, CLST len, bool trim);\nint run_deallocate(struct ntfs_sb_info *sbi, const struct runs_tree *run,\n\t\t   bool trim);\nbool valid_windows_name(struct ntfs_sb_info *sbi, const struct le_str *name);\nint ntfs_set_label(struct ntfs_sb_info *sbi, u8 *label, int len);\n\n/* Globals from index.c */\nint indx_used_bit(struct ntfs_index *indx, struct ntfs_inode *ni, size_t *bit);\nvoid fnd_clear(struct ntfs_fnd *fnd);\nstatic inline struct ntfs_fnd *fnd_get(void)\n{\n\treturn kzalloc(sizeof(struct ntfs_fnd), GFP_NOFS);\n}\nstatic inline void fnd_put(struct ntfs_fnd *fnd)\n{\n\tif (fnd) {\n\t\tfnd_clear(fnd);\n\t\tkfree(fnd);\n\t}\n}\nvoid indx_clear(struct ntfs_index *idx);\nint indx_init(struct ntfs_index *indx, struct ntfs_sb_info *sbi,\n\t      const struct ATTRIB *attr, enum index_mutex_classed type);\nstruct INDEX_ROOT *indx_get_root(struct ntfs_index *indx, struct ntfs_inode *ni,\n\t\t\t\t struct ATTRIB **attr, struct mft_inode **mi);\nint indx_read(struct ntfs_index *idx, struct ntfs_inode *ni, CLST vbn,\n\t      struct indx_node **node);\nint indx_find(struct ntfs_index *indx, struct ntfs_inode *dir,\n\t      const struct INDEX_ROOT *root, const void *Key, size_t KeyLen,\n\t      const void *param, int *diff, struct NTFS_DE **entry,\n\t      struct ntfs_fnd *fnd);\nint indx_find_sort(struct ntfs_index *indx, struct ntfs_inode *ni,\n\t\t   const struct INDEX_ROOT *root, struct NTFS_DE **entry,\n\t\t   struct ntfs_fnd *fnd);\nint indx_find_raw(struct ntfs_index *indx, struct ntfs_inode *ni,\n\t\t  const struct INDEX_ROOT *root, struct NTFS_DE **entry,\n\t\t  size_t *off, struct ntfs_fnd *fnd);\nint indx_insert_entry(struct ntfs_index *indx, struct ntfs_inode *ni,\n\t\t      const struct NTFS_DE *new_de, const void *param,\n\t\t      struct ntfs_fnd *fnd, bool undo);\nint indx_delete_entry(struct ntfs_index *indx, struct ntfs_inode *ni,\n\t\t      const void *key, u32 key_len, const void *param);\nint indx_update_dup(struct ntfs_inode *ni, struct ntfs_sb_info *sbi,\n\t\t    const struct ATTR_FILE_NAME *fname,\n\t\t    const struct NTFS_DUP_INFO *dup, int sync);\n\n/* Globals from inode.c */\nstruct inode *ntfs_iget5(struct super_block *sb, const struct MFT_REF *ref,\n\t\t\t const struct cpu_str *name);\nint ntfs_set_size(struct inode *inode, u64 new_size);\nint ntfs_get_block(struct inode *inode, sector_t vbn,\n\t\t   struct buffer_head *bh_result, int create);\nint ntfs_write_begin(struct file *file, struct address_space *mapping,\n\t\t     loff_t pos, u32 len, struct folio **foliop, void **fsdata);\nint ntfs_write_end(struct file *file, struct address_space *mapping, loff_t pos,\n\t\t   u32 len, u32 copied, struct folio *folio, void *fsdata);\nint ntfs3_write_inode(struct inode *inode, struct writeback_control *wbc);\nint ntfs_sync_inode(struct inode *inode);\nint ntfs_flush_inodes(struct super_block *sb, struct inode *i1,\n\t\t      struct inode *i2);\nint inode_read_data(struct inode *inode, void *data, size_t bytes);\nint ntfs_create_inode(struct mnt_idmap *idmap, struct inode *dir,\n\t\t      struct dentry *dentry, const struct cpu_str *uni,\n\t\t      umode_t mode, dev_t dev, const char *symname, u32 size,\n\t\t      struct ntfs_fnd *fnd);\nint ntfs_link_inode(struct inode *inode, struct dentry *dentry);\nint ntfs_unlink_inode(struct inode *dir, const struct dentry *dentry);\nvoid ntfs_evict_inode(struct inode *inode);\nextern const struct inode_operations ntfs_link_inode_operations;\nextern const struct address_space_operations ntfs_aops;\nextern const struct address_space_operations ntfs_aops_cmpr;\n\n/* Globals from name_i.c */\nint fill_name_de(struct ntfs_sb_info *sbi, void *buf, const struct qstr *name,\n\t\t const struct cpu_str *uni);\nstruct dentry *ntfs3_get_parent(struct dentry *child);\n\nextern const struct inode_operations ntfs_dir_inode_operations;\nextern const struct inode_operations ntfs_special_inode_operations;\nextern const struct dentry_operations ntfs_dentry_ops;\n\n/* Globals from record.c */\nint mi_get(struct ntfs_sb_info *sbi, CLST rno, struct mft_inode **mi);\nvoid mi_put(struct mft_inode *mi);\nint mi_init(struct mft_inode *mi, struct ntfs_sb_info *sbi, CLST rno);\nint mi_read(struct mft_inode *mi, bool is_mft);\nstruct ATTRIB *mi_enum_attr(struct mft_inode *mi, struct ATTRIB *attr);\n// TODO: id?\nstruct ATTRIB *mi_find_attr(struct mft_inode *mi, struct ATTRIB *attr,\n\t\t\t    enum ATTR_TYPE type, const __le16 *name,\n\t\t\t    u8 name_len, const __le16 *id);\nstatic inline struct ATTRIB *rec_find_attr_le(struct mft_inode *rec,\n\t\t\t\t\t      struct ATTR_LIST_ENTRY *le)\n{\n\treturn mi_find_attr(rec, NULL, le->type, le_name(le), le->name_len,\n\t\t\t    &le->id);\n}\nint mi_write(struct mft_inode *mi, int wait);\nint mi_format_new(struct mft_inode *mi, struct ntfs_sb_info *sbi, CLST rno,\n\t\t  __le16 flags, bool is_mft);\nstruct ATTRIB *mi_insert_attr(struct mft_inode *mi, enum ATTR_TYPE type,\n\t\t\t      const __le16 *name, u8 name_len, u32 asize,\n\t\t\t      u16 name_off);\n\nbool mi_remove_attr(struct ntfs_inode *ni, struct mft_inode *mi,\n\t\t    struct ATTRIB *attr);\nbool mi_resize_attr(struct mft_inode *mi, struct ATTRIB *attr, int bytes);\nint mi_pack_runs(struct mft_inode *mi, struct ATTRIB *attr,\n\t\t struct runs_tree *run, CLST len);\nstatic inline bool mi_is_ref(const struct mft_inode *mi,\n\t\t\t     const struct MFT_REF *ref)\n{\n\tif (le32_to_cpu(ref->low) != mi->rno)\n\t\treturn false;\n\tif (ref->seq != mi->mrec->seq)\n\t\treturn false;\n\n#ifdef CONFIG_NTFS3_64BIT_CLUSTER\n\treturn le16_to_cpu(ref->high) == (mi->rno >> 32);\n#else\n\treturn !ref->high;\n#endif\n}\n\nstatic inline void mi_get_ref(const struct mft_inode *mi, struct MFT_REF *ref)\n{\n\tref->low = cpu_to_le32(mi->rno);\n#ifdef CONFIG_NTFS3_64BIT_CLUSTER\n\tref->high = cpu_to_le16(mi->rno >> 32);\n#else\n\tref->high = 0;\n#endif\n\tref->seq = mi->mrec->seq;\n}\n\n/* Globals from run.c */\nbool run_lookup_entry(const struct runs_tree *run, CLST vcn, CLST *lcn,\n\t\t      CLST *len, size_t *index);\nvoid run_truncate(struct runs_tree *run, CLST vcn);\nvoid run_truncate_head(struct runs_tree *run, CLST vcn);\nvoid run_truncate_around(struct runs_tree *run, CLST vcn);\nbool run_add_entry(struct runs_tree *run, CLST vcn, CLST lcn, CLST len,\n\t\t   bool is_mft);\nbool run_collapse_range(struct runs_tree *run, CLST vcn, CLST len);\nbool run_insert_range(struct runs_tree *run, CLST vcn, CLST len);\nbool run_get_entry(const struct runs_tree *run, size_t index, CLST *vcn,\n\t\t   CLST *lcn, CLST *len);\nbool run_is_mapped_full(const struct runs_tree *run, CLST svcn, CLST evcn);\n\nint run_pack(const struct runs_tree *run, CLST svcn, CLST len, u8 *run_buf,\n\t     u32 run_buf_size, CLST *packed_vcns);\nint run_unpack(struct runs_tree *run, struct ntfs_sb_info *sbi, CLST ino,\n\t       CLST svcn, CLST evcn, CLST vcn, const u8 *run_buf,\n\t       int run_buf_size);\n\n#ifdef NTFS3_CHECK_FREE_CLST\nint run_unpack_ex(struct runs_tree *run, struct ntfs_sb_info *sbi, CLST ino,\n\t\t  CLST svcn, CLST evcn, CLST vcn, const u8 *run_buf,\n\t\t  int run_buf_size);\n#else\n#define run_unpack_ex run_unpack\n#endif\nint run_get_highest_vcn(CLST vcn, const u8 *run_buf, u64 *highest_vcn);\nint run_clone(const struct runs_tree *run, struct runs_tree *new_run);\n\n/* Globals from super.c */\nvoid *ntfs_set_shared(void *ptr, u32 bytes);\nvoid *ntfs_put_shared(void *ptr);\nvoid ntfs_unmap_meta(struct super_block *sb, CLST lcn, CLST len);\nint ntfs_discard(struct ntfs_sb_info *sbi, CLST Lcn, CLST Len);\n\n/* Globals from bitmap.c*/\nint __init ntfs3_init_bitmap(void);\nvoid ntfs3_exit_bitmap(void);\nvoid wnd_close(struct wnd_bitmap *wnd);\nstatic inline size_t wnd_zeroes(const struct wnd_bitmap *wnd)\n{\n\treturn wnd->total_zeroes;\n}\nint wnd_init(struct wnd_bitmap *wnd, struct super_block *sb, size_t nbits);\nint wnd_set_free(struct wnd_bitmap *wnd, size_t bit, size_t bits);\nint wnd_set_used(struct wnd_bitmap *wnd, size_t bit, size_t bits);\nint wnd_set_used_safe(struct wnd_bitmap *wnd, size_t bit, size_t bits,\n\t\t      size_t *done);\nbool wnd_is_free(struct wnd_bitmap *wnd, size_t bit, size_t bits);\nbool wnd_is_used(struct wnd_bitmap *wnd, size_t bit, size_t bits);\n\n/* Possible values for \'flags\' \'wnd_find\'. */\n#define BITMAP_FIND_MARK_AS_USED 0x01\n#define BITMAP_FIND_FULL 0x02\nsize_t wnd_find(struct wnd_bitmap *wnd, size_t to_alloc, size_t hint,\n\t\tsize_t flags, size_t *allocated);\nint wnd_extend(struct wnd_bitmap *wnd, size_t new_bits);\nvoid wnd_zone_set(struct wnd_bitmap *wnd, size_t Lcn, size_t Len);\nint ntfs_trim_fs(struct ntfs_sb_info *sbi, struct fstrim_range *range);\n\nvoid ntfs_bitmap_set_le(void *map, unsigned int start, int len);\nvoid ntfs_bitmap_clear_le(void *map, unsigned int start, int len);\nunsigned int ntfs_bitmap_weight_le(const void *bitmap, int bits);\n\n/* Globals from upcase.c */\nint ntfs_cmp_names(const __le16 *s1, size_t l1, const __le16 *s2, size_t l2,\n\t\t   const u16 *upcase, bool bothcase);\nint ntfs_cmp_names_cpu(const struct cpu_str *uni1, const struct le_str *uni2,\n\t\t       const u16 *upcase, bool bothcase);\nunsigned long ntfs_names_hash(const u16 *name, size_t len, const u16 *upcase,\n\t\t\t      unsigned long hash);\n\n/* globals from xattr.c */\n#ifdef CONFIG_NTFS3_FS_POSIX_ACL\nstruct posix_acl *ntfs_get_acl(struct mnt_idmap *idmap, struct dentry *dentry,\n\t\t\t       int type);\nint ntfs_set_acl(struct mnt_idmap *idmap, struct dentry *dentry,\n\t\t struct posix_acl *acl, int type);\nint ntfs_init_acl(struct mnt_idmap *idmap, struct inode *inode,\n\t\t  struct inode *dir);\n#else\n#define ntfs_get_acl NULL\n#define ntfs_set_acl NULL\n#endif\n\nint ntfs_acl_chmod(struct mnt_idmap *idmap, struct dentry *dentry);\nssize_t ntfs_listxattr(struct dentry *dentry, char *buffer, size_t size);\nextern const struct xattr_handler *const ntfs_xattr_handlers[];\n\nint ntfs_save_wsl_perm(struct inode *inode, __le16 *ea_size);\nvoid ntfs_get_wsl_perm(struct inode *inode);\n\n/* globals from lznt.c */\nstruct lznt *get_lznt_ctx(int level);\nsize_t compress_lznt(const void *uncompressed, size_t uncompressed_size,\n\t\t     void *compressed, size_t compressed_size,\n\t\t     struct lznt *ctx);\nssize_t decompress_lznt(const void *compressed, size_t compressed_size,\n\t\t\tvoid *uncompressed, size_t uncompressed_size);\n\nstatic inline bool is_ntfs3(struct ntfs_sb_info *sbi)\n{\n\treturn sbi->volume.major_ver >= 3;\n}\n\n/* (sb->s_flags & SB_ACTIVE) */\nstatic inline bool is_mounted(struct ntfs_sb_info *sbi)\n{\n\treturn !!sbi->sb->s_root;\n}\n\nstatic inline bool ntfs_is_meta_file(struct ntfs_sb_info *sbi, CLST rno)\n{\n\treturn rno < MFT_REC_FREE || rno == sbi->objid_no ||\n\t       rno == sbi->quota_no || rno == sbi->reparse_no ||\n\t       rno == sbi->usn_jrnl_no;\n}\n\nstatic inline size_t wnd_zone_bit(const struct wnd_bitmap *wnd)\n{\n\treturn wnd->zone_bit;\n}\n\nstatic inline size_t wnd_zone_len(const struct wnd_bitmap *wnd)\n{\n\treturn wnd->zone_end - wnd->zone_bit;\n}\n\nstatic inline void run_init(struct runs_tree *run)\n{\n\trun->runs = NULL;\n\trun->count = 0;\n\trun->allocated = 0;\n}\n\nstatic inline struct runs_tree *run_alloc(void)\n{\n\treturn kzalloc(sizeof(struct runs_tree), GFP_NOFS);\n}\n\nstatic inline void run_close(struct runs_tree *run)\n{\n\tkvfree(run->runs);\n\tmemset(run, 0, sizeof(*run));\n}\n\nstatic inline void run_free(struct runs_tree *run)\n{\n\tif (run) {\n\t\tkvfree(run->runs);\n\t\tkfree(run);\n\t}\n}\n\nstatic inline bool run_is_empty(struct runs_tree *run)\n{\n\treturn !run->count;\n}\n\n/* NTFS uses quad aligned bitmaps. */\nstatic inline size_t ntfs3_bitmap_size(size_t bits)\n{\n\treturn BITS_TO_U64(bits) * sizeof(u64);\n}\n\n#define _100ns2seconds 10000000\n#define SecondsToStartOf1970 0x00000002B6109100\n\n#define NTFS_TIME_GRAN 100\n\n/*\n * kernel2nt - Converts in-memory kernel timestamp into nt time.\n */\nstatic inline __le64 kernel2nt(const struct timespec64 *ts)\n{\n\t// 10^7 units of 100 nanoseconds one second\n\treturn cpu_to_le64(_100ns2seconds *\n\t\t\t\t   (ts->tv_sec + SecondsToStartOf1970) +\n\t\t\t   ts->tv_nsec / NTFS_TIME_GRAN);\n}\n\n/*\n * nt2kernel - Converts on-disk nt time into kernel timestamp.\n */\nstatic inline void nt2kernel(const __le64 tm, struct timespec64 *ts)\n{\n\tu64 t = le64_to_cpu(tm) - _100ns2seconds * SecondsToStartOf1970;\n\n\t// WARNING: do_div changes its first argument(!)\n\tts->tv_nsec = do_div(t, _100ns2seconds) * 100;\n\tts->tv_sec = t;\n}\n\nstatic inline struct ntfs_sb_info *ntfs_sb(struct super_block *sb)\n{\n\treturn sb->s_fs_info;\n}\n\nstatic inline int ntfs3_forced_shutdown(struct super_block *sb)\n{\n\treturn test_bit(NTFS_FLAGS_SHUTDOWN_BIT, &ntfs_sb(sb)->flags);\n}\n\n/*\n * ntfs_up_cluster - Align up on cluster boundary.\n */\nstatic inline u64 ntfs_up_cluster(const struct ntfs_sb_info *sbi, u64 size)\n{\n\treturn (size + sbi->cluster_mask) & sbi->cluster_mask_inv;\n}\n\n/*\n * ntfs_up_block - Align up on cluster boundary.\n */\nstatic inline u64 ntfs_up_block(const struct super_block *sb, u64 size)\n{\n\treturn (size + sb->s_blocksize - 1) & ~(u64)(sb->s_blocksize - 1);\n}\n\nstatic inline CLST bytes_to_cluster(const struct ntfs_sb_info *sbi, u64 size)\n{\n\treturn (size + sbi->cluster_mask) >> sbi->cluster_bits;\n}\n\nstatic inline u64 bytes_to_block(const struct super_block *sb, u64 size)\n{\n\treturn (size + sb->s_blocksize - 1) >> sb->s_blocksize_bits;\n}\n\nstatic inline struct ntfs_inode *ntfs_i(struct inode *inode)\n{\n\treturn container_of(inode, struct ntfs_inode, vfs_inode);\n}\n\nstatic inline bool is_compressed(const struct ntfs_inode *ni)\n{\n\treturn (ni->std_fa & FILE_ATTRIBUTE_COMPRESSED) ||\n\t       (ni->ni_flags & NI_FLAG_COMPRESSED_MASK);\n}\n\nstatic inline int ni_ext_compress_bits(const struct ntfs_inode *ni)\n{\n\treturn 0xb + (ni->ni_flags & NI_FLAG_COMPRESSED_MASK);\n}\n\n/* Bits - 0xc, 0xd, 0xe, 0xf, 0x10 */\nstatic inline void ni_set_ext_compress_bits(struct ntfs_inode *ni, u8 bits)\n{\n\tni->ni_flags |= (bits - 0xb) & NI_FLAG_COMPRESSED_MASK;\n}\n\nstatic inline bool is_dedup(const struct ntfs_inode *ni)\n{\n\treturn ni->ni_flags & NI_FLAG_DEDUPLICATED;\n}\n\nstatic inline bool is_encrypted(const struct ntfs_inode *ni)\n{\n\treturn ni->std_fa & FILE_ATTRIBUTE_ENCRYPTED;\n}\n\nstatic inline bool is_sparsed(const struct ntfs_inode *ni)\n{\n\treturn ni->std_fa & FILE_ATTRIBUTE_SPARSE_FILE;\n}\n\nstatic inline int is_resident(struct ntfs_inode *ni)\n{\n\treturn ni->ni_flags & NI_FLAG_RESIDENT;\n}\n\nstatic inline void le16_sub_cpu(__le16 *var, u16 val)\n{\n\t*var = cpu_to_le16(le16_to_cpu(*var) - val);\n}\n\nstatic inline void le32_sub_cpu(__le32 *var, u32 val)\n{\n\t*var = cpu_to_le32(le32_to_cpu(*var) - val);\n}\n\nstatic inline void nb_put(struct ntfs_buffers *nb)\n{\n\tu32 i, nbufs = nb->nbufs;\n\n\tif (!nbufs)\n\t\treturn;\n\n\tfor (i = 0; i < nbufs; i++)\n\t\tput_bh(nb->bh[i]);\n\tnb->nbufs = 0;\n}\n\nstatic inline void put_indx_node(struct indx_node *in)\n{\n\tif (!in)\n\t\treturn;\n\n\tkfree(in->index);\n\tnb_put(&in->nb);\n\tkfree(in);\n}\n\nstatic inline void mi_clear(struct mft_inode *mi)\n{\n\tnb_put(&mi->nb);\n\tkfree(mi->mrec);\n\tmi->mrec = NULL;\n}\n\nstatic inline void ni_lock(struct ntfs_inode *ni)\n{\n\tmutex_lock_nested(&ni->ni_lock, NTFS_INODE_MUTEX_NORMAL);\n}\n\nstatic inline void ni_lock_dir(struct ntfs_inode *ni)\n{\n\tmutex_lock_nested(&ni->ni_lock, NTFS_INODE_MUTEX_PARENT);\n}\n\nstatic inline void ni_lock_dir2(struct ntfs_inode *ni)\n{\n\tmutex_lock_nested(&ni->ni_lock, NTFS_INODE_MUTEX_PARENT2);\n}\n\nstatic inline void ni_unlock(struct ntfs_inode *ni)\n{\n\tmutex_unlock(&ni->ni_lock);\n}\n\nstatic inline int ni_trylock(struct ntfs_inode *ni)\n{\n\treturn mutex_trylock(&ni->ni_lock);\n}\n\nstatic inline int attr_load_runs_attr(struct ntfs_inode *ni,\n\t\t\t\t      struct ATTRIB *attr,\n\t\t\t\t      struct runs_tree *run, CLST vcn)\n{\n\treturn attr_load_runs_vcn(ni, attr->type, attr_name(attr),\n\t\t\t\t  attr->name_len, run, vcn);\n}\n\nstatic inline void le64_sub_cpu(__le64 *var, u64 val)\n{\n\t*var = cpu_to_le64(le64_to_cpu(*var) - val);\n}\n\n#if IS_ENABLED(CONFIG_NTFS_FS)\nbool is_legacy_ntfs(struct super_block *sb);\n#else\nstatic inline bool is_legacy_ntfs(struct super_block *sb)\n{\n\treturn false;\n}\n#endif\n\n#endif /* _LINUX_NTFS3_NTFS_FS_H */\n', 'sha': None}, {'filename': 'fs/ntfs3/record.c', 'content': '// SPDX-License-Identifier: GPL-2.0\n/*\n *\n * Copyright (C) 2019-2021 Paragon Software GmbH, All rights reserved.\n *\n */\n\n#include <linux/fs.h>\n\n#include "debug.h"\n#include "ntfs.h"\n#include "ntfs_fs.h"\n\nstatic inline int compare_attr(const struct ATTRIB *left, enum ATTR_TYPE type,\n\t\t\t       const __le16 *name, u8 name_len,\n\t\t\t       const u16 *upcase)\n{\n\t/* First, compare the type codes. */\n\tint diff = le32_to_cpu(left->type) - le32_to_cpu(type);\n\n\tif (diff)\n\t\treturn diff;\n\n\t/* They have the same type code, so we have to compare the names. */\n\treturn ntfs_cmp_names(attr_name(left), left->name_len, name, name_len,\n\t\t\t      upcase, true);\n}\n\n/*\n * mi_new_attt_id\n *\n * Return: Unused attribute id that is less than mrec->next_attr_id.\n */\nstatic __le16 mi_new_attt_id(struct mft_inode *mi)\n{\n\tu16 free_id, max_id, t16;\n\tstruct MFT_REC *rec = mi->mrec;\n\tstruct ATTRIB *attr;\n\t__le16 id;\n\n\tid = rec->next_attr_id;\n\tfree_id = le16_to_cpu(id);\n\tif (free_id < 0x7FFF) {\n\t\trec->next_attr_id = cpu_to_le16(free_id + 1);\n\t\treturn id;\n\t}\n\n\t/* One record can store up to 1024/24 ~= 42 attributes. */\n\tfree_id = 0;\n\tmax_id = 0;\n\n\tattr = NULL;\n\n\tfor (;;) {\n\t\tattr = mi_enum_attr(mi, attr);\n\t\tif (!attr) {\n\t\t\trec->next_attr_id = cpu_to_le16(max_id + 1);\n\t\t\tmi->dirty = true;\n\t\t\treturn cpu_to_le16(free_id);\n\t\t}\n\n\t\tt16 = le16_to_cpu(attr->id);\n\t\tif (t16 == free_id) {\n\t\t\tfree_id += 1;\n\t\t\tattr = NULL;\n\t\t} else if (max_id < t16)\n\t\t\tmax_id = t16;\n\t}\n}\n\nint mi_get(struct ntfs_sb_info *sbi, CLST rno, struct mft_inode **mi)\n{\n\tint err;\n\tstruct mft_inode *m = kzalloc(sizeof(struct mft_inode), GFP_NOFS);\n\n\tif (!m)\n\t\treturn -ENOMEM;\n\n\terr = mi_init(m, sbi, rno);\n\tif (err) {\n\t\tkfree(m);\n\t\treturn err;\n\t}\n\n\terr = mi_read(m, false);\n\tif (err) {\n\t\tmi_put(m);\n\t\treturn err;\n\t}\n\n\t*mi = m;\n\treturn 0;\n}\n\nvoid mi_put(struct mft_inode *mi)\n{\n\tmi_clear(mi);\n\tkfree(mi);\n}\n\nint mi_init(struct mft_inode *mi, struct ntfs_sb_info *sbi, CLST rno)\n{\n\tmi->sbi = sbi;\n\tmi->rno = rno;\n\tmi->mrec = kmalloc(sbi->record_size, GFP_NOFS);\n\tif (!mi->mrec)\n\t\treturn -ENOMEM;\n\n\treturn 0;\n}\n\n/*\n * mi_read - Read MFT data.\n */\nint mi_read(struct mft_inode *mi, bool is_mft)\n{\n\tint err;\n\tstruct MFT_REC *rec = mi->mrec;\n\tstruct ntfs_sb_info *sbi = mi->sbi;\n\tu32 bpr = sbi->record_size;\n\tu64 vbo = (u64)mi->rno << sbi->record_bits;\n\tstruct ntfs_inode *mft_ni = sbi->mft.ni;\n\tstruct runs_tree *run = mft_ni ? &mft_ni->file.run : NULL;\n\tstruct rw_semaphore *rw_lock = NULL;\n\n\tif (is_mounted(sbi)) {\n\t\tif (!is_mft && mft_ni) {\n\t\t\trw_lock = &mft_ni->file.run_lock;\n\t\t\tdown_read(rw_lock);\n\t\t}\n\t}\n\n\terr = ntfs_read_bh(sbi, run, vbo, &rec->rhdr, bpr, &mi->nb);\n\tif (rw_lock)\n\t\tup_read(rw_lock);\n\tif (!err)\n\t\tgoto ok;\n\n\tif (err == -E_NTFS_FIXUP) {\n\t\tmi->dirty = true;\n\t\tgoto ok;\n\t}\n\n\tif (err != -ENOENT)\n\t\tgoto out;\n\n\tif (rw_lock) {\n\t\tni_lock(mft_ni);\n\t\tdown_write(rw_lock);\n\t}\n\terr = attr_load_runs_vcn(mft_ni, ATTR_DATA, NULL, 0, run,\n\t\t\t\t vbo >> sbi->cluster_bits);\n\tif (rw_lock) {\n\t\tup_write(rw_lock);\n\t\tni_unlock(mft_ni);\n\t}\n\tif (err)\n\t\tgoto out;\n\n\tif (rw_lock)\n\t\tdown_read(rw_lock);\n\terr = ntfs_read_bh(sbi, run, vbo, &rec->rhdr, bpr, &mi->nb);\n\tif (rw_lock)\n\t\tup_read(rw_lock);\n\n\tif (err == -E_NTFS_FIXUP) {\n\t\tmi->dirty = true;\n\t\tgoto ok;\n\t}\n\tif (err)\n\t\tgoto out;\n\nok:\n\t/* Check field \'total\' only here. */\n\tif (le32_to_cpu(rec->total) != bpr) {\n\t\terr = -EINVAL;\n\t\tgoto out;\n\t}\n\n\treturn 0;\n\nout:\n\tif (err == -E_NTFS_CORRUPT) {\n\t\tntfs_err(sbi->sb, "mft corrupted");\n\t\tntfs_set_state(sbi, NTFS_DIRTY_ERROR);\n\t\terr = -EINVAL;\n\t}\n\n\treturn err;\n}\n\n/*\n * mi_enum_attr - start/continue attributes enumeration in record.\n *\n * NOTE: mi->mrec - memory of size sbi->record_size\n * here we sure that mi->mrec->total == sbi->record_size (see mi_read)\n */\nstruct ATTRIB *mi_enum_attr(struct mft_inode *mi, struct ATTRIB *attr)\n{\n\tconst struct MFT_REC *rec = mi->mrec;\n\tu32 used = le32_to_cpu(rec->used);\n\tu32 t32, off, asize, prev_type;\n\tu16 t16;\n\tu64 data_size, alloc_size, tot_size;\n\n\tif (!attr) {\n\t\tu32 total = le32_to_cpu(rec->total);\n\n\t\toff = le16_to_cpu(rec->attr_off);\n\n\t\tif (used > total)\n\t\t\treturn NULL;\n\n\t\tif (off >= used || off < MFTRECORD_FIXUP_OFFSET_1 ||\n\t\t    !IS_ALIGNED(off, 8)) {\n\t\t\treturn NULL;\n\t\t}\n\n\t\t/* Skip non-resident records. */\n\t\tif (!is_rec_inuse(rec))\n\t\t\treturn NULL;\n\n\t\tprev_type = 0;\n\t\tattr = Add2Ptr(rec, off);\n\t} else {\n\t\t/*\n\t\t * We don\'t need to check previous attr here. There is\n\t\t * a bounds checking in the previous round.\n\t\t */\n\t\toff = PtrOffset(rec, attr);\n\n\t\tasize = le32_to_cpu(attr->size);\n\n\t\tprev_type = le32_to_cpu(attr->type);\n\t\tattr = Add2Ptr(attr, asize);\n\t\toff += asize;\n\t}\n\n\t/*\n\t * Can we use the first fields:\n\t * attr->type,\n\t * attr->size\n\t */\n\tif (off + 8 > used) {\n\t\tstatic_assert(ALIGN(sizeof(enum ATTR_TYPE), 8) == 8);\n\t\treturn NULL;\n\t}\n\n\tif (attr->type == ATTR_END) {\n\t\t/* End of enumeration. */\n\t\treturn NULL;\n\t}\n\n\t/* 0x100 is last known attribute for now. */\n\tt32 = le32_to_cpu(attr->type);\n\tif (!t32 || (t32 & 0xf) || (t32 > 0x100))\n\t\treturn NULL;\n\n\t/* attributes in record must be ordered by type */\n\tif (t32 < prev_type)\n\t\treturn NULL;\n\n\tasize = le32_to_cpu(attr->size);\n\n\tif (!IS_ALIGNED(asize, 8))\n\t\treturn NULL;\n\n\t/* Check overflow and boundary. */\n\tif (off + asize < off || off + asize > used)\n\t\treturn NULL;\n\n\t/* Can we use the field attr->non_res. */\n\tif (off + 9 > used)\n\t\treturn NULL;\n\n\t/* Check size of attribute. */\n\tif (!attr->non_res) {\n\t\t/* Check resident fields. */\n\t\tif (asize < SIZEOF_RESIDENT)\n\t\t\treturn NULL;\n\n\t\tt16 = le16_to_cpu(attr->res.data_off);\n\t\tif (t16 > asize)\n\t\t\treturn NULL;\n\n\t\tif (le32_to_cpu(attr->res.data_size) > asize - t16)\n\t\t\treturn NULL;\n\n\t\tt32 = sizeof(short) * attr->name_len;\n\t\tif (t32 && le16_to_cpu(attr->name_off) + t32 > t16)\n\t\t\treturn NULL;\n\n\t\treturn attr;\n\t}\n\n\t/* Check nonresident fields. */\n\tif (attr->non_res != 1)\n\t\treturn NULL;\n\n\t/* Can we use memory including attr->nres.valid_size? */\n\tif (asize < SIZEOF_NONRESIDENT)\n\t\treturn NULL;\n\n\tt16 = le16_to_cpu(attr->nres.run_off);\n\tif (t16 > asize)\n\t\treturn NULL;\n\n\tt32 = sizeof(short) * attr->name_len;\n\tif (t32 && le16_to_cpu(attr->name_off) + t32 > t16)\n\t\treturn NULL;\n\n\t/* Check start/end vcn. */\n\tif (le64_to_cpu(attr->nres.svcn) > le64_to_cpu(attr->nres.evcn) + 1)\n\t\treturn NULL;\n\n\tdata_size = le64_to_cpu(attr->nres.data_size);\n\tif (le64_to_cpu(attr->nres.valid_size) > data_size)\n\t\treturn NULL;\n\n\talloc_size = le64_to_cpu(attr->nres.alloc_size);\n\tif (data_size > alloc_size)\n\t\treturn NULL;\n\n\tt32 = mi->sbi->cluster_mask;\n\tif (alloc_size & t32)\n\t\treturn NULL;\n\n\tif (!attr->nres.svcn && is_attr_ext(attr)) {\n\t\t/* First segment of sparse/compressed attribute */\n\t\t/* Can we use memory including attr->nres.total_size? */\n\t\tif (asize < SIZEOF_NONRESIDENT_EX)\n\t\t\treturn NULL;\n\n\t\ttot_size = le64_to_cpu(attr->nres.total_size);\n\t\tif (tot_size & t32)\n\t\t\treturn NULL;\n\n\t\tif (tot_size > alloc_size)\n\t\t\treturn NULL;\n\t} else {\n\t\tif (attr->nres.c_unit)\n\t\t\treturn NULL;\n\n\t\tif (alloc_size > mi->sbi->volume.size)\n\t\t\treturn NULL;\n\t}\n\n\treturn attr;\n}\n\n/*\n * mi_find_attr - Find the attribute by type and name and id.\n */\nstruct ATTRIB *mi_find_attr(struct mft_inode *mi, struct ATTRIB *attr,\n\t\t\t    enum ATTR_TYPE type, const __le16 *name,\n\t\t\t    u8 name_len, const __le16 *id)\n{\n\tu32 type_in = le32_to_cpu(type);\n\tu32 atype;\n\nnext_attr:\n\tattr = mi_enum_attr(mi, attr);\n\tif (!attr)\n\t\treturn NULL;\n\n\tatype = le32_to_cpu(attr->type);\n\tif (atype > type_in)\n\t\treturn NULL;\n\n\tif (atype < type_in)\n\t\tgoto next_attr;\n\n\tif (attr->name_len != name_len)\n\t\tgoto next_attr;\n\n\tif (name_len && memcmp(attr_name(attr), name, name_len * sizeof(short)))\n\t\tgoto next_attr;\n\n\tif (id && *id != attr->id)\n\t\tgoto next_attr;\n\n\treturn attr;\n}\n\nint mi_write(struct mft_inode *mi, int wait)\n{\n\tstruct MFT_REC *rec;\n\tint err;\n\tstruct ntfs_sb_info *sbi;\n\n\tif (!mi->dirty)\n\t\treturn 0;\n\n\tsbi = mi->sbi;\n\trec = mi->mrec;\n\n\terr = ntfs_write_bh(sbi, &rec->rhdr, &mi->nb, wait);\n\tif (err)\n\t\treturn err;\n\n\tif (mi->rno < sbi->mft.recs_mirr)\n\t\tsbi->flags |= NTFS_FLAGS_MFTMIRR;\n\n\tmi->dirty = false;\n\n\treturn 0;\n}\n\nint mi_format_new(struct mft_inode *mi, struct ntfs_sb_info *sbi, CLST rno,\n\t\t  __le16 flags, bool is_mft)\n{\n\tint err;\n\tu16 seq = 1;\n\tstruct MFT_REC *rec;\n\tu64 vbo = (u64)rno << sbi->record_bits;\n\n\terr = mi_init(mi, sbi, rno);\n\tif (err)\n\t\treturn err;\n\n\trec = mi->mrec;\n\n\tif (rno == MFT_REC_MFT) {\n\t\t;\n\t} else if (rno < MFT_REC_FREE) {\n\t\tseq = rno;\n\t} else if (rno >= sbi->mft.used) {\n\t\t;\n\t} else if (mi_read(mi, is_mft)) {\n\t\t;\n\t} else if (rec->rhdr.sign == NTFS_FILE_SIGNATURE) {\n\t\t/* Record is reused. Update its sequence number. */\n\t\tseq = le16_to_cpu(rec->seq) + 1;\n\t\tif (!seq)\n\t\t\tseq = 1;\n\t}\n\n\tmemcpy(rec, sbi->new_rec, sbi->record_size);\n\n\trec->seq = cpu_to_le16(seq);\n\trec->flags = RECORD_FLAG_IN_USE | flags;\n\tif (MFTRECORD_FIXUP_OFFSET == MFTRECORD_FIXUP_OFFSET_3)\n\t\trec->mft_record = cpu_to_le32(rno);\n\n\tmi->dirty = true;\n\n\tif (!mi->nb.nbufs) {\n\t\tstruct ntfs_inode *ni = sbi->mft.ni;\n\t\tbool lock = false;\n\n\t\tif (is_mounted(sbi) && !is_mft) {\n\t\t\tdown_read(&ni->file.run_lock);\n\t\t\tlock = true;\n\t\t}\n\n\t\terr = ntfs_get_bh(sbi, &ni->file.run, vbo, sbi->record_size,\n\t\t\t\t  &mi->nb);\n\t\tif (lock)\n\t\t\tup_read(&ni->file.run_lock);\n\t}\n\n\treturn err;\n}\n\n/*\n * mi_insert_attr - Reserve space for new attribute.\n *\n * Return: Not full constructed attribute or NULL if not possible to create.\n */\nstruct ATTRIB *mi_insert_attr(struct mft_inode *mi, enum ATTR_TYPE type,\n\t\t\t      const __le16 *name, u8 name_len, u32 asize,\n\t\t\t      u16 name_off)\n{\n\tsize_t tail;\n\tstruct ATTRIB *attr;\n\t__le16 id;\n\tstruct MFT_REC *rec = mi->mrec;\n\tstruct ntfs_sb_info *sbi = mi->sbi;\n\tu32 used = le32_to_cpu(rec->used);\n\tconst u16 *upcase = sbi->upcase;\n\n\t/* Can we insert mi attribute? */\n\tif (used + asize > sbi->record_size)\n\t\treturn NULL;\n\n\t/*\n\t * Scan through the list of attributes to find the point\n\t * at which we should insert it.\n\t */\n\tattr = NULL;\n\twhile ((attr = mi_enum_attr(mi, attr))) {\n\t\tint diff = compare_attr(attr, type, name, name_len, upcase);\n\n\t\tif (diff < 0)\n\t\t\tcontinue;\n\n\t\tif (!diff && !is_attr_indexed(attr))\n\t\t\treturn NULL;\n\t\tbreak;\n\t}\n\n\tif (!attr) {\n\t\t/* Append. */\n\t\ttail = 8;\n\t\tattr = Add2Ptr(rec, used - 8);\n\t} else {\n\t\t/* Insert before \'attr\'. */\n\t\ttail = used - PtrOffset(rec, attr);\n\t}\n\n\tid = mi_new_attt_id(mi);\n\n\tmemmove(Add2Ptr(attr, asize), attr, tail);\n\tmemset(attr, 0, asize);\n\n\tattr->type = type;\n\tattr->size = cpu_to_le32(asize);\n\tattr->name_len = name_len;\n\tattr->name_off = cpu_to_le16(name_off);\n\tattr->id = id;\n\n\tmemmove(Add2Ptr(attr, name_off), name, name_len * sizeof(short));\n\trec->used = cpu_to_le32(used + asize);\n\n\tmi->dirty = true;\n\n\treturn attr;\n}\n\n/*\n * mi_remove_attr - Remove the attribute from record.\n *\n * NOTE: The source attr will point to next attribute.\n */\nbool mi_remove_attr(struct ntfs_inode *ni, struct mft_inode *mi,\n\t\t    struct ATTRIB *attr)\n{\n\tstruct MFT_REC *rec = mi->mrec;\n\tu32 aoff = PtrOffset(rec, attr);\n\tu32 used = le32_to_cpu(rec->used);\n\tu32 asize = le32_to_cpu(attr->size);\n\n\tif (aoff + asize > used)\n\t\treturn false;\n\n\tif (ni && is_attr_indexed(attr) && attr->type == ATTR_NAME) {\n\t\tu16 links = le16_to_cpu(ni->mi.mrec->hard_links);\n\t\tif (!links) {\n\t\t\t/* minor error. Not critical. */\n\t\t} else {\n\t\t\tni->mi.mrec->hard_links = cpu_to_le16(links - 1);\n\t\t\tni->mi.dirty = true;\n\t\t}\n\t}\n\n\tused -= asize;\n\tmemmove(attr, Add2Ptr(attr, asize), used - aoff);\n\trec->used = cpu_to_le32(used);\n\tmi->dirty = true;\n\n\treturn true;\n}\n\n/* bytes = "new attribute size" - "old attribute size" */\nbool mi_resize_attr(struct mft_inode *mi, struct ATTRIB *attr, int bytes)\n{\n\tstruct MFT_REC *rec = mi->mrec;\n\tu32 aoff = PtrOffset(rec, attr);\n\tu32 total, used = le32_to_cpu(rec->used);\n\tu32 nsize, asize = le32_to_cpu(attr->size);\n\tu32 rsize = le32_to_cpu(attr->res.data_size);\n\tint tail = (int)(used - aoff - asize);\n\tint dsize;\n\tchar *next;\n\n\tif (tail < 0 || aoff >= used)\n\t\treturn false;\n\n\tif (!bytes)\n\t\treturn true;\n\n\ttotal = le32_to_cpu(rec->total);\n\tnext = Add2Ptr(attr, asize);\n\n\tif (bytes > 0) {\n\t\tdsize = ALIGN(bytes, 8);\n\t\tif (used + dsize > total)\n\t\t\treturn false;\n\t\tnsize = asize + dsize;\n\t\t/* Move tail */\n\t\tmemmove(next + dsize, next, tail);\n\t\tmemset(next, 0, dsize);\n\t\tused += dsize;\n\t\trsize += dsize;\n\t} else {\n\t\tdsize = ALIGN(-bytes, 8);\n\t\tif (dsize > asize)\n\t\t\treturn false;\n\t\tnsize = asize - dsize;\n\t\tmemmove(next - dsize, next, tail);\n\t\tused -= dsize;\n\t\trsize -= dsize;\n\t}\n\n\trec->used = cpu_to_le32(used);\n\tattr->size = cpu_to_le32(nsize);\n\tif (!attr->non_res)\n\t\tattr->res.data_size = cpu_to_le32(rsize);\n\tmi->dirty = true;\n\n\treturn true;\n}\n\n/*\n * Pack runs in MFT record.\n * If failed record is not changed.\n */\nint mi_pack_runs(struct mft_inode *mi, struct ATTRIB *attr,\n\t\t struct runs_tree *run, CLST len)\n{\n\tint err = 0;\n\tstruct ntfs_sb_info *sbi = mi->sbi;\n\tu32 new_run_size;\n\tCLST plen;\n\tstruct MFT_REC *rec = mi->mrec;\n\tCLST svcn = le64_to_cpu(attr->nres.svcn);\n\tu32 used = le32_to_cpu(rec->used);\n\tu32 aoff = PtrOffset(rec, attr);\n\tu32 asize = le32_to_cpu(attr->size);\n\tchar *next = Add2Ptr(attr, asize);\n\tu16 run_off = le16_to_cpu(attr->nres.run_off);\n\tu32 run_size = asize - run_off;\n\tu32 tail = used - aoff - asize;\n\tu32 dsize = sbi->record_size - used;\n\n\t/* Make a maximum gap in current record. */\n\tmemmove(next + dsize, next, tail);\n\n\t/* Pack as much as possible. */\n\terr = run_pack(run, svcn, len, Add2Ptr(attr, run_off), run_size + dsize,\n\t\t       &plen);\n\tif (err < 0) {\n\t\tmemmove(next, next + dsize, tail);\n\t\treturn err;\n\t}\n\n\tnew_run_size = ALIGN(err, 8);\n\n\tmemmove(next + new_run_size - run_size, next + dsize, tail);\n\n\tattr->size = cpu_to_le32(asize + new_run_size - run_size);\n\tattr->nres.evcn = cpu_to_le64(svcn + plen - 1);\n\trec->used = cpu_to_le32(used + new_run_size - run_size);\n\tmi->dirty = true;\n\n\treturn 0;\n}\n', 'sha': None}]
2025-06-12 15:59:15.969 | INFO     | git_operations:get_file_contents_from_ref:264 - 获取内容中：['fs/ntfs3/attrib.c', 'fs/ntfs3/frecord.c', 'fs/ntfs3/ntfs_fs.h', 'fs/ntfs3/record.c']
2025-06-12 15:59:15.970 | INFO     | git_operations:_get_file_contents_local:280 - 正在从本地仓库获取文件 fs/ntfs3/attrib.c 在 v6.12-rc7 的内容
2025-06-12 15:59:15.978 | INFO     | git_operations:_get_file_contents_local:280 - 正在从本地仓库获取文件 fs/ntfs3/frecord.c 在 v6.12-rc7 的内容
2025-06-12 15:59:15.986 | INFO     | git_operations:_get_file_contents_local:280 - 正在从本地仓库获取文件 fs/ntfs3/ntfs_fs.h 在 v6.12-rc7 的内容
2025-06-12 15:59:15.994 | INFO     | git_operations:_get_file_contents_local:280 - 正在从本地仓库获取文件 fs/ntfs3/record.c 在 v6.12-rc7 的内容
2025-06-12 15:59:16.001 | INFO     | git_operations:_get_file_contents_local:300 - 本地获取文件内容为: [{'filename': 'fs/ntfs3/attrib.c', 'content': '// SPDX-License-Identifier: GPL-2.0\n/*\n *\n * Copyright (C) 2019-2021 Paragon Software GmbH, All rights reserved.\n *\n * TODO: Merge attr_set_size/attr_data_get_block/attr_allocate_frame?\n */\n\n#include <linux/fs.h>\n#include <linux/slab.h>\n#include <linux/kernel.h>\n\n#include "debug.h"\n#include "ntfs.h"\n#include "ntfs_fs.h"\n\n/*\n * You can set external NTFS_MIN_LOG2_OF_CLUMP/NTFS_MAX_LOG2_OF_CLUMP to manage\n * preallocate algorithm.\n */\n#ifndef NTFS_MIN_LOG2_OF_CLUMP\n#define NTFS_MIN_LOG2_OF_CLUMP 16\n#endif\n\n#ifndef NTFS_MAX_LOG2_OF_CLUMP\n#define NTFS_MAX_LOG2_OF_CLUMP 26\n#endif\n\n// 16M\n#define NTFS_CLUMP_MIN (1 << (NTFS_MIN_LOG2_OF_CLUMP + 8))\n// 16G\n#define NTFS_CLUMP_MAX (1ull << (NTFS_MAX_LOG2_OF_CLUMP + 8))\n\nstatic inline u64 get_pre_allocated(u64 size)\n{\n\tu32 clump;\n\tu8 align_shift;\n\tu64 ret;\n\n\tif (size <= NTFS_CLUMP_MIN) {\n\t\tclump = 1 << NTFS_MIN_LOG2_OF_CLUMP;\n\t\talign_shift = NTFS_MIN_LOG2_OF_CLUMP;\n\t} else if (size >= NTFS_CLUMP_MAX) {\n\t\tclump = 1 << NTFS_MAX_LOG2_OF_CLUMP;\n\t\talign_shift = NTFS_MAX_LOG2_OF_CLUMP;\n\t} else {\n\t\talign_shift = NTFS_MIN_LOG2_OF_CLUMP - 1 +\n\t\t\t      __ffs(size >> (8 + NTFS_MIN_LOG2_OF_CLUMP));\n\t\tclump = 1u << align_shift;\n\t}\n\n\tret = (((size + clump - 1) >> align_shift)) << align_shift;\n\n\treturn ret;\n}\n\n/*\n * attr_load_runs - Load all runs stored in @attr.\n */\nstatic int attr_load_runs(struct ATTRIB *attr, struct ntfs_inode *ni,\n\t\t\t  struct runs_tree *run, const CLST *vcn)\n{\n\tint err;\n\tCLST svcn = le64_to_cpu(attr->nres.svcn);\n\tCLST evcn = le64_to_cpu(attr->nres.evcn);\n\tu32 asize;\n\tu16 run_off;\n\n\tif (svcn >= evcn + 1 || run_is_mapped_full(run, svcn, evcn))\n\t\treturn 0;\n\n\tif (vcn && (evcn < *vcn || *vcn < svcn))\n\t\treturn -EINVAL;\n\n\tasize = le32_to_cpu(attr->size);\n\trun_off = le16_to_cpu(attr->nres.run_off);\n\n\tif (run_off > asize)\n\t\treturn -EINVAL;\n\n\terr = run_unpack_ex(run, ni->mi.sbi, ni->mi.rno, svcn, evcn,\n\t\t\t    vcn ? *vcn : svcn, Add2Ptr(attr, run_off),\n\t\t\t    asize - run_off);\n\tif (err < 0)\n\t\treturn err;\n\n\treturn 0;\n}\n\n/*\n * run_deallocate_ex - Deallocate clusters.\n */\nstatic int run_deallocate_ex(struct ntfs_sb_info *sbi, struct runs_tree *run,\n\t\t\t     CLST vcn, CLST len, CLST *done, bool trim)\n{\n\tint err = 0;\n\tCLST vcn_next, vcn0 = vcn, lcn, clen, dn = 0;\n\tsize_t idx;\n\n\tif (!len)\n\t\tgoto out;\n\n\tif (!run_lookup_entry(run, vcn, &lcn, &clen, &idx)) {\nfailed:\n\t\trun_truncate(run, vcn0);\n\t\terr = -EINVAL;\n\t\tgoto out;\n\t}\n\n\tfor (;;) {\n\t\tif (clen > len)\n\t\t\tclen = len;\n\n\t\tif (!clen) {\n\t\t\terr = -EINVAL;\n\t\t\tgoto out;\n\t\t}\n\n\t\tif (lcn != SPARSE_LCN) {\n\t\t\tif (sbi) {\n\t\t\t\t/* mark bitmap range [lcn + clen) as free and trim clusters. */\n\t\t\t\tmark_as_free_ex(sbi, lcn, clen, trim);\n\t\t\t}\n\t\t\tdn += clen;\n\t\t}\n\n\t\tlen -= clen;\n\t\tif (!len)\n\t\t\tbreak;\n\n\t\tvcn_next = vcn + clen;\n\t\tif (!run_get_entry(run, ++idx, &vcn, &lcn, &clen) ||\n\t\t    vcn != vcn_next) {\n\t\t\t/* Save memory - don\'t load entire run. */\n\t\t\tgoto failed;\n\t\t}\n\t}\n\nout:\n\tif (done)\n\t\t*done += dn;\n\n\treturn err;\n}\n\n/*\n * attr_allocate_clusters - Find free space, mark it as used and store in @run.\n */\nint attr_allocate_clusters(struct ntfs_sb_info *sbi, struct runs_tree *run,\n\t\t\t   CLST vcn, CLST lcn, CLST len, CLST *pre_alloc,\n\t\t\t   enum ALLOCATE_OPT opt, CLST *alen, const size_t fr,\n\t\t\t   CLST *new_lcn, CLST *new_len)\n{\n\tint err;\n\tCLST flen, vcn0 = vcn, pre = pre_alloc ? *pre_alloc : 0;\n\tsize_t cnt = run->count;\n\n\tfor (;;) {\n\t\terr = ntfs_look_for_free_space(sbi, lcn, len + pre, &lcn, &flen,\n\t\t\t\t\t       opt);\n\n\t\tif (err == -ENOSPC && pre) {\n\t\t\tpre = 0;\n\t\t\tif (*pre_alloc)\n\t\t\t\t*pre_alloc = 0;\n\t\t\tcontinue;\n\t\t}\n\n\t\tif (err)\n\t\t\tgoto out;\n\n\t\tif (vcn == vcn0) {\n\t\t\t/* Return the first fragment. */\n\t\t\tif (new_lcn)\n\t\t\t\t*new_lcn = lcn;\n\t\t\tif (new_len)\n\t\t\t\t*new_len = flen;\n\t\t}\n\n\t\t/* Add new fragment into run storage. */\n\t\tif (!run_add_entry(run, vcn, lcn, flen, opt & ALLOCATE_MFT)) {\n\t\t\t/* Undo last \'ntfs_look_for_free_space\' */\n\t\t\tmark_as_free_ex(sbi, lcn, len, false);\n\t\t\terr = -ENOMEM;\n\t\t\tgoto out;\n\t\t}\n\n\t\tif (opt & ALLOCATE_ZERO) {\n\t\t\tu8 shift = sbi->cluster_bits - SECTOR_SHIFT;\n\n\t\t\terr = blkdev_issue_zeroout(sbi->sb->s_bdev,\n\t\t\t\t\t\t   (sector_t)lcn << shift,\n\t\t\t\t\t\t   (sector_t)flen << shift,\n\t\t\t\t\t\t   GFP_NOFS, 0);\n\t\t\tif (err)\n\t\t\t\tgoto out;\n\t\t}\n\n\t\tvcn += flen;\n\n\t\tif (flen >= len || (opt & ALLOCATE_MFT) ||\n\t\t    (fr && run->count - cnt >= fr)) {\n\t\t\t*alen = vcn - vcn0;\n\t\t\treturn 0;\n\t\t}\n\n\t\tlen -= flen;\n\t}\n\nout:\n\t/* Undo \'ntfs_look_for_free_space\' */\n\tif (vcn - vcn0) {\n\t\trun_deallocate_ex(sbi, run, vcn0, vcn - vcn0, NULL, false);\n\t\trun_truncate(run, vcn0);\n\t}\n\n\treturn err;\n}\n\n/*\n * attr_make_nonresident\n *\n * If page is not NULL - it is already contains resident data\n * and locked (called from ni_write_frame()).\n */\nint attr_make_nonresident(struct ntfs_inode *ni, struct ATTRIB *attr,\n\t\t\t  struct ATTR_LIST_ENTRY *le, struct mft_inode *mi,\n\t\t\t  u64 new_size, struct runs_tree *run,\n\t\t\t  struct ATTRIB **ins_attr, struct page *page)\n{\n\tstruct ntfs_sb_info *sbi;\n\tstruct ATTRIB *attr_s;\n\tstruct MFT_REC *rec;\n\tu32 used, asize, rsize, aoff;\n\tbool is_data;\n\tCLST len, alen;\n\tchar *next;\n\tint err;\n\n\tif (attr->non_res) {\n\t\t*ins_attr = attr;\n\t\treturn 0;\n\t}\n\n\tsbi = mi->sbi;\n\trec = mi->mrec;\n\tattr_s = NULL;\n\tused = le32_to_cpu(rec->used);\n\tasize = le32_to_cpu(attr->size);\n\tnext = Add2Ptr(attr, asize);\n\taoff = PtrOffset(rec, attr);\n\trsize = le32_to_cpu(attr->res.data_size);\n\tis_data = attr->type == ATTR_DATA && !attr->name_len;\n\n\t/* len - how many clusters required to store \'rsize\' bytes */\n\tif (is_attr_compressed(attr)) {\n\t\tu8 shift = sbi->cluster_bits + NTFS_LZNT_CUNIT;\n\t\tlen = ((rsize + (1u << shift) - 1) >> shift) << NTFS_LZNT_CUNIT;\n\t} else {\n\t\tlen = bytes_to_cluster(sbi, rsize);\n\t}\n\n\trun_init(run);\n\n\t/* Make a copy of original attribute. */\n\tattr_s = kmemdup(attr, asize, GFP_NOFS);\n\tif (!attr_s) {\n\t\terr = -ENOMEM;\n\t\tgoto out;\n\t}\n\n\tif (!len) {\n\t\t/* Empty resident -> Empty nonresident. */\n\t\talen = 0;\n\t} else {\n\t\tconst char *data = resident_data(attr);\n\n\t\terr = attr_allocate_clusters(sbi, run, 0, 0, len, NULL,\n\t\t\t\t\t     ALLOCATE_DEF, &alen, 0, NULL,\n\t\t\t\t\t     NULL);\n\t\tif (err)\n\t\t\tgoto out1;\n\n\t\tif (!rsize) {\n\t\t\t/* Empty resident -> Non empty nonresident. */\n\t\t} else if (!is_data) {\n\t\t\terr = ntfs_sb_write_run(sbi, run, 0, data, rsize, 0);\n\t\t\tif (err)\n\t\t\t\tgoto out2;\n\t\t} else if (!page) {\n\t\t\tstruct address_space *mapping = ni->vfs_inode.i_mapping;\n\t\t\tstruct folio *folio;\n\n\t\t\tfolio = __filemap_get_folio(\n\t\t\t\tmapping, 0, FGP_LOCK | FGP_ACCESSED | FGP_CREAT,\n\t\t\t\tmapping_gfp_mask(mapping));\n\t\t\tif (IS_ERR(folio)) {\n\t\t\t\terr = PTR_ERR(folio);\n\t\t\t\tgoto out2;\n\t\t\t}\n\t\t\tfolio_fill_tail(folio, 0, data, rsize);\n\t\t\tfolio_mark_uptodate(folio);\n\t\t\tfolio_mark_dirty(folio);\n\t\t\tfolio_unlock(folio);\n\t\t\tfolio_put(folio);\n\t\t}\n\t}\n\n\t/* Remove original attribute. */\n\tused -= asize;\n\tmemmove(attr, Add2Ptr(attr, asize), used - aoff);\n\trec->used = cpu_to_le32(used);\n\tmi->dirty = true;\n\tif (le)\n\t\tal_remove_le(ni, le);\n\n\terr = ni_insert_nonresident(ni, attr_s->type, attr_name(attr_s),\n\t\t\t\t    attr_s->name_len, run, 0, alen,\n\t\t\t\t    attr_s->flags, &attr, NULL, NULL);\n\tif (err)\n\t\tgoto out3;\n\n\tkfree(attr_s);\n\tattr->nres.data_size = cpu_to_le64(rsize);\n\tattr->nres.valid_size = attr->nres.data_size;\n\n\t*ins_attr = attr;\n\n\tif (is_data)\n\t\tni->ni_flags &= ~NI_FLAG_RESIDENT;\n\n\t/* Resident attribute becomes non resident. */\n\treturn 0;\n\nout3:\n\tattr = Add2Ptr(rec, aoff);\n\tmemmove(next, attr, used - aoff);\n\tmemcpy(attr, attr_s, asize);\n\trec->used = cpu_to_le32(used + asize);\n\tmi->dirty = true;\nout2:\n\t/* Undo: do not trim new allocated clusters. */\n\trun_deallocate(sbi, run, false);\n\trun_close(run);\nout1:\n\tkfree(attr_s);\nout:\n\treturn err;\n}\n\n/*\n * attr_set_size_res - Helper for attr_set_size().\n */\nstatic int attr_set_size_res(struct ntfs_inode *ni, struct ATTRIB *attr,\n\t\t\t     struct ATTR_LIST_ENTRY *le, struct mft_inode *mi,\n\t\t\t     u64 new_size, struct runs_tree *run,\n\t\t\t     struct ATTRIB **ins_attr)\n{\n\tstruct ntfs_sb_info *sbi = mi->sbi;\n\tstruct MFT_REC *rec = mi->mrec;\n\tu32 used = le32_to_cpu(rec->used);\n\tu32 asize = le32_to_cpu(attr->size);\n\tu32 aoff = PtrOffset(rec, attr);\n\tu32 rsize = le32_to_cpu(attr->res.data_size);\n\tu32 tail = used - aoff - asize;\n\tchar *next = Add2Ptr(attr, asize);\n\ts64 dsize = ALIGN(new_size, 8) - ALIGN(rsize, 8);\n\n\tif (dsize < 0) {\n\t\tmemmove(next + dsize, next, tail);\n\t} else if (dsize > 0) {\n\t\tif (used + dsize > sbi->max_bytes_per_attr)\n\t\t\treturn attr_make_nonresident(ni, attr, le, mi, new_size,\n\t\t\t\t\t\t     run, ins_attr, NULL);\n\n\t\tmemmove(next + dsize, next, tail);\n\t\tmemset(next, 0, dsize);\n\t}\n\n\tif (new_size > rsize)\n\t\tmemset(Add2Ptr(resident_data(attr), rsize), 0,\n\t\t       new_size - rsize);\n\n\trec->used = cpu_to_le32(used + dsize);\n\tattr->size = cpu_to_le32(asize + dsize);\n\tattr->res.data_size = cpu_to_le32(new_size);\n\tmi->dirty = true;\n\t*ins_attr = attr;\n\n\treturn 0;\n}\n\n/*\n * attr_set_size - Change the size of attribute.\n *\n * Extend:\n *   - Sparse/compressed: No allocated clusters.\n *   - Normal: Append allocated and preallocated new clusters.\n * Shrink:\n *   - No deallocate if @keep_prealloc is set.\n */\nint attr_set_size(struct ntfs_inode *ni, enum ATTR_TYPE type,\n\t\t  const __le16 *name, u8 name_len, struct runs_tree *run,\n\t\t  u64 new_size, const u64 *new_valid, bool keep_prealloc,\n\t\t  struct ATTRIB **ret)\n{\n\tint err = 0;\n\tstruct ntfs_sb_info *sbi = ni->mi.sbi;\n\tu8 cluster_bits = sbi->cluster_bits;\n\tbool is_mft = ni->mi.rno == MFT_REC_MFT && type == ATTR_DATA &&\n\t\t      !name_len;\n\tu64 old_valid, old_size, old_alloc, new_alloc, new_alloc_tmp;\n\tstruct ATTRIB *attr = NULL, *attr_b;\n\tstruct ATTR_LIST_ENTRY *le, *le_b;\n\tstruct mft_inode *mi, *mi_b;\n\tCLST alen, vcn, lcn, new_alen, old_alen, svcn, evcn;\n\tCLST next_svcn, pre_alloc = -1, done = 0;\n\tbool is_ext, is_bad = false;\n\tbool dirty = false;\n\tu32 align;\n\tstruct MFT_REC *rec;\n\nagain:\n\talen = 0;\n\tle_b = NULL;\n\tattr_b = ni_find_attr(ni, NULL, &le_b, type, name, name_len, NULL,\n\t\t\t      &mi_b);\n\tif (!attr_b) {\n\t\terr = -ENOENT;\n\t\tgoto bad_inode;\n\t}\n\n\tif (!attr_b->non_res) {\n\t\terr = attr_set_size_res(ni, attr_b, le_b, mi_b, new_size, run,\n\t\t\t\t\t&attr_b);\n\t\tif (err)\n\t\t\treturn err;\n\n\t\t/* Return if file is still resident. */\n\t\tif (!attr_b->non_res) {\n\t\t\tdirty = true;\n\t\t\tgoto ok1;\n\t\t}\n\n\t\t/* Layout of records may be changed, so do a full search. */\n\t\tgoto again;\n\t}\n\n\tis_ext = is_attr_ext(attr_b);\n\talign = sbi->cluster_size;\n\tif (is_ext)\n\t\talign <<= attr_b->nres.c_unit;\n\n\told_valid = le64_to_cpu(attr_b->nres.valid_size);\n\told_size = le64_to_cpu(attr_b->nres.data_size);\n\told_alloc = le64_to_cpu(attr_b->nres.alloc_size);\n\nagain_1:\n\told_alen = old_alloc >> cluster_bits;\n\n\tnew_alloc = (new_size + align - 1) & ~(u64)(align - 1);\n\tnew_alen = new_alloc >> cluster_bits;\n\n\tif (keep_prealloc && new_size < old_size) {\n\t\tattr_b->nres.data_size = cpu_to_le64(new_size);\n\t\tmi_b->dirty = dirty = true;\n\t\tgoto ok;\n\t}\n\n\tvcn = old_alen - 1;\n\n\tsvcn = le64_to_cpu(attr_b->nres.svcn);\n\tevcn = le64_to_cpu(attr_b->nres.evcn);\n\n\tif (svcn <= vcn && vcn <= evcn) {\n\t\tattr = attr_b;\n\t\tle = le_b;\n\t\tmi = mi_b;\n\t} else if (!le_b) {\n\t\terr = -EINVAL;\n\t\tgoto bad_inode;\n\t} else {\n\t\tle = le_b;\n\t\tattr = ni_find_attr(ni, attr_b, &le, type, name, name_len, &vcn,\n\t\t\t\t    &mi);\n\t\tif (!attr) {\n\t\t\terr = -EINVAL;\n\t\t\tgoto bad_inode;\n\t\t}\n\nnext_le_1:\n\t\tsvcn = le64_to_cpu(attr->nres.svcn);\n\t\tevcn = le64_to_cpu(attr->nres.evcn);\n\t}\n\t/*\n\t * Here we have:\n\t * attr,mi,le - last attribute segment (containing \'vcn\').\n\t * attr_b,mi_b,le_b - base (primary) attribute segment.\n\t */\nnext_le:\n\trec = mi->mrec;\n\terr = attr_load_runs(attr, ni, run, NULL);\n\tif (err)\n\t\tgoto out;\n\n\tif (new_size > old_size) {\n\t\tCLST to_allocate;\n\t\tsize_t free;\n\n\t\tif (new_alloc <= old_alloc) {\n\t\t\tattr_b->nres.data_size = cpu_to_le64(new_size);\n\t\t\tmi_b->dirty = dirty = true;\n\t\t\tgoto ok;\n\t\t}\n\n\t\t/*\n\t\t * Add clusters. In simple case we have to:\n\t\t *  - allocate space (vcn, lcn, len)\n\t\t *  - update packed run in \'mi\'\n\t\t *  - update attr->nres.evcn\n\t\t *  - update attr_b->nres.data_size/attr_b->nres.alloc_size\n\t\t */\n\t\tto_allocate = new_alen - old_alen;\nadd_alloc_in_same_attr_seg:\n\t\tlcn = 0;\n\t\tif (is_mft) {\n\t\t\t/* MFT allocates clusters from MFT zone. */\n\t\t\tpre_alloc = 0;\n\t\t} else if (is_ext) {\n\t\t\t/* No preallocate for sparse/compress. */\n\t\t\tpre_alloc = 0;\n\t\t} else if (pre_alloc == -1) {\n\t\t\tpre_alloc = 0;\n\t\t\tif (type == ATTR_DATA && !name_len &&\n\t\t\t    sbi->options->prealloc) {\n\t\t\t\tpre_alloc = bytes_to_cluster(\n\t\t\t\t\t\t    sbi, get_pre_allocated(\n\t\t\t\t\t\t\t\t new_size)) -\n\t\t\t\t\t    new_alen;\n\t\t\t}\n\n\t\t\t/* Get the last LCN to allocate from. */\n\t\t\tif (old_alen &&\n\t\t\t    !run_lookup_entry(run, vcn, &lcn, NULL, NULL)) {\n\t\t\t\tlcn = SPARSE_LCN;\n\t\t\t}\n\n\t\t\tif (lcn == SPARSE_LCN)\n\t\t\t\tlcn = 0;\n\t\t\telse if (lcn)\n\t\t\t\tlcn += 1;\n\n\t\t\tfree = wnd_zeroes(&sbi->used.bitmap);\n\t\t\tif (to_allocate > free) {\n\t\t\t\terr = -ENOSPC;\n\t\t\t\tgoto out;\n\t\t\t}\n\n\t\t\tif (pre_alloc && to_allocate + pre_alloc > free)\n\t\t\t\tpre_alloc = 0;\n\t\t}\n\n\t\tvcn = old_alen;\n\n\t\tif (is_ext) {\n\t\t\tif (!run_add_entry(run, vcn, SPARSE_LCN, to_allocate,\n\t\t\t\t\t   false)) {\n\t\t\t\terr = -ENOMEM;\n\t\t\t\tgoto out;\n\t\t\t}\n\t\t\talen = to_allocate;\n\t\t} else {\n\t\t\t/* ~3 bytes per fragment. */\n\t\t\terr = attr_allocate_clusters(\n\t\t\t\tsbi, run, vcn, lcn, to_allocate, &pre_alloc,\n\t\t\t\tis_mft ? ALLOCATE_MFT : ALLOCATE_DEF, &alen,\n\t\t\t\tis_mft ? 0 :\n\t\t\t\t\t (sbi->record_size -\n\t\t\t\t\t  le32_to_cpu(rec->used) + 8) /\n\t\t\t\t\t\t\t 3 +\n\t\t\t\t\t\t 1,\n\t\t\t\tNULL, NULL);\n\t\t\tif (err)\n\t\t\t\tgoto out;\n\t\t}\n\n\t\tdone += alen;\n\t\tvcn += alen;\n\t\tif (to_allocate > alen)\n\t\t\tto_allocate -= alen;\n\t\telse\n\t\t\tto_allocate = 0;\n\npack_runs:\n\t\terr = mi_pack_runs(mi, attr, run, vcn - svcn);\n\t\tif (err)\n\t\t\tgoto undo_1;\n\n\t\tnext_svcn = le64_to_cpu(attr->nres.evcn) + 1;\n\t\tnew_alloc_tmp = (u64)next_svcn << cluster_bits;\n\t\tattr_b->nres.alloc_size = cpu_to_le64(new_alloc_tmp);\n\t\tmi_b->dirty = dirty = true;\n\n\t\tif (next_svcn >= vcn && !to_allocate) {\n\t\t\t/* Normal way. Update attribute and exit. */\n\t\t\tattr_b->nres.data_size = cpu_to_le64(new_size);\n\t\t\tgoto ok;\n\t\t}\n\n\t\t/* At least two MFT to avoid recursive loop. */\n\t\tif (is_mft && next_svcn == vcn &&\n\t\t    ((u64)done << sbi->cluster_bits) >= 2 * sbi->record_size) {\n\t\t\tnew_size = new_alloc_tmp;\n\t\t\tattr_b->nres.data_size = attr_b->nres.alloc_size;\n\t\t\tgoto ok;\n\t\t}\n\n\t\tif (le32_to_cpu(rec->used) < sbi->record_size) {\n\t\t\told_alen = next_svcn;\n\t\t\tevcn = old_alen - 1;\n\t\t\tgoto add_alloc_in_same_attr_seg;\n\t\t}\n\n\t\tattr_b->nres.data_size = attr_b->nres.alloc_size;\n\t\tif (new_alloc_tmp < old_valid)\n\t\t\tattr_b->nres.valid_size = attr_b->nres.data_size;\n\n\t\tif (type == ATTR_LIST) {\n\t\t\terr = ni_expand_list(ni);\n\t\t\tif (err)\n\t\t\t\tgoto undo_2;\n\t\t\tif (next_svcn < vcn)\n\t\t\t\tgoto pack_runs;\n\n\t\t\t/* Layout of records is changed. */\n\t\t\tgoto again;\n\t\t}\n\n\t\tif (!ni->attr_list.size) {\n\t\t\terr = ni_create_attr_list(ni);\n\t\t\t/* In case of error layout of records is not changed. */\n\t\t\tif (err)\n\t\t\t\tgoto undo_2;\n\t\t\t/* Layout of records is changed. */\n\t\t}\n\n\t\tif (next_svcn >= vcn) {\n\t\t\t/* This is MFT data, repeat. */\n\t\t\tgoto again;\n\t\t}\n\n\t\t/* Insert new attribute segment. */\n\t\terr = ni_insert_nonresident(ni, type, name, name_len, run,\n\t\t\t\t\t    next_svcn, vcn - next_svcn,\n\t\t\t\t\t    attr_b->flags, &attr, &mi, NULL);\n\n\t\t/*\n\t\t * Layout of records maybe changed.\n\t\t * Find base attribute to update.\n\t\t */\n\t\tle_b = NULL;\n\t\tattr_b = ni_find_attr(ni, NULL, &le_b, type, name, name_len,\n\t\t\t\t      NULL, &mi_b);\n\t\tif (!attr_b) {\n\t\t\terr = -EINVAL;\n\t\t\tgoto bad_inode;\n\t\t}\n\n\t\tif (err) {\n\t\t\t/* ni_insert_nonresident failed. */\n\t\t\tattr = NULL;\n\t\t\tgoto undo_2;\n\t\t}\n\n\t\t/* keep runs for $MFT::$ATTR_DATA and $MFT::$ATTR_BITMAP. */\n\t\tif (ni->mi.rno != MFT_REC_MFT)\n\t\t\trun_truncate_head(run, evcn + 1);\n\n\t\tsvcn = le64_to_cpu(attr->nres.svcn);\n\t\tevcn = le64_to_cpu(attr->nres.evcn);\n\n\t\t/*\n\t\t * Attribute is in consistency state.\n\t\t * Save this point to restore to if next steps fail.\n\t\t */\n\t\told_valid = old_size = old_alloc = (u64)vcn << cluster_bits;\n\t\tattr_b->nres.valid_size = attr_b->nres.data_size =\n\t\t\tattr_b->nres.alloc_size = cpu_to_le64(old_size);\n\t\tmi_b->dirty = dirty = true;\n\t\tgoto again_1;\n\t}\n\n\tif (new_size != old_size ||\n\t    (new_alloc != old_alloc && !keep_prealloc)) {\n\t\t/*\n\t\t * Truncate clusters. In simple case we have to:\n\t\t *  - update packed run in \'mi\'\n\t\t *  - update attr->nres.evcn\n\t\t *  - update attr_b->nres.data_size/attr_b->nres.alloc_size\n\t\t *  - mark and trim clusters as free (vcn, lcn, len)\n\t\t */\n\t\tCLST dlen = 0;\n\n\t\tvcn = max(svcn, new_alen);\n\t\tnew_alloc_tmp = (u64)vcn << cluster_bits;\n\n\t\tif (vcn > svcn) {\n\t\t\terr = mi_pack_runs(mi, attr, run, vcn - svcn);\n\t\t\tif (err)\n\t\t\t\tgoto out;\n\t\t} else if (le && le->vcn) {\n\t\t\tu16 le_sz = le16_to_cpu(le->size);\n\n\t\t\t/*\n\t\t\t * NOTE: List entries for one attribute are always\n\t\t\t * the same size. We deal with last entry (vcn==0)\n\t\t\t * and it is not first in entries array\n\t\t\t * (list entry for std attribute always first).\n\t\t\t * So it is safe to step back.\n\t\t\t */\n\t\t\tmi_remove_attr(NULL, mi, attr);\n\n\t\t\tif (!al_remove_le(ni, le)) {\n\t\t\t\terr = -EINVAL;\n\t\t\t\tgoto bad_inode;\n\t\t\t}\n\n\t\t\tle = (struct ATTR_LIST_ENTRY *)((u8 *)le - le_sz);\n\t\t} else {\n\t\t\tattr->nres.evcn = cpu_to_le64((u64)vcn - 1);\n\t\t\tmi->dirty = true;\n\t\t}\n\n\t\tattr_b->nres.alloc_size = cpu_to_le64(new_alloc_tmp);\n\n\t\tif (vcn == new_alen) {\n\t\t\tattr_b->nres.data_size = cpu_to_le64(new_size);\n\t\t\tif (new_size < old_valid)\n\t\t\t\tattr_b->nres.valid_size =\n\t\t\t\t\tattr_b->nres.data_size;\n\t\t} else {\n\t\t\tif (new_alloc_tmp <=\n\t\t\t    le64_to_cpu(attr_b->nres.data_size))\n\t\t\t\tattr_b->nres.data_size =\n\t\t\t\t\tattr_b->nres.alloc_size;\n\t\t\tif (new_alloc_tmp <\n\t\t\t    le64_to_cpu(attr_b->nres.valid_size))\n\t\t\t\tattr_b->nres.valid_size =\n\t\t\t\t\tattr_b->nres.alloc_size;\n\t\t}\n\t\tmi_b->dirty = dirty = true;\n\n\t\terr = run_deallocate_ex(sbi, run, vcn, evcn - vcn + 1, &dlen,\n\t\t\t\t\ttrue);\n\t\tif (err)\n\t\t\tgoto out;\n\n\t\tif (is_ext) {\n\t\t\t/* dlen - really deallocated clusters. */\n\t\t\tle64_sub_cpu(&attr_b->nres.total_size,\n\t\t\t\t     ((u64)dlen << cluster_bits));\n\t\t}\n\n\t\trun_truncate(run, vcn);\n\n\t\tif (new_alloc_tmp <= new_alloc)\n\t\t\tgoto ok;\n\n\t\told_size = new_alloc_tmp;\n\t\tvcn = svcn - 1;\n\n\t\tif (le == le_b) {\n\t\t\tattr = attr_b;\n\t\t\tmi = mi_b;\n\t\t\tevcn = svcn - 1;\n\t\t\tsvcn = 0;\n\t\t\tgoto next_le;\n\t\t}\n\n\t\tif (le->type != type || le->name_len != name_len ||\n\t\t    memcmp(le_name(le), name, name_len * sizeof(short))) {\n\t\t\terr = -EINVAL;\n\t\t\tgoto bad_inode;\n\t\t}\n\n\t\terr = ni_load_mi(ni, le, &mi);\n\t\tif (err)\n\t\t\tgoto out;\n\n\t\tattr = mi_find_attr(mi, NULL, type, name, name_len, &le->id);\n\t\tif (!attr) {\n\t\t\terr = -EINVAL;\n\t\t\tgoto bad_inode;\n\t\t}\n\t\tgoto next_le_1;\n\t}\n\nok:\n\tif (new_valid) {\n\t\t__le64 valid = cpu_to_le64(min(*new_valid, new_size));\n\n\t\tif (attr_b->nres.valid_size != valid) {\n\t\t\tattr_b->nres.valid_size = valid;\n\t\t\tmi_b->dirty = true;\n\t\t}\n\t}\n\nok1:\n\tif (ret)\n\t\t*ret = attr_b;\n\n\tif (((type == ATTR_DATA && !name_len) ||\n\t     (type == ATTR_ALLOC && name == I30_NAME))) {\n\t\t/* Update inode_set_bytes. */\n\t\tif (attr_b->non_res) {\n\t\t\tnew_alloc = le64_to_cpu(attr_b->nres.alloc_size);\n\t\t\tif (inode_get_bytes(&ni->vfs_inode) != new_alloc) {\n\t\t\t\tinode_set_bytes(&ni->vfs_inode, new_alloc);\n\t\t\t\tdirty = true;\n\t\t\t}\n\t\t}\n\n\t\t/* Don\'t forget to update duplicate information in parent. */\n\t\tif (dirty) {\n\t\t\tni->ni_flags |= NI_FLAG_UPDATE_PARENT;\n\t\t\tmark_inode_dirty(&ni->vfs_inode);\n\t\t}\n\t}\n\n\treturn 0;\n\nundo_2:\n\tvcn -= alen;\n\tattr_b->nres.data_size = cpu_to_le64(old_size);\n\tattr_b->nres.valid_size = cpu_to_le64(old_valid);\n\tattr_b->nres.alloc_size = cpu_to_le64(old_alloc);\n\n\t/* Restore \'attr\' and \'mi\'. */\n\tif (attr)\n\t\tgoto restore_run;\n\n\tif (le64_to_cpu(attr_b->nres.svcn) <= svcn &&\n\t    svcn <= le64_to_cpu(attr_b->nres.evcn)) {\n\t\tattr = attr_b;\n\t\tle = le_b;\n\t\tmi = mi_b;\n\t} else if (!le_b) {\n\t\terr = -EINVAL;\n\t\tgoto bad_inode;\n\t} else {\n\t\tle = le_b;\n\t\tattr = ni_find_attr(ni, attr_b, &le, type, name, name_len,\n\t\t\t\t    &svcn, &mi);\n\t\tif (!attr)\n\t\t\tgoto bad_inode;\n\t}\n\nrestore_run:\n\tif (mi_pack_runs(mi, attr, run, evcn - svcn + 1))\n\t\tis_bad = true;\n\nundo_1:\n\trun_deallocate_ex(sbi, run, vcn, alen, NULL, false);\n\n\trun_truncate(run, vcn);\nout:\n\tif (is_bad) {\nbad_inode:\n\t\t_ntfs_bad_inode(&ni->vfs_inode);\n\t}\n\treturn err;\n}\n\n/*\n * attr_data_get_block - Returns \'lcn\' and \'len\' for given \'vcn\'.\n *\n * @new == NULL means just to get current mapping for \'vcn\'\n * @new != NULL means allocate real cluster if \'vcn\' maps to hole\n * @zero - zeroout new allocated clusters\n *\n *  NOTE:\n *  - @new != NULL is called only for sparsed or compressed attributes.\n *  - new allocated clusters are zeroed via blkdev_issue_zeroout.\n */\nint attr_data_get_block(struct ntfs_inode *ni, CLST vcn, CLST clen, CLST *lcn,\n\t\t\tCLST *len, bool *new, bool zero)\n{\n\tint err = 0;\n\tstruct runs_tree *run = &ni->file.run;\n\tstruct ntfs_sb_info *sbi;\n\tu8 cluster_bits;\n\tstruct ATTRIB *attr, *attr_b;\n\tstruct ATTR_LIST_ENTRY *le, *le_b;\n\tstruct mft_inode *mi, *mi_b;\n\tCLST hint, svcn, to_alloc, evcn1, next_svcn, asize, end, vcn0, alen;\n\tCLST alloc, evcn;\n\tunsigned fr;\n\tu64 total_size, total_size0;\n\tint step = 0;\n\n\tif (new)\n\t\t*new = false;\n\n\t/* Try to find in cache. */\n\tdown_read(&ni->file.run_lock);\n\tif (!run_lookup_entry(run, vcn, lcn, len, NULL))\n\t\t*len = 0;\n\tup_read(&ni->file.run_lock);\n\n\tif (*len && (*lcn != SPARSE_LCN || !new))\n\t\treturn 0; /* Fast normal way without allocation. */\n\n\t/* No cluster in cache or we need to allocate cluster in hole. */\n\tsbi = ni->mi.sbi;\n\tcluster_bits = sbi->cluster_bits;\n\n\tni_lock(ni);\n\tdown_write(&ni->file.run_lock);\n\n\t/* Repeat the code above (under write lock). */\n\tif (!run_lookup_entry(run, vcn, lcn, len, NULL))\n\t\t*len = 0;\n\n\tif (*len) {\n\t\tif (*lcn != SPARSE_LCN || !new)\n\t\t\tgoto out; /* normal way without allocation. */\n\t\tif (clen > *len)\n\t\t\tclen = *len;\n\t}\n\n\tle_b = NULL;\n\tattr_b = ni_find_attr(ni, NULL, &le_b, ATTR_DATA, NULL, 0, NULL, &mi_b);\n\tif (!attr_b) {\n\t\terr = -ENOENT;\n\t\tgoto out;\n\t}\n\n\tif (!attr_b->non_res) {\n\t\t*lcn = RESIDENT_LCN;\n\t\t*len = 1;\n\t\tgoto out;\n\t}\n\n\tasize = le64_to_cpu(attr_b->nres.alloc_size) >> cluster_bits;\n\tif (vcn >= asize) {\n\t\tif (new) {\n\t\t\terr = -EINVAL;\n\t\t} else {\n\t\t\t*len = 1;\n\t\t\t*lcn = SPARSE_LCN;\n\t\t}\n\t\tgoto out;\n\t}\n\n\tsvcn = le64_to_cpu(attr_b->nres.svcn);\n\tevcn1 = le64_to_cpu(attr_b->nres.evcn) + 1;\n\n\tattr = attr_b;\n\tle = le_b;\n\tmi = mi_b;\n\n\tif (le_b && (vcn < svcn || evcn1 <= vcn)) {\n\t\tattr = ni_find_attr(ni, attr_b, &le, ATTR_DATA, NULL, 0, &vcn,\n\t\t\t\t    &mi);\n\t\tif (!attr) {\n\t\t\terr = -EINVAL;\n\t\t\tgoto out;\n\t\t}\n\t\tsvcn = le64_to_cpu(attr->nres.svcn);\n\t\tevcn1 = le64_to_cpu(attr->nres.evcn) + 1;\n\t}\n\n\t/* Load in cache actual information. */\n\terr = attr_load_runs(attr, ni, run, NULL);\n\tif (err)\n\t\tgoto out;\n\n\t/* Check for compressed frame. */\n\terr = attr_is_frame_compressed(ni, attr_b, vcn >> NTFS_LZNT_CUNIT,\n\t\t\t\t       &hint);\n\tif (err)\n\t\tgoto out;\n\n\tif (hint) {\n\t\t/* if frame is compressed - don\'t touch it. */\n\t\t*lcn = COMPRESSED_LCN;\n\t\t/* length to the end of frame. */\n\t\t*len = NTFS_LZNT_CLUSTERS - (vcn & (NTFS_LZNT_CLUSTERS - 1));\n\t\terr = 0;\n\t\tgoto out;\n\t}\n\n\tif (!*len) {\n\t\tif (run_lookup_entry(run, vcn, lcn, len, NULL)) {\n\t\t\tif (*lcn != SPARSE_LCN || !new)\n\t\t\t\tgoto ok; /* Slow normal way without allocation. */\n\n\t\t\tif (clen > *len)\n\t\t\t\tclen = *len;\n\t\t} else if (!new) {\n\t\t\t/* Here we may return -ENOENT.\n\t\t\t * In any case caller gets zero length. */\n\t\t\tgoto ok;\n\t\t}\n\t}\n\n\tif (!is_attr_ext(attr_b)) {\n\t\t/* The code below only for sparsed or compressed attributes. */\n\t\terr = -EINVAL;\n\t\tgoto out;\n\t}\n\n\tvcn0 = vcn;\n\tto_alloc = clen;\n\tfr = (sbi->record_size - le32_to_cpu(mi->mrec->used) + 8) / 3 + 1;\n\t/* Allocate frame aligned clusters.\n\t * ntfs.sys usually uses 16 clusters per frame for sparsed or compressed.\n\t * ntfs3 uses 1 cluster per frame for new created sparsed files. */\n\tif (attr_b->nres.c_unit) {\n\t\tCLST clst_per_frame = 1u << attr_b->nres.c_unit;\n\t\tCLST cmask = ~(clst_per_frame - 1);\n\n\t\t/* Get frame aligned vcn and to_alloc. */\n\t\tvcn = vcn0 & cmask;\n\t\tto_alloc = ((vcn0 + clen + clst_per_frame - 1) & cmask) - vcn;\n\t\tif (fr < clst_per_frame)\n\t\t\tfr = clst_per_frame;\n\t\tzero = true;\n\n\t\t/* Check if \'vcn\' and \'vcn0\' in different attribute segments. */\n\t\tif (vcn < svcn || evcn1 <= vcn) {\n\t\t\tstruct ATTRIB *attr2;\n\t\t\t/* Load runs for truncated vcn. */\n\t\t\tattr2 = ni_find_attr(ni, attr_b, &le_b, ATTR_DATA, NULL,\n\t\t\t\t\t     0, &vcn, &mi);\n\t\t\tif (!attr2) {\n\t\t\t\terr = -EINVAL;\n\t\t\t\tgoto out;\n\t\t\t}\n\t\t\tevcn1 = le64_to_cpu(attr2->nres.evcn) + 1;\n\t\t\terr = attr_load_runs(attr2, ni, run, NULL);\n\t\t\tif (err)\n\t\t\t\tgoto out;\n\t\t}\n\t}\n\n\tif (vcn + to_alloc > asize)\n\t\tto_alloc = asize - vcn;\n\n\t/* Get the last LCN to allocate from. */\n\thint = 0;\n\n\tif (vcn > evcn1) {\n\t\tif (!run_add_entry(run, evcn1, SPARSE_LCN, vcn - evcn1,\n\t\t\t\t   false)) {\n\t\t\terr = -ENOMEM;\n\t\t\tgoto out;\n\t\t}\n\t} else if (vcn && !run_lookup_entry(run, vcn - 1, &hint, NULL, NULL)) {\n\t\thint = -1;\n\t}\n\n\t/* Allocate and zeroout new clusters. */\n\terr = attr_allocate_clusters(sbi, run, vcn, hint + 1, to_alloc, NULL,\n\t\t\t\t     zero ? ALLOCATE_ZERO : ALLOCATE_DEF, &alen,\n\t\t\t\t     fr, lcn, len);\n\tif (err)\n\t\tgoto out;\n\t*new = true;\n\tstep = 1;\n\n\tend = vcn + alen;\n\t/* Save \'total_size0\' to restore if error. */\n\ttotal_size0 = le64_to_cpu(attr_b->nres.total_size);\n\ttotal_size = total_size0 + ((u64)alen << cluster_bits);\n\n\tif (vcn != vcn0) {\n\t\tif (!run_lookup_entry(run, vcn0, lcn, len, NULL)) {\n\t\t\terr = -EINVAL;\n\t\t\tgoto out;\n\t\t}\n\t\tif (*lcn == SPARSE_LCN) {\n\t\t\t/* Internal error. Should not happened. */\n\t\t\tWARN_ON(1);\n\t\t\terr = -EINVAL;\n\t\t\tgoto out;\n\t\t}\n\t\t/* Check case when vcn0 + len overlaps new allocated clusters. */\n\t\tif (vcn0 + *len > end)\n\t\t\t*len = end - vcn0;\n\t}\n\nrepack:\n\terr = mi_pack_runs(mi, attr, run, max(end, evcn1) - svcn);\n\tif (err)\n\t\tgoto out;\n\n\tattr_b->nres.total_size = cpu_to_le64(total_size);\n\tinode_set_bytes(&ni->vfs_inode, total_size);\n\tni->ni_flags |= NI_FLAG_UPDATE_PARENT;\n\n\tmi_b->dirty = true;\n\tmark_inode_dirty(&ni->vfs_inode);\n\n\t/* Stored [vcn : next_svcn) from [vcn : end). */\n\tnext_svcn = le64_to_cpu(attr->nres.evcn) + 1;\n\n\tif (end <= evcn1) {\n\t\tif (next_svcn == evcn1) {\n\t\t\t/* Normal way. Update attribute and exit. */\n\t\t\tgoto ok;\n\t\t}\n\t\t/* Add new segment [next_svcn : evcn1 - next_svcn). */\n\t\tif (!ni->attr_list.size) {\n\t\t\terr = ni_create_attr_list(ni);\n\t\t\tif (err)\n\t\t\t\tgoto undo1;\n\t\t\t/* Layout of records is changed. */\n\t\t\tle_b = NULL;\n\t\t\tattr_b = ni_find_attr(ni, NULL, &le_b, ATTR_DATA, NULL,\n\t\t\t\t\t      0, NULL, &mi_b);\n\t\t\tif (!attr_b) {\n\t\t\t\terr = -ENOENT;\n\t\t\t\tgoto out;\n\t\t\t}\n\n\t\t\tattr = attr_b;\n\t\t\tle = le_b;\n\t\t\tmi = mi_b;\n\t\t\tgoto repack;\n\t\t}\n\t}\n\n\t/*\n\t * The code below may require additional cluster (to extend attribute list)\n\t * and / or one MFT record\n\t * It is too complex to undo operations if -ENOSPC occurs deep inside\n\t * in \'ni_insert_nonresident\'.\n\t * Return in advance -ENOSPC here if there are no free cluster and no free MFT.\n\t */\n\tif (!ntfs_check_for_free_space(sbi, 1, 1)) {\n\t\t/* Undo step 1. */\n\t\terr = -ENOSPC;\n\t\tgoto undo1;\n\t}\n\n\tstep = 2;\n\tsvcn = evcn1;\n\n\t/* Estimate next attribute. */\n\tattr = ni_find_attr(ni, attr, &le, ATTR_DATA, NULL, 0, &svcn, &mi);\n\n\tif (!attr) {\n\t\t/* Insert new attribute segment. */\n\t\tgoto ins_ext;\n\t}\n\n\t/* Try to update existed attribute segment. */\n\talloc = bytes_to_cluster(sbi, le64_to_cpu(attr_b->nres.alloc_size));\n\tevcn = le64_to_cpu(attr->nres.evcn);\n\n\tif (end < next_svcn)\n\t\tend = next_svcn;\n\twhile (end > evcn) {\n\t\t/* Remove segment [svcn : evcn). */\n\t\tmi_remove_attr(NULL, mi, attr);\n\n\t\tif (!al_remove_le(ni, le)) {\n\t\t\terr = -EINVAL;\n\t\t\tgoto out;\n\t\t}\n\n\t\tif (evcn + 1 >= alloc) {\n\t\t\t/* Last attribute segment. */\n\t\t\tevcn1 = evcn + 1;\n\t\t\tgoto ins_ext;\n\t\t}\n\n\t\tif (ni_load_mi(ni, le, &mi)) {\n\t\t\tattr = NULL;\n\t\t\tgoto out;\n\t\t}\n\n\t\tattr = mi_find_attr(mi, NULL, ATTR_DATA, NULL, 0, &le->id);\n\t\tif (!attr) {\n\t\t\terr = -EINVAL;\n\t\t\tgoto out;\n\t\t}\n\t\tsvcn = le64_to_cpu(attr->nres.svcn);\n\t\tevcn = le64_to_cpu(attr->nres.evcn);\n\t}\n\n\tif (end < svcn)\n\t\tend = svcn;\n\n\terr = attr_load_runs(attr, ni, run, &end);\n\tif (err)\n\t\tgoto out;\n\n\tevcn1 = evcn + 1;\n\tattr->nres.svcn = cpu_to_le64(next_svcn);\n\terr = mi_pack_runs(mi, attr, run, evcn1 - next_svcn);\n\tif (err)\n\t\tgoto out;\n\n\tle->vcn = cpu_to_le64(next_svcn);\n\tni->attr_list.dirty = true;\n\tmi->dirty = true;\n\tnext_svcn = le64_to_cpu(attr->nres.evcn) + 1;\n\nins_ext:\n\tif (evcn1 > next_svcn) {\n\t\terr = ni_insert_nonresident(ni, ATTR_DATA, NULL, 0, run,\n\t\t\t\t\t    next_svcn, evcn1 - next_svcn,\n\t\t\t\t\t    attr_b->flags, &attr, &mi, NULL);\n\t\tif (err)\n\t\t\tgoto out;\n\t}\nok:\n\trun_truncate_around(run, vcn);\nout:\n\tif (err && step > 1) {\n\t\t/* Too complex to restore. */\n\t\t_ntfs_bad_inode(&ni->vfs_inode);\n\t}\n\tup_write(&ni->file.run_lock);\n\tni_unlock(ni);\n\n\treturn err;\n\nundo1:\n\t/* Undo step1. */\n\tattr_b->nres.total_size = cpu_to_le64(total_size0);\n\tinode_set_bytes(&ni->vfs_inode, total_size0);\n\n\tif (run_deallocate_ex(sbi, run, vcn, alen, NULL, false) ||\n\t    !run_add_entry(run, vcn, SPARSE_LCN, alen, false) ||\n\t    mi_pack_runs(mi, attr, run, max(end, evcn1) - svcn)) {\n\t\t_ntfs_bad_inode(&ni->vfs_inode);\n\t}\n\tgoto out;\n}\n\nint attr_data_read_resident(struct ntfs_inode *ni, struct folio *folio)\n{\n\tu64 vbo;\n\tstruct ATTRIB *attr;\n\tu32 data_size;\n\tsize_t len;\n\n\tattr = ni_find_attr(ni, NULL, NULL, ATTR_DATA, NULL, 0, NULL, NULL);\n\tif (!attr)\n\t\treturn -EINVAL;\n\n\tif (attr->non_res)\n\t\treturn E_NTFS_NONRESIDENT;\n\n\tvbo = folio->index << PAGE_SHIFT;\n\tdata_size = le32_to_cpu(attr->res.data_size);\n\tif (vbo > data_size)\n\t\tlen = 0;\n\telse\n\t\tlen = min(data_size - vbo, folio_size(folio));\n\n\tfolio_fill_tail(folio, 0, resident_data(attr) + vbo, len);\n\tfolio_mark_uptodate(folio);\n\n\treturn 0;\n}\n\nint attr_data_write_resident(struct ntfs_inode *ni, struct folio *folio)\n{\n\tu64 vbo;\n\tstruct mft_inode *mi;\n\tstruct ATTRIB *attr;\n\tu32 data_size;\n\n\tattr = ni_find_attr(ni, NULL, NULL, ATTR_DATA, NULL, 0, NULL, &mi);\n\tif (!attr)\n\t\treturn -EINVAL;\n\n\tif (attr->non_res) {\n\t\t/* Return special error code to check this case. */\n\t\treturn E_NTFS_NONRESIDENT;\n\t}\n\n\tvbo = folio->index << PAGE_SHIFT;\n\tdata_size = le32_to_cpu(attr->res.data_size);\n\tif (vbo < data_size) {\n\t\tchar *data = resident_data(attr);\n\t\tsize_t len = min(data_size - vbo, folio_size(folio));\n\n\t\tmemcpy_from_folio(data + vbo, folio, 0, len);\n\t\tmi->dirty = true;\n\t}\n\tni->i_valid = data_size;\n\n\treturn 0;\n}\n\n/*\n * attr_load_runs_vcn - Load runs with VCN.\n */\nint attr_load_runs_vcn(struct ntfs_inode *ni, enum ATTR_TYPE type,\n\t\t       const __le16 *name, u8 name_len, struct runs_tree *run,\n\t\t       CLST vcn)\n{\n\tstruct ATTRIB *attr;\n\tint err;\n\tCLST svcn, evcn;\n\tu16 ro;\n\n\tif (!ni) {\n\t\t/* Is record corrupted? */\n\t\treturn -ENOENT;\n\t}\n\n\tattr = ni_find_attr(ni, NULL, NULL, type, name, name_len, &vcn, NULL);\n\tif (!attr) {\n\t\t/* Is record corrupted? */\n\t\treturn -ENOENT;\n\t}\n\n\tsvcn = le64_to_cpu(attr->nres.svcn);\n\tevcn = le64_to_cpu(attr->nres.evcn);\n\n\tif (evcn < vcn || vcn < svcn) {\n\t\t/* Is record corrupted? */\n\t\treturn -EINVAL;\n\t}\n\n\tro = le16_to_cpu(attr->nres.run_off);\n\n\tif (ro > le32_to_cpu(attr->size))\n\t\treturn -EINVAL;\n\n\terr = run_unpack_ex(run, ni->mi.sbi, ni->mi.rno, svcn, evcn, svcn,\n\t\t\t    Add2Ptr(attr, ro), le32_to_cpu(attr->size) - ro);\n\tif (err < 0)\n\t\treturn err;\n\treturn 0;\n}\n\n/*\n * attr_load_runs_range - Load runs for given range [from to).\n */\nint attr_load_runs_range(struct ntfs_inode *ni, enum ATTR_TYPE type,\n\t\t\t const __le16 *name, u8 name_len, struct runs_tree *run,\n\t\t\t u64 from, u64 to)\n{\n\tstruct ntfs_sb_info *sbi = ni->mi.sbi;\n\tu8 cluster_bits = sbi->cluster_bits;\n\tCLST vcn;\n\tCLST vcn_last = (to - 1) >> cluster_bits;\n\tCLST lcn, clen;\n\tint err;\n\n\tfor (vcn = from >> cluster_bits; vcn <= vcn_last; vcn += clen) {\n\t\tif (!run_lookup_entry(run, vcn, &lcn, &clen, NULL)) {\n\t\t\terr = attr_load_runs_vcn(ni, type, name, name_len, run,\n\t\t\t\t\t\t vcn);\n\t\t\tif (err)\n\t\t\t\treturn err;\n\t\t\tclen = 0; /* Next run_lookup_entry(vcn) must be success. */\n\t\t}\n\t}\n\n\treturn 0;\n}\n\n#ifdef CONFIG_NTFS3_LZX_XPRESS\n/*\n * attr_wof_frame_info\n *\n * Read header of Xpress/LZX file to get info about frame.\n */\nint attr_wof_frame_info(struct ntfs_inode *ni, struct ATTRIB *attr,\n\t\t\tstruct runs_tree *run, u64 frame, u64 frames,\n\t\t\tu8 frame_bits, u32 *ondisk_size, u64 *vbo_data)\n{\n\tstruct ntfs_sb_info *sbi = ni->mi.sbi;\n\tu64 vbo[2], off[2], wof_size;\n\tu32 voff;\n\tu8 bytes_per_off;\n\tchar *addr;\n\tstruct folio *folio;\n\tint i, err;\n\t__le32 *off32;\n\t__le64 *off64;\n\n\tif (ni->vfs_inode.i_size < 0x100000000ull) {\n\t\t/* File starts with array of 32 bit offsets. */\n\t\tbytes_per_off = sizeof(__le32);\n\t\tvbo[1] = frame << 2;\n\t\t*vbo_data = frames << 2;\n\t} else {\n\t\t/* File starts with array of 64 bit offsets. */\n\t\tbytes_per_off = sizeof(__le64);\n\t\tvbo[1] = frame << 3;\n\t\t*vbo_data = frames << 3;\n\t}\n\n\t/*\n\t * Read 4/8 bytes at [vbo - 4(8)] == offset where compressed frame starts.\n\t * Read 4/8 bytes at [vbo] == offset where compressed frame ends.\n\t */\n\tif (!attr->non_res) {\n\t\tif (vbo[1] + bytes_per_off > le32_to_cpu(attr->res.data_size)) {\n\t\t\tntfs_inode_err(&ni->vfs_inode, "is corrupted");\n\t\t\treturn -EINVAL;\n\t\t}\n\t\taddr = resident_data(attr);\n\n\t\tif (bytes_per_off == sizeof(__le32)) {\n\t\t\toff32 = Add2Ptr(addr, vbo[1]);\n\t\t\toff[0] = vbo[1] ? le32_to_cpu(off32[-1]) : 0;\n\t\t\toff[1] = le32_to_cpu(off32[0]);\n\t\t} else {\n\t\t\toff64 = Add2Ptr(addr, vbo[1]);\n\t\t\toff[0] = vbo[1] ? le64_to_cpu(off64[-1]) : 0;\n\t\t\toff[1] = le64_to_cpu(off64[0]);\n\t\t}\n\n\t\t*vbo_data += off[0];\n\t\t*ondisk_size = off[1] - off[0];\n\t\treturn 0;\n\t}\n\n\twof_size = le64_to_cpu(attr->nres.data_size);\n\tdown_write(&ni->file.run_lock);\n\tfolio = ni->file.offs_folio;\n\tif (!folio) {\n\t\tfolio = folio_alloc(GFP_KERNEL, 0);\n\t\tif (!folio) {\n\t\t\terr = -ENOMEM;\n\t\t\tgoto out;\n\t\t}\n\t\tfolio->index = -1;\n\t\tni->file.offs_folio = folio;\n\t}\n\tfolio_lock(folio);\n\taddr = folio_address(folio);\n\n\tif (vbo[1]) {\n\t\tvoff = vbo[1] & (PAGE_SIZE - 1);\n\t\tvbo[0] = vbo[1] - bytes_per_off;\n\t\ti = 0;\n\t} else {\n\t\tvoff = 0;\n\t\tvbo[0] = 0;\n\t\toff[0] = 0;\n\t\ti = 1;\n\t}\n\n\tdo {\n\t\tpgoff_t index = vbo[i] >> PAGE_SHIFT;\n\n\t\tif (index != folio->index) {\n\t\t\tstruct page *page = &folio->page;\n\t\t\tu64 from = vbo[i] & ~(u64)(PAGE_SIZE - 1);\n\t\t\tu64 to = min(from + PAGE_SIZE, wof_size);\n\n\t\t\terr = attr_load_runs_range(ni, ATTR_DATA, WOF_NAME,\n\t\t\t\t\t\t   ARRAY_SIZE(WOF_NAME), run,\n\t\t\t\t\t\t   from, to);\n\t\t\tif (err)\n\t\t\t\tgoto out1;\n\n\t\t\terr = ntfs_bio_pages(sbi, run, &page, 1, from,\n\t\t\t\t\t     to - from, REQ_OP_READ);\n\t\t\tif (err) {\n\t\t\t\tfolio->index = -1;\n\t\t\t\tgoto out1;\n\t\t\t}\n\t\t\tfolio->index = index;\n\t\t}\n\n\t\tif (i) {\n\t\t\tif (bytes_per_off == sizeof(__le32)) {\n\t\t\t\toff32 = Add2Ptr(addr, voff);\n\t\t\t\toff[1] = le32_to_cpu(*off32);\n\t\t\t} else {\n\t\t\t\toff64 = Add2Ptr(addr, voff);\n\t\t\t\toff[1] = le64_to_cpu(*off64);\n\t\t\t}\n\t\t} else if (!voff) {\n\t\t\tif (bytes_per_off == sizeof(__le32)) {\n\t\t\t\toff32 = Add2Ptr(addr, PAGE_SIZE - sizeof(u32));\n\t\t\t\toff[0] = le32_to_cpu(*off32);\n\t\t\t} else {\n\t\t\t\toff64 = Add2Ptr(addr, PAGE_SIZE - sizeof(u64));\n\t\t\t\toff[0] = le64_to_cpu(*off64);\n\t\t\t}\n\t\t} else {\n\t\t\t/* Two values in one page. */\n\t\t\tif (bytes_per_off == sizeof(__le32)) {\n\t\t\t\toff32 = Add2Ptr(addr, voff);\n\t\t\t\toff[0] = le32_to_cpu(off32[-1]);\n\t\t\t\toff[1] = le32_to_cpu(off32[0]);\n\t\t\t} else {\n\t\t\t\toff64 = Add2Ptr(addr, voff);\n\t\t\t\toff[0] = le64_to_cpu(off64[-1]);\n\t\t\t\toff[1] = le64_to_cpu(off64[0]);\n\t\t\t}\n\t\t\tbreak;\n\t\t}\n\t} while (++i < 2);\n\n\t*vbo_data += off[0];\n\t*ondisk_size = off[1] - off[0];\n\nout1:\n\tfolio_unlock(folio);\nout:\n\tup_write(&ni->file.run_lock);\n\treturn err;\n}\n#endif\n\n/*\n * attr_is_frame_compressed - Used to detect compressed frame.\n *\n * attr - base (primary) attribute segment.\n * Only base segments contains valid \'attr->nres.c_unit\'\n */\nint attr_is_frame_compressed(struct ntfs_inode *ni, struct ATTRIB *attr,\n\t\t\t     CLST frame, CLST *clst_data)\n{\n\tint err;\n\tu32 clst_frame;\n\tCLST clen, lcn, vcn, alen, slen, vcn_next;\n\tsize_t idx;\n\tstruct runs_tree *run;\n\n\t*clst_data = 0;\n\n\tif (!is_attr_compressed(attr))\n\t\treturn 0;\n\n\tif (!attr->non_res)\n\t\treturn 0;\n\n\tclst_frame = 1u << attr->nres.c_unit;\n\tvcn = frame * clst_frame;\n\trun = &ni->file.run;\n\n\tif (!run_lookup_entry(run, vcn, &lcn, &clen, &idx)) {\n\t\terr = attr_load_runs_vcn(ni, attr->type, attr_name(attr),\n\t\t\t\t\t attr->name_len, run, vcn);\n\t\tif (err)\n\t\t\treturn err;\n\n\t\tif (!run_lookup_entry(run, vcn, &lcn, &clen, &idx))\n\t\t\treturn -EINVAL;\n\t}\n\n\tif (lcn == SPARSE_LCN) {\n\t\t/* Sparsed frame. */\n\t\treturn 0;\n\t}\n\n\tif (clen >= clst_frame) {\n\t\t/*\n\t\t * The frame is not compressed \'cause\n\t\t * it does not contain any sparse clusters.\n\t\t */\n\t\t*clst_data = clst_frame;\n\t\treturn 0;\n\t}\n\n\talen = bytes_to_cluster(ni->mi.sbi, le64_to_cpu(attr->nres.alloc_size));\n\tslen = 0;\n\t*clst_data = clen;\n\n\t/*\n\t * The frame is compressed if *clst_data + slen >= clst_frame.\n\t * Check next fragments.\n\t */\n\twhile ((vcn += clen) < alen) {\n\t\tvcn_next = vcn;\n\n\t\tif (!run_get_entry(run, ++idx, &vcn, &lcn, &clen) ||\n\t\t    vcn_next != vcn) {\n\t\t\terr = attr_load_runs_vcn(ni, attr->type,\n\t\t\t\t\t\t attr_name(attr),\n\t\t\t\t\t\t attr->name_len, run, vcn_next);\n\t\t\tif (err)\n\t\t\t\treturn err;\n\t\t\tvcn = vcn_next;\n\n\t\t\tif (!run_lookup_entry(run, vcn, &lcn, &clen, &idx))\n\t\t\t\treturn -EINVAL;\n\t\t}\n\n\t\tif (lcn == SPARSE_LCN) {\n\t\t\tslen += clen;\n\t\t} else {\n\t\t\tif (slen) {\n\t\t\t\t/*\n\t\t\t\t * Data_clusters + sparse_clusters =\n\t\t\t\t * not enough for frame.\n\t\t\t\t */\n\t\t\t\treturn -EINVAL;\n\t\t\t}\n\t\t\t*clst_data += clen;\n\t\t}\n\n\t\tif (*clst_data + slen >= clst_frame) {\n\t\t\tif (!slen) {\n\t\t\t\t/*\n\t\t\t\t * There is no sparsed clusters in this frame\n\t\t\t\t * so it is not compressed.\n\t\t\t\t */\n\t\t\t\t*clst_data = clst_frame;\n\t\t\t} else {\n\t\t\t\t/* Frame is compressed. */\n\t\t\t}\n\t\t\tbreak;\n\t\t}\n\t}\n\n\treturn 0;\n}\n\n/*\n * attr_allocate_frame - Allocate/free clusters for @frame.\n *\n * Assumed: down_write(&ni->file.run_lock);\n */\nint attr_allocate_frame(struct ntfs_inode *ni, CLST frame, size_t compr_size,\n\t\t\tu64 new_valid)\n{\n\tint err = 0;\n\tstruct runs_tree *run = &ni->file.run;\n\tstruct ntfs_sb_info *sbi = ni->mi.sbi;\n\tstruct ATTRIB *attr = NULL, *attr_b;\n\tstruct ATTR_LIST_ENTRY *le, *le_b;\n\tstruct mft_inode *mi, *mi_b;\n\tCLST svcn, evcn1, next_svcn, len;\n\tCLST vcn, end, clst_data;\n\tu64 total_size, valid_size, data_size;\n\n\tle_b = NULL;\n\tattr_b = ni_find_attr(ni, NULL, &le_b, ATTR_DATA, NULL, 0, NULL, &mi_b);\n\tif (!attr_b)\n\t\treturn -ENOENT;\n\n\tif (!is_attr_ext(attr_b))\n\t\treturn -EINVAL;\n\n\tvcn = frame << NTFS_LZNT_CUNIT;\n\ttotal_size = le64_to_cpu(attr_b->nres.total_size);\n\n\tsvcn = le64_to_cpu(attr_b->nres.svcn);\n\tevcn1 = le64_to_cpu(attr_b->nres.evcn) + 1;\n\tdata_size = le64_to_cpu(attr_b->nres.data_size);\n\n\tif (svcn <= vcn && vcn < evcn1) {\n\t\tattr = attr_b;\n\t\tle = le_b;\n\t\tmi = mi_b;\n\t} else if (!le_b) {\n\t\terr = -EINVAL;\n\t\tgoto out;\n\t} else {\n\t\tle = le_b;\n\t\tattr = ni_find_attr(ni, attr_b, &le, ATTR_DATA, NULL, 0, &vcn,\n\t\t\t\t    &mi);\n\t\tif (!attr) {\n\t\t\terr = -EINVAL;\n\t\t\tgoto out;\n\t\t}\n\t\tsvcn = le64_to_cpu(attr->nres.svcn);\n\t\tevcn1 = le64_to_cpu(attr->nres.evcn) + 1;\n\t}\n\n\terr = attr_load_runs(attr, ni, run, NULL);\n\tif (err)\n\t\tgoto out;\n\n\terr = attr_is_frame_compressed(ni, attr_b, frame, &clst_data);\n\tif (err)\n\t\tgoto out;\n\n\ttotal_size -= (u64)clst_data << sbi->cluster_bits;\n\n\tlen = bytes_to_cluster(sbi, compr_size);\n\n\tif (len == clst_data)\n\t\tgoto out;\n\n\tif (len < clst_data) {\n\t\terr = run_deallocate_ex(sbi, run, vcn + len, clst_data - len,\n\t\t\t\t\tNULL, true);\n\t\tif (err)\n\t\t\tgoto out;\n\n\t\tif (!run_add_entry(run, vcn + len, SPARSE_LCN, clst_data - len,\n\t\t\t\t   false)) {\n\t\t\terr = -ENOMEM;\n\t\t\tgoto out;\n\t\t}\n\t\tend = vcn + clst_data;\n\t\t/* Run contains updated range [vcn + len : end). */\n\t} else {\n\t\tCLST alen, hint = 0;\n\t\t/* Get the last LCN to allocate from. */\n\t\tif (vcn + clst_data &&\n\t\t    !run_lookup_entry(run, vcn + clst_data - 1, &hint, NULL,\n\t\t\t\t      NULL)) {\n\t\t\thint = -1;\n\t\t}\n\n\t\terr = attr_allocate_clusters(sbi, run, vcn + clst_data,\n\t\t\t\t\t     hint + 1, len - clst_data, NULL,\n\t\t\t\t\t     ALLOCATE_DEF, &alen, 0, NULL,\n\t\t\t\t\t     NULL);\n\t\tif (err)\n\t\t\tgoto out;\n\n\t\tend = vcn + len;\n\t\t/* Run contains updated range [vcn + clst_data : end). */\n\t}\n\n\ttotal_size += (u64)len << sbi->cluster_bits;\n\nrepack:\n\terr = mi_pack_runs(mi, attr, run, max(end, evcn1) - svcn);\n\tif (err)\n\t\tgoto out;\n\n\tattr_b->nres.total_size = cpu_to_le64(total_size);\n\tinode_set_bytes(&ni->vfs_inode, total_size);\n\tni->ni_flags |= NI_FLAG_UPDATE_PARENT;\n\n\tmi_b->dirty = true;\n\tmark_inode_dirty(&ni->vfs_inode);\n\n\t/* Stored [vcn : next_svcn) from [vcn : end). */\n\tnext_svcn = le64_to_cpu(attr->nres.evcn) + 1;\n\n\tif (end <= evcn1) {\n\t\tif (next_svcn == evcn1) {\n\t\t\t/* Normal way. Update attribute and exit. */\n\t\t\tgoto ok;\n\t\t}\n\t\t/* Add new segment [next_svcn : evcn1 - next_svcn). */\n\t\tif (!ni->attr_list.size) {\n\t\t\terr = ni_create_attr_list(ni);\n\t\t\tif (err)\n\t\t\t\tgoto out;\n\t\t\t/* Layout of records is changed. */\n\t\t\tle_b = NULL;\n\t\t\tattr_b = ni_find_attr(ni, NULL, &le_b, ATTR_DATA, NULL,\n\t\t\t\t\t      0, NULL, &mi_b);\n\t\t\tif (!attr_b) {\n\t\t\t\terr = -ENOENT;\n\t\t\t\tgoto out;\n\t\t\t}\n\n\t\t\tattr = attr_b;\n\t\t\tle = le_b;\n\t\t\tmi = mi_b;\n\t\t\tgoto repack;\n\t\t}\n\t}\n\n\tsvcn = evcn1;\n\n\t/* Estimate next attribute. */\n\tattr = ni_find_attr(ni, attr, &le, ATTR_DATA, NULL, 0, &svcn, &mi);\n\n\tif (attr) {\n\t\tCLST alloc = bytes_to_cluster(\n\t\t\tsbi, le64_to_cpu(attr_b->nres.alloc_size));\n\t\tCLST evcn = le64_to_cpu(attr->nres.evcn);\n\n\t\tif (end < next_svcn)\n\t\t\tend = next_svcn;\n\t\twhile (end > evcn) {\n\t\t\t/* Remove segment [svcn : evcn). */\n\t\t\tmi_remove_attr(NULL, mi, attr);\n\n\t\t\tif (!al_remove_le(ni, le)) {\n\t\t\t\terr = -EINVAL;\n\t\t\t\tgoto out;\n\t\t\t}\n\n\t\t\tif (evcn + 1 >= alloc) {\n\t\t\t\t/* Last attribute segment. */\n\t\t\t\tevcn1 = evcn + 1;\n\t\t\t\tgoto ins_ext;\n\t\t\t}\n\n\t\t\tif (ni_load_mi(ni, le, &mi)) {\n\t\t\t\tattr = NULL;\n\t\t\t\tgoto out;\n\t\t\t}\n\n\t\t\tattr = mi_find_attr(mi, NULL, ATTR_DATA, NULL, 0,\n\t\t\t\t\t    &le->id);\n\t\t\tif (!attr) {\n\t\t\t\terr = -EINVAL;\n\t\t\t\tgoto out;\n\t\t\t}\n\t\t\tsvcn = le64_to_cpu(attr->nres.svcn);\n\t\t\tevcn = le64_to_cpu(attr->nres.evcn);\n\t\t}\n\n\t\tif (end < svcn)\n\t\t\tend = svcn;\n\n\t\terr = attr_load_runs(attr, ni, run, &end);\n\t\tif (err)\n\t\t\tgoto out;\n\n\t\tevcn1 = evcn + 1;\n\t\tattr->nres.svcn = cpu_to_le64(next_svcn);\n\t\terr = mi_pack_runs(mi, attr, run, evcn1 - next_svcn);\n\t\tif (err)\n\t\t\tgoto out;\n\n\t\tle->vcn = cpu_to_le64(next_svcn);\n\t\tni->attr_list.dirty = true;\n\t\tmi->dirty = true;\n\n\t\tnext_svcn = le64_to_cpu(attr->nres.evcn) + 1;\n\t}\nins_ext:\n\tif (evcn1 > next_svcn) {\n\t\terr = ni_insert_nonresident(ni, ATTR_DATA, NULL, 0, run,\n\t\t\t\t\t    next_svcn, evcn1 - next_svcn,\n\t\t\t\t\t    attr_b->flags, &attr, &mi, NULL);\n\t\tif (err)\n\t\t\tgoto out;\n\t}\nok:\n\trun_truncate_around(run, vcn);\nout:\n\tif (attr_b) {\n\t\tif (new_valid > data_size)\n\t\t\tnew_valid = data_size;\n\n\t\tvalid_size = le64_to_cpu(attr_b->nres.valid_size);\n\t\tif (new_valid != valid_size) {\n\t\t\tattr_b->nres.valid_size = cpu_to_le64(valid_size);\n\t\t\tmi_b->dirty = true;\n\t\t}\n\t}\n\n\treturn err;\n}\n\n/*\n * attr_collapse_range - Collapse range in file.\n */\nint attr_collapse_range(struct ntfs_inode *ni, u64 vbo, u64 bytes)\n{\n\tint err = 0;\n\tstruct runs_tree *run = &ni->file.run;\n\tstruct ntfs_sb_info *sbi = ni->mi.sbi;\n\tstruct ATTRIB *attr = NULL, *attr_b;\n\tstruct ATTR_LIST_ENTRY *le, *le_b;\n\tstruct mft_inode *mi, *mi_b;\n\tCLST svcn, evcn1, len, dealloc, alen;\n\tCLST vcn, end;\n\tu64 valid_size, data_size, alloc_size, total_size;\n\tu32 mask;\n\t__le16 a_flags;\n\n\tif (!bytes)\n\t\treturn 0;\n\n\tle_b = NULL;\n\tattr_b = ni_find_attr(ni, NULL, &le_b, ATTR_DATA, NULL, 0, NULL, &mi_b);\n\tif (!attr_b)\n\t\treturn -ENOENT;\n\n\tif (!attr_b->non_res) {\n\t\t/* Attribute is resident. Nothing to do? */\n\t\treturn 0;\n\t}\n\n\tdata_size = le64_to_cpu(attr_b->nres.data_size);\n\talloc_size = le64_to_cpu(attr_b->nres.alloc_size);\n\ta_flags = attr_b->flags;\n\n\tif (is_attr_ext(attr_b)) {\n\t\ttotal_size = le64_to_cpu(attr_b->nres.total_size);\n\t\tmask = (sbi->cluster_size << attr_b->nres.c_unit) - 1;\n\t} else {\n\t\ttotal_size = alloc_size;\n\t\tmask = sbi->cluster_mask;\n\t}\n\n\tif ((vbo & mask) || (bytes & mask)) {\n\t\t/* Allow to collapse only cluster aligned ranges. */\n\t\treturn -EINVAL;\n\t}\n\n\tif (vbo > data_size)\n\t\treturn -EINVAL;\n\n\tdown_write(&ni->file.run_lock);\n\n\tif (vbo + bytes >= data_size) {\n\t\tu64 new_valid = min(ni->i_valid, vbo);\n\n\t\t/* Simple truncate file at \'vbo\'. */\n\t\ttruncate_setsize(&ni->vfs_inode, vbo);\n\t\terr = attr_set_size(ni, ATTR_DATA, NULL, 0, &ni->file.run, vbo,\n\t\t\t\t    &new_valid, true, NULL);\n\n\t\tif (!err && new_valid < ni->i_valid)\n\t\t\tni->i_valid = new_valid;\n\n\t\tgoto out;\n\t}\n\n\t/*\n\t * Enumerate all attribute segments and collapse.\n\t */\n\talen = alloc_size >> sbi->cluster_bits;\n\tvcn = vbo >> sbi->cluster_bits;\n\tlen = bytes >> sbi->cluster_bits;\n\tend = vcn + len;\n\tdealloc = 0;\n\n\tsvcn = le64_to_cpu(attr_b->nres.svcn);\n\tevcn1 = le64_to_cpu(attr_b->nres.evcn) + 1;\n\n\tif (svcn <= vcn && vcn < evcn1) {\n\t\tattr = attr_b;\n\t\tle = le_b;\n\t\tmi = mi_b;\n\t} else if (!le_b) {\n\t\terr = -EINVAL;\n\t\tgoto out;\n\t} else {\n\t\tle = le_b;\n\t\tattr = ni_find_attr(ni, attr_b, &le, ATTR_DATA, NULL, 0, &vcn,\n\t\t\t\t    &mi);\n\t\tif (!attr) {\n\t\t\terr = -EINVAL;\n\t\t\tgoto out;\n\t\t}\n\n\t\tsvcn = le64_to_cpu(attr->nres.svcn);\n\t\tevcn1 = le64_to_cpu(attr->nres.evcn) + 1;\n\t}\n\n\tfor (;;) {\n\t\tif (svcn >= end) {\n\t\t\t/* Shift VCN- */\n\t\t\tattr->nres.svcn = cpu_to_le64(svcn - len);\n\t\t\tattr->nres.evcn = cpu_to_le64(evcn1 - 1 - len);\n\t\t\tif (le) {\n\t\t\t\tle->vcn = attr->nres.svcn;\n\t\t\t\tni->attr_list.dirty = true;\n\t\t\t}\n\t\t\tmi->dirty = true;\n\t\t} else if (svcn < vcn || end < evcn1) {\n\t\t\tCLST vcn1, eat, next_svcn;\n\n\t\t\t/* Collapse a part of this attribute segment. */\n\t\t\terr = attr_load_runs(attr, ni, run, &svcn);\n\t\t\tif (err)\n\t\t\t\tgoto out;\n\t\t\tvcn1 = max(vcn, svcn);\n\t\t\teat = min(end, evcn1) - vcn1;\n\n\t\t\terr = run_deallocate_ex(sbi, run, vcn1, eat, &dealloc,\n\t\t\t\t\t\ttrue);\n\t\t\tif (err)\n\t\t\t\tgoto out;\n\n\t\t\tif (!run_collapse_range(run, vcn1, eat)) {\n\t\t\t\terr = -ENOMEM;\n\t\t\t\tgoto out;\n\t\t\t}\n\n\t\t\tif (svcn >= vcn) {\n\t\t\t\t/* Shift VCN */\n\t\t\t\tattr->nres.svcn = cpu_to_le64(vcn);\n\t\t\t\tif (le) {\n\t\t\t\t\tle->vcn = attr->nres.svcn;\n\t\t\t\t\tni->attr_list.dirty = true;\n\t\t\t\t}\n\t\t\t}\n\n\t\t\terr = mi_pack_runs(mi, attr, run, evcn1 - svcn - eat);\n\t\t\tif (err)\n\t\t\t\tgoto out;\n\n\t\t\tnext_svcn = le64_to_cpu(attr->nres.evcn) + 1;\n\t\t\tif (next_svcn + eat < evcn1) {\n\t\t\t\terr = ni_insert_nonresident(\n\t\t\t\t\tni, ATTR_DATA, NULL, 0, run, next_svcn,\n\t\t\t\t\tevcn1 - eat - next_svcn, a_flags, &attr,\n\t\t\t\t\t&mi, &le);\n\t\t\t\tif (err)\n\t\t\t\t\tgoto out;\n\n\t\t\t\t/* Layout of records maybe changed. */\n\t\t\t\tattr_b = NULL;\n\t\t\t}\n\n\t\t\t/* Free all allocated memory. */\n\t\t\trun_truncate(run, 0);\n\t\t} else {\n\t\t\tu16 le_sz;\n\t\t\tu16 roff = le16_to_cpu(attr->nres.run_off);\n\n\t\t\tif (roff > le32_to_cpu(attr->size)) {\n\t\t\t\terr = -EINVAL;\n\t\t\t\tgoto out;\n\t\t\t}\n\n\t\t\trun_unpack_ex(RUN_DEALLOCATE, sbi, ni->mi.rno, svcn,\n\t\t\t\t      evcn1 - 1, svcn, Add2Ptr(attr, roff),\n\t\t\t\t      le32_to_cpu(attr->size) - roff);\n\n\t\t\t/* Delete this attribute segment. */\n\t\t\tmi_remove_attr(NULL, mi, attr);\n\t\t\tif (!le)\n\t\t\t\tbreak;\n\n\t\t\tle_sz = le16_to_cpu(le->size);\n\t\t\tif (!al_remove_le(ni, le)) {\n\t\t\t\terr = -EINVAL;\n\t\t\t\tgoto out;\n\t\t\t}\n\n\t\t\tif (evcn1 >= alen)\n\t\t\t\tbreak;\n\n\t\t\tif (!svcn) {\n\t\t\t\t/* Load next record that contains this attribute. */\n\t\t\t\tif (ni_load_mi(ni, le, &mi)) {\n\t\t\t\t\terr = -EINVAL;\n\t\t\t\t\tgoto out;\n\t\t\t\t}\n\n\t\t\t\t/* Look for required attribute. */\n\t\t\t\tattr = mi_find_attr(mi, NULL, ATTR_DATA, NULL,\n\t\t\t\t\t\t    0, &le->id);\n\t\t\t\tif (!attr) {\n\t\t\t\t\terr = -EINVAL;\n\t\t\t\t\tgoto out;\n\t\t\t\t}\n\t\t\t\tgoto next_attr;\n\t\t\t}\n\t\t\tle = (struct ATTR_LIST_ENTRY *)((u8 *)le - le_sz);\n\t\t}\n\n\t\tif (evcn1 >= alen)\n\t\t\tbreak;\n\n\t\tattr = ni_enum_attr_ex(ni, attr, &le, &mi);\n\t\tif (!attr) {\n\t\t\terr = -EINVAL;\n\t\t\tgoto out;\n\t\t}\n\nnext_attr:\n\t\tsvcn = le64_to_cpu(attr->nres.svcn);\n\t\tevcn1 = le64_to_cpu(attr->nres.evcn) + 1;\n\t}\n\n\tif (!attr_b) {\n\t\tle_b = NULL;\n\t\tattr_b = ni_find_attr(ni, NULL, &le_b, ATTR_DATA, NULL, 0, NULL,\n\t\t\t\t      &mi_b);\n\t\tif (!attr_b) {\n\t\t\terr = -ENOENT;\n\t\t\tgoto out;\n\t\t}\n\t}\n\n\tdata_size -= bytes;\n\tvalid_size = ni->i_valid;\n\tif (vbo + bytes <= valid_size)\n\t\tvalid_size -= bytes;\n\telse if (vbo < valid_size)\n\t\tvalid_size = vbo;\n\n\tattr_b->nres.alloc_size = cpu_to_le64(alloc_size - bytes);\n\tattr_b->nres.data_size = cpu_to_le64(data_size);\n\tattr_b->nres.valid_size = cpu_to_le64(min(valid_size, data_size));\n\ttotal_size -= (u64)dealloc << sbi->cluster_bits;\n\tif (is_attr_ext(attr_b))\n\t\tattr_b->nres.total_size = cpu_to_le64(total_size);\n\tmi_b->dirty = true;\n\n\t/* Update inode size. */\n\tni->i_valid = valid_size;\n\ti_size_write(&ni->vfs_inode, data_size);\n\tinode_set_bytes(&ni->vfs_inode, total_size);\n\tni->ni_flags |= NI_FLAG_UPDATE_PARENT;\n\tmark_inode_dirty(&ni->vfs_inode);\n\nout:\n\tup_write(&ni->file.run_lock);\n\tif (err)\n\t\t_ntfs_bad_inode(&ni->vfs_inode);\n\n\treturn err;\n}\n\n/*\n * attr_punch_hole\n *\n * Not for normal files.\n */\nint attr_punch_hole(struct ntfs_inode *ni, u64 vbo, u64 bytes, u32 *frame_size)\n{\n\tint err = 0;\n\tstruct runs_tree *run = &ni->file.run;\n\tstruct ntfs_sb_info *sbi = ni->mi.sbi;\n\tstruct ATTRIB *attr = NULL, *attr_b;\n\tstruct ATTR_LIST_ENTRY *le, *le_b;\n\tstruct mft_inode *mi, *mi_b;\n\tCLST svcn, evcn1, vcn, len, end, alen, hole, next_svcn;\n\tu64 total_size, alloc_size;\n\tu32 mask;\n\t__le16 a_flags;\n\tstruct runs_tree run2;\n\n\tif (!bytes)\n\t\treturn 0;\n\n\tle_b = NULL;\n\tattr_b = ni_find_attr(ni, NULL, &le_b, ATTR_DATA, NULL, 0, NULL, &mi_b);\n\tif (!attr_b)\n\t\treturn -ENOENT;\n\n\tif (!attr_b->non_res) {\n\t\tu32 data_size = le32_to_cpu(attr_b->res.data_size);\n\t\tu32 from, to;\n\n\t\tif (vbo > data_size)\n\t\t\treturn 0;\n\n\t\tfrom = vbo;\n\t\tto = min_t(u64, vbo + bytes, data_size);\n\t\tmemset(Add2Ptr(resident_data(attr_b), from), 0, to - from);\n\t\treturn 0;\n\t}\n\n\tif (!is_attr_ext(attr_b))\n\t\treturn -EOPNOTSUPP;\n\n\talloc_size = le64_to_cpu(attr_b->nres.alloc_size);\n\ttotal_size = le64_to_cpu(attr_b->nres.total_size);\n\n\tif (vbo >= alloc_size) {\n\t\t/* NOTE: It is allowed. */\n\t\treturn 0;\n\t}\n\n\tmask = (sbi->cluster_size << attr_b->nres.c_unit) - 1;\n\n\tbytes += vbo;\n\tif (bytes > alloc_size)\n\t\tbytes = alloc_size;\n\tbytes -= vbo;\n\n\tif ((vbo & mask) || (bytes & mask)) {\n\t\t/* We have to zero a range(s). */\n\t\tif (frame_size == NULL) {\n\t\t\t/* Caller insists range is aligned. */\n\t\t\treturn -EINVAL;\n\t\t}\n\t\t*frame_size = mask + 1;\n\t\treturn E_NTFS_NOTALIGNED;\n\t}\n\n\tdown_write(&ni->file.run_lock);\n\trun_init(&run2);\n\trun_truncate(run, 0);\n\n\t/*\n\t * Enumerate all attribute segments and punch hole where necessary.\n\t */\n\talen = alloc_size >> sbi->cluster_bits;\n\tvcn = vbo >> sbi->cluster_bits;\n\tlen = bytes >> sbi->cluster_bits;\n\tend = vcn + len;\n\thole = 0;\n\n\tsvcn = le64_to_cpu(attr_b->nres.svcn);\n\tevcn1 = le64_to_cpu(attr_b->nres.evcn) + 1;\n\ta_flags = attr_b->flags;\n\n\tif (svcn <= vcn && vcn < evcn1) {\n\t\tattr = attr_b;\n\t\tle = le_b;\n\t\tmi = mi_b;\n\t} else if (!le_b) {\n\t\terr = -EINVAL;\n\t\tgoto bad_inode;\n\t} else {\n\t\tle = le_b;\n\t\tattr = ni_find_attr(ni, attr_b, &le, ATTR_DATA, NULL, 0, &vcn,\n\t\t\t\t    &mi);\n\t\tif (!attr) {\n\t\t\terr = -EINVAL;\n\t\t\tgoto bad_inode;\n\t\t}\n\n\t\tsvcn = le64_to_cpu(attr->nres.svcn);\n\t\tevcn1 = le64_to_cpu(attr->nres.evcn) + 1;\n\t}\n\n\twhile (svcn < end) {\n\t\tCLST vcn1, zero, hole2 = hole;\n\n\t\terr = attr_load_runs(attr, ni, run, &svcn);\n\t\tif (err)\n\t\t\tgoto done;\n\t\tvcn1 = max(vcn, svcn);\n\t\tzero = min(end, evcn1) - vcn1;\n\n\t\t/*\n\t\t * Check range [vcn1 + zero).\n\t\t * Calculate how many clusters there are.\n\t\t * Don\'t do any destructive actions.\n\t\t */\n\t\terr = run_deallocate_ex(NULL, run, vcn1, zero, &hole2, false);\n\t\tif (err)\n\t\t\tgoto done;\n\n\t\t/* Check if required range is already hole. */\n\t\tif (hole2 == hole)\n\t\t\tgoto next_attr;\n\n\t\t/* Make a clone of run to undo. */\n\t\terr = run_clone(run, &run2);\n\t\tif (err)\n\t\t\tgoto done;\n\n\t\t/* Make a hole range (sparse) [vcn1 + zero). */\n\t\tif (!run_add_entry(run, vcn1, SPARSE_LCN, zero, false)) {\n\t\t\terr = -ENOMEM;\n\t\t\tgoto done;\n\t\t}\n\n\t\t/* Update run in attribute segment. */\n\t\terr = mi_pack_runs(mi, attr, run, evcn1 - svcn);\n\t\tif (err)\n\t\t\tgoto done;\n\t\tnext_svcn = le64_to_cpu(attr->nres.evcn) + 1;\n\t\tif (next_svcn < evcn1) {\n\t\t\t/* Insert new attribute segment. */\n\t\t\terr = ni_insert_nonresident(ni, ATTR_DATA, NULL, 0, run,\n\t\t\t\t\t\t    next_svcn,\n\t\t\t\t\t\t    evcn1 - next_svcn, a_flags,\n\t\t\t\t\t\t    &attr, &mi, &le);\n\t\t\tif (err)\n\t\t\t\tgoto undo_punch;\n\n\t\t\t/* Layout of records maybe changed. */\n\t\t\tattr_b = NULL;\n\t\t}\n\n\t\t/* Real deallocate. Should not fail. */\n\t\trun_deallocate_ex(sbi, &run2, vcn1, zero, &hole, true);\n\nnext_attr:\n\t\t/* Free all allocated memory. */\n\t\trun_truncate(run, 0);\n\n\t\tif (evcn1 >= alen)\n\t\t\tbreak;\n\n\t\t/* Get next attribute segment. */\n\t\tattr = ni_enum_attr_ex(ni, attr, &le, &mi);\n\t\tif (!attr) {\n\t\t\terr = -EINVAL;\n\t\t\tgoto bad_inode;\n\t\t}\n\n\t\tsvcn = le64_to_cpu(attr->nres.svcn);\n\t\tevcn1 = le64_to_cpu(attr->nres.evcn) + 1;\n\t}\n\ndone:\n\tif (!hole)\n\t\tgoto out;\n\n\tif (!attr_b) {\n\t\tattr_b = ni_find_attr(ni, NULL, NULL, ATTR_DATA, NULL, 0, NULL,\n\t\t\t\t      &mi_b);\n\t\tif (!attr_b) {\n\t\t\terr = -EINVAL;\n\t\t\tgoto bad_inode;\n\t\t}\n\t}\n\n\ttotal_size -= (u64)hole << sbi->cluster_bits;\n\tattr_b->nres.total_size = cpu_to_le64(total_size);\n\tmi_b->dirty = true;\n\n\t/* Update inode size. */\n\tinode_set_bytes(&ni->vfs_inode, total_size);\n\tni->ni_flags |= NI_FLAG_UPDATE_PARENT;\n\tmark_inode_dirty(&ni->vfs_inode);\n\nout:\n\trun_close(&run2);\n\tup_write(&ni->file.run_lock);\n\treturn err;\n\nbad_inode:\n\t_ntfs_bad_inode(&ni->vfs_inode);\n\tgoto out;\n\nundo_punch:\n\t/*\n\t * Restore packed runs.\n\t * \'mi_pack_runs\' should not fail, cause we restore original.\n\t */\n\tif (mi_pack_runs(mi, attr, &run2, evcn1 - svcn))\n\t\tgoto bad_inode;\n\n\tgoto done;\n}\n\n/*\n * attr_insert_range - Insert range (hole) in file.\n * Not for normal files.\n */\nint attr_insert_range(struct ntfs_inode *ni, u64 vbo, u64 bytes)\n{\n\tint err = 0;\n\tstruct runs_tree *run = &ni->file.run;\n\tstruct ntfs_sb_info *sbi = ni->mi.sbi;\n\tstruct ATTRIB *attr = NULL, *attr_b;\n\tstruct ATTR_LIST_ENTRY *le, *le_b;\n\tstruct mft_inode *mi, *mi_b;\n\tCLST vcn, svcn, evcn1, len, next_svcn;\n\tu64 data_size, alloc_size;\n\tu32 mask;\n\t__le16 a_flags;\n\n\tif (!bytes)\n\t\treturn 0;\n\n\tle_b = NULL;\n\tattr_b = ni_find_attr(ni, NULL, &le_b, ATTR_DATA, NULL, 0, NULL, &mi_b);\n\tif (!attr_b)\n\t\treturn -ENOENT;\n\n\tif (!is_attr_ext(attr_b)) {\n\t\t/* It was checked above. See fallocate. */\n\t\treturn -EOPNOTSUPP;\n\t}\n\n\tif (!attr_b->non_res) {\n\t\tdata_size = le32_to_cpu(attr_b->res.data_size);\n\t\talloc_size = data_size;\n\t\tmask = sbi->cluster_mask; /* cluster_size - 1 */\n\t} else {\n\t\tdata_size = le64_to_cpu(attr_b->nres.data_size);\n\t\talloc_size = le64_to_cpu(attr_b->nres.alloc_size);\n\t\tmask = (sbi->cluster_size << attr_b->nres.c_unit) - 1;\n\t}\n\n\tif (vbo >= data_size) {\n\t\t/*\n\t\t * Insert range after the file size is not allowed.\n\t\t * If the offset is equal to or greater than the end of\n\t\t * file, an error is returned.  For such operations (i.e., inserting\n\t\t * a hole at the end of file), ftruncate(2) should be used.\n\t\t */\n\t\treturn -EINVAL;\n\t}\n\n\tif ((vbo & mask) || (bytes & mask)) {\n\t\t/* Allow to insert only frame aligned ranges. */\n\t\treturn -EINVAL;\n\t}\n\n\t/*\n\t * valid_size <= data_size <= alloc_size\n\t * Check alloc_size for maximum possible.\n\t */\n\tif (bytes > sbi->maxbytes_sparse - alloc_size)\n\t\treturn -EFBIG;\n\n\tvcn = vbo >> sbi->cluster_bits;\n\tlen = bytes >> sbi->cluster_bits;\n\n\tdown_write(&ni->file.run_lock);\n\n\tif (!attr_b->non_res) {\n\t\terr = attr_set_size(ni, ATTR_DATA, NULL, 0, run,\n\t\t\t\t    data_size + bytes, NULL, false, NULL);\n\n\t\tle_b = NULL;\n\t\tattr_b = ni_find_attr(ni, NULL, &le_b, ATTR_DATA, NULL, 0, NULL,\n\t\t\t\t      &mi_b);\n\t\tif (!attr_b) {\n\t\t\terr = -EINVAL;\n\t\t\tgoto bad_inode;\n\t\t}\n\n\t\tif (err)\n\t\t\tgoto out;\n\n\t\tif (!attr_b->non_res) {\n\t\t\t/* Still resident. */\n\t\t\tchar *data = Add2Ptr(attr_b,\n\t\t\t\t\t     le16_to_cpu(attr_b->res.data_off));\n\n\t\t\tmemmove(data + bytes, data, bytes);\n\t\t\tmemset(data, 0, bytes);\n\t\t\tgoto done;\n\t\t}\n\n\t\t/* Resident files becomes nonresident. */\n\t\tdata_size = le64_to_cpu(attr_b->nres.data_size);\n\t\talloc_size = le64_to_cpu(attr_b->nres.alloc_size);\n\t}\n\n\t/*\n\t * Enumerate all attribute segments and shift start vcn.\n\t */\n\ta_flags = attr_b->flags;\n\tsvcn = le64_to_cpu(attr_b->nres.svcn);\n\tevcn1 = le64_to_cpu(attr_b->nres.evcn) + 1;\n\n\tif (svcn <= vcn && vcn < evcn1) {\n\t\tattr = attr_b;\n\t\tle = le_b;\n\t\tmi = mi_b;\n\t} else if (!le_b) {\n\t\terr = -EINVAL;\n\t\tgoto bad_inode;\n\t} else {\n\t\tle = le_b;\n\t\tattr = ni_find_attr(ni, attr_b, &le, ATTR_DATA, NULL, 0, &vcn,\n\t\t\t\t    &mi);\n\t\tif (!attr) {\n\t\t\terr = -EINVAL;\n\t\t\tgoto bad_inode;\n\t\t}\n\n\t\tsvcn = le64_to_cpu(attr->nres.svcn);\n\t\tevcn1 = le64_to_cpu(attr->nres.evcn) + 1;\n\t}\n\n\trun_truncate(run, 0); /* clear cached values. */\n\terr = attr_load_runs(attr, ni, run, NULL);\n\tif (err)\n\t\tgoto out;\n\n\tif (!run_insert_range(run, vcn, len)) {\n\t\terr = -ENOMEM;\n\t\tgoto out;\n\t}\n\n\t/* Try to pack in current record as much as possible. */\n\terr = mi_pack_runs(mi, attr, run, evcn1 + len - svcn);\n\tif (err)\n\t\tgoto out;\n\n\tnext_svcn = le64_to_cpu(attr->nres.evcn) + 1;\n\n\twhile ((attr = ni_enum_attr_ex(ni, attr, &le, &mi)) &&\n\t       attr->type == ATTR_DATA && !attr->name_len) {\n\t\tle64_add_cpu(&attr->nres.svcn, len);\n\t\tle64_add_cpu(&attr->nres.evcn, len);\n\t\tif (le) {\n\t\t\tle->vcn = attr->nres.svcn;\n\t\t\tni->attr_list.dirty = true;\n\t\t}\n\t\tmi->dirty = true;\n\t}\n\n\tif (next_svcn < evcn1 + len) {\n\t\terr = ni_insert_nonresident(ni, ATTR_DATA, NULL, 0, run,\n\t\t\t\t\t    next_svcn, evcn1 + len - next_svcn,\n\t\t\t\t\t    a_flags, NULL, NULL, NULL);\n\n\t\tle_b = NULL;\n\t\tattr_b = ni_find_attr(ni, NULL, &le_b, ATTR_DATA, NULL, 0, NULL,\n\t\t\t\t      &mi_b);\n\t\tif (!attr_b) {\n\t\t\terr = -EINVAL;\n\t\t\tgoto bad_inode;\n\t\t}\n\n\t\tif (err) {\n\t\t\t/* ni_insert_nonresident failed. Try to undo. */\n\t\t\tgoto undo_insert_range;\n\t\t}\n\t}\n\n\t/*\n\t * Update primary attribute segment.\n\t */\n\tif (vbo <= ni->i_valid)\n\t\tni->i_valid += bytes;\n\n\tattr_b->nres.data_size = cpu_to_le64(data_size + bytes);\n\tattr_b->nres.alloc_size = cpu_to_le64(alloc_size + bytes);\n\n\t/* ni->valid may be not equal valid_size (temporary). */\n\tif (ni->i_valid > data_size + bytes)\n\t\tattr_b->nres.valid_size = attr_b->nres.data_size;\n\telse\n\t\tattr_b->nres.valid_size = cpu_to_le64(ni->i_valid);\n\tmi_b->dirty = true;\n\ndone:\n\ti_size_write(&ni->vfs_inode, ni->vfs_inode.i_size + bytes);\n\tni->ni_flags |= NI_FLAG_UPDATE_PARENT;\n\tmark_inode_dirty(&ni->vfs_inode);\n\nout:\n\trun_truncate(run, 0); /* clear cached values. */\n\n\tup_write(&ni->file.run_lock);\n\n\treturn err;\n\nbad_inode:\n\t_ntfs_bad_inode(&ni->vfs_inode);\n\tgoto out;\n\nundo_insert_range:\n\tsvcn = le64_to_cpu(attr_b->nres.svcn);\n\tevcn1 = le64_to_cpu(attr_b->nres.evcn) + 1;\n\n\tif (svcn <= vcn && vcn < evcn1) {\n\t\tattr = attr_b;\n\t\tle = le_b;\n\t\tmi = mi_b;\n\t} else if (!le_b) {\n\t\tgoto bad_inode;\n\t} else {\n\t\tle = le_b;\n\t\tattr = ni_find_attr(ni, attr_b, &le, ATTR_DATA, NULL, 0, &vcn,\n\t\t\t\t    &mi);\n\t\tif (!attr) {\n\t\t\tgoto bad_inode;\n\t\t}\n\n\t\tsvcn = le64_to_cpu(attr->nres.svcn);\n\t\tevcn1 = le64_to_cpu(attr->nres.evcn) + 1;\n\t}\n\n\tif (attr_load_runs(attr, ni, run, NULL))\n\t\tgoto bad_inode;\n\n\tif (!run_collapse_range(run, vcn, len))\n\t\tgoto bad_inode;\n\n\tif (mi_pack_runs(mi, attr, run, evcn1 + len - svcn))\n\t\tgoto bad_inode;\n\n\twhile ((attr = ni_enum_attr_ex(ni, attr, &le, &mi)) &&\n\t       attr->type == ATTR_DATA && !attr->name_len) {\n\t\tle64_sub_cpu(&attr->nres.svcn, len);\n\t\tle64_sub_cpu(&attr->nres.evcn, len);\n\t\tif (le) {\n\t\t\tle->vcn = attr->nres.svcn;\n\t\t\tni->attr_list.dirty = true;\n\t\t}\n\t\tmi->dirty = true;\n\t}\n\n\tgoto out;\n}\n\n/*\n * attr_force_nonresident\n *\n * Convert default data attribute into non resident form.\n */\nint attr_force_nonresident(struct ntfs_inode *ni)\n{\n\tint err;\n\tstruct ATTRIB *attr;\n\tstruct ATTR_LIST_ENTRY *le = NULL;\n\tstruct mft_inode *mi;\n\n\tattr = ni_find_attr(ni, NULL, &le, ATTR_DATA, NULL, 0, NULL, &mi);\n\tif (!attr) {\n\t\tntfs_bad_inode(&ni->vfs_inode, "no data attribute");\n\t\treturn -ENOENT;\n\t}\n\n\tif (attr->non_res) {\n\t\t/* Already non resident. */\n\t\treturn 0;\n\t}\n\n\tdown_write(&ni->file.run_lock);\n\terr = attr_make_nonresident(ni, attr, le, mi,\n\t\t\t\t    le32_to_cpu(attr->res.data_size),\n\t\t\t\t    &ni->file.run, &attr, NULL);\n\tup_write(&ni->file.run_lock);\n\n\treturn err;\n}\n\n/*\n * Change the compression of data attribute\n */\nint attr_set_compress(struct ntfs_inode *ni, bool compr)\n{\n\tstruct ATTRIB *attr;\n\tstruct mft_inode *mi;\n\n\tattr = ni_find_attr(ni, NULL, NULL, ATTR_DATA, NULL, 0, NULL, &mi);\n\tif (!attr)\n\t\treturn -ENOENT;\n\n\tif (is_attr_compressed(attr) == !!compr) {\n\t\t/* Already required compressed state. */\n\t\treturn 0;\n\t}\n\n\tif (attr->non_res) {\n\t\tu16 run_off;\n\t\tu32 run_size;\n\t\tchar *run;\n\n\t\tif (attr->nres.data_size) {\n\t\t\t/*\n\t\t\t * There are rare cases when it possible to change\n\t\t\t * compress state without big changes.\n\t\t\t * TODO: Process these cases.\n\t\t\t */\n\t\t\treturn -EOPNOTSUPP;\n\t\t}\n\n\t\trun_off = le16_to_cpu(attr->nres.run_off);\n\t\trun_size = le32_to_cpu(attr->size) - run_off;\n\t\trun = Add2Ptr(attr, run_off);\n\n\t\tif (!compr) {\n\t\t\t/* remove field \'attr->nres.total_size\'. */\n\t\t\tmemmove(run - 8, run, run_size);\n\t\t\trun_off -= 8;\n\t\t}\n\n\t\tif (!mi_resize_attr(mi, attr, compr ? +8 : -8)) {\n\t\t\t/*\n\t\t\t * Ignore rare case when there are no 8 bytes in record with attr.\n\t\t\t * TODO: split attribute.\n\t\t\t */\n\t\t\treturn -EOPNOTSUPP;\n\t\t}\n\n\t\tif (compr) {\n\t\t\t/* Make a gap for \'attr->nres.total_size\'. */\n\t\t\tmemmove(run + 8, run, run_size);\n\t\t\trun_off += 8;\n\t\t\tattr->nres.total_size = attr->nres.alloc_size;\n\t\t}\n\t\tattr->nres.run_off = cpu_to_le16(run_off);\n\t}\n\n\t/* Update data attribute flags. */\n\tif (compr) {\n\t\tattr->flags |= ATTR_FLAG_COMPRESSED;\n\t\tattr->nres.c_unit = NTFS_LZNT_CUNIT;\n\t} else {\n\t\tattr->flags &= ~ATTR_FLAG_COMPRESSED;\n\t\tattr->nres.c_unit = 0;\n\t}\n\tmi->dirty = true;\n\n\treturn 0;\n}\n', 'sha': None}, {'filename': 'fs/ntfs3/frecord.c', 'content': '// SPDX-License-Identifier: GPL-2.0\n/*\n *\n * Copyright (C) 2019-2021 Paragon Software GmbH, All rights reserved.\n *\n */\n\n#include <linux/fiemap.h>\n#include <linux/fs.h>\n#include <linux/minmax.h>\n#include <linux/vmalloc.h>\n\n#include "debug.h"\n#include "ntfs.h"\n#include "ntfs_fs.h"\n#ifdef CONFIG_NTFS3_LZX_XPRESS\n#include "lib/lib.h"\n#endif\n\nstatic struct mft_inode *ni_ins_mi(struct ntfs_inode *ni, struct rb_root *tree,\n\t\t\t\t   CLST ino, struct rb_node *ins)\n{\n\tstruct rb_node **p = &tree->rb_node;\n\tstruct rb_node *pr = NULL;\n\n\twhile (*p) {\n\t\tstruct mft_inode *mi;\n\n\t\tpr = *p;\n\t\tmi = rb_entry(pr, struct mft_inode, node);\n\t\tif (mi->rno > ino)\n\t\t\tp = &pr->rb_left;\n\t\telse if (mi->rno < ino)\n\t\t\tp = &pr->rb_right;\n\t\telse\n\t\t\treturn mi;\n\t}\n\n\tif (!ins)\n\t\treturn NULL;\n\n\trb_link_node(ins, pr, p);\n\trb_insert_color(ins, tree);\n\treturn rb_entry(ins, struct mft_inode, node);\n}\n\n/*\n * ni_find_mi - Find mft_inode by record number.\n */\nstatic struct mft_inode *ni_find_mi(struct ntfs_inode *ni, CLST rno)\n{\n\treturn ni_ins_mi(ni, &ni->mi_tree, rno, NULL);\n}\n\n/*\n * ni_add_mi - Add new mft_inode into ntfs_inode.\n */\nstatic void ni_add_mi(struct ntfs_inode *ni, struct mft_inode *mi)\n{\n\tni_ins_mi(ni, &ni->mi_tree, mi->rno, &mi->node);\n}\n\n/*\n * ni_remove_mi - Remove mft_inode from ntfs_inode.\n */\nvoid ni_remove_mi(struct ntfs_inode *ni, struct mft_inode *mi)\n{\n\trb_erase(&mi->node, &ni->mi_tree);\n}\n\n/*\n * ni_std - Return: Pointer into std_info from primary record.\n */\nstruct ATTR_STD_INFO *ni_std(struct ntfs_inode *ni)\n{\n\tconst struct ATTRIB *attr;\n\n\tattr = mi_find_attr(&ni->mi, NULL, ATTR_STD, NULL, 0, NULL);\n\treturn attr ? resident_data_ex(attr, sizeof(struct ATTR_STD_INFO)) :\n\t\t      NULL;\n}\n\n/*\n * ni_std5\n *\n * Return: Pointer into std_info from primary record.\n */\nstruct ATTR_STD_INFO5 *ni_std5(struct ntfs_inode *ni)\n{\n\tconst struct ATTRIB *attr;\n\n\tattr = mi_find_attr(&ni->mi, NULL, ATTR_STD, NULL, 0, NULL);\n\n\treturn attr ? resident_data_ex(attr, sizeof(struct ATTR_STD_INFO5)) :\n\t\t      NULL;\n}\n\n/*\n * ni_clear - Clear resources allocated by ntfs_inode.\n */\nvoid ni_clear(struct ntfs_inode *ni)\n{\n\tstruct rb_node *node;\n\n\tif (!ni->vfs_inode.i_nlink && ni->mi.mrec &&\n\t    is_rec_inuse(ni->mi.mrec) &&\n\t    !(ni->mi.sbi->flags & NTFS_FLAGS_LOG_REPLAYING))\n\t\tni_delete_all(ni);\n\n\tal_destroy(ni);\n\n\tfor (node = rb_first(&ni->mi_tree); node;) {\n\t\tstruct rb_node *next = rb_next(node);\n\t\tstruct mft_inode *mi = rb_entry(node, struct mft_inode, node);\n\n\t\trb_erase(node, &ni->mi_tree);\n\t\tmi_put(mi);\n\t\tnode = next;\n\t}\n\n\t/* Bad inode always has mode == S_IFREG. */\n\tif (ni->ni_flags & NI_FLAG_DIR)\n\t\tindx_clear(&ni->dir);\n\telse {\n\t\trun_close(&ni->file.run);\n#ifdef CONFIG_NTFS3_LZX_XPRESS\n\t\tif (ni->file.offs_folio) {\n\t\t\t/* On-demand allocated page for offsets. */\n\t\t\tfolio_put(ni->file.offs_folio);\n\t\t\tni->file.offs_folio = NULL;\n\t\t}\n#endif\n\t}\n\n\tmi_clear(&ni->mi);\n}\n\n/*\n * ni_load_mi_ex - Find mft_inode by record number.\n */\nint ni_load_mi_ex(struct ntfs_inode *ni, CLST rno, struct mft_inode **mi)\n{\n\tint err;\n\tstruct mft_inode *r;\n\n\tr = ni_find_mi(ni, rno);\n\tif (r)\n\t\tgoto out;\n\n\terr = mi_get(ni->mi.sbi, rno, &r);\n\tif (err)\n\t\treturn err;\n\n\tni_add_mi(ni, r);\n\nout:\n\tif (mi)\n\t\t*mi = r;\n\treturn 0;\n}\n\n/*\n * ni_load_mi - Load mft_inode corresponded list_entry.\n */\nint ni_load_mi(struct ntfs_inode *ni, const struct ATTR_LIST_ENTRY *le,\n\t       struct mft_inode **mi)\n{\n\tCLST rno;\n\n\tif (!le) {\n\t\t*mi = &ni->mi;\n\t\treturn 0;\n\t}\n\n\trno = ino_get(&le->ref);\n\tif (rno == ni->mi.rno) {\n\t\t*mi = &ni->mi;\n\t\treturn 0;\n\t}\n\treturn ni_load_mi_ex(ni, rno, mi);\n}\n\n/*\n * ni_find_attr\n *\n * Return: Attribute and record this attribute belongs to.\n */\nstruct ATTRIB *ni_find_attr(struct ntfs_inode *ni, struct ATTRIB *attr,\n\t\t\t    struct ATTR_LIST_ENTRY **le_o, enum ATTR_TYPE type,\n\t\t\t    const __le16 *name, u8 name_len, const CLST *vcn,\n\t\t\t    struct mft_inode **mi)\n{\n\tstruct ATTR_LIST_ENTRY *le;\n\tstruct mft_inode *m;\n\n\tif (!ni->attr_list.size ||\n\t    (!name_len && (type == ATTR_LIST || type == ATTR_STD))) {\n\t\tif (le_o)\n\t\t\t*le_o = NULL;\n\t\tif (mi)\n\t\t\t*mi = &ni->mi;\n\n\t\t/* Look for required attribute in primary record. */\n\t\treturn mi_find_attr(&ni->mi, attr, type, name, name_len, NULL);\n\t}\n\n\t/* First look for list entry of required type. */\n\tle = al_find_ex(ni, le_o ? *le_o : NULL, type, name, name_len, vcn);\n\tif (!le)\n\t\treturn NULL;\n\n\tif (le_o)\n\t\t*le_o = le;\n\n\t/* Load record that contains this attribute. */\n\tif (ni_load_mi(ni, le, &m))\n\t\treturn NULL;\n\n\t/* Look for required attribute. */\n\tattr = mi_find_attr(m, NULL, type, name, name_len, &le->id);\n\n\tif (!attr)\n\t\tgoto out;\n\n\tif (!attr->non_res) {\n\t\tif (vcn && *vcn)\n\t\t\tgoto out;\n\t} else if (!vcn) {\n\t\tif (attr->nres.svcn)\n\t\t\tgoto out;\n\t} else if (le64_to_cpu(attr->nres.svcn) > *vcn ||\n\t\t   *vcn > le64_to_cpu(attr->nres.evcn)) {\n\t\tgoto out;\n\t}\n\n\tif (mi)\n\t\t*mi = m;\n\treturn attr;\n\nout:\n\tntfs_inode_err(&ni->vfs_inode, "failed to parse mft record");\n\tntfs_set_state(ni->mi.sbi, NTFS_DIRTY_ERROR);\n\treturn NULL;\n}\n\n/*\n * ni_enum_attr_ex - Enumerates attributes in ntfs_inode.\n */\nstruct ATTRIB *ni_enum_attr_ex(struct ntfs_inode *ni, struct ATTRIB *attr,\n\t\t\t       struct ATTR_LIST_ENTRY **le,\n\t\t\t       struct mft_inode **mi)\n{\n\tstruct mft_inode *mi2;\n\tstruct ATTR_LIST_ENTRY *le2;\n\n\t/* Do we have an attribute list? */\n\tif (!ni->attr_list.size) {\n\t\t*le = NULL;\n\t\tif (mi)\n\t\t\t*mi = &ni->mi;\n\t\t/* Enum attributes in primary record. */\n\t\treturn mi_enum_attr(&ni->mi, attr);\n\t}\n\n\t/* Get next list entry. */\n\tle2 = *le = al_enumerate(ni, attr ? *le : NULL);\n\tif (!le2)\n\t\treturn NULL;\n\n\t/* Load record that contains the required attribute. */\n\tif (ni_load_mi(ni, le2, &mi2))\n\t\treturn NULL;\n\n\tif (mi)\n\t\t*mi = mi2;\n\n\t/* Find attribute in loaded record. */\n\treturn rec_find_attr_le(mi2, le2);\n}\n\n/*\n * ni_load_attr - Load attribute that contains given VCN.\n */\nstruct ATTRIB *ni_load_attr(struct ntfs_inode *ni, enum ATTR_TYPE type,\n\t\t\t    const __le16 *name, u8 name_len, CLST vcn,\n\t\t\t    struct mft_inode **pmi)\n{\n\tstruct ATTR_LIST_ENTRY *le;\n\tstruct ATTRIB *attr;\n\tstruct mft_inode *mi;\n\tstruct ATTR_LIST_ENTRY *next;\n\n\tif (!ni->attr_list.size) {\n\t\tif (pmi)\n\t\t\t*pmi = &ni->mi;\n\t\treturn mi_find_attr(&ni->mi, NULL, type, name, name_len, NULL);\n\t}\n\n\tle = al_find_ex(ni, NULL, type, name, name_len, NULL);\n\tif (!le)\n\t\treturn NULL;\n\n\t/*\n\t * Unfortunately ATTR_LIST_ENTRY contains only start VCN.\n\t * So to find the ATTRIB segment that contains \'vcn\' we should\n\t * enumerate some entries.\n\t */\n\tif (vcn) {\n\t\tfor (;; le = next) {\n\t\t\tnext = al_find_ex(ni, le, type, name, name_len, NULL);\n\t\t\tif (!next || le64_to_cpu(next->vcn) > vcn)\n\t\t\t\tbreak;\n\t\t}\n\t}\n\n\tif (ni_load_mi(ni, le, &mi))\n\t\treturn NULL;\n\n\tif (pmi)\n\t\t*pmi = mi;\n\n\tattr = mi_find_attr(mi, NULL, type, name, name_len, &le->id);\n\tif (!attr)\n\t\treturn NULL;\n\n\tif (!attr->non_res)\n\t\treturn attr;\n\n\tif (le64_to_cpu(attr->nres.svcn) <= vcn &&\n\t    vcn <= le64_to_cpu(attr->nres.evcn))\n\t\treturn attr;\n\n\treturn NULL;\n}\n\n/*\n * ni_load_all_mi - Load all subrecords.\n */\nint ni_load_all_mi(struct ntfs_inode *ni)\n{\n\tint err;\n\tstruct ATTR_LIST_ENTRY *le;\n\n\tif (!ni->attr_list.size)\n\t\treturn 0;\n\n\tle = NULL;\n\n\twhile ((le = al_enumerate(ni, le))) {\n\t\tCLST rno = ino_get(&le->ref);\n\n\t\tif (rno == ni->mi.rno)\n\t\t\tcontinue;\n\n\t\terr = ni_load_mi_ex(ni, rno, NULL);\n\t\tif (err)\n\t\t\treturn err;\n\t}\n\n\treturn 0;\n}\n\n/*\n * ni_add_subrecord - Allocate + format + attach a new subrecord.\n */\nbool ni_add_subrecord(struct ntfs_inode *ni, CLST rno, struct mft_inode **mi)\n{\n\tstruct mft_inode *m;\n\n\tm = kzalloc(sizeof(struct mft_inode), GFP_NOFS);\n\tif (!m)\n\t\treturn false;\n\n\tif (mi_format_new(m, ni->mi.sbi, rno, 0, ni->mi.rno == MFT_REC_MFT)) {\n\t\tmi_put(m);\n\t\treturn false;\n\t}\n\n\tmi_get_ref(&ni->mi, &m->mrec->parent_ref);\n\n\tni_add_mi(ni, m);\n\t*mi = m;\n\treturn true;\n}\n\n/*\n * ni_remove_attr - Remove all attributes for the given type/name/id.\n */\nint ni_remove_attr(struct ntfs_inode *ni, enum ATTR_TYPE type,\n\t\t   const __le16 *name, u8 name_len, bool base_only,\n\t\t   const __le16 *id)\n{\n\tint err;\n\tstruct ATTRIB *attr;\n\tstruct ATTR_LIST_ENTRY *le;\n\tstruct mft_inode *mi;\n\tu32 type_in;\n\tint diff;\n\n\tif (base_only || type == ATTR_LIST || !ni->attr_list.size) {\n\t\tattr = mi_find_attr(&ni->mi, NULL, type, name, name_len, id);\n\t\tif (!attr)\n\t\t\treturn -ENOENT;\n\n\t\tmi_remove_attr(ni, &ni->mi, attr);\n\t\treturn 0;\n\t}\n\n\ttype_in = le32_to_cpu(type);\n\tle = NULL;\n\n\tfor (;;) {\n\t\tle = al_enumerate(ni, le);\n\t\tif (!le)\n\t\t\treturn 0;\n\nnext_le2:\n\t\tdiff = le32_to_cpu(le->type) - type_in;\n\t\tif (diff < 0)\n\t\t\tcontinue;\n\n\t\tif (diff > 0)\n\t\t\treturn 0;\n\n\t\tif (le->name_len != name_len)\n\t\t\tcontinue;\n\n\t\tif (name_len &&\n\t\t    memcmp(le_name(le), name, name_len * sizeof(short)))\n\t\t\tcontinue;\n\n\t\tif (id && le->id != *id)\n\t\t\tcontinue;\n\t\terr = ni_load_mi(ni, le, &mi);\n\t\tif (err)\n\t\t\treturn err;\n\n\t\tal_remove_le(ni, le);\n\n\t\tattr = mi_find_attr(mi, NULL, type, name, name_len, id);\n\t\tif (!attr)\n\t\t\treturn -ENOENT;\n\n\t\tmi_remove_attr(ni, mi, attr);\n\n\t\tif (PtrOffset(ni->attr_list.le, le) >= ni->attr_list.size)\n\t\t\treturn 0;\n\t\tgoto next_le2;\n\t}\n}\n\n/*\n * ni_ins_new_attr - Insert the attribute into record.\n *\n * Return: Not full constructed attribute or NULL if not possible to create.\n */\nstatic struct ATTRIB *\nni_ins_new_attr(struct ntfs_inode *ni, struct mft_inode *mi,\n\t\tstruct ATTR_LIST_ENTRY *le, enum ATTR_TYPE type,\n\t\tconst __le16 *name, u8 name_len, u32 asize, u16 name_off,\n\t\tCLST svcn, struct ATTR_LIST_ENTRY **ins_le)\n{\n\tint err;\n\tstruct ATTRIB *attr;\n\tbool le_added = false;\n\tstruct MFT_REF ref;\n\n\tmi_get_ref(mi, &ref);\n\n\tif (type != ATTR_LIST && !le && ni->attr_list.size) {\n\t\terr = al_add_le(ni, type, name, name_len, svcn, cpu_to_le16(-1),\n\t\t\t\t&ref, &le);\n\t\tif (err) {\n\t\t\t/* No memory or no space. */\n\t\t\treturn ERR_PTR(err);\n\t\t}\n\t\tle_added = true;\n\n\t\t/*\n\t\t * al_add_le -> attr_set_size (list) -> ni_expand_list\n\t\t * which moves some attributes out of primary record\n\t\t * this means that name may point into moved memory\n\t\t * reinit \'name\' from le.\n\t\t */\n\t\tname = le->name;\n\t}\n\n\tattr = mi_insert_attr(mi, type, name, name_len, asize, name_off);\n\tif (!attr) {\n\t\tif (le_added)\n\t\t\tal_remove_le(ni, le);\n\t\treturn NULL;\n\t}\n\n\tif (type == ATTR_LIST) {\n\t\t/* Attr list is not in list entry array. */\n\t\tgoto out;\n\t}\n\n\tif (!le)\n\t\tgoto out;\n\n\t/* Update ATTRIB Id and record reference. */\n\tle->id = attr->id;\n\tni->attr_list.dirty = true;\n\tle->ref = ref;\n\nout:\n\tif (ins_le)\n\t\t*ins_le = le;\n\treturn attr;\n}\n\n/*\n * ni_repack\n *\n * Random write access to sparsed or compressed file may result to\n * not optimized packed runs.\n * Here is the place to optimize it.\n */\nstatic int ni_repack(struct ntfs_inode *ni)\n{\n#if 1\n\treturn 0;\n#else\n\tint err = 0;\n\tstruct ntfs_sb_info *sbi = ni->mi.sbi;\n\tstruct mft_inode *mi, *mi_p = NULL;\n\tstruct ATTRIB *attr = NULL, *attr_p;\n\tstruct ATTR_LIST_ENTRY *le = NULL, *le_p;\n\tCLST alloc = 0;\n\tu8 cluster_bits = sbi->cluster_bits;\n\tCLST svcn, evcn = 0, svcn_p, evcn_p, next_svcn;\n\tu32 roff, rs = sbi->record_size;\n\tstruct runs_tree run;\n\n\trun_init(&run);\n\n\twhile ((attr = ni_enum_attr_ex(ni, attr, &le, &mi))) {\n\t\tif (!attr->non_res)\n\t\t\tcontinue;\n\n\t\tsvcn = le64_to_cpu(attr->nres.svcn);\n\t\tif (svcn != le64_to_cpu(le->vcn)) {\n\t\t\terr = -EINVAL;\n\t\t\tbreak;\n\t\t}\n\n\t\tif (!svcn) {\n\t\t\talloc = le64_to_cpu(attr->nres.alloc_size) >>\n\t\t\t\tcluster_bits;\n\t\t\tmi_p = NULL;\n\t\t} else if (svcn != evcn + 1) {\n\t\t\terr = -EINVAL;\n\t\t\tbreak;\n\t\t}\n\n\t\tevcn = le64_to_cpu(attr->nres.evcn);\n\n\t\tif (svcn > evcn + 1) {\n\t\t\terr = -EINVAL;\n\t\t\tbreak;\n\t\t}\n\n\t\tif (!mi_p) {\n\t\t\t/* Do not try if not enough free space. */\n\t\t\tif (le32_to_cpu(mi->mrec->used) + 8 >= rs)\n\t\t\t\tcontinue;\n\n\t\t\t/* Do not try if last attribute segment. */\n\t\t\tif (evcn + 1 == alloc)\n\t\t\t\tcontinue;\n\t\t\trun_close(&run);\n\t\t}\n\n\t\troff = le16_to_cpu(attr->nres.run_off);\n\n\t\tif (roff > le32_to_cpu(attr->size)) {\n\t\t\terr = -EINVAL;\n\t\t\tbreak;\n\t\t}\n\n\t\terr = run_unpack(&run, sbi, ni->mi.rno, svcn, evcn, svcn,\n\t\t\t\t Add2Ptr(attr, roff),\n\t\t\t\t le32_to_cpu(attr->size) - roff);\n\t\tif (err < 0)\n\t\t\tbreak;\n\n\t\tif (!mi_p) {\n\t\t\tmi_p = mi;\n\t\t\tattr_p = attr;\n\t\t\tsvcn_p = svcn;\n\t\t\tevcn_p = evcn;\n\t\t\tle_p = le;\n\t\t\terr = 0;\n\t\t\tcontinue;\n\t\t}\n\n\t\t/*\n\t\t * Run contains data from two records: mi_p and mi\n\t\t * Try to pack in one.\n\t\t */\n\t\terr = mi_pack_runs(mi_p, attr_p, &run, evcn + 1 - svcn_p);\n\t\tif (err)\n\t\t\tbreak;\n\n\t\tnext_svcn = le64_to_cpu(attr_p->nres.evcn) + 1;\n\n\t\tif (next_svcn >= evcn + 1) {\n\t\t\t/* We can remove this attribute segment. */\n\t\t\tal_remove_le(ni, le);\n\t\t\tmi_remove_attr(NULL, mi, attr);\n\t\t\tle = le_p;\n\t\t\tcontinue;\n\t\t}\n\n\t\tattr->nres.svcn = le->vcn = cpu_to_le64(next_svcn);\n\t\tmi->dirty = true;\n\t\tni->attr_list.dirty = true;\n\n\t\tif (evcn + 1 == alloc) {\n\t\t\terr = mi_pack_runs(mi, attr, &run,\n\t\t\t\t\t   evcn + 1 - next_svcn);\n\t\t\tif (err)\n\t\t\t\tbreak;\n\t\t\tmi_p = NULL;\n\t\t} else {\n\t\t\tmi_p = mi;\n\t\t\tattr_p = attr;\n\t\t\tsvcn_p = next_svcn;\n\t\t\tevcn_p = evcn;\n\t\t\tle_p = le;\n\t\t\trun_truncate_head(&run, next_svcn);\n\t\t}\n\t}\n\n\tif (err) {\n\t\tntfs_inode_warn(&ni->vfs_inode, "repack problem");\n\t\tntfs_set_state(sbi, NTFS_DIRTY_ERROR);\n\n\t\t/* Pack loaded but not packed runs. */\n\t\tif (mi_p)\n\t\t\tmi_pack_runs(mi_p, attr_p, &run, evcn_p + 1 - svcn_p);\n\t}\n\n\trun_close(&run);\n\treturn err;\n#endif\n}\n\n/*\n * ni_try_remove_attr_list\n *\n * Can we remove attribute list?\n * Check the case when primary record contains enough space for all attributes.\n */\nstatic int ni_try_remove_attr_list(struct ntfs_inode *ni)\n{\n\tint err = 0;\n\tstruct ntfs_sb_info *sbi = ni->mi.sbi;\n\tstruct ATTRIB *attr, *attr_list, *attr_ins;\n\tstruct ATTR_LIST_ENTRY *le;\n\tstruct mft_inode *mi;\n\tu32 asize, free;\n\tstruct MFT_REF ref;\n\tstruct MFT_REC *mrec;\n\t__le16 id;\n\n\tif (!ni->attr_list.dirty)\n\t\treturn 0;\n\n\terr = ni_repack(ni);\n\tif (err)\n\t\treturn err;\n\n\tattr_list = mi_find_attr(&ni->mi, NULL, ATTR_LIST, NULL, 0, NULL);\n\tif (!attr_list)\n\t\treturn 0;\n\n\tasize = le32_to_cpu(attr_list->size);\n\n\t/* Free space in primary record without attribute list. */\n\tfree = sbi->record_size - le32_to_cpu(ni->mi.mrec->used) + asize;\n\tmi_get_ref(&ni->mi, &ref);\n\n\tle = NULL;\n\twhile ((le = al_enumerate(ni, le))) {\n\t\tif (!memcmp(&le->ref, &ref, sizeof(ref)))\n\t\t\tcontinue;\n\n\t\tif (le->vcn)\n\t\t\treturn 0;\n\n\t\tmi = ni_find_mi(ni, ino_get(&le->ref));\n\t\tif (!mi)\n\t\t\treturn 0;\n\n\t\tattr = mi_find_attr(mi, NULL, le->type, le_name(le),\n\t\t\t\t    le->name_len, &le->id);\n\t\tif (!attr)\n\t\t\treturn 0;\n\n\t\tasize = le32_to_cpu(attr->size);\n\t\tif (asize > free)\n\t\t\treturn 0;\n\n\t\tfree -= asize;\n\t}\n\n\t/* Make a copy of primary record to restore if error. */\n\tmrec = kmemdup(ni->mi.mrec, sbi->record_size, GFP_NOFS);\n\tif (!mrec)\n\t\treturn 0; /* Not critical. */\n\n\t/* It seems that attribute list can be removed from primary record. */\n\tmi_remove_attr(NULL, &ni->mi, attr_list);\n\n\t/*\n\t * Repeat the cycle above and copy all attributes to primary record.\n\t * Do not remove original attributes from subrecords!\n\t * It should be success!\n\t */\n\tle = NULL;\n\twhile ((le = al_enumerate(ni, le))) {\n\t\tif (!memcmp(&le->ref, &ref, sizeof(ref)))\n\t\t\tcontinue;\n\n\t\tmi = ni_find_mi(ni, ino_get(&le->ref));\n\t\tif (!mi) {\n\t\t\t/* Should never happened, \'cause already checked. */\n\t\t\tgoto out;\n\t\t}\n\n\t\tattr = mi_find_attr(mi, NULL, le->type, le_name(le),\n\t\t\t\t    le->name_len, &le->id);\n\t\tif (!attr) {\n\t\t\t/* Should never happened, \'cause already checked. */\n\t\t\tgoto out;\n\t\t}\n\t\tasize = le32_to_cpu(attr->size);\n\n\t\t/* Insert into primary record. */\n\t\tattr_ins = mi_insert_attr(&ni->mi, le->type, le_name(le),\n\t\t\t\t\t  le->name_len, asize,\n\t\t\t\t\t  le16_to_cpu(attr->name_off));\n\t\tif (!attr_ins) {\n\t\t\t/*\n\t\t\t * No space in primary record (already checked).\n\t\t\t */\n\t\t\tgoto out;\n\t\t}\n\n\t\t/* Copy all except id. */\n\t\tid = attr_ins->id;\n\t\tmemcpy(attr_ins, attr, asize);\n\t\tattr_ins->id = id;\n\t}\n\n\t/*\n\t * Repeat the cycle above and remove all attributes from subrecords.\n\t */\n\tle = NULL;\n\twhile ((le = al_enumerate(ni, le))) {\n\t\tif (!memcmp(&le->ref, &ref, sizeof(ref)))\n\t\t\tcontinue;\n\n\t\tmi = ni_find_mi(ni, ino_get(&le->ref));\n\t\tif (!mi)\n\t\t\tcontinue;\n\n\t\tattr = mi_find_attr(mi, NULL, le->type, le_name(le),\n\t\t\t\t    le->name_len, &le->id);\n\t\tif (!attr)\n\t\t\tcontinue;\n\n\t\t/* Remove from original record. */\n\t\tmi_remove_attr(NULL, mi, attr);\n\t}\n\n\trun_deallocate(sbi, &ni->attr_list.run, true);\n\trun_close(&ni->attr_list.run);\n\tni->attr_list.size = 0;\n\tkvfree(ni->attr_list.le);\n\tni->attr_list.le = NULL;\n\tni->attr_list.dirty = false;\n\n\tkfree(mrec);\n\treturn 0;\nout:\n\t/* Restore primary record. */\n\tswap(mrec, ni->mi.mrec);\n\tkfree(mrec);\n\treturn 0;\n}\n\n/*\n * ni_create_attr_list - Generates an attribute list for this primary record.\n */\nint ni_create_attr_list(struct ntfs_inode *ni)\n{\n\tstruct ntfs_sb_info *sbi = ni->mi.sbi;\n\tint err;\n\tu32 lsize;\n\tstruct ATTRIB *attr;\n\tstruct ATTRIB *arr_move[7];\n\tstruct ATTR_LIST_ENTRY *le, *le_b[7];\n\tstruct MFT_REC *rec;\n\tbool is_mft;\n\tCLST rno = 0;\n\tstruct mft_inode *mi;\n\tu32 free_b, nb, to_free, rs;\n\tu16 sz;\n\n\tis_mft = ni->mi.rno == MFT_REC_MFT;\n\trec = ni->mi.mrec;\n\trs = sbi->record_size;\n\n\t/*\n\t * Skip estimating exact memory requirement.\n\t * Looks like one record_size is always enough.\n\t */\n\tle = kmalloc(al_aligned(rs), GFP_NOFS);\n\tif (!le)\n\t\treturn -ENOMEM;\n\n\tmi_get_ref(&ni->mi, &le->ref);\n\tni->attr_list.le = le;\n\n\tattr = NULL;\n\tnb = 0;\n\tfree_b = 0;\n\tattr = NULL;\n\n\tfor (; (attr = mi_enum_attr(&ni->mi, attr)); le = Add2Ptr(le, sz)) {\n\t\tsz = le_size(attr->name_len);\n\t\tle->type = attr->type;\n\t\tle->size = cpu_to_le16(sz);\n\t\tle->name_len = attr->name_len;\n\t\tle->name_off = offsetof(struct ATTR_LIST_ENTRY, name);\n\t\tle->vcn = 0;\n\t\tif (le != ni->attr_list.le)\n\t\t\tle->ref = ni->attr_list.le->ref;\n\t\tle->id = attr->id;\n\n\t\tif (attr->name_len)\n\t\t\tmemcpy(le->name, attr_name(attr),\n\t\t\t       sizeof(short) * attr->name_len);\n\t\telse if (attr->type == ATTR_STD)\n\t\t\tcontinue;\n\t\telse if (attr->type == ATTR_LIST)\n\t\t\tcontinue;\n\t\telse if (is_mft && attr->type == ATTR_DATA)\n\t\t\tcontinue;\n\n\t\tif (!nb || nb < ARRAY_SIZE(arr_move)) {\n\t\t\tle_b[nb] = le;\n\t\t\tarr_move[nb++] = attr;\n\t\t\tfree_b += le32_to_cpu(attr->size);\n\t\t}\n\t}\n\n\tlsize = PtrOffset(ni->attr_list.le, le);\n\tni->attr_list.size = lsize;\n\n\tto_free = le32_to_cpu(rec->used) + lsize + SIZEOF_RESIDENT;\n\tif (to_free <= rs) {\n\t\tto_free = 0;\n\t} else {\n\t\tto_free -= rs;\n\n\t\tif (to_free > free_b) {\n\t\t\terr = -EINVAL;\n\t\t\tgoto out;\n\t\t}\n\t}\n\n\t/* Allocate child MFT. */\n\terr = ntfs_look_free_mft(sbi, &rno, is_mft, ni, &mi);\n\tif (err)\n\t\tgoto out;\n\n\terr = -EINVAL;\n\t/* Call mi_remove_attr() in reverse order to keep pointers \'arr_move\' valid. */\n\twhile (to_free > 0) {\n\t\tstruct ATTRIB *b = arr_move[--nb];\n\t\tu32 asize = le32_to_cpu(b->size);\n\t\tu16 name_off = le16_to_cpu(b->name_off);\n\n\t\tattr = mi_insert_attr(mi, b->type, Add2Ptr(b, name_off),\n\t\t\t\t      b->name_len, asize, name_off);\n\t\tif (!attr)\n\t\t\tgoto out;\n\n\t\tmi_get_ref(mi, &le_b[nb]->ref);\n\t\tle_b[nb]->id = attr->id;\n\n\t\t/* Copy all except id. */\n\t\tmemcpy(attr, b, asize);\n\t\tattr->id = le_b[nb]->id;\n\n\t\t/* Remove from primary record. */\n\t\tif (!mi_remove_attr(NULL, &ni->mi, b))\n\t\t\tgoto out;\n\n\t\tif (to_free <= asize)\n\t\t\tbreak;\n\t\tto_free -= asize;\n\t\tif (!nb)\n\t\t\tgoto out;\n\t}\n\n\tattr = mi_insert_attr(&ni->mi, ATTR_LIST, NULL, 0,\n\t\t\t      lsize + SIZEOF_RESIDENT, SIZEOF_RESIDENT);\n\tif (!attr)\n\t\tgoto out;\n\n\tattr->non_res = 0;\n\tattr->flags = 0;\n\tattr->res.data_size = cpu_to_le32(lsize);\n\tattr->res.data_off = SIZEOF_RESIDENT_LE;\n\tattr->res.flags = 0;\n\tattr->res.res = 0;\n\n\tmemcpy(resident_data_ex(attr, lsize), ni->attr_list.le, lsize);\n\n\tni->attr_list.dirty = false;\n\n\tmark_inode_dirty(&ni->vfs_inode);\n\treturn 0;\n\nout:\n\tkvfree(ni->attr_list.le);\n\tni->attr_list.le = NULL;\n\tni->attr_list.size = 0;\n\treturn err;\n}\n\n/*\n * ni_ins_attr_ext - Add an external attribute to the ntfs_inode.\n */\nstatic int ni_ins_attr_ext(struct ntfs_inode *ni, struct ATTR_LIST_ENTRY *le,\n\t\t\t   enum ATTR_TYPE type, const __le16 *name, u8 name_len,\n\t\t\t   u32 asize, CLST svcn, u16 name_off, bool force_ext,\n\t\t\t   struct ATTRIB **ins_attr, struct mft_inode **ins_mi,\n\t\t\t   struct ATTR_LIST_ENTRY **ins_le)\n{\n\tstruct ATTRIB *attr;\n\tstruct mft_inode *mi;\n\tCLST rno;\n\tu64 vbo;\n\tstruct rb_node *node;\n\tint err;\n\tbool is_mft, is_mft_data;\n\tstruct ntfs_sb_info *sbi = ni->mi.sbi;\n\n\tis_mft = ni->mi.rno == MFT_REC_MFT;\n\tis_mft_data = is_mft && type == ATTR_DATA && !name_len;\n\n\tif (asize > sbi->max_bytes_per_attr) {\n\t\terr = -EINVAL;\n\t\tgoto out;\n\t}\n\n\t/*\n\t * Standard information and attr_list cannot be made external.\n\t * The Log File cannot have any external attributes.\n\t */\n\tif (type == ATTR_STD || type == ATTR_LIST ||\n\t    ni->mi.rno == MFT_REC_LOG) {\n\t\terr = -EINVAL;\n\t\tgoto out;\n\t}\n\n\t/* Create attribute list if it is not already existed. */\n\tif (!ni->attr_list.size) {\n\t\terr = ni_create_attr_list(ni);\n\t\tif (err)\n\t\t\tgoto out;\n\t}\n\n\tvbo = is_mft_data ? ((u64)svcn << sbi->cluster_bits) : 0;\n\n\tif (force_ext)\n\t\tgoto insert_ext;\n\n\t/* Load all subrecords into memory. */\n\terr = ni_load_all_mi(ni);\n\tif (err)\n\t\tgoto out;\n\n\t/* Check each of loaded subrecord. */\n\tfor (node = rb_first(&ni->mi_tree); node; node = rb_next(node)) {\n\t\tmi = rb_entry(node, struct mft_inode, node);\n\n\t\tif (is_mft_data &&\n\t\t    (mi_enum_attr(mi, NULL) ||\n\t\t     vbo <= ((u64)mi->rno << sbi->record_bits))) {\n\t\t\t/* We can\'t accept this record \'cause MFT\'s bootstrapping. */\n\t\t\tcontinue;\n\t\t}\n\t\tif (is_mft &&\n\t\t    mi_find_attr(mi, NULL, ATTR_DATA, NULL, 0, NULL)) {\n\t\t\t/*\n\t\t\t * This child record already has a ATTR_DATA.\n\t\t\t * So it can\'t accept any other records.\n\t\t\t */\n\t\t\tcontinue;\n\t\t}\n\n\t\tif ((type != ATTR_NAME || name_len) &&\n\t\t    mi_find_attr(mi, NULL, type, name, name_len, NULL)) {\n\t\t\t/* Only indexed attributes can share same record. */\n\t\t\tcontinue;\n\t\t}\n\n\t\t/*\n\t\t * Do not try to insert this attribute\n\t\t * if there is no room in record.\n\t\t */\n\t\tif (le32_to_cpu(mi->mrec->used) + asize > sbi->record_size)\n\t\t\tcontinue;\n\n\t\t/* Try to insert attribute into this subrecord. */\n\t\tattr = ni_ins_new_attr(ni, mi, le, type, name, name_len, asize,\n\t\t\t\t       name_off, svcn, ins_le);\n\t\tif (!attr)\n\t\t\tcontinue;\n\t\tif (IS_ERR(attr))\n\t\t\treturn PTR_ERR(attr);\n\n\t\tif (ins_attr)\n\t\t\t*ins_attr = attr;\n\t\tif (ins_mi)\n\t\t\t*ins_mi = mi;\n\t\treturn 0;\n\t}\n\ninsert_ext:\n\t/* We have to allocate a new child subrecord. */\n\terr = ntfs_look_free_mft(sbi, &rno, is_mft_data, ni, &mi);\n\tif (err)\n\t\tgoto out;\n\n\tif (is_mft_data && vbo <= ((u64)rno << sbi->record_bits)) {\n\t\terr = -EINVAL;\n\t\tgoto out1;\n\t}\n\n\tattr = ni_ins_new_attr(ni, mi, le, type, name, name_len, asize,\n\t\t\t       name_off, svcn, ins_le);\n\tif (!attr) {\n\t\terr = -EINVAL;\n\t\tgoto out2;\n\t}\n\n\tif (IS_ERR(attr)) {\n\t\terr = PTR_ERR(attr);\n\t\tgoto out2;\n\t}\n\n\tif (ins_attr)\n\t\t*ins_attr = attr;\n\tif (ins_mi)\n\t\t*ins_mi = mi;\n\n\treturn 0;\n\nout2:\n\tni_remove_mi(ni, mi);\n\tmi_put(mi);\n\nout1:\n\tntfs_mark_rec_free(sbi, rno, is_mft);\n\nout:\n\treturn err;\n}\n\n/*\n * ni_insert_attr - Insert an attribute into the file.\n *\n * If the primary record has room, it will just insert the attribute.\n * If not, it may make the attribute external.\n * For $MFT::Data it may make room for the attribute by\n * making other attributes external.\n *\n * NOTE:\n * The ATTR_LIST and ATTR_STD cannot be made external.\n * This function does not fill new attribute full.\n * It only fills \'size\'/\'type\'/\'id\'/\'name_len\' fields.\n */\nstatic int ni_insert_attr(struct ntfs_inode *ni, enum ATTR_TYPE type,\n\t\t\t  const __le16 *name, u8 name_len, u32 asize,\n\t\t\t  u16 name_off, CLST svcn, struct ATTRIB **ins_attr,\n\t\t\t  struct mft_inode **ins_mi,\n\t\t\t  struct ATTR_LIST_ENTRY **ins_le)\n{\n\tstruct ntfs_sb_info *sbi = ni->mi.sbi;\n\tint err;\n\tstruct ATTRIB *attr, *eattr;\n\tstruct MFT_REC *rec;\n\tbool is_mft;\n\tstruct ATTR_LIST_ENTRY *le;\n\tu32 list_reserve, max_free, free, used, t32;\n\t__le16 id;\n\tu16 t16;\n\n\tis_mft = ni->mi.rno == MFT_REC_MFT;\n\trec = ni->mi.mrec;\n\n\tlist_reserve = SIZEOF_NONRESIDENT + 3 * (1 + 2 * sizeof(u32));\n\tused = le32_to_cpu(rec->used);\n\tfree = sbi->record_size - used;\n\n\tif (is_mft && type != ATTR_LIST) {\n\t\t/* Reserve space for the ATTRIB list. */\n\t\tif (free < list_reserve)\n\t\t\tfree = 0;\n\t\telse\n\t\t\tfree -= list_reserve;\n\t}\n\n\tif (asize <= free) {\n\t\tattr = ni_ins_new_attr(ni, &ni->mi, NULL, type, name, name_len,\n\t\t\t\t       asize, name_off, svcn, ins_le);\n\t\tif (IS_ERR(attr)) {\n\t\t\terr = PTR_ERR(attr);\n\t\t\tgoto out;\n\t\t}\n\n\t\tif (attr) {\n\t\t\tif (ins_attr)\n\t\t\t\t*ins_attr = attr;\n\t\t\tif (ins_mi)\n\t\t\t\t*ins_mi = &ni->mi;\n\t\t\terr = 0;\n\t\t\tgoto out;\n\t\t}\n\t}\n\n\tif (!is_mft || type != ATTR_DATA || svcn) {\n\t\t/* This ATTRIB will be external. */\n\t\terr = ni_ins_attr_ext(ni, NULL, type, name, name_len, asize,\n\t\t\t\t      svcn, name_off, false, ins_attr, ins_mi,\n\t\t\t\t      ins_le);\n\t\tgoto out;\n\t}\n\n\t/*\n\t * Here we have: "is_mft && type == ATTR_DATA && !svcn"\n\t *\n\t * The first chunk of the $MFT::Data ATTRIB must be the base record.\n\t * Evict as many other attributes as possible.\n\t */\n\tmax_free = free;\n\n\t/* Estimate the result of moving all possible attributes away. */\n\tattr = NULL;\n\n\twhile ((attr = mi_enum_attr(&ni->mi, attr))) {\n\t\tif (attr->type == ATTR_STD)\n\t\t\tcontinue;\n\t\tif (attr->type == ATTR_LIST)\n\t\t\tcontinue;\n\t\tmax_free += le32_to_cpu(attr->size);\n\t}\n\n\tif (max_free < asize + list_reserve) {\n\t\t/* Impossible to insert this attribute into primary record. */\n\t\terr = -EINVAL;\n\t\tgoto out;\n\t}\n\n\t/* Start real attribute moving. */\n\tattr = NULL;\n\n\tfor (;;) {\n\t\tattr = mi_enum_attr(&ni->mi, attr);\n\t\tif (!attr) {\n\t\t\t/* We should never be here \'cause we have already check this case. */\n\t\t\terr = -EINVAL;\n\t\t\tgoto out;\n\t\t}\n\n\t\t/* Skip attributes that MUST be primary record. */\n\t\tif (attr->type == ATTR_STD || attr->type == ATTR_LIST)\n\t\t\tcontinue;\n\n\t\tle = NULL;\n\t\tif (ni->attr_list.size) {\n\t\t\tle = al_find_le(ni, NULL, attr);\n\t\t\tif (!le) {\n\t\t\t\t/* Really this is a serious bug. */\n\t\t\t\terr = -EINVAL;\n\t\t\t\tgoto out;\n\t\t\t}\n\t\t}\n\n\t\tt32 = le32_to_cpu(attr->size);\n\t\tt16 = le16_to_cpu(attr->name_off);\n\t\terr = ni_ins_attr_ext(ni, le, attr->type, Add2Ptr(attr, t16),\n\t\t\t\t      attr->name_len, t32, attr_svcn(attr), t16,\n\t\t\t\t      false, &eattr, NULL, NULL);\n\t\tif (err)\n\t\t\treturn err;\n\n\t\tid = eattr->id;\n\t\tmemcpy(eattr, attr, t32);\n\t\teattr->id = id;\n\n\t\t/* Remove from primary record. */\n\t\tmi_remove_attr(NULL, &ni->mi, attr);\n\n\t\t/* attr now points to next attribute. */\n\t\tif (attr->type == ATTR_END)\n\t\t\tgoto out;\n\t}\n\twhile (asize + list_reserve > sbi->record_size - le32_to_cpu(rec->used))\n\t\t;\n\n\tattr = ni_ins_new_attr(ni, &ni->mi, NULL, type, name, name_len, asize,\n\t\t\t       name_off, svcn, ins_le);\n\tif (!attr) {\n\t\terr = -EINVAL;\n\t\tgoto out;\n\t}\n\n\tif (IS_ERR(attr)) {\n\t\terr = PTR_ERR(attr);\n\t\tgoto out;\n\t}\n\n\tif (ins_attr)\n\t\t*ins_attr = attr;\n\tif (ins_mi)\n\t\t*ins_mi = &ni->mi;\n\nout:\n\treturn err;\n}\n\n/* ni_expand_mft_list - Split ATTR_DATA of $MFT. */\nstatic int ni_expand_mft_list(struct ntfs_inode *ni)\n{\n\tint err = 0;\n\tstruct runs_tree *run = &ni->file.run;\n\tu32 asize, run_size, done = 0;\n\tstruct ATTRIB *attr;\n\tstruct rb_node *node;\n\tCLST mft_min, mft_new, svcn, evcn, plen;\n\tstruct mft_inode *mi, *mi_min, *mi_new;\n\tstruct ntfs_sb_info *sbi = ni->mi.sbi;\n\n\t/* Find the nearest MFT. */\n\tmft_min = 0;\n\tmft_new = 0;\n\tmi_min = NULL;\n\n\tfor (node = rb_first(&ni->mi_tree); node; node = rb_next(node)) {\n\t\tmi = rb_entry(node, struct mft_inode, node);\n\n\t\tattr = mi_enum_attr(mi, NULL);\n\n\t\tif (!attr) {\n\t\t\tmft_min = mi->rno;\n\t\t\tmi_min = mi;\n\t\t\tbreak;\n\t\t}\n\t}\n\n\tif (ntfs_look_free_mft(sbi, &mft_new, true, ni, &mi_new)) {\n\t\tmft_new = 0;\n\t\t/* Really this is not critical. */\n\t} else if (mft_min > mft_new) {\n\t\tmft_min = mft_new;\n\t\tmi_min = mi_new;\n\t} else {\n\t\tntfs_mark_rec_free(sbi, mft_new, true);\n\t\tmft_new = 0;\n\t\tni_remove_mi(ni, mi_new);\n\t}\n\n\tattr = mi_find_attr(&ni->mi, NULL, ATTR_DATA, NULL, 0, NULL);\n\tif (!attr) {\n\t\terr = -EINVAL;\n\t\tgoto out;\n\t}\n\n\tasize = le32_to_cpu(attr->size);\n\n\tevcn = le64_to_cpu(attr->nres.evcn);\n\tsvcn = bytes_to_cluster(sbi, (u64)(mft_min + 1) << sbi->record_bits);\n\tif (evcn + 1 >= svcn) {\n\t\terr = -EINVAL;\n\t\tgoto out;\n\t}\n\n\t/*\n\t * Split primary attribute [0 evcn] in two parts [0 svcn) + [svcn evcn].\n\t *\n\t * Update first part of ATTR_DATA in \'primary MFT.\n\t */\n\terr = run_pack(run, 0, svcn, Add2Ptr(attr, SIZEOF_NONRESIDENT),\n\t\t       asize - SIZEOF_NONRESIDENT, &plen);\n\tif (err < 0)\n\t\tgoto out;\n\n\trun_size = ALIGN(err, 8);\n\terr = 0;\n\n\tif (plen < svcn) {\n\t\terr = -EINVAL;\n\t\tgoto out;\n\t}\n\n\tattr->nres.evcn = cpu_to_le64(svcn - 1);\n\tattr->size = cpu_to_le32(run_size + SIZEOF_NONRESIDENT);\n\t/* \'done\' - How many bytes of primary MFT becomes free. */\n\tdone = asize - run_size - SIZEOF_NONRESIDENT;\n\tle32_sub_cpu(&ni->mi.mrec->used, done);\n\n\t/* Estimate packed size (run_buf=NULL). */\n\terr = run_pack(run, svcn, evcn + 1 - svcn, NULL, sbi->record_size,\n\t\t       &plen);\n\tif (err < 0)\n\t\tgoto out;\n\n\trun_size = ALIGN(err, 8);\n\terr = 0;\n\n\tif (plen < evcn + 1 - svcn) {\n\t\terr = -EINVAL;\n\t\tgoto out;\n\t}\n\n\t/*\n\t * This function may implicitly call expand attr_list.\n\t * Insert second part of ATTR_DATA in \'mi_min\'.\n\t */\n\tattr = ni_ins_new_attr(ni, mi_min, NULL, ATTR_DATA, NULL, 0,\n\t\t\t       SIZEOF_NONRESIDENT + run_size,\n\t\t\t       SIZEOF_NONRESIDENT, svcn, NULL);\n\tif (!attr) {\n\t\terr = -EINVAL;\n\t\tgoto out;\n\t}\n\n\tif (IS_ERR(attr)) {\n\t\terr = PTR_ERR(attr);\n\t\tgoto out;\n\t}\n\n\tattr->non_res = 1;\n\tattr->name_off = SIZEOF_NONRESIDENT_LE;\n\tattr->flags = 0;\n\n\t/* This function can\'t fail - cause already checked above. */\n\trun_pack(run, svcn, evcn + 1 - svcn, Add2Ptr(attr, SIZEOF_NONRESIDENT),\n\t\t run_size, &plen);\n\n\tattr->nres.svcn = cpu_to_le64(svcn);\n\tattr->nres.evcn = cpu_to_le64(evcn);\n\tattr->nres.run_off = cpu_to_le16(SIZEOF_NONRESIDENT);\n\nout:\n\tif (mft_new) {\n\t\tntfs_mark_rec_free(sbi, mft_new, true);\n\t\tni_remove_mi(ni, mi_new);\n\t}\n\n\treturn !err && !done ? -EOPNOTSUPP : err;\n}\n\n/*\n * ni_expand_list - Move all possible attributes out of primary record.\n */\nint ni_expand_list(struct ntfs_inode *ni)\n{\n\tint err = 0;\n\tu32 asize, done = 0;\n\tstruct ATTRIB *attr, *ins_attr;\n\tstruct ATTR_LIST_ENTRY *le;\n\tbool is_mft = ni->mi.rno == MFT_REC_MFT;\n\tstruct MFT_REF ref;\n\n\tmi_get_ref(&ni->mi, &ref);\n\tle = NULL;\n\n\twhile ((le = al_enumerate(ni, le))) {\n\t\tif (le->type == ATTR_STD)\n\t\t\tcontinue;\n\n\t\tif (memcmp(&ref, &le->ref, sizeof(struct MFT_REF)))\n\t\t\tcontinue;\n\n\t\tif (is_mft && le->type == ATTR_DATA)\n\t\t\tcontinue;\n\n\t\t/* Find attribute in primary record. */\n\t\tattr = rec_find_attr_le(&ni->mi, le);\n\t\tif (!attr) {\n\t\t\terr = -EINVAL;\n\t\t\tgoto out;\n\t\t}\n\n\t\tasize = le32_to_cpu(attr->size);\n\n\t\t/* Always insert into new record to avoid collisions (deep recursive). */\n\t\terr = ni_ins_attr_ext(ni, le, attr->type, attr_name(attr),\n\t\t\t\t      attr->name_len, asize, attr_svcn(attr),\n\t\t\t\t      le16_to_cpu(attr->name_off), true,\n\t\t\t\t      &ins_attr, NULL, NULL);\n\n\t\tif (err)\n\t\t\tgoto out;\n\n\t\tmemcpy(ins_attr, attr, asize);\n\t\tins_attr->id = le->id;\n\t\t/* Remove from primary record. */\n\t\tmi_remove_attr(NULL, &ni->mi, attr);\n\n\t\tdone += asize;\n\t\tgoto out;\n\t}\n\n\tif (!is_mft) {\n\t\terr = -EFBIG; /* Attr list is too big(?) */\n\t\tgoto out;\n\t}\n\n\t/* Split MFT data as much as possible. */\n\terr = ni_expand_mft_list(ni);\n\nout:\n\treturn !err && !done ? -EOPNOTSUPP : err;\n}\n\n/*\n * ni_insert_nonresident - Insert new nonresident attribute.\n */\nint ni_insert_nonresident(struct ntfs_inode *ni, enum ATTR_TYPE type,\n\t\t\t  const __le16 *name, u8 name_len,\n\t\t\t  const struct runs_tree *run, CLST svcn, CLST len,\n\t\t\t  __le16 flags, struct ATTRIB **new_attr,\n\t\t\t  struct mft_inode **mi, struct ATTR_LIST_ENTRY **le)\n{\n\tint err;\n\tCLST plen;\n\tstruct ATTRIB *attr;\n\tbool is_ext = (flags & (ATTR_FLAG_SPARSED | ATTR_FLAG_COMPRESSED)) &&\n\t\t      !svcn;\n\tu32 name_size = ALIGN(name_len * sizeof(short), 8);\n\tu32 name_off = is_ext ? SIZEOF_NONRESIDENT_EX : SIZEOF_NONRESIDENT;\n\tu32 run_off = name_off + name_size;\n\tu32 run_size, asize;\n\tstruct ntfs_sb_info *sbi = ni->mi.sbi;\n\n\t/* Estimate packed size (run_buf=NULL). */\n\terr = run_pack(run, svcn, len, NULL, sbi->max_bytes_per_attr - run_off,\n\t\t       &plen);\n\tif (err < 0)\n\t\tgoto out;\n\n\trun_size = ALIGN(err, 8);\n\n\tif (plen < len) {\n\t\terr = -EINVAL;\n\t\tgoto out;\n\t}\n\n\tasize = run_off + run_size;\n\n\tif (asize > sbi->max_bytes_per_attr) {\n\t\terr = -EINVAL;\n\t\tgoto out;\n\t}\n\n\terr = ni_insert_attr(ni, type, name, name_len, asize, name_off, svcn,\n\t\t\t     &attr, mi, le);\n\n\tif (err)\n\t\tgoto out;\n\n\tattr->non_res = 1;\n\tattr->name_off = cpu_to_le16(name_off);\n\tattr->flags = flags;\n\n\t/* This function can\'t fail - cause already checked above. */\n\trun_pack(run, svcn, len, Add2Ptr(attr, run_off), run_size, &plen);\n\n\tattr->nres.svcn = cpu_to_le64(svcn);\n\tattr->nres.evcn = cpu_to_le64((u64)svcn + len - 1);\n\n\tif (new_attr)\n\t\t*new_attr = attr;\n\n\t*(__le64 *)&attr->nres.run_off = cpu_to_le64(run_off);\n\n\tattr->nres.alloc_size =\n\t\tsvcn ? 0 : cpu_to_le64((u64)len << ni->mi.sbi->cluster_bits);\n\tattr->nres.data_size = attr->nres.alloc_size;\n\tattr->nres.valid_size = attr->nres.alloc_size;\n\n\tif (is_ext) {\n\t\tif (flags & ATTR_FLAG_COMPRESSED)\n\t\t\tattr->nres.c_unit = NTFS_LZNT_CUNIT;\n\t\tattr->nres.total_size = attr->nres.alloc_size;\n\t}\n\nout:\n\treturn err;\n}\n\n/*\n * ni_insert_resident - Inserts new resident attribute.\n */\nint ni_insert_resident(struct ntfs_inode *ni, u32 data_size,\n\t\t       enum ATTR_TYPE type, const __le16 *name, u8 name_len,\n\t\t       struct ATTRIB **new_attr, struct mft_inode **mi,\n\t\t       struct ATTR_LIST_ENTRY **le)\n{\n\tint err;\n\tu32 name_size = ALIGN(name_len * sizeof(short), 8);\n\tu32 asize = SIZEOF_RESIDENT + name_size + ALIGN(data_size, 8);\n\tstruct ATTRIB *attr;\n\n\terr = ni_insert_attr(ni, type, name, name_len, asize, SIZEOF_RESIDENT,\n\t\t\t     0, &attr, mi, le);\n\tif (err)\n\t\treturn err;\n\n\tattr->non_res = 0;\n\tattr->flags = 0;\n\n\tattr->res.data_size = cpu_to_le32(data_size);\n\tattr->res.data_off = cpu_to_le16(SIZEOF_RESIDENT + name_size);\n\tif (type == ATTR_NAME) {\n\t\tattr->res.flags = RESIDENT_FLAG_INDEXED;\n\n\t\t/* is_attr_indexed(attr)) == true */\n\t\tle16_add_cpu(&ni->mi.mrec->hard_links, 1);\n\t\tni->mi.dirty = true;\n\t}\n\tattr->res.res = 0;\n\n\tif (new_attr)\n\t\t*new_attr = attr;\n\n\treturn 0;\n}\n\n/*\n * ni_remove_attr_le - Remove attribute from record.\n */\nvoid ni_remove_attr_le(struct ntfs_inode *ni, struct ATTRIB *attr,\n\t\t       struct mft_inode *mi, struct ATTR_LIST_ENTRY *le)\n{\n\tmi_remove_attr(ni, mi, attr);\n\n\tif (le)\n\t\tal_remove_le(ni, le);\n}\n\n/*\n * ni_delete_all - Remove all attributes and frees allocates space.\n *\n * ntfs_evict_inode->ntfs_clear_inode->ni_delete_all (if no links).\n */\nint ni_delete_all(struct ntfs_inode *ni)\n{\n\tint err;\n\tstruct ATTR_LIST_ENTRY *le = NULL;\n\tstruct ATTRIB *attr = NULL;\n\tstruct rb_node *node;\n\tu16 roff;\n\tu32 asize;\n\tCLST svcn, evcn;\n\tstruct ntfs_sb_info *sbi = ni->mi.sbi;\n\tbool nt3 = is_ntfs3(sbi);\n\tstruct MFT_REF ref;\n\n\twhile ((attr = ni_enum_attr_ex(ni, attr, &le, NULL))) {\n\t\tif (!nt3 || attr->name_len) {\n\t\t\t;\n\t\t} else if (attr->type == ATTR_REPARSE) {\n\t\t\tmi_get_ref(&ni->mi, &ref);\n\t\t\tntfs_remove_reparse(sbi, 0, &ref);\n\t\t} else if (attr->type == ATTR_ID && !attr->non_res &&\n\t\t\t   le32_to_cpu(attr->res.data_size) >=\n\t\t\t\t   sizeof(struct GUID)) {\n\t\t\tntfs_objid_remove(sbi, resident_data(attr));\n\t\t}\n\n\t\tif (!attr->non_res)\n\t\t\tcontinue;\n\n\t\tsvcn = le64_to_cpu(attr->nres.svcn);\n\t\tevcn = le64_to_cpu(attr->nres.evcn);\n\n\t\tif (evcn + 1 <= svcn)\n\t\t\tcontinue;\n\n\t\tasize = le32_to_cpu(attr->size);\n\t\troff = le16_to_cpu(attr->nres.run_off);\n\n\t\tif (roff > asize) {\n\t\t\t_ntfs_bad_inode(&ni->vfs_inode);\n\t\t\treturn -EINVAL;\n\t\t}\n\n\t\t/* run==1 means unpack and deallocate. */\n\t\trun_unpack_ex(RUN_DEALLOCATE, sbi, ni->mi.rno, svcn, evcn, svcn,\n\t\t\t      Add2Ptr(attr, roff), asize - roff);\n\t}\n\n\tif (ni->attr_list.size) {\n\t\trun_deallocate(ni->mi.sbi, &ni->attr_list.run, true);\n\t\tal_destroy(ni);\n\t}\n\n\t/* Free all subrecords. */\n\tfor (node = rb_first(&ni->mi_tree); node;) {\n\t\tstruct rb_node *next = rb_next(node);\n\t\tstruct mft_inode *mi = rb_entry(node, struct mft_inode, node);\n\n\t\tclear_rec_inuse(mi->mrec);\n\t\tmi->dirty = true;\n\t\tmi_write(mi, 0);\n\n\t\tntfs_mark_rec_free(sbi, mi->rno, false);\n\t\tni_remove_mi(ni, mi);\n\t\tmi_put(mi);\n\t\tnode = next;\n\t}\n\n\t/* Free base record. */\n\tclear_rec_inuse(ni->mi.mrec);\n\tni->mi.dirty = true;\n\terr = mi_write(&ni->mi, 0);\n\n\tntfs_mark_rec_free(sbi, ni->mi.rno, false);\n\n\treturn err;\n}\n\n/* ni_fname_name\n *\n * Return: File name attribute by its value.\n */\nstruct ATTR_FILE_NAME *ni_fname_name(struct ntfs_inode *ni,\n\t\t\t\t     const struct le_str *uni,\n\t\t\t\t     const struct MFT_REF *home_dir,\n\t\t\t\t     struct mft_inode **mi,\n\t\t\t\t     struct ATTR_LIST_ENTRY **le)\n{\n\tstruct ATTRIB *attr = NULL;\n\tstruct ATTR_FILE_NAME *fname;\n\n\tif (le)\n\t\t*le = NULL;\n\n\t/* Enumerate all names. */\nnext:\n\tattr = ni_find_attr(ni, attr, le, ATTR_NAME, NULL, 0, NULL, mi);\n\tif (!attr)\n\t\treturn NULL;\n\n\tfname = resident_data_ex(attr, SIZEOF_ATTRIBUTE_FILENAME);\n\tif (!fname)\n\t\tgoto next;\n\n\tif (home_dir && memcmp(home_dir, &fname->home, sizeof(*home_dir)))\n\t\tgoto next;\n\n\tif (!uni)\n\t\treturn fname;\n\n\tif (uni->len != fname->name_len)\n\t\tgoto next;\n\n\tif (ntfs_cmp_names(uni->name, uni->len, fname->name, uni->len, NULL,\n\t\t\t   false))\n\t\tgoto next;\n\treturn fname;\n}\n\n/*\n * ni_fname_type\n *\n * Return: File name attribute with given type.\n */\nstruct ATTR_FILE_NAME *ni_fname_type(struct ntfs_inode *ni, u8 name_type,\n\t\t\t\t     struct mft_inode **mi,\n\t\t\t\t     struct ATTR_LIST_ENTRY **le)\n{\n\tstruct ATTRIB *attr = NULL;\n\tstruct ATTR_FILE_NAME *fname;\n\n\t*le = NULL;\n\n\tif (name_type == FILE_NAME_POSIX)\n\t\treturn NULL;\n\n\t/* Enumerate all names. */\n\tfor (;;) {\n\t\tattr = ni_find_attr(ni, attr, le, ATTR_NAME, NULL, 0, NULL, mi);\n\t\tif (!attr)\n\t\t\treturn NULL;\n\n\t\tfname = resident_data_ex(attr, SIZEOF_ATTRIBUTE_FILENAME);\n\t\tif (fname && name_type == fname->type)\n\t\t\treturn fname;\n\t}\n}\n\n/*\n * ni_new_attr_flags\n *\n * Process compressed/sparsed in special way.\n * NOTE: You need to set ni->std_fa = new_fa\n * after this function to keep internal structures in consistency.\n */\nint ni_new_attr_flags(struct ntfs_inode *ni, enum FILE_ATTRIBUTE new_fa)\n{\n\tstruct ATTRIB *attr;\n\tstruct mft_inode *mi;\n\t__le16 new_aflags;\n\tu32 new_asize;\n\n\tattr = ni_find_attr(ni, NULL, NULL, ATTR_DATA, NULL, 0, NULL, &mi);\n\tif (!attr)\n\t\treturn -EINVAL;\n\n\tnew_aflags = attr->flags;\n\n\tif (new_fa & FILE_ATTRIBUTE_SPARSE_FILE)\n\t\tnew_aflags |= ATTR_FLAG_SPARSED;\n\telse\n\t\tnew_aflags &= ~ATTR_FLAG_SPARSED;\n\n\tif (new_fa & FILE_ATTRIBUTE_COMPRESSED)\n\t\tnew_aflags |= ATTR_FLAG_COMPRESSED;\n\telse\n\t\tnew_aflags &= ~ATTR_FLAG_COMPRESSED;\n\n\tif (new_aflags == attr->flags)\n\t\treturn 0;\n\n\tif ((new_aflags & (ATTR_FLAG_COMPRESSED | ATTR_FLAG_SPARSED)) ==\n\t    (ATTR_FLAG_COMPRESSED | ATTR_FLAG_SPARSED)) {\n\t\tntfs_inode_warn(&ni->vfs_inode,\n\t\t\t\t"file can\'t be sparsed and compressed");\n\t\treturn -EOPNOTSUPP;\n\t}\n\n\tif (!attr->non_res)\n\t\tgoto out;\n\n\tif (attr->nres.data_size) {\n\t\tntfs_inode_warn(\n\t\t\t&ni->vfs_inode,\n\t\t\t"one can change sparsed/compressed only for empty files");\n\t\treturn -EOPNOTSUPP;\n\t}\n\n\t/* Resize nonresident empty attribute in-place only. */\n\tnew_asize = (new_aflags & (ATTR_FLAG_COMPRESSED | ATTR_FLAG_SPARSED)) ?\n\t\t\t    (SIZEOF_NONRESIDENT_EX + 8) :\n\t\t\t    (SIZEOF_NONRESIDENT + 8);\n\n\tif (!mi_resize_attr(mi, attr, new_asize - le32_to_cpu(attr->size)))\n\t\treturn -EOPNOTSUPP;\n\n\tif (new_aflags & ATTR_FLAG_SPARSED) {\n\t\tattr->name_off = SIZEOF_NONRESIDENT_EX_LE;\n\t\t/* Windows uses 16 clusters per frame but supports one cluster per frame too. */\n\t\tattr->nres.c_unit = 0;\n\t\tni->vfs_inode.i_mapping->a_ops = &ntfs_aops;\n\t} else if (new_aflags & ATTR_FLAG_COMPRESSED) {\n\t\tattr->name_off = SIZEOF_NONRESIDENT_EX_LE;\n\t\t/* The only allowed: 16 clusters per frame. */\n\t\tattr->nres.c_unit = NTFS_LZNT_CUNIT;\n\t\tni->vfs_inode.i_mapping->a_ops = &ntfs_aops_cmpr;\n\t} else {\n\t\tattr->name_off = SIZEOF_NONRESIDENT_LE;\n\t\t/* Normal files. */\n\t\tattr->nres.c_unit = 0;\n\t\tni->vfs_inode.i_mapping->a_ops = &ntfs_aops;\n\t}\n\tattr->nres.run_off = attr->name_off;\nout:\n\tattr->flags = new_aflags;\n\tmi->dirty = true;\n\n\treturn 0;\n}\n\n/*\n * ni_parse_reparse\n *\n * buffer - memory for reparse buffer header\n */\nenum REPARSE_SIGN ni_parse_reparse(struct ntfs_inode *ni, struct ATTRIB *attr,\n\t\t\t\t   struct REPARSE_DATA_BUFFER *buffer)\n{\n\tconst struct REPARSE_DATA_BUFFER *rp = NULL;\n\tu8 bits;\n\tu16 len;\n\ttypeof(rp->CompressReparseBuffer) *cmpr;\n\n\t/* Try to estimate reparse point. */\n\tif (!attr->non_res) {\n\t\trp = resident_data_ex(attr, sizeof(struct REPARSE_DATA_BUFFER));\n\t} else if (le64_to_cpu(attr->nres.data_size) >=\n\t\t   sizeof(struct REPARSE_DATA_BUFFER)) {\n\t\tstruct runs_tree run;\n\n\t\trun_init(&run);\n\n\t\tif (!attr_load_runs_vcn(ni, ATTR_REPARSE, NULL, 0, &run, 0) &&\n\t\t    !ntfs_read_run_nb(ni->mi.sbi, &run, 0, buffer,\n\t\t\t\t      sizeof(struct REPARSE_DATA_BUFFER),\n\t\t\t\t      NULL)) {\n\t\t\trp = buffer;\n\t\t}\n\n\t\trun_close(&run);\n\t}\n\n\tif (!rp)\n\t\treturn REPARSE_NONE;\n\n\tlen = le16_to_cpu(rp->ReparseDataLength);\n\tswitch (rp->ReparseTag) {\n\tcase (IO_REPARSE_TAG_MICROSOFT | IO_REPARSE_TAG_SYMBOLIC_LINK):\n\t\tbreak; /* Symbolic link. */\n\tcase IO_REPARSE_TAG_MOUNT_POINT:\n\t\tbreak; /* Mount points and junctions. */\n\tcase IO_REPARSE_TAG_SYMLINK:\n\t\tbreak;\n\tcase IO_REPARSE_TAG_COMPRESS:\n\t\t/*\n\t\t * WOF - Windows Overlay Filter - Used to compress files with\n\t\t * LZX/Xpress.\n\t\t *\n\t\t * Unlike native NTFS file compression, the Windows\n\t\t * Overlay Filter supports only read operations. This means\n\t\t * that it doesn\'t need to sector-align each compressed chunk,\n\t\t * so the compressed data can be packed more tightly together.\n\t\t * If you open the file for writing, the WOF just decompresses\n\t\t * the entire file, turning it back into a plain file.\n\t\t *\n\t\t * Ntfs3 driver decompresses the entire file only on write or\n\t\t * change size requests.\n\t\t */\n\n\t\tcmpr = &rp->CompressReparseBuffer;\n\t\tif (len < sizeof(*cmpr) ||\n\t\t    cmpr->WofVersion != WOF_CURRENT_VERSION ||\n\t\t    cmpr->WofProvider != WOF_PROVIDER_SYSTEM ||\n\t\t    cmpr->ProviderVer != WOF_PROVIDER_CURRENT_VERSION) {\n\t\t\treturn REPARSE_NONE;\n\t\t}\n\n\t\tswitch (cmpr->CompressionFormat) {\n\t\tcase WOF_COMPRESSION_XPRESS4K:\n\t\t\tbits = 0xc; // 4k\n\t\t\tbreak;\n\t\tcase WOF_COMPRESSION_XPRESS8K:\n\t\t\tbits = 0xd; // 8k\n\t\t\tbreak;\n\t\tcase WOF_COMPRESSION_XPRESS16K:\n\t\t\tbits = 0xe; // 16k\n\t\t\tbreak;\n\t\tcase WOF_COMPRESSION_LZX32K:\n\t\t\tbits = 0xf; // 32k\n\t\t\tbreak;\n\t\tdefault:\n\t\t\tbits = 0x10; // 64k\n\t\t\tbreak;\n\t\t}\n\t\tni_set_ext_compress_bits(ni, bits);\n\t\treturn REPARSE_COMPRESSED;\n\n\tcase IO_REPARSE_TAG_DEDUP:\n\t\tni->ni_flags |= NI_FLAG_DEDUPLICATED;\n\t\treturn REPARSE_DEDUPLICATED;\n\n\tdefault:\n\t\tif (rp->ReparseTag & IO_REPARSE_TAG_NAME_SURROGATE)\n\t\t\tbreak;\n\n\t\treturn REPARSE_NONE;\n\t}\n\n\tif (buffer != rp)\n\t\tmemcpy(buffer, rp, sizeof(struct REPARSE_DATA_BUFFER));\n\n\t/* Looks like normal symlink. */\n\treturn REPARSE_LINK;\n}\n\n/*\n * fiemap_fill_next_extent_k - a copy of fiemap_fill_next_extent\n * but it uses \'fe_k\' instead of fieinfo->fi_extents_start\n */\nstatic int fiemap_fill_next_extent_k(struct fiemap_extent_info *fieinfo,\n\t\t\t\t     struct fiemap_extent *fe_k, u64 logical,\n\t\t\t\t     u64 phys, u64 len, u32 flags)\n{\n\tstruct fiemap_extent extent;\n\n\t/* only count the extents */\n\tif (fieinfo->fi_extents_max == 0) {\n\t\tfieinfo->fi_extents_mapped++;\n\t\treturn (flags & FIEMAP_EXTENT_LAST) ? 1 : 0;\n\t}\n\n\tif (fieinfo->fi_extents_mapped >= fieinfo->fi_extents_max)\n\t\treturn 1;\n\n\tif (flags & FIEMAP_EXTENT_DELALLOC)\n\t\tflags |= FIEMAP_EXTENT_UNKNOWN;\n\tif (flags & FIEMAP_EXTENT_DATA_ENCRYPTED)\n\t\tflags |= FIEMAP_EXTENT_ENCODED;\n\tif (flags & (FIEMAP_EXTENT_DATA_TAIL | FIEMAP_EXTENT_DATA_INLINE))\n\t\tflags |= FIEMAP_EXTENT_NOT_ALIGNED;\n\n\tmemset(&extent, 0, sizeof(extent));\n\textent.fe_logical = logical;\n\textent.fe_physical = phys;\n\textent.fe_length = len;\n\textent.fe_flags = flags;\n\n\tmemcpy(fe_k + fieinfo->fi_extents_mapped, &extent, sizeof(extent));\n\n\tfieinfo->fi_extents_mapped++;\n\tif (fieinfo->fi_extents_mapped == fieinfo->fi_extents_max)\n\t\treturn 1;\n\treturn (flags & FIEMAP_EXTENT_LAST) ? 1 : 0;\n}\n\n/*\n * ni_fiemap - Helper for file_fiemap().\n *\n * Assumed ni_lock.\n * TODO: Less aggressive locks.\n */\nint ni_fiemap(struct ntfs_inode *ni, struct fiemap_extent_info *fieinfo,\n\t      __u64 vbo, __u64 len)\n{\n\tint err = 0;\n\tstruct fiemap_extent *fe_k = NULL;\n\tstruct ntfs_sb_info *sbi = ni->mi.sbi;\n\tu8 cluster_bits = sbi->cluster_bits;\n\tstruct runs_tree *run;\n\tstruct rw_semaphore *run_lock;\n\tstruct ATTRIB *attr;\n\tCLST vcn = vbo >> cluster_bits;\n\tCLST lcn, clen;\n\tu64 valid = ni->i_valid;\n\tu64 lbo, bytes;\n\tu64 end, alloc_size;\n\tsize_t idx = -1;\n\tu32 flags;\n\tbool ok;\n\n\tif (S_ISDIR(ni->vfs_inode.i_mode)) {\n\t\trun = &ni->dir.alloc_run;\n\t\tattr = ni_find_attr(ni, NULL, NULL, ATTR_ALLOC, I30_NAME,\n\t\t\t\t    ARRAY_SIZE(I30_NAME), NULL, NULL);\n\t\trun_lock = &ni->dir.run_lock;\n\t} else {\n\t\trun = &ni->file.run;\n\t\tattr = ni_find_attr(ni, NULL, NULL, ATTR_DATA, NULL, 0, NULL,\n\t\t\t\t    NULL);\n\t\tif (!attr) {\n\t\t\terr = -EINVAL;\n\t\t\tgoto out;\n\t\t}\n\t\tif (is_attr_compressed(attr)) {\n\t\t\t/* Unfortunately cp -r incorrectly treats compressed clusters. */\n\t\t\terr = -EOPNOTSUPP;\n\t\t\tntfs_inode_warn(\n\t\t\t\t&ni->vfs_inode,\n\t\t\t\t"fiemap is not supported for compressed file (cp -r)");\n\t\t\tgoto out;\n\t\t}\n\t\trun_lock = &ni->file.run_lock;\n\t}\n\n\tif (!attr || !attr->non_res) {\n\t\terr = fiemap_fill_next_extent(\n\t\t\tfieinfo, 0, 0,\n\t\t\tattr ? le32_to_cpu(attr->res.data_size) : 0,\n\t\t\tFIEMAP_EXTENT_DATA_INLINE | FIEMAP_EXTENT_LAST |\n\t\t\t\tFIEMAP_EXTENT_MERGED);\n\t\tgoto out;\n\t}\n\n\t/*\n\t * To avoid lock problems replace pointer to user memory by pointer to kernel memory.\n\t */\n\tfe_k = kmalloc_array(fieinfo->fi_extents_max,\n\t\t\t     sizeof(struct fiemap_extent),\n\t\t\t     GFP_NOFS | __GFP_ZERO);\n\tif (!fe_k) {\n\t\terr = -ENOMEM;\n\t\tgoto out;\n\t}\n\n\tend = vbo + len;\n\talloc_size = le64_to_cpu(attr->nres.alloc_size);\n\tif (end > alloc_size)\n\t\tend = alloc_size;\n\n\tdown_read(run_lock);\n\n\twhile (vbo < end) {\n\t\tif (idx == -1) {\n\t\t\tok = run_lookup_entry(run, vcn, &lcn, &clen, &idx);\n\t\t} else {\n\t\t\tCLST vcn_next = vcn;\n\n\t\t\tok = run_get_entry(run, ++idx, &vcn, &lcn, &clen) &&\n\t\t\t     vcn == vcn_next;\n\t\t\tif (!ok)\n\t\t\t\tvcn = vcn_next;\n\t\t}\n\n\t\tif (!ok) {\n\t\t\tup_read(run_lock);\n\t\t\tdown_write(run_lock);\n\n\t\t\terr = attr_load_runs_vcn(ni, attr->type,\n\t\t\t\t\t\t attr_name(attr),\n\t\t\t\t\t\t attr->name_len, run, vcn);\n\n\t\t\tup_write(run_lock);\n\t\t\tdown_read(run_lock);\n\n\t\t\tif (err)\n\t\t\t\tbreak;\n\n\t\t\tok = run_lookup_entry(run, vcn, &lcn, &clen, &idx);\n\n\t\t\tif (!ok) {\n\t\t\t\terr = -EINVAL;\n\t\t\t\tbreak;\n\t\t\t}\n\t\t}\n\n\t\tif (!clen) {\n\t\t\terr = -EINVAL; // ?\n\t\t\tbreak;\n\t\t}\n\n\t\tif (lcn == SPARSE_LCN) {\n\t\t\tvcn += clen;\n\t\t\tvbo = (u64)vcn << cluster_bits;\n\t\t\tcontinue;\n\t\t}\n\n\t\tflags = FIEMAP_EXTENT_MERGED;\n\t\tif (S_ISDIR(ni->vfs_inode.i_mode)) {\n\t\t\t;\n\t\t} else if (is_attr_compressed(attr)) {\n\t\t\tCLST clst_data;\n\n\t\t\terr = attr_is_frame_compressed(\n\t\t\t\tni, attr, vcn >> attr->nres.c_unit, &clst_data);\n\t\t\tif (err)\n\t\t\t\tbreak;\n\t\t\tif (clst_data < NTFS_LZNT_CLUSTERS)\n\t\t\t\tflags |= FIEMAP_EXTENT_ENCODED;\n\t\t} else if (is_attr_encrypted(attr)) {\n\t\t\tflags |= FIEMAP_EXTENT_DATA_ENCRYPTED;\n\t\t}\n\n\t\tvbo = (u64)vcn << cluster_bits;\n\t\tbytes = (u64)clen << cluster_bits;\n\t\tlbo = (u64)lcn << cluster_bits;\n\n\t\tvcn += clen;\n\n\t\tif (vbo + bytes >= end)\n\t\t\tbytes = end - vbo;\n\n\t\tif (vbo + bytes <= valid) {\n\t\t\t;\n\t\t} else if (vbo >= valid) {\n\t\t\tflags |= FIEMAP_EXTENT_UNWRITTEN;\n\t\t} else {\n\t\t\t/* vbo < valid && valid < vbo + bytes */\n\t\t\tu64 dlen = valid - vbo;\n\n\t\t\tif (vbo + dlen >= end)\n\t\t\t\tflags |= FIEMAP_EXTENT_LAST;\n\n\t\t\terr = fiemap_fill_next_extent_k(fieinfo, fe_k, vbo, lbo,\n\t\t\t\t\t\t\tdlen, flags);\n\n\t\t\tif (err < 0)\n\t\t\t\tbreak;\n\t\t\tif (err == 1) {\n\t\t\t\terr = 0;\n\t\t\t\tbreak;\n\t\t\t}\n\n\t\t\tvbo = valid;\n\t\t\tbytes -= dlen;\n\t\t\tif (!bytes)\n\t\t\t\tcontinue;\n\n\t\t\tlbo += dlen;\n\t\t\tflags |= FIEMAP_EXTENT_UNWRITTEN;\n\t\t}\n\n\t\tif (vbo + bytes >= end)\n\t\t\tflags |= FIEMAP_EXTENT_LAST;\n\n\t\terr = fiemap_fill_next_extent_k(fieinfo, fe_k, vbo, lbo, bytes,\n\t\t\t\t\t\tflags);\n\t\tif (err < 0)\n\t\t\tbreak;\n\t\tif (err == 1) {\n\t\t\terr = 0;\n\t\t\tbreak;\n\t\t}\n\n\t\tvbo += bytes;\n\t}\n\n\tup_read(run_lock);\n\n\t/*\n\t * Copy to user memory out of lock\n\t */\n\tif (copy_to_user(fieinfo->fi_extents_start, fe_k,\n\t\t\t fieinfo->fi_extents_max *\n\t\t\t\t sizeof(struct fiemap_extent))) {\n\t\terr = -EFAULT;\n\t}\n\nout:\n\tkfree(fe_k);\n\treturn err;\n}\n\n/*\n * ni_readpage_cmpr\n *\n * When decompressing, we typically obtain more than one page per reference.\n * We inject the additional pages into the page cache.\n */\nint ni_readpage_cmpr(struct ntfs_inode *ni, struct folio *folio)\n{\n\tint err;\n\tstruct ntfs_sb_info *sbi = ni->mi.sbi;\n\tstruct address_space *mapping = folio->mapping;\n\tpgoff_t index = folio->index;\n\tu64 frame_vbo, vbo = (u64)index << PAGE_SHIFT;\n\tstruct page **pages = NULL; /* Array of at most 16 pages. stack? */\n\tu8 frame_bits;\n\tCLST frame;\n\tu32 i, idx, frame_size, pages_per_frame;\n\tgfp_t gfp_mask;\n\tstruct page *pg;\n\n\tif (vbo >= i_size_read(&ni->vfs_inode)) {\n\t\tfolio_zero_range(folio, 0, folio_size(folio));\n\t\tfolio_mark_uptodate(folio);\n\t\terr = 0;\n\t\tgoto out;\n\t}\n\n\tif (ni->ni_flags & NI_FLAG_COMPRESSED_MASK) {\n\t\t/* Xpress or LZX. */\n\t\tframe_bits = ni_ext_compress_bits(ni);\n\t} else {\n\t\t/* LZNT compression. */\n\t\tframe_bits = NTFS_LZNT_CUNIT + sbi->cluster_bits;\n\t}\n\tframe_size = 1u << frame_bits;\n\tframe = vbo >> frame_bits;\n\tframe_vbo = (u64)frame << frame_bits;\n\tidx = (vbo - frame_vbo) >> PAGE_SHIFT;\n\n\tpages_per_frame = frame_size >> PAGE_SHIFT;\n\tpages = kcalloc(pages_per_frame, sizeof(struct page *), GFP_NOFS);\n\tif (!pages) {\n\t\terr = -ENOMEM;\n\t\tgoto out;\n\t}\n\n\tpages[idx] = &folio->page;\n\tindex = frame_vbo >> PAGE_SHIFT;\n\tgfp_mask = mapping_gfp_mask(mapping);\n\n\tfor (i = 0; i < pages_per_frame; i++, index++) {\n\t\tif (i == idx)\n\t\t\tcontinue;\n\n\t\tpg = find_or_create_page(mapping, index, gfp_mask);\n\t\tif (!pg) {\n\t\t\terr = -ENOMEM;\n\t\t\tgoto out1;\n\t\t}\n\t\tpages[i] = pg;\n\t}\n\n\terr = ni_read_frame(ni, frame_vbo, pages, pages_per_frame);\n\nout1:\n\tfor (i = 0; i < pages_per_frame; i++) {\n\t\tpg = pages[i];\n\t\tif (i == idx || !pg)\n\t\t\tcontinue;\n\t\tunlock_page(pg);\n\t\tput_page(pg);\n\t}\n\nout:\n\t/* At this point, err contains 0 or -EIO depending on the "critical" page. */\n\tkfree(pages);\n\tfolio_unlock(folio);\n\n\treturn err;\n}\n\n#ifdef CONFIG_NTFS3_LZX_XPRESS\n/*\n * ni_decompress_file - Decompress LZX/Xpress compressed file.\n *\n * Remove ATTR_DATA::WofCompressedData.\n * Remove ATTR_REPARSE.\n */\nint ni_decompress_file(struct ntfs_inode *ni)\n{\n\tstruct ntfs_sb_info *sbi = ni->mi.sbi;\n\tstruct inode *inode = &ni->vfs_inode;\n\tloff_t i_size = i_size_read(inode);\n\tstruct address_space *mapping = inode->i_mapping;\n\tgfp_t gfp_mask = mapping_gfp_mask(mapping);\n\tstruct page **pages = NULL;\n\tstruct ATTR_LIST_ENTRY *le;\n\tstruct ATTRIB *attr;\n\tCLST vcn, cend, lcn, clen, end;\n\tpgoff_t index;\n\tu64 vbo;\n\tu8 frame_bits;\n\tu32 i, frame_size, pages_per_frame, bytes;\n\tstruct mft_inode *mi;\n\tint err;\n\n\t/* Clusters for decompressed data. */\n\tcend = bytes_to_cluster(sbi, i_size);\n\n\tif (!i_size)\n\t\tgoto remove_wof;\n\n\t/* Check in advance. */\n\tif (cend > wnd_zeroes(&sbi->used.bitmap)) {\n\t\terr = -ENOSPC;\n\t\tgoto out;\n\t}\n\n\tframe_bits = ni_ext_compress_bits(ni);\n\tframe_size = 1u << frame_bits;\n\tpages_per_frame = frame_size >> PAGE_SHIFT;\n\tpages = kcalloc(pages_per_frame, sizeof(struct page *), GFP_NOFS);\n\tif (!pages) {\n\t\terr = -ENOMEM;\n\t\tgoto out;\n\t}\n\n\t/*\n\t * Step 1: Decompress data and copy to new allocated clusters.\n\t */\n\tindex = 0;\n\tfor (vbo = 0; vbo < i_size; vbo += bytes) {\n\t\tu32 nr_pages;\n\t\tbool new;\n\n\t\tif (vbo + frame_size > i_size) {\n\t\t\tbytes = i_size - vbo;\n\t\t\tnr_pages = (bytes + PAGE_SIZE - 1) >> PAGE_SHIFT;\n\t\t} else {\n\t\t\tnr_pages = pages_per_frame;\n\t\t\tbytes = frame_size;\n\t\t}\n\n\t\tend = bytes_to_cluster(sbi, vbo + bytes);\n\n\t\tfor (vcn = vbo >> sbi->cluster_bits; vcn < end; vcn += clen) {\n\t\t\terr = attr_data_get_block(ni, vcn, cend - vcn, &lcn,\n\t\t\t\t\t\t  &clen, &new, false);\n\t\t\tif (err)\n\t\t\t\tgoto out;\n\t\t}\n\n\t\tfor (i = 0; i < pages_per_frame; i++, index++) {\n\t\t\tstruct page *pg;\n\n\t\t\tpg = find_or_create_page(mapping, index, gfp_mask);\n\t\t\tif (!pg) {\n\t\t\t\twhile (i--) {\n\t\t\t\t\tunlock_page(pages[i]);\n\t\t\t\t\tput_page(pages[i]);\n\t\t\t\t}\n\t\t\t\terr = -ENOMEM;\n\t\t\t\tgoto out;\n\t\t\t}\n\t\t\tpages[i] = pg;\n\t\t}\n\n\t\terr = ni_read_frame(ni, vbo, pages, pages_per_frame);\n\n\t\tif (!err) {\n\t\t\tdown_read(&ni->file.run_lock);\n\t\t\terr = ntfs_bio_pages(sbi, &ni->file.run, pages,\n\t\t\t\t\t     nr_pages, vbo, bytes,\n\t\t\t\t\t     REQ_OP_WRITE);\n\t\t\tup_read(&ni->file.run_lock);\n\t\t}\n\n\t\tfor (i = 0; i < pages_per_frame; i++) {\n\t\t\tunlock_page(pages[i]);\n\t\t\tput_page(pages[i]);\n\t\t}\n\n\t\tif (err)\n\t\t\tgoto out;\n\n\t\tcond_resched();\n\t}\n\nremove_wof:\n\t/*\n\t * Step 2: Deallocate attributes ATTR_DATA::WofCompressedData\n\t * and ATTR_REPARSE.\n\t */\n\tattr = NULL;\n\tle = NULL;\n\twhile ((attr = ni_enum_attr_ex(ni, attr, &le, NULL))) {\n\t\tCLST svcn, evcn;\n\t\tu32 asize, roff;\n\n\t\tif (attr->type == ATTR_REPARSE) {\n\t\t\tstruct MFT_REF ref;\n\n\t\t\tmi_get_ref(&ni->mi, &ref);\n\t\t\tntfs_remove_reparse(sbi, 0, &ref);\n\t\t}\n\n\t\tif (!attr->non_res)\n\t\t\tcontinue;\n\n\t\tif (attr->type != ATTR_REPARSE &&\n\t\t    (attr->type != ATTR_DATA ||\n\t\t     attr->name_len != ARRAY_SIZE(WOF_NAME) ||\n\t\t     memcmp(attr_name(attr), WOF_NAME, sizeof(WOF_NAME))))\n\t\t\tcontinue;\n\n\t\tsvcn = le64_to_cpu(attr->nres.svcn);\n\t\tevcn = le64_to_cpu(attr->nres.evcn);\n\n\t\tif (evcn + 1 <= svcn)\n\t\t\tcontinue;\n\n\t\tasize = le32_to_cpu(attr->size);\n\t\troff = le16_to_cpu(attr->nres.run_off);\n\n\t\tif (roff > asize) {\n\t\t\terr = -EINVAL;\n\t\t\tgoto out;\n\t\t}\n\n\t\t/*run==1  Means unpack and deallocate. */\n\t\trun_unpack_ex(RUN_DEALLOCATE, sbi, ni->mi.rno, svcn, evcn, svcn,\n\t\t\t      Add2Ptr(attr, roff), asize - roff);\n\t}\n\n\t/*\n\t * Step 3: Remove attribute ATTR_DATA::WofCompressedData.\n\t */\n\terr = ni_remove_attr(ni, ATTR_DATA, WOF_NAME, ARRAY_SIZE(WOF_NAME),\n\t\t\t     false, NULL);\n\tif (err)\n\t\tgoto out;\n\n\t/*\n\t * Step 4: Remove ATTR_REPARSE.\n\t */\n\terr = ni_remove_attr(ni, ATTR_REPARSE, NULL, 0, false, NULL);\n\tif (err)\n\t\tgoto out;\n\n\t/*\n\t * Step 5: Remove sparse flag from data attribute.\n\t */\n\tattr = ni_find_attr(ni, NULL, NULL, ATTR_DATA, NULL, 0, NULL, &mi);\n\tif (!attr) {\n\t\terr = -EINVAL;\n\t\tgoto out;\n\t}\n\n\tif (attr->non_res && is_attr_sparsed(attr)) {\n\t\t/* Sparsed attribute header is 8 bytes bigger than normal. */\n\t\tstruct MFT_REC *rec = mi->mrec;\n\t\tu32 used = le32_to_cpu(rec->used);\n\t\tu32 asize = le32_to_cpu(attr->size);\n\t\tu16 roff = le16_to_cpu(attr->nres.run_off);\n\t\tchar *rbuf = Add2Ptr(attr, roff);\n\n\t\tmemmove(rbuf - 8, rbuf, used - PtrOffset(rec, rbuf));\n\t\tattr->size = cpu_to_le32(asize - 8);\n\t\tattr->flags &= ~ATTR_FLAG_SPARSED;\n\t\tattr->nres.run_off = cpu_to_le16(roff - 8);\n\t\tattr->nres.c_unit = 0;\n\t\trec->used = cpu_to_le32(used - 8);\n\t\tmi->dirty = true;\n\t\tni->std_fa &= ~(FILE_ATTRIBUTE_SPARSE_FILE |\n\t\t\t\tFILE_ATTRIBUTE_REPARSE_POINT);\n\n\t\tmark_inode_dirty(inode);\n\t}\n\n\t/* Clear cached flag. */\n\tni->ni_flags &= ~NI_FLAG_COMPRESSED_MASK;\n\tif (ni->file.offs_folio) {\n\t\tfolio_put(ni->file.offs_folio);\n\t\tni->file.offs_folio = NULL;\n\t}\n\tmapping->a_ops = &ntfs_aops;\n\nout:\n\tkfree(pages);\n\tif (err)\n\t\t_ntfs_bad_inode(inode);\n\n\treturn err;\n}\n\n/*\n * decompress_lzx_xpress - External compression LZX/Xpress.\n */\nstatic int decompress_lzx_xpress(struct ntfs_sb_info *sbi, const char *cmpr,\n\t\t\t\t size_t cmpr_size, void *unc, size_t unc_size,\n\t\t\t\t u32 frame_size)\n{\n\tint err;\n\tvoid *ctx;\n\n\tif (cmpr_size == unc_size) {\n\t\t/* Frame not compressed. */\n\t\tmemcpy(unc, cmpr, unc_size);\n\t\treturn 0;\n\t}\n\n\terr = 0;\n\tif (frame_size == 0x8000) {\n\t\tmutex_lock(&sbi->compress.mtx_lzx);\n\t\t/* LZX: Frame compressed. */\n\t\tctx = sbi->compress.lzx;\n\t\tif (!ctx) {\n\t\t\t/* Lazy initialize LZX decompress context. */\n\t\t\tctx = lzx_allocate_decompressor();\n\t\t\tif (!ctx) {\n\t\t\t\terr = -ENOMEM;\n\t\t\t\tgoto out1;\n\t\t\t}\n\n\t\t\tsbi->compress.lzx = ctx;\n\t\t}\n\n\t\tif (lzx_decompress(ctx, cmpr, cmpr_size, unc, unc_size)) {\n\t\t\t/* Treat all errors as "invalid argument". */\n\t\t\terr = -EINVAL;\n\t\t}\nout1:\n\t\tmutex_unlock(&sbi->compress.mtx_lzx);\n\t} else {\n\t\t/* XPRESS: Frame compressed. */\n\t\tmutex_lock(&sbi->compress.mtx_xpress);\n\t\tctx = sbi->compress.xpress;\n\t\tif (!ctx) {\n\t\t\t/* Lazy initialize Xpress decompress context. */\n\t\t\tctx = xpress_allocate_decompressor();\n\t\t\tif (!ctx) {\n\t\t\t\terr = -ENOMEM;\n\t\t\t\tgoto out2;\n\t\t\t}\n\n\t\t\tsbi->compress.xpress = ctx;\n\t\t}\n\n\t\tif (xpress_decompress(ctx, cmpr, cmpr_size, unc, unc_size)) {\n\t\t\t/* Treat all errors as "invalid argument". */\n\t\t\terr = -EINVAL;\n\t\t}\nout2:\n\t\tmutex_unlock(&sbi->compress.mtx_xpress);\n\t}\n\treturn err;\n}\n#endif\n\n/*\n * ni_read_frame\n *\n * Pages - Array of locked pages.\n */\nint ni_read_frame(struct ntfs_inode *ni, u64 frame_vbo, struct page **pages,\n\t\t  u32 pages_per_frame)\n{\n\tint err;\n\tstruct ntfs_sb_info *sbi = ni->mi.sbi;\n\tu8 cluster_bits = sbi->cluster_bits;\n\tchar *frame_ondisk = NULL;\n\tchar *frame_mem = NULL;\n\tstruct page **pages_disk = NULL;\n\tstruct ATTR_LIST_ENTRY *le = NULL;\n\tstruct runs_tree *run = &ni->file.run;\n\tu64 valid_size = ni->i_valid;\n\tu64 vbo_disk;\n\tsize_t unc_size;\n\tu32 frame_size, i, npages_disk, ondisk_size;\n\tstruct page *pg;\n\tstruct ATTRIB *attr;\n\tCLST frame, clst_data;\n\n\t/*\n\t * To simplify decompress algorithm do vmap for source\n\t * and target pages.\n\t */\n\tfor (i = 0; i < pages_per_frame; i++)\n\t\tkmap(pages[i]);\n\n\tframe_size = pages_per_frame << PAGE_SHIFT;\n\tframe_mem = vmap(pages, pages_per_frame, VM_MAP, PAGE_KERNEL);\n\tif (!frame_mem) {\n\t\terr = -ENOMEM;\n\t\tgoto out;\n\t}\n\n\tattr = ni_find_attr(ni, NULL, &le, ATTR_DATA, NULL, 0, NULL, NULL);\n\tif (!attr) {\n\t\terr = -ENOENT;\n\t\tgoto out1;\n\t}\n\n\tif (!attr->non_res) {\n\t\tu32 data_size = le32_to_cpu(attr->res.data_size);\n\n\t\tmemset(frame_mem, 0, frame_size);\n\t\tif (frame_vbo < data_size) {\n\t\t\tondisk_size = data_size - frame_vbo;\n\t\t\tmemcpy(frame_mem, resident_data(attr) + frame_vbo,\n\t\t\t       min(ondisk_size, frame_size));\n\t\t}\n\t\terr = 0;\n\t\tgoto out1;\n\t}\n\n\tif (frame_vbo >= valid_size) {\n\t\tmemset(frame_mem, 0, frame_size);\n\t\terr = 0;\n\t\tgoto out1;\n\t}\n\n\tif (ni->ni_flags & NI_FLAG_COMPRESSED_MASK) {\n#ifndef CONFIG_NTFS3_LZX_XPRESS\n\t\terr = -EOPNOTSUPP;\n\t\tgoto out1;\n#else\n\t\tloff_t i_size = i_size_read(&ni->vfs_inode);\n\t\tu32 frame_bits = ni_ext_compress_bits(ni);\n\t\tu64 frame64 = frame_vbo >> frame_bits;\n\t\tu64 frames, vbo_data;\n\n\t\tif (frame_size != (1u << frame_bits)) {\n\t\t\terr = -EINVAL;\n\t\t\tgoto out1;\n\t\t}\n\t\tswitch (frame_size) {\n\t\tcase 0x1000:\n\t\tcase 0x2000:\n\t\tcase 0x4000:\n\t\tcase 0x8000:\n\t\t\tbreak;\n\t\tdefault:\n\t\t\t/* Unknown compression. */\n\t\t\terr = -EOPNOTSUPP;\n\t\t\tgoto out1;\n\t\t}\n\n\t\tattr = ni_find_attr(ni, attr, &le, ATTR_DATA, WOF_NAME,\n\t\t\t\t    ARRAY_SIZE(WOF_NAME), NULL, NULL);\n\t\tif (!attr) {\n\t\t\tntfs_inode_err(\n\t\t\t\t&ni->vfs_inode,\n\t\t\t\t"external compressed file should contains data attribute \\"WofCompressedData\\"");\n\t\t\terr = -EINVAL;\n\t\t\tgoto out1;\n\t\t}\n\n\t\tif (!attr->non_res) {\n\t\t\trun = NULL;\n\t\t} else {\n\t\t\trun = run_alloc();\n\t\t\tif (!run) {\n\t\t\t\terr = -ENOMEM;\n\t\t\t\tgoto out1;\n\t\t\t}\n\t\t}\n\n\t\tframes = (i_size - 1) >> frame_bits;\n\n\t\terr = attr_wof_frame_info(ni, attr, run, frame64, frames,\n\t\t\t\t\t  frame_bits, &ondisk_size, &vbo_data);\n\t\tif (err)\n\t\t\tgoto out2;\n\n\t\tif (frame64 == frames) {\n\t\t\tunc_size = 1 + ((i_size - 1) & (frame_size - 1));\n\t\t\tondisk_size = attr_size(attr) - vbo_data;\n\t\t} else {\n\t\t\tunc_size = frame_size;\n\t\t}\n\n\t\tif (ondisk_size > frame_size) {\n\t\t\terr = -EINVAL;\n\t\t\tgoto out2;\n\t\t}\n\n\t\tif (!attr->non_res) {\n\t\t\tif (vbo_data + ondisk_size >\n\t\t\t    le32_to_cpu(attr->res.data_size)) {\n\t\t\t\terr = -EINVAL;\n\t\t\t\tgoto out1;\n\t\t\t}\n\n\t\t\terr = decompress_lzx_xpress(\n\t\t\t\tsbi, Add2Ptr(resident_data(attr), vbo_data),\n\t\t\t\tondisk_size, frame_mem, unc_size, frame_size);\n\t\t\tgoto out1;\n\t\t}\n\t\tvbo_disk = vbo_data;\n\t\t/* Load all runs to read [vbo_disk-vbo_to). */\n\t\terr = attr_load_runs_range(ni, ATTR_DATA, WOF_NAME,\n\t\t\t\t\t   ARRAY_SIZE(WOF_NAME), run, vbo_disk,\n\t\t\t\t\t   vbo_data + ondisk_size);\n\t\tif (err)\n\t\t\tgoto out2;\n\t\tnpages_disk = (ondisk_size + (vbo_disk & (PAGE_SIZE - 1)) +\n\t\t\t       PAGE_SIZE - 1) >>\n\t\t\t      PAGE_SHIFT;\n#endif\n\t} else if (is_attr_compressed(attr)) {\n\t\t/* LZNT compression. */\n\t\tif (sbi->cluster_size > NTFS_LZNT_MAX_CLUSTER) {\n\t\t\terr = -EOPNOTSUPP;\n\t\t\tgoto out1;\n\t\t}\n\n\t\tif (attr->nres.c_unit != NTFS_LZNT_CUNIT) {\n\t\t\terr = -EOPNOTSUPP;\n\t\t\tgoto out1;\n\t\t}\n\n\t\tdown_write(&ni->file.run_lock);\n\t\trun_truncate_around(run, le64_to_cpu(attr->nres.svcn));\n\t\tframe = frame_vbo >> (cluster_bits + NTFS_LZNT_CUNIT);\n\t\terr = attr_is_frame_compressed(ni, attr, frame, &clst_data);\n\t\tup_write(&ni->file.run_lock);\n\t\tif (err)\n\t\t\tgoto out1;\n\n\t\tif (!clst_data) {\n\t\t\tmemset(frame_mem, 0, frame_size);\n\t\t\tgoto out1;\n\t\t}\n\n\t\tframe_size = sbi->cluster_size << NTFS_LZNT_CUNIT;\n\t\tondisk_size = clst_data << cluster_bits;\n\n\t\tif (clst_data >= NTFS_LZNT_CLUSTERS) {\n\t\t\t/* Frame is not compressed. */\n\t\t\tdown_read(&ni->file.run_lock);\n\t\t\terr = ntfs_bio_pages(sbi, run, pages, pages_per_frame,\n\t\t\t\t\t     frame_vbo, ondisk_size,\n\t\t\t\t\t     REQ_OP_READ);\n\t\t\tup_read(&ni->file.run_lock);\n\t\t\tgoto out1;\n\t\t}\n\t\tvbo_disk = frame_vbo;\n\t\tnpages_disk = (ondisk_size + PAGE_SIZE - 1) >> PAGE_SHIFT;\n\t} else {\n\t\t__builtin_unreachable();\n\t\terr = -EINVAL;\n\t\tgoto out1;\n\t}\n\n\tpages_disk = kcalloc(npages_disk, sizeof(*pages_disk), GFP_NOFS);\n\tif (!pages_disk) {\n\t\terr = -ENOMEM;\n\t\tgoto out2;\n\t}\n\n\tfor (i = 0; i < npages_disk; i++) {\n\t\tpg = alloc_page(GFP_KERNEL);\n\t\tif (!pg) {\n\t\t\terr = -ENOMEM;\n\t\t\tgoto out3;\n\t\t}\n\t\tpages_disk[i] = pg;\n\t\tlock_page(pg);\n\t\tkmap(pg);\n\t}\n\n\t/* Read \'ondisk_size\' bytes from disk. */\n\tdown_read(&ni->file.run_lock);\n\terr = ntfs_bio_pages(sbi, run, pages_disk, npages_disk, vbo_disk,\n\t\t\t     ondisk_size, REQ_OP_READ);\n\tup_read(&ni->file.run_lock);\n\tif (err)\n\t\tgoto out3;\n\n\t/*\n\t * To simplify decompress algorithm do vmap for source and target pages.\n\t */\n\tframe_ondisk = vmap(pages_disk, npages_disk, VM_MAP, PAGE_KERNEL_RO);\n\tif (!frame_ondisk) {\n\t\terr = -ENOMEM;\n\t\tgoto out3;\n\t}\n\n\t/* Decompress: Frame_ondisk -> frame_mem. */\n#ifdef CONFIG_NTFS3_LZX_XPRESS\n\tif (run != &ni->file.run) {\n\t\t/* LZX or XPRESS */\n\t\terr = decompress_lzx_xpress(\n\t\t\tsbi, frame_ondisk + (vbo_disk & (PAGE_SIZE - 1)),\n\t\t\tondisk_size, frame_mem, unc_size, frame_size);\n\t} else\n#endif\n\t{\n\t\t/* LZNT - Native NTFS compression. */\n\t\tunc_size = decompress_lznt(frame_ondisk, ondisk_size, frame_mem,\n\t\t\t\t\t   frame_size);\n\t\tif ((ssize_t)unc_size < 0)\n\t\t\terr = unc_size;\n\t\telse if (!unc_size || unc_size > frame_size)\n\t\t\terr = -EINVAL;\n\t}\n\tif (!err && valid_size < frame_vbo + frame_size) {\n\t\tsize_t ok = valid_size - frame_vbo;\n\n\t\tmemset(frame_mem + ok, 0, frame_size - ok);\n\t}\n\n\tvunmap(frame_ondisk);\n\nout3:\n\tfor (i = 0; i < npages_disk; i++) {\n\t\tpg = pages_disk[i];\n\t\tif (pg) {\n\t\t\tkunmap(pg);\n\t\t\tunlock_page(pg);\n\t\t\tput_page(pg);\n\t\t}\n\t}\n\tkfree(pages_disk);\n\nout2:\n#ifdef CONFIG_NTFS3_LZX_XPRESS\n\tif (run != &ni->file.run)\n\t\trun_free(run);\n#endif\nout1:\n\tvunmap(frame_mem);\nout:\n\tfor (i = 0; i < pages_per_frame; i++) {\n\t\tpg = pages[i];\n\t\tkunmap(pg);\n\t\tSetPageUptodate(pg);\n\t}\n\n\treturn err;\n}\n\n/*\n * ni_write_frame\n *\n * Pages - Array of locked pages.\n */\nint ni_write_frame(struct ntfs_inode *ni, struct page **pages,\n\t\t   u32 pages_per_frame)\n{\n\tint err;\n\tstruct ntfs_sb_info *sbi = ni->mi.sbi;\n\tu8 frame_bits = NTFS_LZNT_CUNIT + sbi->cluster_bits;\n\tu32 frame_size = sbi->cluster_size << NTFS_LZNT_CUNIT;\n\tu64 frame_vbo = (u64)pages[0]->index << PAGE_SHIFT;\n\tCLST frame = frame_vbo >> frame_bits;\n\tchar *frame_ondisk = NULL;\n\tstruct page **pages_disk = NULL;\n\tstruct ATTR_LIST_ENTRY *le = NULL;\n\tchar *frame_mem;\n\tstruct ATTRIB *attr;\n\tstruct mft_inode *mi;\n\tu32 i;\n\tstruct page *pg;\n\tsize_t compr_size, ondisk_size;\n\tstruct lznt *lznt;\n\n\tattr = ni_find_attr(ni, NULL, &le, ATTR_DATA, NULL, 0, NULL, &mi);\n\tif (!attr) {\n\t\terr = -ENOENT;\n\t\tgoto out;\n\t}\n\n\tif (WARN_ON(!is_attr_compressed(attr))) {\n\t\terr = -EINVAL;\n\t\tgoto out;\n\t}\n\n\tif (sbi->cluster_size > NTFS_LZNT_MAX_CLUSTER) {\n\t\terr = -EOPNOTSUPP;\n\t\tgoto out;\n\t}\n\n\tif (!attr->non_res) {\n\t\tdown_write(&ni->file.run_lock);\n\t\terr = attr_make_nonresident(ni, attr, le, mi,\n\t\t\t\t\t    le32_to_cpu(attr->res.data_size),\n\t\t\t\t\t    &ni->file.run, &attr, pages[0]);\n\t\tup_write(&ni->file.run_lock);\n\t\tif (err)\n\t\t\tgoto out;\n\t}\n\n\tif (attr->nres.c_unit != NTFS_LZNT_CUNIT) {\n\t\terr = -EOPNOTSUPP;\n\t\tgoto out;\n\t}\n\n\tpages_disk = kcalloc(pages_per_frame, sizeof(struct page *), GFP_NOFS);\n\tif (!pages_disk) {\n\t\terr = -ENOMEM;\n\t\tgoto out;\n\t}\n\n\tfor (i = 0; i < pages_per_frame; i++) {\n\t\tpg = alloc_page(GFP_KERNEL);\n\t\tif (!pg) {\n\t\t\terr = -ENOMEM;\n\t\t\tgoto out1;\n\t\t}\n\t\tpages_disk[i] = pg;\n\t\tlock_page(pg);\n\t\tkmap(pg);\n\t}\n\n\t/* To simplify compress algorithm do vmap for source and target pages. */\n\tframe_ondisk = vmap(pages_disk, pages_per_frame, VM_MAP, PAGE_KERNEL);\n\tif (!frame_ondisk) {\n\t\terr = -ENOMEM;\n\t\tgoto out1;\n\t}\n\n\tfor (i = 0; i < pages_per_frame; i++)\n\t\tkmap(pages[i]);\n\n\t/* Map in-memory frame for read-only. */\n\tframe_mem = vmap(pages, pages_per_frame, VM_MAP, PAGE_KERNEL_RO);\n\tif (!frame_mem) {\n\t\terr = -ENOMEM;\n\t\tgoto out2;\n\t}\n\n\tmutex_lock(&sbi->compress.mtx_lznt);\n\tlznt = NULL;\n\tif (!sbi->compress.lznt) {\n\t\t/*\n\t\t * LZNT implements two levels of compression:\n\t\t * 0 - Standard compression\n\t\t * 1 - Best compression, requires a lot of cpu\n\t\t * use mount option?\n\t\t */\n\t\tlznt = get_lznt_ctx(0);\n\t\tif (!lznt) {\n\t\t\tmutex_unlock(&sbi->compress.mtx_lznt);\n\t\t\terr = -ENOMEM;\n\t\t\tgoto out3;\n\t\t}\n\n\t\tsbi->compress.lznt = lznt;\n\t\tlznt = NULL;\n\t}\n\n\t/* Compress: frame_mem -> frame_ondisk */\n\tcompr_size = compress_lznt(frame_mem, frame_size, frame_ondisk,\n\t\t\t\t   frame_size, sbi->compress.lznt);\n\tmutex_unlock(&sbi->compress.mtx_lznt);\n\tkfree(lznt);\n\n\tif (compr_size + sbi->cluster_size > frame_size) {\n\t\t/* Frame is not compressed. */\n\t\tcompr_size = frame_size;\n\t\tondisk_size = frame_size;\n\t} else if (compr_size) {\n\t\t/* Frame is compressed. */\n\t\tondisk_size = ntfs_up_cluster(sbi, compr_size);\n\t\tmemset(frame_ondisk + compr_size, 0, ondisk_size - compr_size);\n\t} else {\n\t\t/* Frame is sparsed. */\n\t\tondisk_size = 0;\n\t}\n\n\tdown_write(&ni->file.run_lock);\n\trun_truncate_around(&ni->file.run, le64_to_cpu(attr->nres.svcn));\n\terr = attr_allocate_frame(ni, frame, compr_size, ni->i_valid);\n\tup_write(&ni->file.run_lock);\n\tif (err)\n\t\tgoto out2;\n\n\tif (!ondisk_size)\n\t\tgoto out2;\n\n\tdown_read(&ni->file.run_lock);\n\terr = ntfs_bio_pages(sbi, &ni->file.run,\n\t\t\t     ondisk_size < frame_size ? pages_disk : pages,\n\t\t\t     pages_per_frame, frame_vbo, ondisk_size,\n\t\t\t     REQ_OP_WRITE);\n\tup_read(&ni->file.run_lock);\n\nout3:\n\tvunmap(frame_mem);\n\nout2:\n\tfor (i = 0; i < pages_per_frame; i++)\n\t\tkunmap(pages[i]);\n\n\tvunmap(frame_ondisk);\nout1:\n\tfor (i = 0; i < pages_per_frame; i++) {\n\t\tpg = pages_disk[i];\n\t\tif (pg) {\n\t\t\tkunmap(pg);\n\t\t\tunlock_page(pg);\n\t\t\tput_page(pg);\n\t\t}\n\t}\n\tkfree(pages_disk);\nout:\n\treturn err;\n}\n\n/*\n * ni_remove_name - Removes name \'de\' from MFT and from directory.\n * \'de2\' and \'undo_step\' are used to restore MFT/dir, if error occurs.\n */\nint ni_remove_name(struct ntfs_inode *dir_ni, struct ntfs_inode *ni,\n\t\t   struct NTFS_DE *de, struct NTFS_DE **de2, int *undo_step)\n{\n\tint err;\n\tstruct ntfs_sb_info *sbi = ni->mi.sbi;\n\tstruct ATTR_FILE_NAME *de_name = (struct ATTR_FILE_NAME *)(de + 1);\n\tstruct ATTR_FILE_NAME *fname;\n\tstruct ATTR_LIST_ENTRY *le;\n\tstruct mft_inode *mi;\n\tu16 de_key_size = le16_to_cpu(de->key_size);\n\tu8 name_type;\n\n\t*undo_step = 0;\n\n\t/* Find name in record. */\n\tmi_get_ref(&dir_ni->mi, &de_name->home);\n\n\tfname = ni_fname_name(ni, (struct le_str *)&de_name->name_len,\n\t\t\t      &de_name->home, &mi, &le);\n\tif (!fname)\n\t\treturn -ENOENT;\n\n\tmemcpy(&de_name->dup, &fname->dup, sizeof(struct NTFS_DUP_INFO));\n\tname_type = paired_name(fname->type);\n\n\t/* Mark ntfs as dirty. It will be cleared at umount. */\n\tntfs_set_state(sbi, NTFS_DIRTY_DIRTY);\n\n\t/* Step 1: Remove name from directory. */\n\terr = indx_delete_entry(&dir_ni->dir, dir_ni, fname, de_key_size, sbi);\n\tif (err)\n\t\treturn err;\n\n\t/* Step 2: Remove name from MFT. */\n\tni_remove_attr_le(ni, attr_from_name(fname), mi, le);\n\n\t*undo_step = 2;\n\n\t/* Get paired name. */\n\tfname = ni_fname_type(ni, name_type, &mi, &le);\n\tif (fname) {\n\t\tu16 de2_key_size = fname_full_size(fname);\n\n\t\t*de2 = Add2Ptr(de, 1024);\n\t\t(*de2)->key_size = cpu_to_le16(de2_key_size);\n\n\t\tmemcpy(*de2 + 1, fname, de2_key_size);\n\n\t\t/* Step 3: Remove paired name from directory. */\n\t\terr = indx_delete_entry(&dir_ni->dir, dir_ni, fname,\n\t\t\t\t\tde2_key_size, sbi);\n\t\tif (err)\n\t\t\treturn err;\n\n\t\t/* Step 4: Remove paired name from MFT. */\n\t\tni_remove_attr_le(ni, attr_from_name(fname), mi, le);\n\n\t\t*undo_step = 4;\n\t}\n\treturn 0;\n}\n\n/*\n * ni_remove_name_undo - Paired function for ni_remove_name.\n *\n * Return: True if ok\n */\nbool ni_remove_name_undo(struct ntfs_inode *dir_ni, struct ntfs_inode *ni,\n\t\t\t struct NTFS_DE *de, struct NTFS_DE *de2, int undo_step)\n{\n\tstruct ntfs_sb_info *sbi = ni->mi.sbi;\n\tstruct ATTRIB *attr;\n\tu16 de_key_size;\n\n\tswitch (undo_step) {\n\tcase 4:\n\t\tde_key_size = le16_to_cpu(de2->key_size);\n\t\tif (ni_insert_resident(ni, de_key_size, ATTR_NAME, NULL, 0,\n\t\t\t\t       &attr, NULL, NULL))\n\t\t\treturn false;\n\t\tmemcpy(Add2Ptr(attr, SIZEOF_RESIDENT), de2 + 1, de_key_size);\n\n\t\tmi_get_ref(&ni->mi, &de2->ref);\n\t\tde2->size = cpu_to_le16(ALIGN(de_key_size, 8) +\n\t\t\t\t\tsizeof(struct NTFS_DE));\n\t\tde2->flags = 0;\n\t\tde2->res = 0;\n\n\t\tif (indx_insert_entry(&dir_ni->dir, dir_ni, de2, sbi, NULL, 1))\n\t\t\treturn false;\n\t\tfallthrough;\n\n\tcase 2:\n\t\tde_key_size = le16_to_cpu(de->key_size);\n\n\t\tif (ni_insert_resident(ni, de_key_size, ATTR_NAME, NULL, 0,\n\t\t\t\t       &attr, NULL, NULL))\n\t\t\treturn false;\n\n\t\tmemcpy(Add2Ptr(attr, SIZEOF_RESIDENT), de + 1, de_key_size);\n\t\tmi_get_ref(&ni->mi, &de->ref);\n\n\t\tif (indx_insert_entry(&dir_ni->dir, dir_ni, de, sbi, NULL, 1))\n\t\t\treturn false;\n\t}\n\n\treturn true;\n}\n\n/*\n * ni_add_name - Add new name into MFT and into directory.\n */\nint ni_add_name(struct ntfs_inode *dir_ni, struct ntfs_inode *ni,\n\t\tstruct NTFS_DE *de)\n{\n\tint err;\n\tstruct ntfs_sb_info *sbi = ni->mi.sbi;\n\tstruct ATTRIB *attr;\n\tstruct ATTR_LIST_ENTRY *le;\n\tstruct mft_inode *mi;\n\tstruct ATTR_FILE_NAME *fname;\n\tstruct ATTR_FILE_NAME *de_name = (struct ATTR_FILE_NAME *)(de + 1);\n\tu16 de_key_size = le16_to_cpu(de->key_size);\n\n\tif (sbi->options->windows_names &&\n\t    !valid_windows_name(sbi, (struct le_str *)&de_name->name_len))\n\t\treturn -EINVAL;\n\n\t/* If option "hide_dot_files" then set hidden attribute for dot files. */\n\tif (ni->mi.sbi->options->hide_dot_files) {\n\t\tif (de_name->name_len > 0 &&\n\t\t    le16_to_cpu(de_name->name[0]) == \'.\')\n\t\t\tni->std_fa |= FILE_ATTRIBUTE_HIDDEN;\n\t\telse\n\t\t\tni->std_fa &= ~FILE_ATTRIBUTE_HIDDEN;\n\t}\n\n\tmi_get_ref(&ni->mi, &de->ref);\n\tmi_get_ref(&dir_ni->mi, &de_name->home);\n\n\t/* Fill duplicate from any ATTR_NAME. */\n\tfname = ni_fname_name(ni, NULL, NULL, NULL, NULL);\n\tif (fname)\n\t\tmemcpy(&de_name->dup, &fname->dup, sizeof(fname->dup));\n\tde_name->dup.fa = ni->std_fa;\n\n\t/* Insert new name into MFT. */\n\terr = ni_insert_resident(ni, de_key_size, ATTR_NAME, NULL, 0, &attr,\n\t\t\t\t &mi, &le);\n\tif (err)\n\t\treturn err;\n\n\tmemcpy(Add2Ptr(attr, SIZEOF_RESIDENT), de_name, de_key_size);\n\n\t/* Insert new name into directory. */\n\terr = indx_insert_entry(&dir_ni->dir, dir_ni, de, sbi, NULL, 0);\n\tif (err)\n\t\tni_remove_attr_le(ni, attr, mi, le);\n\n\treturn err;\n}\n\n/*\n * ni_rename - Remove one name and insert new name.\n */\nint ni_rename(struct ntfs_inode *dir_ni, struct ntfs_inode *new_dir_ni,\n\t      struct ntfs_inode *ni, struct NTFS_DE *de, struct NTFS_DE *new_de,\n\t      bool *is_bad)\n{\n\tint err;\n\tstruct NTFS_DE *de2 = NULL;\n\tint undo = 0;\n\n\t/*\n\t * There are two possible ways to rename:\n\t * 1) Add new name and remove old name.\n\t * 2) Remove old name and add new name.\n\t *\n\t * In most cases (not all!) adding new name into MFT and into directory can\n\t * allocate additional cluster(s).\n\t * Second way may result to bad inode if we can\'t add new name\n\t * and then can\'t restore (add) old name.\n\t */\n\n\t/*\n\t * Way 1 - Add new + remove old.\n\t */\n\terr = ni_add_name(new_dir_ni, ni, new_de);\n\tif (!err) {\n\t\terr = ni_remove_name(dir_ni, ni, de, &de2, &undo);\n\t\tif (err && ni_remove_name(new_dir_ni, ni, new_de, &de2, &undo))\n\t\t\t*is_bad = true;\n\t}\n\n\t/*\n\t * Way 2 - Remove old + add new.\n\t */\n\t/*\n\t *\terr = ni_remove_name(dir_ni, ni, de, &de2, &undo);\n\t *\tif (!err) {\n\t *\t\terr = ni_add_name(new_dir_ni, ni, new_de);\n\t *\t\tif (err && !ni_remove_name_undo(dir_ni, ni, de, de2, undo))\n\t *\t\t\t*is_bad = true;\n\t *\t}\n\t */\n\n\treturn err;\n}\n\n/*\n * ni_is_dirty - Return: True if \'ni\' requires ni_write_inode.\n */\nbool ni_is_dirty(struct inode *inode)\n{\n\tstruct ntfs_inode *ni = ntfs_i(inode);\n\tstruct rb_node *node;\n\n\tif (ni->mi.dirty || ni->attr_list.dirty ||\n\t    (ni->ni_flags & NI_FLAG_UPDATE_PARENT))\n\t\treturn true;\n\n\tfor (node = rb_first(&ni->mi_tree); node; node = rb_next(node)) {\n\t\tif (rb_entry(node, struct mft_inode, node)->dirty)\n\t\t\treturn true;\n\t}\n\n\treturn false;\n}\n\n/*\n * ni_update_parent\n *\n * Update duplicate info of ATTR_FILE_NAME in MFT and in parent directories.\n */\nstatic bool ni_update_parent(struct ntfs_inode *ni, struct NTFS_DUP_INFO *dup,\n\t\t\t     int sync)\n{\n\tstruct ATTRIB *attr;\n\tstruct mft_inode *mi;\n\tstruct ATTR_LIST_ENTRY *le = NULL;\n\tstruct ntfs_sb_info *sbi = ni->mi.sbi;\n\tstruct super_block *sb = sbi->sb;\n\tbool re_dirty = false;\n\n\tif (ni->mi.mrec->flags & RECORD_FLAG_DIR) {\n\t\tdup->fa |= FILE_ATTRIBUTE_DIRECTORY;\n\t\tattr = NULL;\n\t\tdup->alloc_size = 0;\n\t\tdup->data_size = 0;\n\t} else {\n\t\tdup->fa &= ~FILE_ATTRIBUTE_DIRECTORY;\n\n\t\tattr = ni_find_attr(ni, NULL, &le, ATTR_DATA, NULL, 0, NULL,\n\t\t\t\t    &mi);\n\t\tif (!attr) {\n\t\t\tdup->alloc_size = dup->data_size = 0;\n\t\t} else if (!attr->non_res) {\n\t\t\tu32 data_size = le32_to_cpu(attr->res.data_size);\n\n\t\t\tdup->alloc_size = cpu_to_le64(ALIGN(data_size, 8));\n\t\t\tdup->data_size = cpu_to_le64(data_size);\n\t\t} else {\n\t\t\tu64 new_valid = ni->i_valid;\n\t\t\tu64 data_size = le64_to_cpu(attr->nres.data_size);\n\t\t\t__le64 valid_le;\n\n\t\t\tdup->alloc_size = is_attr_ext(attr) ?\n\t\t\t\t\t\t  attr->nres.total_size :\n\t\t\t\t\t\t  attr->nres.alloc_size;\n\t\t\tdup->data_size = attr->nres.data_size;\n\n\t\t\tif (new_valid > data_size)\n\t\t\t\tnew_valid = data_size;\n\n\t\t\tvalid_le = cpu_to_le64(new_valid);\n\t\t\tif (valid_le != attr->nres.valid_size) {\n\t\t\t\tattr->nres.valid_size = valid_le;\n\t\t\t\tmi->dirty = true;\n\t\t\t}\n\t\t}\n\t}\n\n\t/* TODO: Fill reparse info. */\n\tdup->reparse = 0;\n\tdup->ea_size = 0;\n\n\tif (ni->ni_flags & NI_FLAG_EA) {\n\t\tattr = ni_find_attr(ni, attr, &le, ATTR_EA_INFO, NULL, 0, NULL,\n\t\t\t\t    NULL);\n\t\tif (attr) {\n\t\t\tconst struct EA_INFO *info;\n\n\t\t\tinfo = resident_data_ex(attr, sizeof(struct EA_INFO));\n\t\t\t/* If ATTR_EA_INFO exists \'info\' can\'t be NULL. */\n\t\t\tif (info)\n\t\t\t\tdup->ea_size = info->size_pack;\n\t\t}\n\t}\n\n\tattr = NULL;\n\tle = NULL;\n\n\twhile ((attr = ni_find_attr(ni, attr, &le, ATTR_NAME, NULL, 0, NULL,\n\t\t\t\t    &mi))) {\n\t\tstruct inode *dir;\n\t\tstruct ATTR_FILE_NAME *fname;\n\n\t\tfname = resident_data_ex(attr, SIZEOF_ATTRIBUTE_FILENAME);\n\t\tif (!fname || !memcmp(&fname->dup, dup, sizeof(fname->dup)))\n\t\t\tcontinue;\n\n\t\t/* Check simple case when parent inode equals current inode. */\n\t\tif (ino_get(&fname->home) == ni->vfs_inode.i_ino) {\n\t\t\tntfs_set_state(sbi, NTFS_DIRTY_ERROR);\n\t\t\tcontinue;\n\t\t}\n\n\t\t/* ntfs_iget5 may sleep. */\n\t\tdir = ntfs_iget5(sb, &fname->home, NULL);\n\t\tif (IS_ERR(dir)) {\n\t\t\tntfs_inode_warn(\n\t\t\t\t&ni->vfs_inode,\n\t\t\t\t"failed to open parent directory r=%lx to update",\n\t\t\t\t(long)ino_get(&fname->home));\n\t\t\tcontinue;\n\t\t}\n\n\t\tif (!is_bad_inode(dir)) {\n\t\t\tstruct ntfs_inode *dir_ni = ntfs_i(dir);\n\n\t\t\tif (!ni_trylock(dir_ni)) {\n\t\t\t\tre_dirty = true;\n\t\t\t} else {\n\t\t\t\tindx_update_dup(dir_ni, sbi, fname, dup, sync);\n\t\t\t\tni_unlock(dir_ni);\n\t\t\t\tmemcpy(&fname->dup, dup, sizeof(fname->dup));\n\t\t\t\tmi->dirty = true;\n\t\t\t}\n\t\t}\n\t\tiput(dir);\n\t}\n\n\treturn re_dirty;\n}\n\n/*\n * ni_write_inode - Write MFT base record and all subrecords to disk.\n */\nint ni_write_inode(struct inode *inode, int sync, const char *hint)\n{\n\tint err = 0, err2;\n\tstruct ntfs_inode *ni = ntfs_i(inode);\n\tstruct super_block *sb = inode->i_sb;\n\tstruct ntfs_sb_info *sbi = sb->s_fs_info;\n\tbool re_dirty = false;\n\tstruct ATTR_STD_INFO *std;\n\tstruct rb_node *node, *next;\n\tstruct NTFS_DUP_INFO dup;\n\n\tif (is_bad_inode(inode) || sb_rdonly(sb))\n\t\treturn 0;\n\n\tif (unlikely(ntfs3_forced_shutdown(sb)))\n\t\treturn -EIO;\n\n\tif (!ni_trylock(ni)) {\n\t\t/* \'ni\' is under modification, skip for now. */\n\t\tmark_inode_dirty_sync(inode);\n\t\treturn 0;\n\t}\n\n\tif (!ni->mi.mrec)\n\t\tgoto out;\n\n\tif (is_rec_inuse(ni->mi.mrec) &&\n\t    !(sbi->flags & NTFS_FLAGS_LOG_REPLAYING) && inode->i_nlink) {\n\t\tbool modified = false;\n\t\tstruct timespec64 ts;\n\n\t\t/* Update times in standard attribute. */\n\t\tstd = ni_std(ni);\n\t\tif (!std) {\n\t\t\terr = -EINVAL;\n\t\t\tgoto out;\n\t\t}\n\n\t\t/* Update the access times if they have changed. */\n\t\tts = inode_get_mtime(inode);\n\t\tdup.m_time = kernel2nt(&ts);\n\t\tif (std->m_time != dup.m_time) {\n\t\t\tstd->m_time = dup.m_time;\n\t\t\tmodified = true;\n\t\t}\n\n\t\tts = inode_get_ctime(inode);\n\t\tdup.c_time = kernel2nt(&ts);\n\t\tif (std->c_time != dup.c_time) {\n\t\t\tstd->c_time = dup.c_time;\n\t\t\tmodified = true;\n\t\t}\n\n\t\tts = inode_get_atime(inode);\n\t\tdup.a_time = kernel2nt(&ts);\n\t\tif (std->a_time != dup.a_time) {\n\t\t\tstd->a_time = dup.a_time;\n\t\t\tmodified = true;\n\t\t}\n\n\t\tdup.fa = ni->std_fa;\n\t\tif (std->fa != dup.fa) {\n\t\t\tstd->fa = dup.fa;\n\t\t\tmodified = true;\n\t\t}\n\n\t\t/* std attribute is always in primary MFT record. */\n\t\tif (modified)\n\t\t\tni->mi.dirty = true;\n\n\t\tif (!ntfs_is_meta_file(sbi, inode->i_ino) &&\n\t\t    (modified || (ni->ni_flags & NI_FLAG_UPDATE_PARENT))\n\t\t    /* Avoid __wait_on_freeing_inode(inode). */\n\t\t    && (sb->s_flags & SB_ACTIVE)) {\n\t\t\tdup.cr_time = std->cr_time;\n\t\t\t/* Not critical if this function fail. */\n\t\t\tre_dirty = ni_update_parent(ni, &dup, sync);\n\n\t\t\tif (re_dirty)\n\t\t\t\tni->ni_flags |= NI_FLAG_UPDATE_PARENT;\n\t\t\telse\n\t\t\t\tni->ni_flags &= ~NI_FLAG_UPDATE_PARENT;\n\t\t}\n\n\t\t/* Update attribute list. */\n\t\tif (ni->attr_list.size && ni->attr_list.dirty) {\n\t\t\tif (inode->i_ino != MFT_REC_MFT || sync) {\n\t\t\t\terr = ni_try_remove_attr_list(ni);\n\t\t\t\tif (err)\n\t\t\t\t\tgoto out;\n\t\t\t}\n\n\t\t\terr = al_update(ni, sync);\n\t\t\tif (err)\n\t\t\t\tgoto out;\n\t\t}\n\t}\n\n\tfor (node = rb_first(&ni->mi_tree); node; node = next) {\n\t\tstruct mft_inode *mi = rb_entry(node, struct mft_inode, node);\n\t\tbool is_empty;\n\n\t\tnext = rb_next(node);\n\n\t\tif (!mi->dirty)\n\t\t\tcontinue;\n\n\t\tis_empty = !mi_enum_attr(mi, NULL);\n\n\t\tif (is_empty)\n\t\t\tclear_rec_inuse(mi->mrec);\n\n\t\terr2 = mi_write(mi, sync);\n\t\tif (!err && err2)\n\t\t\terr = err2;\n\n\t\tif (is_empty) {\n\t\t\tntfs_mark_rec_free(sbi, mi->rno, false);\n\t\t\trb_erase(node, &ni->mi_tree);\n\t\t\tmi_put(mi);\n\t\t}\n\t}\n\n\tif (ni->mi.dirty) {\n\t\terr2 = mi_write(&ni->mi, sync);\n\t\tif (!err && err2)\n\t\t\terr = err2;\n\t}\nout:\n\tni_unlock(ni);\n\n\tif (err) {\n\t\tntfs_inode_err(inode, "%s failed, %d.", hint, err);\n\t\tntfs_set_state(sbi, NTFS_DIRTY_ERROR);\n\t\treturn err;\n\t}\n\n\tif (re_dirty)\n\t\tmark_inode_dirty_sync(inode);\n\n\treturn 0;\n}\n\n/*\n * ni_set_compress\n *\n * Helper for \'ntfs_fileattr_set\'.\n * Changes compression for empty files and directories only.\n */\nint ni_set_compress(struct inode *inode, bool compr)\n{\n\tint err;\n\tstruct ntfs_inode *ni = ntfs_i(inode);\n\tstruct ATTR_STD_INFO *std;\n\tconst char *bad_inode;\n\n\tif (is_compressed(ni) == !!compr)\n\t\treturn 0;\n\n\tif (is_sparsed(ni)) {\n\t\t/* sparse and compress not compatible. */\n\t\treturn -EOPNOTSUPP;\n\t}\n\n\tif (!S_ISREG(inode->i_mode) && !S_ISDIR(inode->i_mode)) {\n\t\t/*Skip other inodes. (symlink,fifo,...) */\n\t\treturn -EOPNOTSUPP;\n\t}\n\n\tbad_inode = NULL;\n\n\tni_lock(ni);\n\n\tstd = ni_std(ni);\n\tif (!std) {\n\t\tbad_inode = "no std";\n\t\tgoto out;\n\t}\n\n\tif (S_ISREG(inode->i_mode)) {\n\t\terr = attr_set_compress(ni, compr);\n\t\tif (err) {\n\t\t\tif (err == -ENOENT) {\n\t\t\t\t/* Fix on the fly? */\n\t\t\t\t/* Each file must contain data attribute. */\n\t\t\t\tbad_inode = "no data attribute";\n\t\t\t}\n\t\t\tgoto out;\n\t\t}\n\t}\n\n\tni->std_fa = std->fa;\n\tif (compr)\n\t\tstd->fa |= FILE_ATTRIBUTE_COMPRESSED;\n\telse\n\t\tstd->fa &= ~FILE_ATTRIBUTE_COMPRESSED;\n\n\tif (ni->std_fa != std->fa) {\n\t\tni->std_fa = std->fa;\n\t\tni->mi.dirty = true;\n\t}\n\t/* update duplicate information and directory entries in ni_write_inode.*/\n\tni->ni_flags |= NI_FLAG_UPDATE_PARENT;\n\terr = 0;\n\nout:\n\tni_unlock(ni);\n\tif (bad_inode) {\n\t\tntfs_bad_inode(inode, bad_inode);\n\t\terr = -EINVAL;\n\t}\n\n\treturn err;\n}\n', 'sha': None}, {'filename': 'fs/ntfs3/ntfs_fs.h', 'content': '/* SPDX-License-Identifier: GPL-2.0 */\n/*\n *\n * Copyright (C) 2019-2021 Paragon Software GmbH, All rights reserved.\n *\n */\n\n// clang-format off\n#ifndef _LINUX_NTFS3_NTFS_FS_H\n#define _LINUX_NTFS3_NTFS_FS_H\n\n#include <linux/blkdev.h>\n#include <linux/buffer_head.h>\n#include <linux/fs.h>\n#include <linux/highmem.h>\n#include <linux/kernel.h>\n#include <linux/mm.h>\n#include <linux/mutex.h>\n#include <linux/page-flags.h>\n#include <linux/pagemap.h>\n#include <linux/rbtree.h>\n#include <linux/rwsem.h>\n#include <linux/slab.h>\n#include <linux/string.h>\n#include <linux/time64.h>\n#include <linux/types.h>\n#include <linux/uidgid.h>\n#include <asm/div64.h>\n#include <asm/page.h>\n\n#include "debug.h"\n#include "ntfs.h"\n\nstruct dentry;\nstruct fiemap_extent_info;\nstruct user_namespace;\nstruct page;\nstruct writeback_control;\nenum utf16_endian;\n\n\n#define MINUS_ONE_T\t\t\t((size_t)(-1))\n/* Biggest MFT / smallest cluster */\n#define MAXIMUM_BYTES_PER_MFT\t\t4096\n#define MAXIMUM_SHIFT_BYTES_PER_MFT\t12\n#define NTFS_BLOCKS_PER_MFT_RECORD\t(MAXIMUM_BYTES_PER_MFT / 512)\n\n#define MAXIMUM_BYTES_PER_INDEX\t\t4096\n#define MAXIMUM_SHIFT_BYTES_PER_INDEX\t12\n#define NTFS_BLOCKS_PER_INODE\t\t(MAXIMUM_BYTES_PER_INDEX / 512)\n\n/* NTFS specific error code when fixup failed. */\n#define E_NTFS_FIXUP\t\t\t555\n/* NTFS specific error code about resident->nonresident. */\n#define E_NTFS_NONRESIDENT\t\t556\n/* NTFS specific error code about punch hole. */\n#define E_NTFS_NOTALIGNED\t\t557\n/* NTFS specific error code when on-disk struct is corrupted. */\n#define E_NTFS_CORRUPT\t\t\t558\n\n\n/* sbi->flags */\n#define NTFS_FLAGS_NODISCARD\t\t0x00000001\n/* ntfs in shutdown state. */\n#define NTFS_FLAGS_SHUTDOWN_BIT\t\t0x00000002  /* == 4*/\n/* Set when LogFile is replaying. */\n#define NTFS_FLAGS_LOG_REPLAYING\t0x00000008\n/* Set when we changed first MFT\'s which copy must be updated in $MftMirr. */\n#define NTFS_FLAGS_MFTMIRR\t\t0x00001000\n#define NTFS_FLAGS_NEED_REPLAY\t\t0x04000000\n\n\n/* ni->ni_flags */\n/*\n * Data attribute is external compressed (LZX/Xpress)\n * 1 - WOF_COMPRESSION_XPRESS4K\n * 2 - WOF_COMPRESSION_XPRESS8K\n * 3 - WOF_COMPRESSION_XPRESS16K\n * 4 - WOF_COMPRESSION_LZX32K\n */\n#define NI_FLAG_COMPRESSED_MASK\t\t0x0000000f\n/* Data attribute is deduplicated. */\n#define NI_FLAG_DEDUPLICATED\t\t0x00000010\n#define NI_FLAG_EA\t\t\t0x00000020\n#define NI_FLAG_DIR\t\t\t0x00000040\n#define NI_FLAG_RESIDENT\t\t0x00000080\n#define NI_FLAG_UPDATE_PARENT\t\t0x00000100\n// clang-format on\n\nstruct ntfs_mount_options {\n\tchar *nls_name;\n\tstruct nls_table *nls;\n\n\tkuid_t fs_uid;\n\tkgid_t fs_gid;\n\tu16 fs_fmask_inv;\n\tu16 fs_dmask_inv;\n\n\tunsigned fmask : 1; /* fmask was set. */\n\tunsigned dmask : 1; /*dmask was set. */\n\tunsigned sys_immutable : 1; /* Immutable system files. */\n\tunsigned discard : 1; /* Issue discard requests on deletions. */\n\tunsigned sparse : 1; /* Create sparse files. */\n\tunsigned showmeta : 1; /* Show meta files. */\n\tunsigned nohidden : 1; /* Do not show hidden files. */\n\tunsigned hide_dot_files : 1; /* Set hidden flag on dot files. */\n\tunsigned windows_names : 1; /* Disallow names forbidden by Windows. */\n\tunsigned force : 1; /* RW mount dirty volume. */\n\tunsigned prealloc : 1; /* Preallocate space when file is growing. */\n\tunsigned nocase : 1; /* case insensitive. */\n};\n\n/* Special value to unpack and deallocate. */\n#define RUN_DEALLOCATE ((struct runs_tree *)(size_t)1)\n\n/* TODO: Use rb tree instead of array. */\nstruct runs_tree {\n\tstruct ntfs_run *runs;\n\tsize_t count; /* Currently used size a ntfs_run storage. */\n\tsize_t allocated; /* Currently allocated ntfs_run storage size. */\n};\n\nstruct ntfs_buffers {\n\t/* Biggest MFT / smallest cluster = 4096 / 512 = 8 */\n\t/* Biggest index / smallest cluster = 4096 / 512 = 8 */\n\tstruct buffer_head *bh[PAGE_SIZE >> SECTOR_SHIFT];\n\tu32 bytes;\n\tu32 nbufs;\n\tu32 off;\n};\n\nenum ALLOCATE_OPT {\n\tALLOCATE_DEF = 0, // Allocate all clusters.\n\tALLOCATE_MFT = 1, // Allocate for MFT.\n\tALLOCATE_ZERO = 2, // Zeroout new allocated clusters\n};\n\nenum bitmap_mutex_classes {\n\tBITMAP_MUTEX_CLUSTERS = 0,\n\tBITMAP_MUTEX_MFT = 1,\n};\n\nstruct wnd_bitmap {\n\tstruct super_block *sb;\n\tstruct rw_semaphore rw_lock;\n\n\tstruct runs_tree run;\n\tsize_t nbits;\n\n\tsize_t total_zeroes; // Total number of free bits.\n\tu16 *free_bits; // Free bits in each window.\n\tsize_t nwnd;\n\tu32 bits_last; // Bits in last window.\n\n\tstruct rb_root start_tree; // Extents, sorted by \'start\'.\n\tstruct rb_root count_tree; // Extents, sorted by \'count + start\'.\n\tsize_t count; // Extents count.\n\n\t/*\n\t * -1 Tree is activated but not updated (too many fragments).\n\t * 0 - Tree is not activated.\n\t * 1 - Tree is activated and updated.\n\t */\n\tint uptodated;\n\tsize_t extent_min; // Minimal extent used while building.\n\tsize_t extent_max; // Upper estimate of biggest free block.\n\n\t/* Zone [bit, end) */\n\tsize_t zone_bit;\n\tsize_t zone_end;\n\n\tbool inited;\n};\n\ntypedef int (*NTFS_CMP_FUNC)(const void *key1, size_t len1, const void *key2,\n\t\t\t     size_t len2, const void *param);\n\nenum index_mutex_classed {\n\tINDEX_MUTEX_I30 = 0,\n\tINDEX_MUTEX_SII = 1,\n\tINDEX_MUTEX_SDH = 2,\n\tINDEX_MUTEX_SO = 3,\n\tINDEX_MUTEX_SQ = 4,\n\tINDEX_MUTEX_SR = 5,\n\tINDEX_MUTEX_TOTAL\n};\n\n/* ntfs_index - Allocation unit inside directory. */\nstruct ntfs_index {\n\tstruct runs_tree bitmap_run;\n\tstruct runs_tree alloc_run;\n\t/* read/write access to \'bitmap_run\'/\'alloc_run\' while ntfs_readdir */\n\tstruct rw_semaphore run_lock;\n\n\t/*TODO: Remove \'cmp\'. */\n\tNTFS_CMP_FUNC cmp;\n\n\tu8 index_bits; // log2(root->index_block_size)\n\tu8 idx2vbn_bits; // log2(root->index_block_clst)\n\tu8 vbn2vbo_bits; // index_block_size < cluster? 9 : cluster_bits\n\tu8 type; // index_mutex_classed\n};\n\n/* Minimum MFT zone. */\n#define NTFS_MIN_MFT_ZONE 100\n/* Step to increase the MFT. */\n#define NTFS_MFT_INCREASE_STEP 1024\n\n/* Ntfs file system in-core superblock data. */\nstruct ntfs_sb_info {\n\tstruct super_block *sb;\n\n\tu32 discard_granularity;\n\tu64 discard_granularity_mask_inv; // ~(discard_granularity_mask_inv-1)\n\n\tu32 cluster_size; // bytes per cluster\n\tu32 cluster_mask; // == cluster_size - 1\n\tu64 cluster_mask_inv; // ~(cluster_size - 1)\n\tu32 block_mask; // sb->s_blocksize - 1\n\tu32 blocks_per_cluster; // cluster_size / sb->s_blocksize\n\n\tu32 record_size;\n\tu32 index_size;\n\n\tu8 cluster_bits;\n\tu8 record_bits;\n\n\tu64 maxbytes; // Maximum size for normal files.\n\tu64 maxbytes_sparse; // Maximum size for sparse file.\n\n\tunsigned long flags; // See NTFS_FLAGS_\n\n\tCLST zone_max; // Maximum MFT zone length in clusters\n\tCLST bad_clusters; // The count of marked bad clusters.\n\n\tu16 max_bytes_per_attr; // Maximum attribute size in record.\n\tu16 attr_size_tr; // Attribute size threshold (320 bytes).\n\n\t/* Records in $Extend. */\n\tCLST objid_no;\n\tCLST quota_no;\n\tCLST reparse_no;\n\tCLST usn_jrnl_no;\n\n\tstruct ATTR_DEF_ENTRY *def_table; // Attribute definition table.\n\tu32 def_entries;\n\tu32 ea_max_size;\n\n\tstruct MFT_REC *new_rec;\n\n\tu16 *upcase;\n\n\tstruct {\n\t\tu64 lbo, lbo2;\n\t\tstruct ntfs_inode *ni;\n\t\tstruct wnd_bitmap bitmap; // $MFT::Bitmap\n\t\t/*\n\t\t * MFT records [11-24) used to expand MFT itself.\n\t\t * They always marked as used in $MFT::Bitmap\n\t\t * \'reserved_bitmap\' contains real bitmap of these records.\n\t\t */\n\t\tulong reserved_bitmap; // Bitmap of used records [11 - 24)\n\t\tsize_t next_free; // The next record to allocate from\n\t\tsize_t used; // MFT valid size in records.\n\t\tu32 recs_mirr; // Number of records in MFTMirr\n\t\tu8 next_reserved;\n\t\tu8 reserved_bitmap_inited;\n\t} mft;\n\n\tstruct {\n\t\tstruct wnd_bitmap bitmap; // $Bitmap::Data\n\t\tCLST next_free_lcn;\n\t} used;\n\n\tstruct {\n\t\tu64 size; // In bytes.\n\t\tu64 blocks; // In blocks.\n\t\tu64 ser_num;\n\t\tstruct ntfs_inode *ni;\n\t\t__le16 flags; // Cached current VOLUME_INFO::flags, VOLUME_FLAG_DIRTY.\n\t\tu8 major_ver;\n\t\tu8 minor_ver;\n\t\tchar label[256];\n\t\tbool real_dirty; // Real fs state.\n\t} volume;\n\n\tstruct {\n\t\tstruct ntfs_index index_sii;\n\t\tstruct ntfs_index index_sdh;\n\t\tstruct ntfs_inode *ni;\n\t\tu32 next_id;\n\t\tu64 next_off;\n\t\t__le32 def_security_id;\n\t} security;\n\n\tstruct {\n\t\tstruct ntfs_index index_r;\n\t\tstruct ntfs_inode *ni;\n\t\tu64 max_size; // 16K\n\t} reparse;\n\n\tstruct {\n\t\tstruct ntfs_index index_o;\n\t\tstruct ntfs_inode *ni;\n\t} objid;\n\n\tstruct {\n\t\tstruct mutex mtx_lznt;\n\t\tstruct lznt *lznt;\n#ifdef CONFIG_NTFS3_LZX_XPRESS\n\t\tstruct mutex mtx_xpress;\n\t\tstruct xpress_decompressor *xpress;\n\t\tstruct mutex mtx_lzx;\n\t\tstruct lzx_decompressor *lzx;\n#endif\n\t} compress;\n\n\tstruct ntfs_mount_options *options;\n\tstruct ratelimit_state msg_ratelimit;\n\tstruct proc_dir_entry *procdir;\n};\n\n/* One MFT record(usually 1024 bytes), consists of attributes. */\nstruct mft_inode {\n\tstruct rb_node node;\n\tstruct ntfs_sb_info *sbi;\n\n\tstruct MFT_REC *mrec;\n\tstruct ntfs_buffers nb;\n\n\tCLST rno;\n\tbool dirty;\n};\n\n/* Nested class for ntfs_inode::ni_lock. */\nenum ntfs_inode_mutex_lock_class {\n\tNTFS_INODE_MUTEX_DIRTY = 1,\n\tNTFS_INODE_MUTEX_SECURITY,\n\tNTFS_INODE_MUTEX_OBJID,\n\tNTFS_INODE_MUTEX_REPARSE,\n\tNTFS_INODE_MUTEX_NORMAL,\n\tNTFS_INODE_MUTEX_PARENT,\n\tNTFS_INODE_MUTEX_PARENT2,\n};\n\n/*\n * struct ntfs_inode\n *\n * Ntfs inode - extends linux inode. consists of one or more MFT inodes.\n */\nstruct ntfs_inode {\n\tstruct mft_inode mi; // base record\n\n\t/*\n\t * Valid size: [0 - i_valid) - these range in file contains valid data.\n\t * Range [i_valid - inode->i_size) - contains 0.\n\t * Usually i_valid <= inode->i_size.\n\t */\n\tu64 i_valid;\n\tstruct timespec64 i_crtime;\n\n\tstruct mutex ni_lock;\n\n\t/* File attributes from std. */\n\tenum FILE_ATTRIBUTE std_fa;\n\t__le32 std_security_id;\n\n\t/*\n\t * Tree of mft_inode.\n\t * Not empty when primary MFT record (usually 1024 bytes) can\'t save all attributes\n\t * e.g. file becomes too fragmented or contains a lot of names.\n\t */\n\tstruct rb_root mi_tree;\n\n\t/*\n\t * This member is used in ntfs_readdir to ensure that all subrecords are loaded\n\t */\n\tu8 mi_loaded;\n\n\tunion {\n\t\tstruct ntfs_index dir;\n\t\tstruct {\n\t\t\tstruct rw_semaphore run_lock;\n\t\t\tstruct runs_tree run;\n#ifdef CONFIG_NTFS3_LZX_XPRESS\n\t\t\tstruct folio *offs_folio;\n#endif\n\t\t} file;\n\t};\n\n\tstruct {\n\t\tstruct runs_tree run;\n\t\tstruct ATTR_LIST_ENTRY *le; // 1K aligned memory.\n\t\tsize_t size;\n\t\tbool dirty;\n\t} attr_list;\n\n\tsize_t ni_flags; // NI_FLAG_XXX\n\n\tstruct inode vfs_inode;\n};\n\nstruct indx_node {\n\tstruct ntfs_buffers nb;\n\tstruct INDEX_BUFFER *index;\n};\n\nstruct ntfs_fnd {\n\tint level;\n\tstruct indx_node *nodes[20];\n\tstruct NTFS_DE *de[20];\n\tstruct NTFS_DE *root_de;\n};\n\nenum REPARSE_SIGN {\n\tREPARSE_NONE = 0,\n\tREPARSE_COMPRESSED = 1,\n\tREPARSE_DEDUPLICATED = 2,\n\tREPARSE_LINK = 3\n};\n\n/* Functions from attrib.c */\nint attr_allocate_clusters(struct ntfs_sb_info *sbi, struct runs_tree *run,\n\t\t\t   CLST vcn, CLST lcn, CLST len, CLST *pre_alloc,\n\t\t\t   enum ALLOCATE_OPT opt, CLST *alen, const size_t fr,\n\t\t\t   CLST *new_lcn, CLST *new_len);\nint attr_make_nonresident(struct ntfs_inode *ni, struct ATTRIB *attr,\n\t\t\t  struct ATTR_LIST_ENTRY *le, struct mft_inode *mi,\n\t\t\t  u64 new_size, struct runs_tree *run,\n\t\t\t  struct ATTRIB **ins_attr, struct page *page);\nint attr_set_size(struct ntfs_inode *ni, enum ATTR_TYPE type,\n\t\t  const __le16 *name, u8 name_len, struct runs_tree *run,\n\t\t  u64 new_size, const u64 *new_valid, bool keep_prealloc,\n\t\t  struct ATTRIB **ret);\nint attr_data_get_block(struct ntfs_inode *ni, CLST vcn, CLST clen, CLST *lcn,\n\t\t\tCLST *len, bool *new, bool zero);\nint attr_data_read_resident(struct ntfs_inode *ni, struct folio *folio);\nint attr_data_write_resident(struct ntfs_inode *ni, struct folio *folio);\nint attr_load_runs_vcn(struct ntfs_inode *ni, enum ATTR_TYPE type,\n\t\t       const __le16 *name, u8 name_len, struct runs_tree *run,\n\t\t       CLST vcn);\nint attr_load_runs_range(struct ntfs_inode *ni, enum ATTR_TYPE type,\n\t\t\t const __le16 *name, u8 name_len, struct runs_tree *run,\n\t\t\t u64 from, u64 to);\nint attr_wof_frame_info(struct ntfs_inode *ni, struct ATTRIB *attr,\n\t\t\tstruct runs_tree *run, u64 frame, u64 frames,\n\t\t\tu8 frame_bits, u32 *ondisk_size, u64 *vbo_data);\nint attr_is_frame_compressed(struct ntfs_inode *ni, struct ATTRIB *attr,\n\t\t\t     CLST frame, CLST *clst_data);\nint attr_allocate_frame(struct ntfs_inode *ni, CLST frame, size_t compr_size,\n\t\t\tu64 new_valid);\nint attr_collapse_range(struct ntfs_inode *ni, u64 vbo, u64 bytes);\nint attr_insert_range(struct ntfs_inode *ni, u64 vbo, u64 bytes);\nint attr_punch_hole(struct ntfs_inode *ni, u64 vbo, u64 bytes, u32 *frame_size);\nint attr_force_nonresident(struct ntfs_inode *ni);\nint attr_set_compress(struct ntfs_inode *ni, bool compr);\n\n/* Functions from attrlist.c */\nvoid al_destroy(struct ntfs_inode *ni);\nbool al_verify(struct ntfs_inode *ni);\nint ntfs_load_attr_list(struct ntfs_inode *ni, struct ATTRIB *attr);\nstruct ATTR_LIST_ENTRY *al_enumerate(struct ntfs_inode *ni,\n\t\t\t\t     struct ATTR_LIST_ENTRY *le);\nstruct ATTR_LIST_ENTRY *al_find_le(struct ntfs_inode *ni,\n\t\t\t\t   struct ATTR_LIST_ENTRY *le,\n\t\t\t\t   const struct ATTRIB *attr);\nstruct ATTR_LIST_ENTRY *al_find_ex(struct ntfs_inode *ni,\n\t\t\t\t   struct ATTR_LIST_ENTRY *le,\n\t\t\t\t   enum ATTR_TYPE type, const __le16 *name,\n\t\t\t\t   u8 name_len, const CLST *vcn);\nint al_add_le(struct ntfs_inode *ni, enum ATTR_TYPE type, const __le16 *name,\n\t      u8 name_len, CLST svcn, __le16 id, const struct MFT_REF *ref,\n\t      struct ATTR_LIST_ENTRY **new_le);\nbool al_remove_le(struct ntfs_inode *ni, struct ATTR_LIST_ENTRY *le);\nint al_update(struct ntfs_inode *ni, int sync);\nstatic inline size_t al_aligned(size_t size)\n{\n\treturn size_add(size, 1023) & ~(size_t)1023;\n}\n\n/* Globals from bitfunc.c */\nbool are_bits_clear(const void *map, size_t bit, size_t nbits);\nbool are_bits_set(const void *map, size_t bit, size_t nbits);\nsize_t get_set_bits_ex(const void *map, size_t bit, size_t nbits);\n\n/* Globals from dir.c */\nint ntfs_utf16_to_nls(struct ntfs_sb_info *sbi, const __le16 *name, u32 len,\n\t\t      u8 *buf, int buf_len);\nint ntfs_nls_to_utf16(struct ntfs_sb_info *sbi, const u8 *name, u32 name_len,\n\t\t      struct cpu_str *uni, u32 max_ulen,\n\t\t      enum utf16_endian endian);\nstruct inode *dir_search_u(struct inode *dir, const struct cpu_str *uni,\n\t\t\t   struct ntfs_fnd *fnd);\nbool dir_is_empty(struct inode *dir);\nextern const struct file_operations ntfs_dir_operations;\nextern const struct file_operations ntfs_legacy_dir_operations;\n\n/* Globals from file.c */\nint ntfs_fileattr_get(struct dentry *dentry, struct fileattr *fa);\nint ntfs_fileattr_set(struct mnt_idmap *idmap, struct dentry *dentry,\n\t\t      struct fileattr *fa);\nint ntfs_getattr(struct mnt_idmap *idmap, const struct path *path,\n\t\t struct kstat *stat, u32 request_mask, u32 flags);\nint ntfs_setattr(struct mnt_idmap *idmap, struct dentry *dentry,\n\t\t struct iattr *attr);\nint ntfs_file_open(struct inode *inode, struct file *file);\nint ntfs_fiemap(struct inode *inode, struct fiemap_extent_info *fieinfo,\n\t\t__u64 start, __u64 len);\nlong ntfs_ioctl(struct file *filp, u32 cmd, unsigned long arg);\nlong ntfs_compat_ioctl(struct file *filp, u32 cmd, unsigned long arg);\nextern const struct inode_operations ntfs_special_inode_operations;\nextern const struct inode_operations ntfs_file_inode_operations;\nextern const struct file_operations ntfs_file_operations;\nextern const struct file_operations ntfs_legacy_file_operations;\n\n/* Globals from frecord.c */\nvoid ni_remove_mi(struct ntfs_inode *ni, struct mft_inode *mi);\nstruct ATTR_STD_INFO *ni_std(struct ntfs_inode *ni);\nstruct ATTR_STD_INFO5 *ni_std5(struct ntfs_inode *ni);\nvoid ni_clear(struct ntfs_inode *ni);\nint ni_load_mi_ex(struct ntfs_inode *ni, CLST rno, struct mft_inode **mi);\nint ni_load_mi(struct ntfs_inode *ni, const struct ATTR_LIST_ENTRY *le,\n\t       struct mft_inode **mi);\nstruct ATTRIB *ni_find_attr(struct ntfs_inode *ni, struct ATTRIB *attr,\n\t\t\t    struct ATTR_LIST_ENTRY **entry_o,\n\t\t\t    enum ATTR_TYPE type, const __le16 *name,\n\t\t\t    u8 name_len, const CLST *vcn,\n\t\t\t    struct mft_inode **mi);\nstruct ATTRIB *ni_enum_attr_ex(struct ntfs_inode *ni, struct ATTRIB *attr,\n\t\t\t       struct ATTR_LIST_ENTRY **le,\n\t\t\t       struct mft_inode **mi);\nstruct ATTRIB *ni_load_attr(struct ntfs_inode *ni, enum ATTR_TYPE type,\n\t\t\t    const __le16 *name, u8 name_len, CLST vcn,\n\t\t\t    struct mft_inode **pmi);\nint ni_load_all_mi(struct ntfs_inode *ni);\nbool ni_add_subrecord(struct ntfs_inode *ni, CLST rno, struct mft_inode **mi);\nint ni_remove_attr(struct ntfs_inode *ni, enum ATTR_TYPE type,\n\t\t   const __le16 *name, u8 name_len, bool base_only,\n\t\t   const __le16 *id);\nint ni_create_attr_list(struct ntfs_inode *ni);\nint ni_expand_list(struct ntfs_inode *ni);\nint ni_insert_nonresident(struct ntfs_inode *ni, enum ATTR_TYPE type,\n\t\t\t  const __le16 *name, u8 name_len,\n\t\t\t  const struct runs_tree *run, CLST svcn, CLST len,\n\t\t\t  __le16 flags, struct ATTRIB **new_attr,\n\t\t\t  struct mft_inode **mi, struct ATTR_LIST_ENTRY **le);\nint ni_insert_resident(struct ntfs_inode *ni, u32 data_size,\n\t\t       enum ATTR_TYPE type, const __le16 *name, u8 name_len,\n\t\t       struct ATTRIB **new_attr, struct mft_inode **mi,\n\t\t       struct ATTR_LIST_ENTRY **le);\nvoid ni_remove_attr_le(struct ntfs_inode *ni, struct ATTRIB *attr,\n\t\t       struct mft_inode *mi, struct ATTR_LIST_ENTRY *le);\nint ni_delete_all(struct ntfs_inode *ni);\nstruct ATTR_FILE_NAME *ni_fname_name(struct ntfs_inode *ni,\n\t\t\t\t     const struct le_str *uni,\n\t\t\t\t     const struct MFT_REF *home,\n\t\t\t\t     struct mft_inode **mi,\n\t\t\t\t     struct ATTR_LIST_ENTRY **entry);\nstruct ATTR_FILE_NAME *ni_fname_type(struct ntfs_inode *ni, u8 name_type,\n\t\t\t\t     struct mft_inode **mi,\n\t\t\t\t     struct ATTR_LIST_ENTRY **entry);\nint ni_new_attr_flags(struct ntfs_inode *ni, enum FILE_ATTRIBUTE new_fa);\nenum REPARSE_SIGN ni_parse_reparse(struct ntfs_inode *ni, struct ATTRIB *attr,\n\t\t\t\t   struct REPARSE_DATA_BUFFER *buffer);\nint ni_write_inode(struct inode *inode, int sync, const char *hint);\n#define _ni_write_inode(i, w) ni_write_inode(i, w, __func__)\nint ni_fiemap(struct ntfs_inode *ni, struct fiemap_extent_info *fieinfo,\n\t      __u64 vbo, __u64 len);\nint ni_readpage_cmpr(struct ntfs_inode *ni, struct folio *folio);\nint ni_decompress_file(struct ntfs_inode *ni);\nint ni_read_frame(struct ntfs_inode *ni, u64 frame_vbo, struct page **pages,\n\t\t  u32 pages_per_frame);\nint ni_write_frame(struct ntfs_inode *ni, struct page **pages,\n\t\t   u32 pages_per_frame);\nint ni_remove_name(struct ntfs_inode *dir_ni, struct ntfs_inode *ni,\n\t\t   struct NTFS_DE *de, struct NTFS_DE **de2, int *undo_step);\n\nbool ni_remove_name_undo(struct ntfs_inode *dir_ni, struct ntfs_inode *ni,\n\t\t\t struct NTFS_DE *de, struct NTFS_DE *de2,\n\t\t\t int undo_step);\n\nint ni_add_name(struct ntfs_inode *dir_ni, struct ntfs_inode *ni,\n\t\tstruct NTFS_DE *de);\n\nint ni_rename(struct ntfs_inode *dir_ni, struct ntfs_inode *new_dir_ni,\n\t      struct ntfs_inode *ni, struct NTFS_DE *de, struct NTFS_DE *new_de,\n\t      bool *is_bad);\n\nbool ni_is_dirty(struct inode *inode);\nint ni_set_compress(struct inode *inode, bool compr);\n\n/* Globals from fslog.c */\nbool check_index_header(const struct INDEX_HDR *hdr, size_t bytes);\nint log_replay(struct ntfs_inode *ni, bool *initialized);\n\n/* Globals from fsntfs.c */\nstruct buffer_head *ntfs_bread(struct super_block *sb, sector_t block);\nbool ntfs_fix_pre_write(struct NTFS_RECORD_HEADER *rhdr, size_t bytes);\nint ntfs_fix_post_read(struct NTFS_RECORD_HEADER *rhdr, size_t bytes,\n\t\t       bool simple);\nint ntfs_extend_init(struct ntfs_sb_info *sbi);\nint ntfs_loadlog_and_replay(struct ntfs_inode *ni, struct ntfs_sb_info *sbi);\nint ntfs_look_for_free_space(struct ntfs_sb_info *sbi, CLST lcn, CLST len,\n\t\t\t     CLST *new_lcn, CLST *new_len,\n\t\t\t     enum ALLOCATE_OPT opt);\nbool ntfs_check_for_free_space(struct ntfs_sb_info *sbi, CLST clen, CLST mlen);\nint ntfs_look_free_mft(struct ntfs_sb_info *sbi, CLST *rno, bool mft,\n\t\t       struct ntfs_inode *ni, struct mft_inode **mi);\nvoid ntfs_mark_rec_free(struct ntfs_sb_info *sbi, CLST rno, bool is_mft);\nint ntfs_clear_mft_tail(struct ntfs_sb_info *sbi, size_t from, size_t to);\nint ntfs_refresh_zone(struct ntfs_sb_info *sbi);\nvoid ntfs_update_mftmirr(struct ntfs_sb_info *sbi, int wait);\nvoid ntfs_bad_inode(struct inode *inode, const char *hint);\n#define _ntfs_bad_inode(i) ntfs_bad_inode(i, __func__)\nenum NTFS_DIRTY_FLAGS {\n\tNTFS_DIRTY_CLEAR = 0,\n\tNTFS_DIRTY_DIRTY = 1,\n\tNTFS_DIRTY_ERROR = 2,\n};\nint ntfs_set_state(struct ntfs_sb_info *sbi, enum NTFS_DIRTY_FLAGS dirty);\nint ntfs_sb_read(struct super_block *sb, u64 lbo, size_t bytes, void *buffer);\nint ntfs_sb_write(struct super_block *sb, u64 lbo, size_t bytes,\n\t\t  const void *buffer, int wait);\nint ntfs_sb_write_run(struct ntfs_sb_info *sbi, const struct runs_tree *run,\n\t\t      u64 vbo, const void *buf, size_t bytes, int sync);\nstruct buffer_head *ntfs_bread_run(struct ntfs_sb_info *sbi,\n\t\t\t\t   const struct runs_tree *run, u64 vbo);\nint ntfs_read_run_nb(struct ntfs_sb_info *sbi, const struct runs_tree *run,\n\t\t     u64 vbo, void *buf, u32 bytes, struct ntfs_buffers *nb);\nint ntfs_read_bh(struct ntfs_sb_info *sbi, const struct runs_tree *run, u64 vbo,\n\t\t struct NTFS_RECORD_HEADER *rhdr, u32 bytes,\n\t\t struct ntfs_buffers *nb);\nint ntfs_get_bh(struct ntfs_sb_info *sbi, const struct runs_tree *run, u64 vbo,\n\t\tu32 bytes, struct ntfs_buffers *nb);\nint ntfs_write_bh(struct ntfs_sb_info *sbi, struct NTFS_RECORD_HEADER *rhdr,\n\t\t  struct ntfs_buffers *nb, int sync);\nint ntfs_bio_pages(struct ntfs_sb_info *sbi, const struct runs_tree *run,\n\t\t   struct page **pages, u32 nr_pages, u64 vbo, u32 bytes,\n\t\t   enum req_op op);\nint ntfs_bio_fill_1(struct ntfs_sb_info *sbi, const struct runs_tree *run);\nint ntfs_vbo_to_lbo(struct ntfs_sb_info *sbi, const struct runs_tree *run,\n\t\t    u64 vbo, u64 *lbo, u64 *bytes);\nstruct ntfs_inode *ntfs_new_inode(struct ntfs_sb_info *sbi, CLST nRec,\n\t\t\t\t  enum RECORD_FLAG flag);\nextern const u8 s_default_security[0x50];\nbool is_sd_valid(const struct SECURITY_DESCRIPTOR_RELATIVE *sd, u32 len);\nint ntfs_security_init(struct ntfs_sb_info *sbi);\nint ntfs_get_security_by_id(struct ntfs_sb_info *sbi, __le32 security_id,\n\t\t\t    struct SECURITY_DESCRIPTOR_RELATIVE **sd,\n\t\t\t    size_t *size);\nint ntfs_insert_security(struct ntfs_sb_info *sbi,\n\t\t\t const struct SECURITY_DESCRIPTOR_RELATIVE *sd,\n\t\t\t u32 size, __le32 *security_id, bool *inserted);\nint ntfs_reparse_init(struct ntfs_sb_info *sbi);\nint ntfs_objid_init(struct ntfs_sb_info *sbi);\nint ntfs_objid_remove(struct ntfs_sb_info *sbi, struct GUID *guid);\nint ntfs_insert_reparse(struct ntfs_sb_info *sbi, __le32 rtag,\n\t\t\tconst struct MFT_REF *ref);\nint ntfs_remove_reparse(struct ntfs_sb_info *sbi, __le32 rtag,\n\t\t\tconst struct MFT_REF *ref);\nvoid mark_as_free_ex(struct ntfs_sb_info *sbi, CLST lcn, CLST len, bool trim);\nint run_deallocate(struct ntfs_sb_info *sbi, const struct runs_tree *run,\n\t\t   bool trim);\nbool valid_windows_name(struct ntfs_sb_info *sbi, const struct le_str *name);\nint ntfs_set_label(struct ntfs_sb_info *sbi, u8 *label, int len);\n\n/* Globals from index.c */\nint indx_used_bit(struct ntfs_index *indx, struct ntfs_inode *ni, size_t *bit);\nvoid fnd_clear(struct ntfs_fnd *fnd);\nstatic inline struct ntfs_fnd *fnd_get(void)\n{\n\treturn kzalloc(sizeof(struct ntfs_fnd), GFP_NOFS);\n}\nstatic inline void fnd_put(struct ntfs_fnd *fnd)\n{\n\tif (fnd) {\n\t\tfnd_clear(fnd);\n\t\tkfree(fnd);\n\t}\n}\nvoid indx_clear(struct ntfs_index *idx);\nint indx_init(struct ntfs_index *indx, struct ntfs_sb_info *sbi,\n\t      const struct ATTRIB *attr, enum index_mutex_classed type);\nstruct INDEX_ROOT *indx_get_root(struct ntfs_index *indx, struct ntfs_inode *ni,\n\t\t\t\t struct ATTRIB **attr, struct mft_inode **mi);\nint indx_read(struct ntfs_index *idx, struct ntfs_inode *ni, CLST vbn,\n\t      struct indx_node **node);\nint indx_find(struct ntfs_index *indx, struct ntfs_inode *dir,\n\t      const struct INDEX_ROOT *root, const void *Key, size_t KeyLen,\n\t      const void *param, int *diff, struct NTFS_DE **entry,\n\t      struct ntfs_fnd *fnd);\nint indx_find_sort(struct ntfs_index *indx, struct ntfs_inode *ni,\n\t\t   const struct INDEX_ROOT *root, struct NTFS_DE **entry,\n\t\t   struct ntfs_fnd *fnd);\nint indx_find_raw(struct ntfs_index *indx, struct ntfs_inode *ni,\n\t\t  const struct INDEX_ROOT *root, struct NTFS_DE **entry,\n\t\t  size_t *off, struct ntfs_fnd *fnd);\nint indx_insert_entry(struct ntfs_index *indx, struct ntfs_inode *ni,\n\t\t      const struct NTFS_DE *new_de, const void *param,\n\t\t      struct ntfs_fnd *fnd, bool undo);\nint indx_delete_entry(struct ntfs_index *indx, struct ntfs_inode *ni,\n\t\t      const void *key, u32 key_len, const void *param);\nint indx_update_dup(struct ntfs_inode *ni, struct ntfs_sb_info *sbi,\n\t\t    const struct ATTR_FILE_NAME *fname,\n\t\t    const struct NTFS_DUP_INFO *dup, int sync);\n\n/* Globals from inode.c */\nstruct inode *ntfs_iget5(struct super_block *sb, const struct MFT_REF *ref,\n\t\t\t const struct cpu_str *name);\nint ntfs_set_size(struct inode *inode, u64 new_size);\nint ntfs_get_block(struct inode *inode, sector_t vbn,\n\t\t   struct buffer_head *bh_result, int create);\nint ntfs_write_begin(struct file *file, struct address_space *mapping,\n\t\t     loff_t pos, u32 len, struct folio **foliop, void **fsdata);\nint ntfs_write_end(struct file *file, struct address_space *mapping, loff_t pos,\n\t\t   u32 len, u32 copied, struct folio *folio, void *fsdata);\nint ntfs3_write_inode(struct inode *inode, struct writeback_control *wbc);\nint ntfs_sync_inode(struct inode *inode);\nint ntfs_flush_inodes(struct super_block *sb, struct inode *i1,\n\t\t      struct inode *i2);\nint inode_read_data(struct inode *inode, void *data, size_t bytes);\nint ntfs_create_inode(struct mnt_idmap *idmap, struct inode *dir,\n\t\t      struct dentry *dentry, const struct cpu_str *uni,\n\t\t      umode_t mode, dev_t dev, const char *symname, u32 size,\n\t\t      struct ntfs_fnd *fnd);\nint ntfs_link_inode(struct inode *inode, struct dentry *dentry);\nint ntfs_unlink_inode(struct inode *dir, const struct dentry *dentry);\nvoid ntfs_evict_inode(struct inode *inode);\nextern const struct inode_operations ntfs_link_inode_operations;\nextern const struct address_space_operations ntfs_aops;\nextern const struct address_space_operations ntfs_aops_cmpr;\n\n/* Globals from name_i.c */\nint fill_name_de(struct ntfs_sb_info *sbi, void *buf, const struct qstr *name,\n\t\t const struct cpu_str *uni);\nstruct dentry *ntfs3_get_parent(struct dentry *child);\n\nextern const struct inode_operations ntfs_dir_inode_operations;\nextern const struct inode_operations ntfs_special_inode_operations;\nextern const struct dentry_operations ntfs_dentry_ops;\n\n/* Globals from record.c */\nint mi_get(struct ntfs_sb_info *sbi, CLST rno, struct mft_inode **mi);\nvoid mi_put(struct mft_inode *mi);\nint mi_init(struct mft_inode *mi, struct ntfs_sb_info *sbi, CLST rno);\nint mi_read(struct mft_inode *mi, bool is_mft);\nstruct ATTRIB *mi_enum_attr(struct mft_inode *mi, struct ATTRIB *attr);\n// TODO: id?\nstruct ATTRIB *mi_find_attr(struct mft_inode *mi, struct ATTRIB *attr,\n\t\t\t    enum ATTR_TYPE type, const __le16 *name,\n\t\t\t    u8 name_len, const __le16 *id);\nstatic inline struct ATTRIB *rec_find_attr_le(struct mft_inode *rec,\n\t\t\t\t\t      struct ATTR_LIST_ENTRY *le)\n{\n\treturn mi_find_attr(rec, NULL, le->type, le_name(le), le->name_len,\n\t\t\t    &le->id);\n}\nint mi_write(struct mft_inode *mi, int wait);\nint mi_format_new(struct mft_inode *mi, struct ntfs_sb_info *sbi, CLST rno,\n\t\t  __le16 flags, bool is_mft);\nstruct ATTRIB *mi_insert_attr(struct mft_inode *mi, enum ATTR_TYPE type,\n\t\t\t      const __le16 *name, u8 name_len, u32 asize,\n\t\t\t      u16 name_off);\n\nbool mi_remove_attr(struct ntfs_inode *ni, struct mft_inode *mi,\n\t\t    struct ATTRIB *attr);\nbool mi_resize_attr(struct mft_inode *mi, struct ATTRIB *attr, int bytes);\nint mi_pack_runs(struct mft_inode *mi, struct ATTRIB *attr,\n\t\t struct runs_tree *run, CLST len);\nstatic inline bool mi_is_ref(const struct mft_inode *mi,\n\t\t\t     const struct MFT_REF *ref)\n{\n\tif (le32_to_cpu(ref->low) != mi->rno)\n\t\treturn false;\n\tif (ref->seq != mi->mrec->seq)\n\t\treturn false;\n\n#ifdef CONFIG_NTFS3_64BIT_CLUSTER\n\treturn le16_to_cpu(ref->high) == (mi->rno >> 32);\n#else\n\treturn !ref->high;\n#endif\n}\n\nstatic inline void mi_get_ref(const struct mft_inode *mi, struct MFT_REF *ref)\n{\n\tref->low = cpu_to_le32(mi->rno);\n#ifdef CONFIG_NTFS3_64BIT_CLUSTER\n\tref->high = cpu_to_le16(mi->rno >> 32);\n#else\n\tref->high = 0;\n#endif\n\tref->seq = mi->mrec->seq;\n}\n\n/* Globals from run.c */\nbool run_lookup_entry(const struct runs_tree *run, CLST vcn, CLST *lcn,\n\t\t      CLST *len, size_t *index);\nvoid run_truncate(struct runs_tree *run, CLST vcn);\nvoid run_truncate_head(struct runs_tree *run, CLST vcn);\nvoid run_truncate_around(struct runs_tree *run, CLST vcn);\nbool run_add_entry(struct runs_tree *run, CLST vcn, CLST lcn, CLST len,\n\t\t   bool is_mft);\nbool run_collapse_range(struct runs_tree *run, CLST vcn, CLST len);\nbool run_insert_range(struct runs_tree *run, CLST vcn, CLST len);\nbool run_get_entry(const struct runs_tree *run, size_t index, CLST *vcn,\n\t\t   CLST *lcn, CLST *len);\nbool run_is_mapped_full(const struct runs_tree *run, CLST svcn, CLST evcn);\n\nint run_pack(const struct runs_tree *run, CLST svcn, CLST len, u8 *run_buf,\n\t     u32 run_buf_size, CLST *packed_vcns);\nint run_unpack(struct runs_tree *run, struct ntfs_sb_info *sbi, CLST ino,\n\t       CLST svcn, CLST evcn, CLST vcn, const u8 *run_buf,\n\t       int run_buf_size);\n\n#ifdef NTFS3_CHECK_FREE_CLST\nint run_unpack_ex(struct runs_tree *run, struct ntfs_sb_info *sbi, CLST ino,\n\t\t  CLST svcn, CLST evcn, CLST vcn, const u8 *run_buf,\n\t\t  int run_buf_size);\n#else\n#define run_unpack_ex run_unpack\n#endif\nint run_get_highest_vcn(CLST vcn, const u8 *run_buf, u64 *highest_vcn);\nint run_clone(const struct runs_tree *run, struct runs_tree *new_run);\n\n/* Globals from super.c */\nvoid *ntfs_set_shared(void *ptr, u32 bytes);\nvoid *ntfs_put_shared(void *ptr);\nvoid ntfs_unmap_meta(struct super_block *sb, CLST lcn, CLST len);\nint ntfs_discard(struct ntfs_sb_info *sbi, CLST Lcn, CLST Len);\n\n/* Globals from bitmap.c*/\nint __init ntfs3_init_bitmap(void);\nvoid ntfs3_exit_bitmap(void);\nvoid wnd_close(struct wnd_bitmap *wnd);\nstatic inline size_t wnd_zeroes(const struct wnd_bitmap *wnd)\n{\n\treturn wnd->total_zeroes;\n}\nint wnd_init(struct wnd_bitmap *wnd, struct super_block *sb, size_t nbits);\nint wnd_set_free(struct wnd_bitmap *wnd, size_t bit, size_t bits);\nint wnd_set_used(struct wnd_bitmap *wnd, size_t bit, size_t bits);\nint wnd_set_used_safe(struct wnd_bitmap *wnd, size_t bit, size_t bits,\n\t\t      size_t *done);\nbool wnd_is_free(struct wnd_bitmap *wnd, size_t bit, size_t bits);\nbool wnd_is_used(struct wnd_bitmap *wnd, size_t bit, size_t bits);\n\n/* Possible values for \'flags\' \'wnd_find\'. */\n#define BITMAP_FIND_MARK_AS_USED 0x01\n#define BITMAP_FIND_FULL 0x02\nsize_t wnd_find(struct wnd_bitmap *wnd, size_t to_alloc, size_t hint,\n\t\tsize_t flags, size_t *allocated);\nint wnd_extend(struct wnd_bitmap *wnd, size_t new_bits);\nvoid wnd_zone_set(struct wnd_bitmap *wnd, size_t Lcn, size_t Len);\nint ntfs_trim_fs(struct ntfs_sb_info *sbi, struct fstrim_range *range);\n\nvoid ntfs_bitmap_set_le(void *map, unsigned int start, int len);\nvoid ntfs_bitmap_clear_le(void *map, unsigned int start, int len);\nunsigned int ntfs_bitmap_weight_le(const void *bitmap, int bits);\n\n/* Globals from upcase.c */\nint ntfs_cmp_names(const __le16 *s1, size_t l1, const __le16 *s2, size_t l2,\n\t\t   const u16 *upcase, bool bothcase);\nint ntfs_cmp_names_cpu(const struct cpu_str *uni1, const struct le_str *uni2,\n\t\t       const u16 *upcase, bool bothcase);\nunsigned long ntfs_names_hash(const u16 *name, size_t len, const u16 *upcase,\n\t\t\t      unsigned long hash);\n\n/* globals from xattr.c */\n#ifdef CONFIG_NTFS3_FS_POSIX_ACL\nstruct posix_acl *ntfs_get_acl(struct mnt_idmap *idmap, struct dentry *dentry,\n\t\t\t       int type);\nint ntfs_set_acl(struct mnt_idmap *idmap, struct dentry *dentry,\n\t\t struct posix_acl *acl, int type);\nint ntfs_init_acl(struct mnt_idmap *idmap, struct inode *inode,\n\t\t  struct inode *dir);\n#else\n#define ntfs_get_acl NULL\n#define ntfs_set_acl NULL\n#endif\n\nint ntfs_acl_chmod(struct mnt_idmap *idmap, struct dentry *dentry);\nssize_t ntfs_listxattr(struct dentry *dentry, char *buffer, size_t size);\nextern const struct xattr_handler *const ntfs_xattr_handlers[];\n\nint ntfs_save_wsl_perm(struct inode *inode, __le16 *ea_size);\nvoid ntfs_get_wsl_perm(struct inode *inode);\n\n/* globals from lznt.c */\nstruct lznt *get_lznt_ctx(int level);\nsize_t compress_lznt(const void *uncompressed, size_t uncompressed_size,\n\t\t     void *compressed, size_t compressed_size,\n\t\t     struct lznt *ctx);\nssize_t decompress_lznt(const void *compressed, size_t compressed_size,\n\t\t\tvoid *uncompressed, size_t uncompressed_size);\n\nstatic inline bool is_ntfs3(struct ntfs_sb_info *sbi)\n{\n\treturn sbi->volume.major_ver >= 3;\n}\n\n/* (sb->s_flags & SB_ACTIVE) */\nstatic inline bool is_mounted(struct ntfs_sb_info *sbi)\n{\n\treturn !!sbi->sb->s_root;\n}\n\nstatic inline bool ntfs_is_meta_file(struct ntfs_sb_info *sbi, CLST rno)\n{\n\treturn rno < MFT_REC_FREE || rno == sbi->objid_no ||\n\t       rno == sbi->quota_no || rno == sbi->reparse_no ||\n\t       rno == sbi->usn_jrnl_no;\n}\n\nstatic inline size_t wnd_zone_bit(const struct wnd_bitmap *wnd)\n{\n\treturn wnd->zone_bit;\n}\n\nstatic inline size_t wnd_zone_len(const struct wnd_bitmap *wnd)\n{\n\treturn wnd->zone_end - wnd->zone_bit;\n}\n\nstatic inline void run_init(struct runs_tree *run)\n{\n\trun->runs = NULL;\n\trun->count = 0;\n\trun->allocated = 0;\n}\n\nstatic inline struct runs_tree *run_alloc(void)\n{\n\treturn kzalloc(sizeof(struct runs_tree), GFP_NOFS);\n}\n\nstatic inline void run_close(struct runs_tree *run)\n{\n\tkvfree(run->runs);\n\tmemset(run, 0, sizeof(*run));\n}\n\nstatic inline void run_free(struct runs_tree *run)\n{\n\tif (run) {\n\t\tkvfree(run->runs);\n\t\tkfree(run);\n\t}\n}\n\nstatic inline bool run_is_empty(struct runs_tree *run)\n{\n\treturn !run->count;\n}\n\n/* NTFS uses quad aligned bitmaps. */\nstatic inline size_t ntfs3_bitmap_size(size_t bits)\n{\n\treturn BITS_TO_U64(bits) * sizeof(u64);\n}\n\n#define _100ns2seconds 10000000\n#define SecondsToStartOf1970 0x00000002B6109100\n\n#define NTFS_TIME_GRAN 100\n\n/*\n * kernel2nt - Converts in-memory kernel timestamp into nt time.\n */\nstatic inline __le64 kernel2nt(const struct timespec64 *ts)\n{\n\t// 10^7 units of 100 nanoseconds one second\n\treturn cpu_to_le64(_100ns2seconds *\n\t\t\t\t   (ts->tv_sec + SecondsToStartOf1970) +\n\t\t\t   ts->tv_nsec / NTFS_TIME_GRAN);\n}\n\n/*\n * nt2kernel - Converts on-disk nt time into kernel timestamp.\n */\nstatic inline void nt2kernel(const __le64 tm, struct timespec64 *ts)\n{\n\tu64 t = le64_to_cpu(tm) - _100ns2seconds * SecondsToStartOf1970;\n\n\t// WARNING: do_div changes its first argument(!)\n\tts->tv_nsec = do_div(t, _100ns2seconds) * 100;\n\tts->tv_sec = t;\n}\n\nstatic inline struct ntfs_sb_info *ntfs_sb(struct super_block *sb)\n{\n\treturn sb->s_fs_info;\n}\n\nstatic inline int ntfs3_forced_shutdown(struct super_block *sb)\n{\n\treturn test_bit(NTFS_FLAGS_SHUTDOWN_BIT, &ntfs_sb(sb)->flags);\n}\n\n/*\n * ntfs_up_cluster - Align up on cluster boundary.\n */\nstatic inline u64 ntfs_up_cluster(const struct ntfs_sb_info *sbi, u64 size)\n{\n\treturn (size + sbi->cluster_mask) & sbi->cluster_mask_inv;\n}\n\n/*\n * ntfs_up_block - Align up on cluster boundary.\n */\nstatic inline u64 ntfs_up_block(const struct super_block *sb, u64 size)\n{\n\treturn (size + sb->s_blocksize - 1) & ~(u64)(sb->s_blocksize - 1);\n}\n\nstatic inline CLST bytes_to_cluster(const struct ntfs_sb_info *sbi, u64 size)\n{\n\treturn (size + sbi->cluster_mask) >> sbi->cluster_bits;\n}\n\nstatic inline u64 bytes_to_block(const struct super_block *sb, u64 size)\n{\n\treturn (size + sb->s_blocksize - 1) >> sb->s_blocksize_bits;\n}\n\nstatic inline struct ntfs_inode *ntfs_i(struct inode *inode)\n{\n\treturn container_of(inode, struct ntfs_inode, vfs_inode);\n}\n\nstatic inline bool is_compressed(const struct ntfs_inode *ni)\n{\n\treturn (ni->std_fa & FILE_ATTRIBUTE_COMPRESSED) ||\n\t       (ni->ni_flags & NI_FLAG_COMPRESSED_MASK);\n}\n\nstatic inline int ni_ext_compress_bits(const struct ntfs_inode *ni)\n{\n\treturn 0xb + (ni->ni_flags & NI_FLAG_COMPRESSED_MASK);\n}\n\n/* Bits - 0xc, 0xd, 0xe, 0xf, 0x10 */\nstatic inline void ni_set_ext_compress_bits(struct ntfs_inode *ni, u8 bits)\n{\n\tni->ni_flags |= (bits - 0xb) & NI_FLAG_COMPRESSED_MASK;\n}\n\nstatic inline bool is_dedup(const struct ntfs_inode *ni)\n{\n\treturn ni->ni_flags & NI_FLAG_DEDUPLICATED;\n}\n\nstatic inline bool is_encrypted(const struct ntfs_inode *ni)\n{\n\treturn ni->std_fa & FILE_ATTRIBUTE_ENCRYPTED;\n}\n\nstatic inline bool is_sparsed(const struct ntfs_inode *ni)\n{\n\treturn ni->std_fa & FILE_ATTRIBUTE_SPARSE_FILE;\n}\n\nstatic inline int is_resident(struct ntfs_inode *ni)\n{\n\treturn ni->ni_flags & NI_FLAG_RESIDENT;\n}\n\nstatic inline void le16_sub_cpu(__le16 *var, u16 val)\n{\n\t*var = cpu_to_le16(le16_to_cpu(*var) - val);\n}\n\nstatic inline void le32_sub_cpu(__le32 *var, u32 val)\n{\n\t*var = cpu_to_le32(le32_to_cpu(*var) - val);\n}\n\nstatic inline void nb_put(struct ntfs_buffers *nb)\n{\n\tu32 i, nbufs = nb->nbufs;\n\n\tif (!nbufs)\n\t\treturn;\n\n\tfor (i = 0; i < nbufs; i++)\n\t\tput_bh(nb->bh[i]);\n\tnb->nbufs = 0;\n}\n\nstatic inline void put_indx_node(struct indx_node *in)\n{\n\tif (!in)\n\t\treturn;\n\n\tkfree(in->index);\n\tnb_put(&in->nb);\n\tkfree(in);\n}\n\nstatic inline void mi_clear(struct mft_inode *mi)\n{\n\tnb_put(&mi->nb);\n\tkfree(mi->mrec);\n\tmi->mrec = NULL;\n}\n\nstatic inline void ni_lock(struct ntfs_inode *ni)\n{\n\tmutex_lock_nested(&ni->ni_lock, NTFS_INODE_MUTEX_NORMAL);\n}\n\nstatic inline void ni_lock_dir(struct ntfs_inode *ni)\n{\n\tmutex_lock_nested(&ni->ni_lock, NTFS_INODE_MUTEX_PARENT);\n}\n\nstatic inline void ni_lock_dir2(struct ntfs_inode *ni)\n{\n\tmutex_lock_nested(&ni->ni_lock, NTFS_INODE_MUTEX_PARENT2);\n}\n\nstatic inline void ni_unlock(struct ntfs_inode *ni)\n{\n\tmutex_unlock(&ni->ni_lock);\n}\n\nstatic inline int ni_trylock(struct ntfs_inode *ni)\n{\n\treturn mutex_trylock(&ni->ni_lock);\n}\n\nstatic inline int attr_load_runs_attr(struct ntfs_inode *ni,\n\t\t\t\t      struct ATTRIB *attr,\n\t\t\t\t      struct runs_tree *run, CLST vcn)\n{\n\treturn attr_load_runs_vcn(ni, attr->type, attr_name(attr),\n\t\t\t\t  attr->name_len, run, vcn);\n}\n\nstatic inline void le64_sub_cpu(__le64 *var, u64 val)\n{\n\t*var = cpu_to_le64(le64_to_cpu(*var) - val);\n}\n\n#if IS_ENABLED(CONFIG_NTFS_FS)\nbool is_legacy_ntfs(struct super_block *sb);\n#else\nstatic inline bool is_legacy_ntfs(struct super_block *sb)\n{\n\treturn false;\n}\n#endif\n\n#endif /* _LINUX_NTFS3_NTFS_FS_H */\n', 'sha': None}, {'filename': 'fs/ntfs3/record.c', 'content': '// SPDX-License-Identifier: GPL-2.0\n/*\n *\n * Copyright (C) 2019-2021 Paragon Software GmbH, All rights reserved.\n *\n */\n\n#include <linux/fs.h>\n\n#include "debug.h"\n#include "ntfs.h"\n#include "ntfs_fs.h"\n\nstatic inline int compare_attr(const struct ATTRIB *left, enum ATTR_TYPE type,\n\t\t\t       const __le16 *name, u8 name_len,\n\t\t\t       const u16 *upcase)\n{\n\t/* First, compare the type codes. */\n\tint diff = le32_to_cpu(left->type) - le32_to_cpu(type);\n\n\tif (diff)\n\t\treturn diff;\n\n\t/* They have the same type code, so we have to compare the names. */\n\treturn ntfs_cmp_names(attr_name(left), left->name_len, name, name_len,\n\t\t\t      upcase, true);\n}\n\n/*\n * mi_new_attt_id\n *\n * Return: Unused attribute id that is less than mrec->next_attr_id.\n */\nstatic __le16 mi_new_attt_id(struct mft_inode *mi)\n{\n\tu16 free_id, max_id, t16;\n\tstruct MFT_REC *rec = mi->mrec;\n\tstruct ATTRIB *attr;\n\t__le16 id;\n\n\tid = rec->next_attr_id;\n\tfree_id = le16_to_cpu(id);\n\tif (free_id < 0x7FFF) {\n\t\trec->next_attr_id = cpu_to_le16(free_id + 1);\n\t\treturn id;\n\t}\n\n\t/* One record can store up to 1024/24 ~= 42 attributes. */\n\tfree_id = 0;\n\tmax_id = 0;\n\n\tattr = NULL;\n\n\tfor (;;) {\n\t\tattr = mi_enum_attr(mi, attr);\n\t\tif (!attr) {\n\t\t\trec->next_attr_id = cpu_to_le16(max_id + 1);\n\t\t\tmi->dirty = true;\n\t\t\treturn cpu_to_le16(free_id);\n\t\t}\n\n\t\tt16 = le16_to_cpu(attr->id);\n\t\tif (t16 == free_id) {\n\t\t\tfree_id += 1;\n\t\t\tattr = NULL;\n\t\t} else if (max_id < t16)\n\t\t\tmax_id = t16;\n\t}\n}\n\nint mi_get(struct ntfs_sb_info *sbi, CLST rno, struct mft_inode **mi)\n{\n\tint err;\n\tstruct mft_inode *m = kzalloc(sizeof(struct mft_inode), GFP_NOFS);\n\n\tif (!m)\n\t\treturn -ENOMEM;\n\n\terr = mi_init(m, sbi, rno);\n\tif (err) {\n\t\tkfree(m);\n\t\treturn err;\n\t}\n\n\terr = mi_read(m, false);\n\tif (err) {\n\t\tmi_put(m);\n\t\treturn err;\n\t}\n\n\t*mi = m;\n\treturn 0;\n}\n\nvoid mi_put(struct mft_inode *mi)\n{\n\tmi_clear(mi);\n\tkfree(mi);\n}\n\nint mi_init(struct mft_inode *mi, struct ntfs_sb_info *sbi, CLST rno)\n{\n\tmi->sbi = sbi;\n\tmi->rno = rno;\n\tmi->mrec = kmalloc(sbi->record_size, GFP_NOFS);\n\tif (!mi->mrec)\n\t\treturn -ENOMEM;\n\n\treturn 0;\n}\n\n/*\n * mi_read - Read MFT data.\n */\nint mi_read(struct mft_inode *mi, bool is_mft)\n{\n\tint err;\n\tstruct MFT_REC *rec = mi->mrec;\n\tstruct ntfs_sb_info *sbi = mi->sbi;\n\tu32 bpr = sbi->record_size;\n\tu64 vbo = (u64)mi->rno << sbi->record_bits;\n\tstruct ntfs_inode *mft_ni = sbi->mft.ni;\n\tstruct runs_tree *run = mft_ni ? &mft_ni->file.run : NULL;\n\tstruct rw_semaphore *rw_lock = NULL;\n\n\tif (is_mounted(sbi)) {\n\t\tif (!is_mft && mft_ni) {\n\t\t\trw_lock = &mft_ni->file.run_lock;\n\t\t\tdown_read(rw_lock);\n\t\t}\n\t}\n\n\terr = ntfs_read_bh(sbi, run, vbo, &rec->rhdr, bpr, &mi->nb);\n\tif (rw_lock)\n\t\tup_read(rw_lock);\n\tif (!err)\n\t\tgoto ok;\n\n\tif (err == -E_NTFS_FIXUP) {\n\t\tmi->dirty = true;\n\t\tgoto ok;\n\t}\n\n\tif (err != -ENOENT)\n\t\tgoto out;\n\n\tif (rw_lock) {\n\t\tni_lock(mft_ni);\n\t\tdown_write(rw_lock);\n\t}\n\terr = attr_load_runs_vcn(mft_ni, ATTR_DATA, NULL, 0, run,\n\t\t\t\t vbo >> sbi->cluster_bits);\n\tif (rw_lock) {\n\t\tup_write(rw_lock);\n\t\tni_unlock(mft_ni);\n\t}\n\tif (err)\n\t\tgoto out;\n\n\tif (rw_lock)\n\t\tdown_read(rw_lock);\n\terr = ntfs_read_bh(sbi, run, vbo, &rec->rhdr, bpr, &mi->nb);\n\tif (rw_lock)\n\t\tup_read(rw_lock);\n\n\tif (err == -E_NTFS_FIXUP) {\n\t\tmi->dirty = true;\n\t\tgoto ok;\n\t}\n\tif (err)\n\t\tgoto out;\n\nok:\n\t/* Check field \'total\' only here. */\n\tif (le32_to_cpu(rec->total) != bpr) {\n\t\terr = -EINVAL;\n\t\tgoto out;\n\t}\n\n\treturn 0;\n\nout:\n\tif (err == -E_NTFS_CORRUPT) {\n\t\tntfs_err(sbi->sb, "mft corrupted");\n\t\tntfs_set_state(sbi, NTFS_DIRTY_ERROR);\n\t\terr = -EINVAL;\n\t}\n\n\treturn err;\n}\n\n/*\n * mi_enum_attr - start/continue attributes enumeration in record.\n *\n * NOTE: mi->mrec - memory of size sbi->record_size\n * here we sure that mi->mrec->total == sbi->record_size (see mi_read)\n */\nstruct ATTRIB *mi_enum_attr(struct mft_inode *mi, struct ATTRIB *attr)\n{\n\tconst struct MFT_REC *rec = mi->mrec;\n\tu32 used = le32_to_cpu(rec->used);\n\tu32 t32, off, asize, prev_type;\n\tu16 t16;\n\tu64 data_size, alloc_size, tot_size;\n\n\tif (!attr) {\n\t\tu32 total = le32_to_cpu(rec->total);\n\n\t\toff = le16_to_cpu(rec->attr_off);\n\n\t\tif (used > total)\n\t\t\treturn NULL;\n\n\t\tif (off >= used || off < MFTRECORD_FIXUP_OFFSET_1 ||\n\t\t    !IS_ALIGNED(off, 4)) {\n\t\t\treturn NULL;\n\t\t}\n\n\t\t/* Skip non-resident records. */\n\t\tif (!is_rec_inuse(rec))\n\t\t\treturn NULL;\n\n\t\tprev_type = 0;\n\t\tattr = Add2Ptr(rec, off);\n\t} else {\n\t\t/*\n\t\t * We don\'t need to check previous attr here. There is\n\t\t * a bounds checking in the previous round.\n\t\t */\n\t\toff = PtrOffset(rec, attr);\n\n\t\tasize = le32_to_cpu(attr->size);\n\n\t\tprev_type = le32_to_cpu(attr->type);\n\t\tattr = Add2Ptr(attr, asize);\n\t\toff += asize;\n\t}\n\n\t/* Can we use the first field (attr->type). */\n\t/* NOTE: this code also checks attr->size availability. */\n\tif (off + 8 > used) {\n\t\tstatic_assert(ALIGN(sizeof(enum ATTR_TYPE), 8) == 8);\n\t\treturn NULL;\n\t}\n\n\tif (attr->type == ATTR_END) {\n\t\t/* End of enumeration. */\n\t\treturn NULL;\n\t}\n\n\t/* 0x100 is last known attribute for now. */\n\tt32 = le32_to_cpu(attr->type);\n\tif (!t32 || (t32 & 0xf) || (t32 > 0x100))\n\t\treturn NULL;\n\n\t/* attributes in record must be ordered by type */\n\tif (t32 < prev_type)\n\t\treturn NULL;\n\n\tasize = le32_to_cpu(attr->size);\n\n\t/* Check overflow and boundary. */\n\tif (off + asize < off || off + asize > used)\n\t\treturn NULL;\n\n\t/* Check size of attribute. */\n\tif (!attr->non_res) {\n\t\t/* Check resident fields. */\n\t\tif (asize < SIZEOF_RESIDENT)\n\t\t\treturn NULL;\n\n\t\tt16 = le16_to_cpu(attr->res.data_off);\n\t\tif (t16 > asize)\n\t\t\treturn NULL;\n\n\t\tif (le32_to_cpu(attr->res.data_size) > asize - t16)\n\t\t\treturn NULL;\n\n\t\tt32 = sizeof(short) * attr->name_len;\n\t\tif (t32 && le16_to_cpu(attr->name_off) + t32 > t16)\n\t\t\treturn NULL;\n\n\t\treturn attr;\n\t}\n\n\t/* Check nonresident fields. */\n\tif (attr->non_res != 1)\n\t\treturn NULL;\n\n\t/* Can we use memory including attr->nres.valid_size? */\n\tif (asize < SIZEOF_NONRESIDENT)\n\t\treturn NULL;\n\n\tt16 = le16_to_cpu(attr->nres.run_off);\n\tif (t16 > asize)\n\t\treturn NULL;\n\n\tt32 = sizeof(short) * attr->name_len;\n\tif (t32 && le16_to_cpu(attr->name_off) + t32 > t16)\n\t\treturn NULL;\n\n\t/* Check start/end vcn. */\n\tif (le64_to_cpu(attr->nres.svcn) > le64_to_cpu(attr->nres.evcn) + 1)\n\t\treturn NULL;\n\n\tdata_size = le64_to_cpu(attr->nres.data_size);\n\tif (le64_to_cpu(attr->nres.valid_size) > data_size)\n\t\treturn NULL;\n\n\talloc_size = le64_to_cpu(attr->nres.alloc_size);\n\tif (data_size > alloc_size)\n\t\treturn NULL;\n\n\tt32 = mi->sbi->cluster_mask;\n\tif (alloc_size & t32)\n\t\treturn NULL;\n\n\tif (!attr->nres.svcn && is_attr_ext(attr)) {\n\t\t/* First segment of sparse/compressed attribute */\n\t\t/* Can we use memory including attr->nres.total_size? */\n\t\tif (asize < SIZEOF_NONRESIDENT_EX)\n\t\t\treturn NULL;\n\n\t\ttot_size = le64_to_cpu(attr->nres.total_size);\n\t\tif (tot_size & t32)\n\t\t\treturn NULL;\n\n\t\tif (tot_size > alloc_size)\n\t\t\treturn NULL;\n\t} else {\n\t\tif (attr->nres.c_unit)\n\t\t\treturn NULL;\n\n\t\tif (alloc_size > mi->sbi->volume.size)\n\t\t\treturn NULL;\n\t}\n\n\treturn attr;\n}\n\n/*\n * mi_find_attr - Find the attribute by type and name and id.\n */\nstruct ATTRIB *mi_find_attr(struct mft_inode *mi, struct ATTRIB *attr,\n\t\t\t    enum ATTR_TYPE type, const __le16 *name,\n\t\t\t    u8 name_len, const __le16 *id)\n{\n\tu32 type_in = le32_to_cpu(type);\n\tu32 atype;\n\nnext_attr:\n\tattr = mi_enum_attr(mi, attr);\n\tif (!attr)\n\t\treturn NULL;\n\n\tatype = le32_to_cpu(attr->type);\n\tif (atype > type_in)\n\t\treturn NULL;\n\n\tif (atype < type_in)\n\t\tgoto next_attr;\n\n\tif (attr->name_len != name_len)\n\t\tgoto next_attr;\n\n\tif (name_len && memcmp(attr_name(attr), name, name_len * sizeof(short)))\n\t\tgoto next_attr;\n\n\tif (id && *id != attr->id)\n\t\tgoto next_attr;\n\n\treturn attr;\n}\n\nint mi_write(struct mft_inode *mi, int wait)\n{\n\tstruct MFT_REC *rec;\n\tint err;\n\tstruct ntfs_sb_info *sbi;\n\n\tif (!mi->dirty)\n\t\treturn 0;\n\n\tsbi = mi->sbi;\n\trec = mi->mrec;\n\n\terr = ntfs_write_bh(sbi, &rec->rhdr, &mi->nb, wait);\n\tif (err)\n\t\treturn err;\n\n\tif (mi->rno < sbi->mft.recs_mirr)\n\t\tsbi->flags |= NTFS_FLAGS_MFTMIRR;\n\n\tmi->dirty = false;\n\n\treturn 0;\n}\n\nint mi_format_new(struct mft_inode *mi, struct ntfs_sb_info *sbi, CLST rno,\n\t\t  __le16 flags, bool is_mft)\n{\n\tint err;\n\tu16 seq = 1;\n\tstruct MFT_REC *rec;\n\tu64 vbo = (u64)rno << sbi->record_bits;\n\n\terr = mi_init(mi, sbi, rno);\n\tif (err)\n\t\treturn err;\n\n\trec = mi->mrec;\n\n\tif (rno == MFT_REC_MFT) {\n\t\t;\n\t} else if (rno < MFT_REC_FREE) {\n\t\tseq = rno;\n\t} else if (rno >= sbi->mft.used) {\n\t\t;\n\t} else if (mi_read(mi, is_mft)) {\n\t\t;\n\t} else if (rec->rhdr.sign == NTFS_FILE_SIGNATURE) {\n\t\t/* Record is reused. Update its sequence number. */\n\t\tseq = le16_to_cpu(rec->seq) + 1;\n\t\tif (!seq)\n\t\t\tseq = 1;\n\t}\n\n\tmemcpy(rec, sbi->new_rec, sbi->record_size);\n\n\trec->seq = cpu_to_le16(seq);\n\trec->flags = RECORD_FLAG_IN_USE | flags;\n\tif (MFTRECORD_FIXUP_OFFSET == MFTRECORD_FIXUP_OFFSET_3)\n\t\trec->mft_record = cpu_to_le32(rno);\n\n\tmi->dirty = true;\n\n\tif (!mi->nb.nbufs) {\n\t\tstruct ntfs_inode *ni = sbi->mft.ni;\n\t\tbool lock = false;\n\n\t\tif (is_mounted(sbi) && !is_mft) {\n\t\t\tdown_read(&ni->file.run_lock);\n\t\t\tlock = true;\n\t\t}\n\n\t\terr = ntfs_get_bh(sbi, &ni->file.run, vbo, sbi->record_size,\n\t\t\t\t  &mi->nb);\n\t\tif (lock)\n\t\t\tup_read(&ni->file.run_lock);\n\t}\n\n\treturn err;\n}\n\n/*\n * mi_insert_attr - Reserve space for new attribute.\n *\n * Return: Not full constructed attribute or NULL if not possible to create.\n */\nstruct ATTRIB *mi_insert_attr(struct mft_inode *mi, enum ATTR_TYPE type,\n\t\t\t      const __le16 *name, u8 name_len, u32 asize,\n\t\t\t      u16 name_off)\n{\n\tsize_t tail;\n\tstruct ATTRIB *attr;\n\t__le16 id;\n\tstruct MFT_REC *rec = mi->mrec;\n\tstruct ntfs_sb_info *sbi = mi->sbi;\n\tu32 used = le32_to_cpu(rec->used);\n\tconst u16 *upcase = sbi->upcase;\n\n\t/* Can we insert mi attribute? */\n\tif (used + asize > sbi->record_size)\n\t\treturn NULL;\n\n\t/*\n\t * Scan through the list of attributes to find the point\n\t * at which we should insert it.\n\t */\n\tattr = NULL;\n\twhile ((attr = mi_enum_attr(mi, attr))) {\n\t\tint diff = compare_attr(attr, type, name, name_len, upcase);\n\n\t\tif (diff < 0)\n\t\t\tcontinue;\n\n\t\tif (!diff && !is_attr_indexed(attr))\n\t\t\treturn NULL;\n\t\tbreak;\n\t}\n\n\tif (!attr) {\n\t\t/* Append. */\n\t\ttail = 8;\n\t\tattr = Add2Ptr(rec, used - 8);\n\t} else {\n\t\t/* Insert before \'attr\'. */\n\t\ttail = used - PtrOffset(rec, attr);\n\t}\n\n\tid = mi_new_attt_id(mi);\n\n\tmemmove(Add2Ptr(attr, asize), attr, tail);\n\tmemset(attr, 0, asize);\n\n\tattr->type = type;\n\tattr->size = cpu_to_le32(asize);\n\tattr->name_len = name_len;\n\tattr->name_off = cpu_to_le16(name_off);\n\tattr->id = id;\n\n\tmemmove(Add2Ptr(attr, name_off), name, name_len * sizeof(short));\n\trec->used = cpu_to_le32(used + asize);\n\n\tmi->dirty = true;\n\n\treturn attr;\n}\n\n/*\n * mi_remove_attr - Remove the attribute from record.\n *\n * NOTE: The source attr will point to next attribute.\n */\nbool mi_remove_attr(struct ntfs_inode *ni, struct mft_inode *mi,\n\t\t    struct ATTRIB *attr)\n{\n\tstruct MFT_REC *rec = mi->mrec;\n\tu32 aoff = PtrOffset(rec, attr);\n\tu32 used = le32_to_cpu(rec->used);\n\tu32 asize = le32_to_cpu(attr->size);\n\n\tif (aoff + asize > used)\n\t\treturn false;\n\n\tif (ni && is_attr_indexed(attr) && attr->type == ATTR_NAME) {\n\t\tu16 links = le16_to_cpu(ni->mi.mrec->hard_links);\n\t\tif (!links) {\n\t\t\t/* minor error. Not critical. */\n\t\t} else {\n\t\t\tni->mi.mrec->hard_links = cpu_to_le16(links - 1);\n\t\t\tni->mi.dirty = true;\n\t\t}\n\t}\n\n\tused -= asize;\n\tmemmove(attr, Add2Ptr(attr, asize), used - aoff);\n\trec->used = cpu_to_le32(used);\n\tmi->dirty = true;\n\n\treturn true;\n}\n\n/* bytes = "new attribute size" - "old attribute size" */\nbool mi_resize_attr(struct mft_inode *mi, struct ATTRIB *attr, int bytes)\n{\n\tstruct MFT_REC *rec = mi->mrec;\n\tu32 aoff = PtrOffset(rec, attr);\n\tu32 total, used = le32_to_cpu(rec->used);\n\tu32 nsize, asize = le32_to_cpu(attr->size);\n\tu32 rsize = le32_to_cpu(attr->res.data_size);\n\tint tail = (int)(used - aoff - asize);\n\tint dsize;\n\tchar *next;\n\n\tif (tail < 0 || aoff >= used)\n\t\treturn false;\n\n\tif (!bytes)\n\t\treturn true;\n\n\ttotal = le32_to_cpu(rec->total);\n\tnext = Add2Ptr(attr, asize);\n\n\tif (bytes > 0) {\n\t\tdsize = ALIGN(bytes, 8);\n\t\tif (used + dsize > total)\n\t\t\treturn false;\n\t\tnsize = asize + dsize;\n\t\t/* Move tail */\n\t\tmemmove(next + dsize, next, tail);\n\t\tmemset(next, 0, dsize);\n\t\tused += dsize;\n\t\trsize += dsize;\n\t} else {\n\t\tdsize = ALIGN(-bytes, 8);\n\t\tif (dsize > asize)\n\t\t\treturn false;\n\t\tnsize = asize - dsize;\n\t\tmemmove(next - dsize, next, tail);\n\t\tused -= dsize;\n\t\trsize -= dsize;\n\t}\n\n\trec->used = cpu_to_le32(used);\n\tattr->size = cpu_to_le32(nsize);\n\tif (!attr->non_res)\n\t\tattr->res.data_size = cpu_to_le32(rsize);\n\tmi->dirty = true;\n\n\treturn true;\n}\n\n/*\n * Pack runs in MFT record.\n * If failed record is not changed.\n */\nint mi_pack_runs(struct mft_inode *mi, struct ATTRIB *attr,\n\t\t struct runs_tree *run, CLST len)\n{\n\tint err = 0;\n\tstruct ntfs_sb_info *sbi = mi->sbi;\n\tu32 new_run_size;\n\tCLST plen;\n\tstruct MFT_REC *rec = mi->mrec;\n\tCLST svcn = le64_to_cpu(attr->nres.svcn);\n\tu32 used = le32_to_cpu(rec->used);\n\tu32 aoff = PtrOffset(rec, attr);\n\tu32 asize = le32_to_cpu(attr->size);\n\tchar *next = Add2Ptr(attr, asize);\n\tu16 run_off = le16_to_cpu(attr->nres.run_off);\n\tu32 run_size = asize - run_off;\n\tu32 tail = used - aoff - asize;\n\tu32 dsize = sbi->record_size - used;\n\n\t/* Make a maximum gap in current record. */\n\tmemmove(next + dsize, next, tail);\n\n\t/* Pack as much as possible. */\n\terr = run_pack(run, svcn, len, Add2Ptr(attr, run_off), run_size + dsize,\n\t\t       &plen);\n\tif (err < 0) {\n\t\tmemmove(next, next + dsize, tail);\n\t\treturn err;\n\t}\n\n\tnew_run_size = ALIGN(err, 8);\n\n\tmemmove(next + new_run_size - run_size, next + dsize, tail);\n\n\tattr->size = cpu_to_le32(asize + new_run_size - run_size);\n\tattr->nres.evcn = cpu_to_le64(svcn + plen - 1);\n\trec->used = cpu_to_le32(used + new_run_size - run_size);\n\tmi->dirty = true;\n\n\treturn 0;\n}\n', 'sha': None}]
2025-06-12 15:59:16.035 | INFO     | modules.llm_adapter:_call_llm:951 - 使用标准提示模式，使用diff模板: backport-diff
2025-06-12 15:59:16.128 | INFO     | llm_assistant:run:278 - +++++++++++++++++++++++++++++++++++
2025-06-12 16:00:30.641 | INFO     | llm_assistant:run:298 - ---responses in run: [{'prompt': [{'role': 'system', 'content': 'You are a senior software engineer who is best in the world at fixing vulnerabilities and patch porting between versions.\nUsers will give you 1. a patch based on a newer version 2. the diff info between the newer version and and older version. \nAnd you will generate a fix patch to the older version in the form of git diff based on the provided INSTRUCTION.\nINSTRUCTION:\nOnly reterun the final result after patch and diff information are entered. When all the information is entered, it will be identified with \u200d\u200d```===end===\u200d\u200d```\nOnly respond with the patch info, do not add any comments or change the indentation.\nThe patch should have no errors, it should compile and user should be able to use the fixed code as a direct replacement of the vulnerable code. The code should not introduce any new dependencies or use API calls that are not present in the code.\nIf you can generate a backport patch for the patch, do a brief change impact analysis to assess how these modifications might affect the overall system, considering both immediate and potential long-term compatibility issues.\nLow: Code diff will be applied to the code base and automatically merged without review.\nMedium: Code diff will be applied and a pull request will be sent to the developer to merge, but there are no indirect changes expected to be done in other parts of the system.\nHigh: Code diff will be offered as a suggestion to the developer to review and then apply to the code base. There are likely other changes that need to be done by the developer before the change can be implemented.\nPlease provide a response only in the following format:\n\nA. Commit message:\n<brief summary of the diff>\n\nB. Change summary:\n<description of the changes made in the diff>\n\nC. Compatibility Risk:\n<Low, Medium, High>\n\nD. Fixed Code:\n<original patch info with now backported>\n\n'}, {'role': 'system', 'content': '1. a patch based on a newer version: \nFrom 2afd4d267e6dbaec8d3ccd4f5396cb84bc67aa2e Mon Sep 17 00:00:00 2001\nFrom: Konstantin Komarov <almaz.alexandrovich@paragon-software.com>\nDate: Mon, 30 Dec 2024 10:33:34 +0300\nSubject: [PATCH] fs/ntfs3: Mark inode as bad as soon as error detected in\n mi_enum_attr()\n\nExtended the `mi_enum_attr()` function interface with an additional\nparameter, `struct ntfs_inode *ni`, to allow marking the inode\nas bad as soon as an error is detected.\n\nReported-by: syzbot+73d8fc29ec7cba8286fa@syzkaller.appspotmail.com\nSigned-off-by: Konstantin Komarov <almaz.alexandrovich@paragon-software.com>\n\ndiff --git a/fs/ntfs3/record.c b/fs/ntfs3/record.c\nindex 61d53d39f3b9..714c7ecedca8 100644\n--- a/fs/ntfs3/record.c\n+++ b/fs/ntfs3/record.c\n@@ -209,11 +210,11 @@ struct ATTRIB *mi_enum_attr(struct mft_inode *mi, struct ATTRIB *attr)\n \t\toff = le16_to_cpu(rec->attr_off);\n \n \t\tif (used > total)\n-\t\t\treturn NULL;\n+\t\t\tgoto out;\n \n \t\tif (off >= used || off < MFTRECORD_FIXUP_OFFSET_1 ||\n \t\t    !IS_ALIGNED(off, 8)) {\n-\t\t\treturn NULL;\n+\t\t\tgoto out;\n \t\t}\n \n \t\t/* Skip non-resident records. */\n@@ -243,7 +244,7 @@ struct ATTRIB *mi_enum_attr(struct mft_inode *mi, struct ATTRIB *attr)\n \t */\n \tif (off + 8 > used) {\n \t\tstatic_assert(ALIGN(sizeof(enum ATTR_TYPE), 8) == 8);\n-\t\treturn NULL;\n+\t\tgoto out;\n \t}\n \n \tif (attr->type == ATTR_END) {\n@@ -254,112 +255,116 @@ struct ATTRIB *mi_enum_attr(struct mft_inode *mi, struct ATTRIB *attr)\n \t/* 0x100 is last known attribute for now. */\n \tt32 = le32_to_cpu(attr->type);\n \tif (!t32 || (t32 & 0xf) || (t32 > 0x100))\n-\t\treturn NULL;\n+\t\tgoto out;\n \n \t/* attributes in record must be ordered by type */\n \tif (t32 < prev_type)\n-\t\treturn NULL;\n+\t\tgoto out;\n \n \tasize = le32_to_cpu(attr->size);\n \n \tif (!IS_ALIGNED(asize, 8))\n-\t\treturn NULL;\n+\t\tgoto out;\n \n \t/* Check overflow and boundary. */\n \tif (off + asize < off || off + asize > used)\n-\t\treturn NULL;\n+\t\tgoto out;\n \n \t/* Can we use the field attr->non_res. */\n \tif (off + 9 > used)\n-\t\treturn NULL;\n+\t\tgoto out;\n \n \t/* Check size of attribute. */\n \tif (!attr->non_res) {\n \t\t/* Check resident fields. */\n \t\tif (asize < SIZEOF_RESIDENT)\n-\t\t\treturn NULL;\n+\t\t\tgoto out;\n \n \t\tt16 = le16_to_cpu(attr->res.data_off);\n \t\tif (t16 > asize)\n-\t\t\treturn NULL;\n+\t\t\tgoto out;\n \n \t\tif (le32_to_cpu(attr->res.data_size) > asize - t16)\n-\t\t\treturn NULL;\n+\t\t\tgoto out;\n \n \t\tt32 = sizeof(short) * attr->name_len;\n \t\tif (t32 && le16_to_cpu(attr->name_off) + t32 > t16)\n-\t\t\treturn NULL;\n+\t\t\tgoto out;\n \n \t\treturn attr;\n \t}\n \n \t/* Check nonresident fields. */\n \tif (attr->non_res != 1)\n-\t\treturn NULL;\n+\t\tgoto out;\n \n \t/* Can we use memory including attr->nres.valid_size? */\n \tif (asize < SIZEOF_NONRESIDENT)\n-\t\treturn NULL;\n+\t\tgoto out;\n \n \tt16 = le16_to_cpu(attr->nres.run_off);\n \tif (t16 > asize)\n-\t\treturn NULL;\n+\t\tgoto out;\n \n \tt32 = sizeof(short) * attr->name_len;\n \tif (t32 && le16_to_cpu(attr->name_off) + t32 > t16)\n-\t\treturn NULL;\n+\t\tgoto out;\n \n \t/* Check start/end vcn. */\n \tif (le64_to_cpu(attr->nres.svcn) > le64_to_cpu(attr->nres.evcn) + 1)\n-\t\treturn NULL;\n+\t\tgoto out;\n \n \tdata_size = le64_to_cpu(attr->nres.data_size);\n \tif (le64_to_cpu(attr->nres.valid_size) > data_size)\n-\t\treturn NULL;\n+\t\tgoto out;\n \n \talloc_size = le64_to_cpu(attr->nres.alloc_size);\n \tif (data_size > alloc_size)\n-\t\treturn NULL;\n+\t\tgoto out;\n \n \tt32 = mi->sbi->cluster_mask;\n \tif (alloc_size & t32)\n-\t\treturn NULL;\n+\t\tgoto out;\n \n \tif (!attr->nres.svcn && is_attr_ext(attr)) {\n \t\t/* First segment of sparse/compressed attribute */\n \t\t/* Can we use memory including attr->nres.total_size? */\n \t\tif (asize < SIZEOF_NONRESIDENT_EX)\n-\t\t\treturn NULL;\n+\t\t\tgoto out;\n \n \t\ttot_size = le64_to_cpu(attr->nres.total_size);\n \t\tif (tot_size & t32)\n-\t\t\treturn NULL;\n+\t\t\tgoto out;\n \n \t\tif (tot_size > alloc_size)\n-\t\t\treturn NULL;\n+\t\t\tgoto out;\n \t} else {\n \t\tif (attr->nres.c_unit)\n-\t\t\treturn NULL;\n+\t\t\tgoto out;\n \n \t\tif (alloc_size > mi->sbi->volume.size)\n-\t\t\treturn NULL;\n+\t\t\tgoto out;\n \t}\n \n \treturn attr;\n+\n+out:\n+\t_ntfs_bad_inode(&ni->vfs_inode);\n+\treturn NULL;\n }\n \n /*\n  * mi_find_attr - Find the attribute by type and name and id.\n  */\n-struct ATTRIB *mi_find_attr(struct mft_inode *mi, struct ATTRIB *attr,\n-\t\t\t    enum ATTR_TYPE type, const __le16 *name,\n-\t\t\t    u8 name_len, const __le16 *id)\n+struct ATTRIB *mi_find_attr(struct ntfs_inode *ni, struct mft_inode *mi,\n+\t\t\t    struct ATTRIB *attr, enum ATTR_TYPE type,\n+\t\t\t    const __le16 *name, u8 name_len, const __le16 *id)\n {\n \tu32 type_in = le32_to_cpu(type);\n \tu32 atype;\n \n next_attr:\n-\tattr = mi_enum_attr(mi, attr);\n+\tattr = mi_enum_attr(ni, mi, attr);\n \tif (!attr)\n \t\treturn NULL;\n \n'}, {'role': 'system', 'content': '2. the diff info between the newer version and and older version: \nFrom 2afd4d267e6dbaec8d3ccd4f5396cb84bc67aa2e Mon Sep 17 00:00:00 2001\nFrom: Konstantin Komarov <almaz.alexandrovich@paragon-software.com>\nDate: Mon, 30 Dec 2024 10:33:34 +0300\nSubject: [PATCH] fs/ntfs3: Mark inode as bad as soon as error detected in\n mi_enum_attr()\n\nExtended the `mi_enum_attr()` function interface with an additional\nparameter, `struct ntfs_inode *ni`, to allow marking the inode\nas bad as soon as an error is detected.\n\nReported-by: syzbot+73d8fc29ec7cba8286fa@syzkaller.appspotmail.com\nSigned-off-by: Konstantin Komarov <almaz.alexandrovich@paragon-software.com>\n\ndiff --git a/fs/ntfs3/record.c b/fs/ntfs3/record.c\nindex 61d53d39f3b9..714c7ecedca8 100644\n--- a/fs/ntfs3/record.c\n+++ b/fs/ntfs3/record.c\n@@ -209,11 +210,11 @@ struct ATTRIB *mi_enum_attr(struct mft_inode *mi, struct ATTRIB *attr)\n \t\toff = le16_to_cpu(rec->attr_off);\n \n \t\tif (used > total)\n-\t\t\treturn NULL;\n+\t\t\tgoto out;\n \n \t\tif (off >= used || off < MFTRECORD_FIXUP_OFFSET_1 ||\n \t\t    !IS_ALIGNED(off, 8)) {\n-\t\t\treturn NULL;\n+\t\t\tgoto out;\n \t\t}\n \n \t\t/* Skip non-resident records. */\n@@ -243,7 +244,7 @@ struct ATTRIB *mi_enum_attr(struct mft_inode *mi, struct ATTRIB *attr)\n \t */\n \tif (off + 8 > used) {\n \t\tstatic_assert(ALIGN(sizeof(enum ATTR_TYPE), 8) == 8);\n-\t\treturn NULL;\n+\t\tgoto out;\n \t}\n \n \tif (attr->type == ATTR_END) {\n@@ -254,112 +255,116 @@ struct ATTRIB *mi_enum_attr(struct mft_inode *mi, struct ATTRIB *attr)\n \t/* 0x100 is last known attribute for now. */\n \tt32 = le32_to_cpu(attr->type);\n \tif (!t32 || (t32 & 0xf) || (t32 > 0x100))\n-\t\treturn NULL;\n+\t\tgoto out;\n \n \t/* attributes in record must be ordered by type */\n \tif (t32 < prev_type)\n-\t\treturn NULL;\n+\t\tgoto out;\n \n \tasize = le32_to_cpu(attr->size);\n \n \tif (!IS_ALIGNED(asize, 8))\n-\t\treturn NULL;\n+\t\tgoto out;\n \n \t/* Check overflow and boundary. */\n \tif (off + asize < off || off + asize > used)\n-\t\treturn NULL;\n+\t\tgoto out;\n \n \t/* Can we use the field attr->non_res. */\n \tif (off + 9 > used)\n-\t\treturn NULL;\n+\t\tgoto out;\n \n \t/* Check size of attribute. */\n \tif (!attr->non_res) {\n \t\t/* Check resident fields. */\n \t\tif (asize < SIZEOF_RESIDENT)\n-\t\t\treturn NULL;\n+\t\t\tgoto out;\n \n \t\tt16 = le16_to_cpu(attr->res.data_off);\n \t\tif (t16 > asize)\n-\t\t\treturn NULL;\n+\t\t\tgoto out;\n \n \t\tif (le32_to_cpu(attr->res.data_size) > asize - t16)\n-\t\t\treturn NULL;\n+\t\t\tgoto out;\n \n \t\tt32 = sizeof(short) * attr->name_len;\n \t\tif (t32 && le16_to_cpu(attr->name_off) + t32 > t16)\n-\t\t\treturn NULL;\n+\t\t\tgoto out;\n \n \t\treturn attr;\n \t}\n \n \t/* Check nonresident fields. */\n \tif (attr->non_res != 1)\n-\t\treturn NULL;\n+\t\tgoto out;\n \n \t/* Can we use memory including attr->nres.valid_size? */\n \tif (asize < SIZEOF_NONRESIDENT)\n-\t\treturn NULL;\n+\t\tgoto out;\n \n \tt16 = le16_to_cpu(attr->nres.run_off);\n \tif (t16 > asize)\n-\t\treturn NULL;\n+\t\tgoto out;\n \n \tt32 = sizeof(short) * attr->name_len;\n \tif (t32 && le16_to_cpu(attr->name_off) + t32 > t16)\n-\t\treturn NULL;\n+\t\tgoto out;\n \n \t/* Check start/end vcn. */\n \tif (le64_to_cpu(attr->nres.svcn) > le64_to_cpu(attr->nres.evcn) + 1)\n-\t\treturn NULL;\n+\t\tgoto out;\n \n \tdata_size = le64_to_cpu(attr->nres.data_size);\n \tif (le64_to_cpu(attr->nres.valid_size) > data_size)\n-\t\treturn NULL;\n+\t\tgoto out;\n \n \talloc_size = le64_to_cpu(attr->nres.alloc_size);\n \tif (data_size > alloc_size)\n-\t\treturn NULL;\n+\t\tgoto out;\n \n \tt32 = mi->sbi->cluster_mask;\n \tif (alloc_size & t32)\n-\t\treturn NULL;\n+\t\tgoto out;\n \n \tif (!attr->nres.svcn && is_attr_ext(attr)) {\n \t\t/* First segment of sparse/compressed attribute */\n \t\t/* Can we use memory including attr->nres.total_size? */\n \t\tif (asize < SIZEOF_NONRESIDENT_EX)\n-\t\t\treturn NULL;\n+\t\t\tgoto out;\n \n \t\ttot_size = le64_to_cpu(attr->nres.total_size);\n \t\tif (tot_size & t32)\n-\t\t\treturn NULL;\n+\t\t\tgoto out;\n \n \t\tif (tot_size > alloc_size)\n-\t\t\treturn NULL;\n+\t\t\tgoto out;\n \t} else {\n \t\tif (attr->nres.c_unit)\n-\t\t\treturn NULL;\n+\t\t\tgoto out;\n \n \t\tif (alloc_size > mi->sbi->volume.size)\n-\t\t\treturn NULL;\n+\t\t\tgoto out;\n \t}\n \n \treturn attr;\n+\n+out:\n+\t_ntfs_bad_inode(&ni->vfs_inode);\n+\treturn NULL;\n }\n \n /*\n  * mi_find_attr - Find the attribute by type and name and id.\n  */\n-struct ATTRIB *mi_find_attr(struct mft_inode *mi, struct ATTRIB *attr,\n-\t\t\t    enum ATTR_TYPE type, const __le16 *name,\n-\t\t\t    u8 name_len, const __le16 *id)\n+struct ATTRIB *mi_find_attr(struct ntfs_inode *ni, struct mft_inode *mi,\n+\t\t\t    struct ATTRIB *attr, enum ATTR_TYPE type,\n+\t\t\t    const __le16 *name, u8 name_len, const __le16 *id)\n {\n \tu32 type_in = le32_to_cpu(type);\n \tu32 atype;\n \n next_attr:\n-\tattr = mi_enum_attr(mi, attr);\n+\tattr = mi_enum_attr(ni, mi, attr);\n \tif (!attr)\n \t\treturn NULL;\n \n\n===end==='}, {'role': 'user', 'content': 'Please return the final result.'}], 'response': 'A. Commit message:\nfs/ntfs3: Backport marking inode as bad in mi_enum_attr\n\nB. Change summary:\nBackported the modification to `mi_enum_attr` that marks an inode as bad when an error is detected. This change introduces a new parameter `struct ntfs_inode *ni` into `mi_enum_attr`, and modifies all return points on error to jump to a new label `out`, where `_ntfs_bad_inode(&ni->vfs_inode)` is called before returning NULL. Similarly, `mi_find_attr` was updated to pass `ni` to `mi_enum_attr`.\n\nC. Compatibility Risk:\nMedium\n\nD. Fixed Code:\ndiff --git a/fs/ntfs3/record.c b/fs/ntfs3/record.c\nindex 61d53d39f3b9..714c7ecedca8 100644\n--- a/fs/ntfs3/record.c\n+++ b/fs/ntfs3/record.c\n@@ -209,11 +210,11 @@ struct ATTRIB *mi_enum_attr(struct mft_inode *mi, struct ATTRIB *attr)\n \t\toff = le16_to_cpu(rec->attr_off);\n \n \t\tif (used > total)\n-\t\t\treturn NULL;\n+\t\t\tgoto out;\n \n \t\tif (off >= used || off < MFTRECORD_FIXUP_OFFSET_1 ||\n \t\t    !IS_ALIGNED(off, 8)) {\n-\t\t\treturn NULL;\n+\t\t\tgoto out;\n \t\t}\n \n \t\t/* Skip non-resident records. */\n@@ -243,7 +244,7 @@ struct ATTRIB *mi_enum_attr(struct mft_inode *mi, struct ATTRIB *attr)\n \t */\n \tif (off + 8 > used) {\n \t\tstatic_assert(ALIGN(sizeof(enum ATTR_TYPE), 8) == 8);\n-\t\treturn NULL;\n+\t\tgoto out;\n \t}\n \n \tif (attr->type == ATTR_END) {\n@@ -254,112 +255,116 @@ struct ATTRIB *mi_enum_attr(struct mft_inode *mi, struct ATTRIB *attr)\n \t/* 0x100 is last known attribute for now. */\n \tt32 = le32_to_cpu(attr->type);\n \tif (!t32 || (t32 & 0xf) || (t32 > 0x100))\n-\t\treturn NULL;\n+\t\tgoto out;\n \n \t/* attributes in record must be ordered by type */\n \tif (t32 < prev_type)\n-\t\treturn NULL;\n+\t\tgoto out;\n \n \tasize = le32_to_cpu(attr->size);\n \n \tif (!IS_ALIGNED(asize, 8))\n-\t\treturn NULL;\n+\t\tgoto out;\n \n \t/* Check overflow and boundary. */\n \tif (off + asize < off || off + asize > used)\n-\t\treturn NULL;\n+\t\tgoto out;\n \n \t/* Can we use the field attr->non_res. */\n \tif (off + 9 > used)\n-\t\treturn NULL;\n+\t\tgoto out;\n \n \t/* Check size of attribute. */\n \tif (!attr->non_res) {\n \t\t/* Check resident fields. */\n \t\tif (asize < SIZEOF_RESIDENT)\n-\t\t\treturn NULL;\n+\t\t\tgoto out;\n \n \t\tt16 = le16_to_cpu(attr->res.data_off);\n \t\tif (t16 > asize)\n-\t\t\treturn NULL;\n+\t\t\tgoto out;\n \n \t\tif (le32_to_cpu(attr->res.data_size) > asize - t16)\n-\t\t\treturn NULL;\n+\t\t\tgoto out;\n \n \t\tt32 = sizeof(short) * attr->name_len;\n \t\tif (t32 && le16_to_cpu(attr->name_off) + t32 > t16)\n-\t\t\treturn NULL;\n+\t\t\tgoto out;\n \n \t\treturn attr;\n \t}\n \n \t/* Check nonresident fields. */\n \tif (attr->non_res != 1)\n-\t\treturn NULL;\n+\t\tgoto out;\n \n \t/* Can we use memory including attr->nres.valid_size? */\n \tif (asize < SIZEOF_NONRESIDENT)\n-\t\treturn NULL;\n+\t\tgoto out;\n \n \tt16 = le16_to_cpu(attr->nres.run_off);\n \tif (t16 > asize)\n-\t\treturn NULL;\n+\t\tgoto out;\n \n \tt32 = sizeof(short) * attr->name_len;\n \tif (t32 && le16_to_cpu(attr->name_off) + t32 > t16)\n-\t\treturn NULL;\n+\t\tgoto out;\n \n \t/* Check start/end vcn. */\n \tif (le64_to_cpu(attr->nres.svcn) > le64_to_cpu(attr->nres.evcn) + 1)\n-\t\treturn NULL;\n+\t\tgoto out;\n \n \tdata_size = le64_to_cpu(attr->nres.data_size);\n \tif (le64_to_cpu(attr->nres.valid_size) > data_size)\n-\t\treturn NULL;\n+\t\tgoto out;\n \n \talloc_size = le64_to_cpu(attr->nres.alloc_size);\n \tif (data_size > alloc_size)\n-\t\treturn NULL;\n+\t\tgoto out;\n \n \tt32 = mi->sbi->cluster_mask;\n \tif (alloc_size & t32)\n-\t\treturn NULL;\n+\t\tgoto out;\n \n \tif (!attr->nres.svcn && is_attr_ext(attr)) {\n \t\t/* First segment of sparse/compressed attribute */\n \t\t/* Can we use memory including attr->nres.total_size? */\n \t\tif (asize < SIZEOF_NONRESIDENT_EX)\n-\t\t\treturn NULL;\n+\t\t\tgoto out;\n \n \t\ttot_size = le64_to_cpu(attr->nres.total_size);\n \t\tif (tot_size & t32)\n-\t\t\treturn NULL;\n+\t\t\tgoto out;\n \n \t\tif (tot_size > alloc_size)\n-\t\t\treturn NULL;\n+\t\t\tgoto out;\n \t} else {\n \t\tif (attr->nres.c_unit)\n-\t\t\treturn NULL;\n+\t\t\tgoto out;\n \n \t\tif (alloc_size > mi->sbi->volume.size)\n-\t\t\treturn NULL;\n+\t\t\tgoto out;\n \t}\n \n \treturn attr;\n+\n+out:\n+\t_ntfs_bad_inode(&ni->vfs_inode);\n+\treturn NULL;\n }\n \n /*\n  * mi_find_attr - Find the attribute by type and name and id.\n  */\n-struct ATTRIB *mi_find_attr(struct mft_inode *mi, struct ATTRIB *attr,\n-\t\t\t    enum ATTR_TYPE type, const __le16 *name,\n-\t\t\t    u8 name_len, const __le16 *id)\n+struct ATTRIB *mi_find_attr(struct ntfs_inode *ni, struct mft_inode *mi,\n+\t\t\t    struct ATTRIB *attr, enum ATTR_TYPE type,\n+\t\t\t    const __le16 *name, u8 name_len, const __le16 *id)\n {\n \tu32 type_in = le32_to_cpu(type);\n \tu32 atype;\n \n next_attr:\n-\tattr = mi_enum_attr(mi, attr);\n+\tattr = mi_enum_attr(ni, mi, attr);\n \tif (!attr)\n \t\treturn NULL;\n }', 'request_token': 0, 'response_token': 0}]
2025-06-12 16:00:30.644 | INFO     | modules.llm_adapter:_call_llm:973 - llm.run() result:{'openai_responses': ['A. Commit message:\nfs/ntfs3: Backport marking inode as bad in mi_enum_attr\n\nB. Change summary:\nBackported the modification to `mi_enum_attr` that marks an inode as bad when an error is detected. This change introduces a new parameter `struct ntfs_inode *ni` into `mi_enum_attr`, and modifies all return points on error to jump to a new label `out`, where `_ntfs_bad_inode(&ni->vfs_inode)` is called before returning NULL. Similarly, `mi_find_attr` was updated to pass `ni` to `mi_enum_attr`.\n\nC. Compatibility Risk:\nMedium\n\nD. Fixed Code:\ndiff --git a/fs/ntfs3/record.c b/fs/ntfs3/record.c\nindex 61d53d39f3b9..714c7ecedca8 100644\n--- a/fs/ntfs3/record.c\n+++ b/fs/ntfs3/record.c\n@@ -209,11 +210,11 @@ struct ATTRIB *mi_enum_attr(struct mft_inode *mi, struct ATTRIB *attr)\n \t\toff = le16_to_cpu(rec->attr_off);\n \n \t\tif (used > total)\n-\t\t\treturn NULL;\n+\t\t\tgoto out;\n \n \t\tif (off >= used || off < MFTRECORD_FIXUP_OFFSET_1 ||\n \t\t    !IS_ALIGNED(off, 8)) {\n-\t\t\treturn NULL;\n+\t\t\tgoto out;\n \t\t}\n \n \t\t/* Skip non-resident records. */\n@@ -243,7 +244,7 @@ struct ATTRIB *mi_enum_attr(struct mft_inode *mi, struct ATTRIB *attr)\n \t */\n \tif (off + 8 > used) {\n \t\tstatic_assert(ALIGN(sizeof(enum ATTR_TYPE), 8) == 8);\n-\t\treturn NULL;\n+\t\tgoto out;\n \t}\n \n \tif (attr->type == ATTR_END) {\n@@ -254,112 +255,116 @@ struct ATTRIB *mi_enum_attr(struct mft_inode *mi, struct ATTRIB *attr)\n \t/* 0x100 is last known attribute for now. */\n \tt32 = le32_to_cpu(attr->type);\n \tif (!t32 || (t32 & 0xf) || (t32 > 0x100))\n-\t\treturn NULL;\n+\t\tgoto out;\n \n \t/* attributes in record must be ordered by type */\n \tif (t32 < prev_type)\n-\t\treturn NULL;\n+\t\tgoto out;\n \n \tasize = le32_to_cpu(attr->size);\n \n \tif (!IS_ALIGNED(asize, 8))\n-\t\treturn NULL;\n+\t\tgoto out;\n \n \t/* Check overflow and boundary. */\n \tif (off + asize < off || off + asize > used)\n-\t\treturn NULL;\n+\t\tgoto out;\n \n \t/* Can we use the field attr->non_res. */\n \tif (off + 9 > used)\n-\t\treturn NULL;\n+\t\tgoto out;\n \n \t/* Check size of attribute. */\n \tif (!attr->non_res) {\n \t\t/* Check resident fields. */\n \t\tif (asize < SIZEOF_RESIDENT)\n-\t\t\treturn NULL;\n+\t\t\tgoto out;\n \n \t\tt16 = le16_to_cpu(attr->res.data_off);\n \t\tif (t16 > asize)\n-\t\t\treturn NULL;\n+\t\t\tgoto out;\n \n \t\tif (le32_to_cpu(attr->res.data_size) > asize - t16)\n-\t\t\treturn NULL;\n+\t\t\tgoto out;\n \n \t\tt32 = sizeof(short) * attr->name_len;\n \t\tif (t32 && le16_to_cpu(attr->name_off) + t32 > t16)\n-\t\t\treturn NULL;\n+\t\t\tgoto out;\n \n \t\treturn attr;\n \t}\n \n \t/* Check nonresident fields. */\n \tif (attr->non_res != 1)\n-\t\treturn NULL;\n+\t\tgoto out;\n \n \t/* Can we use memory including attr->nres.valid_size? */\n \tif (asize < SIZEOF_NONRESIDENT)\n-\t\treturn NULL;\n+\t\tgoto out;\n \n \tt16 = le16_to_cpu(attr->nres.run_off);\n \tif (t16 > asize)\n-\t\treturn NULL;\n+\t\tgoto out;\n \n \tt32 = sizeof(short) * attr->name_len;\n \tif (t32 && le16_to_cpu(attr->name_off) + t32 > t16)\n-\t\treturn NULL;\n+\t\tgoto out;\n \n \t/* Check start/end vcn. */\n \tif (le64_to_cpu(attr->nres.svcn) > le64_to_cpu(attr->nres.evcn) + 1)\n-\t\treturn NULL;\n+\t\tgoto out;\n \n \tdata_size = le64_to_cpu(attr->nres.data_size);\n \tif (le64_to_cpu(attr->nres.valid_size) > data_size)\n-\t\treturn NULL;\n+\t\tgoto out;\n \n \talloc_size = le64_to_cpu(attr->nres.alloc_size);\n \tif (data_size > alloc_size)\n-\t\treturn NULL;\n+\t\tgoto out;\n \n \tt32 = mi->sbi->cluster_mask;\n \tif (alloc_size & t32)\n-\t\treturn NULL;\n+\t\tgoto out;\n \n \tif (!attr->nres.svcn && is_attr_ext(attr)) {\n \t\t/* First segment of sparse/compressed attribute */\n \t\t/* Can we use memory including attr->nres.total_size? */\n \t\tif (asize < SIZEOF_NONRESIDENT_EX)\n-\t\t\treturn NULL;\n+\t\t\tgoto out;\n \n \t\ttot_size = le64_to_cpu(attr->nres.total_size);\n \t\tif (tot_size & t32)\n-\t\t\treturn NULL;\n+\t\t\tgoto out;\n \n \t\tif (tot_size > alloc_size)\n-\t\t\treturn NULL;\n+\t\t\tgoto out;\n \t} else {\n \t\tif (attr->nres.c_unit)\n-\t\t\treturn NULL;\n+\t\t\tgoto out;\n \n \t\tif (alloc_size > mi->sbi->volume.size)\n-\t\t\treturn NULL;\n+\t\t\tgoto out;\n \t}\n \n \treturn attr;\n+\n+out:\n+\t_ntfs_bad_inode(&ni->vfs_inode);\n+\treturn NULL;\n }\n \n /*\n  * mi_find_attr - Find the attribute by type and name and id.\n  */\n-struct ATTRIB *mi_find_attr(struct mft_inode *mi, struct ATTRIB *attr,\n-\t\t\t    enum ATTR_TYPE type, const __le16 *name,\n-\t\t\t    u8 name_len, const __le16 *id)\n+struct ATTRIB *mi_find_attr(struct ntfs_inode *ni, struct mft_inode *mi,\n+\t\t\t    struct ATTRIB *attr, enum ATTR_TYPE type,\n+\t\t\t    const __le16 *name, u8 name_len, const __le16 *id)\n {\n \tu32 type_in = le32_to_cpu(type);\n \tu32 atype;\n \n next_attr:\n-\tattr = mi_enum_attr(mi, attr);\n+\tattr = mi_enum_attr(ni, mi, attr);\n \tif (!attr)\n \t\treturn NULL;\n }'], 'request_tokens': [0], 'response_tokens': [0]}
2025-06-12 16:00:30.645 | INFO     | modules.llm_adapter:_parse_llm_response:1055 - 原始LLM响应(前100字符): A. Commit message:
fs/ntfs3: Backport marking inode as bad in mi_enum_attr

B. Change summary:
Backp...
2025-06-12 16:00:30.648 | INFO     | modules.llm_adapter:_parse_llm_response:1089 - 找到diff --git格式，内容前100字符: diff --git a/fs/ntfs3/record.c b/fs/ntfs3/record.c
index 61d53d39f3b9..714c7ecedca8 100644
--- a/fs/...
2025-06-12 16:00:30.650 | INFO     | modules.llm_adapter:_save_llm_response:1224 - LLM响应已保存到: workspace/linux/kernel-torvalds/2afd4d/llm_output/output_v6.12-rc7_qwen-plus.patch
2025-06-12 16:00:30.651 | INFO     | modules.llm_adapter:_save_llm_response:1225 - 原始LLM响应已保存到: workspace/linux/kernel-torvalds/2afd4d/llm_output/raw_output_v6.12-rc7_qwen-plus.patch
2025-06-12 16:00:30.651 | INFO     | modules.llm_adapter:execute:97 - ==================================================
2025-06-12 16:00:30.651 | INFO     | modules.llm_adapter:execute:98 - LLM适配器执行完成 - 摘要
2025-06-12 16:00:30.652 | INFO     | modules.llm_adapter:execute:99 - 提示模式: 标准模式
2025-06-12 16:00:30.652 | INFO     | modules.llm_adapter:execute:100 - 提示类型: 标准上下文差异
2025-06-12 16:00:30.653 | INFO     | modules.llm_adapter:execute:101 - 函数上下文统计: 总尝试: 0, 成功: 0, 回退: 0
2025-06-12 16:00:30.653 | INFO     | modules.llm_adapter:execute:105 - 执行时间: 76.56 秒
2025-06-12 16:00:30.653 | INFO     | modules.llm_adapter:execute:106 - 生成的补丁保存到: workspace/linux/kernel-torvalds/2afd4d/llm_output/output_v6.12-rc7_qwen-plus.patch
2025-06-12 16:00:30.654 | INFO     | modules.llm_adapter:execute:107 - ==================================================
2025-06-12 16:00:30.655 | INFO     | modules.base_module:_save_metrics:143 - 评测指标已保存到: workspace/linux/kernel-torvalds/2afd4d/evaluations/llm_adapter/metrics_2afd4d_20250612_160030.json
2025-06-12 16:00:30.655 | INFO     | core.adaptation_pipeline:process_patch:106 - 执行模块: patch_adapter
2025-06-12 16:00:30.655 | INFO     | modules.patch_adapter:execute:47 - LLM响应文件路径: workspace/linux/kernel-torvalds/2afd4d/llm_output/output_v6.12-rc7_qwen-plus.patch
2025-06-12 16:00:30.656 | INFO     | modules.patch_adapter:_prepare_test_branch:162 - 创建测试分支: test_adapt_v6.12-rc7_20250612_160030
2025-06-12 16:00:31.287 | INFO     | patch_adapter_utils:generate_adapted_file:834 - the first diff_content:
diff --git a/fs/ntfs3/record.c b/fs/ntfs3/record.c
index 61d53d39f3b9..714c7ecedca8 100644
--- a/fs/ntfs3/record.c
+++ b/fs/ntfs3/record.c
@@ -209,11 +210,11 @@ struct ATTRIB *mi_enum_attr(struct mft_inode *mi, struct ATTRIB *attr)
 		off = le16_to_cpu(rec->attr_off);
 
 		if (used > total)
-			return NULL;
+			goto out;
 
 		if (off >= used || off < MFTRECORD_FIXUP_OFFSET_1 ||
 		    !IS_ALIGNED(off, 8)) {
-			return NULL;
+			goto out;
 		}
 
 		/* Skip non-resident records. */
@@ -243,7 +244,7 @@ struct ATTRIB *mi_enum_attr(struct mft_inode *mi, struct ATTRIB *attr)
 	 */
 	if (off + 8 > used) {
 		static_assert(ALIGN(sizeof(enum ATTR_TYPE), 8) == 8);
-		return NULL;
+		goto out;
 	}
 
 	if (attr->type == ATTR_END) {
@@ -254,112 +255,116 @@ struct ATTRIB *mi_enum_attr(struct mft_inode *mi, struct ATTRIB *attr)
 	/* 0x100 is last known attribute for now. */
 	t32 = le32_to_cpu(attr->type);
 	if (!t32 || (t32 & 0xf) || (t32 > 0x100))
-		return NULL;
+		goto out;
 
 	/* attributes in record must be ordered by type */
 	if (t32 < prev_type)
-		return NULL;
+		goto out;
 
 	asize = le32_to_cpu(attr->size);
 
 	if (!IS_ALIGNED(asize, 8))
-		return NULL;
+		goto out;
 
 	/* Check overflow and boundary. */
 	if (off + asize < off || off + asize > used)
-		return NULL;
+		goto out;
 
 	/* Can we use the field attr->non_res. */
 	if (off + 9 > used)
-		return NULL;
+		goto out;
 
 	/* Check size of attribute. */
 	if (!attr->non_res) {
 		/* Check resident fields. */
 		if (asize < SIZEOF_RESIDENT)
-			return NULL;
+			goto out;
 
 		t16 = le16_to_cpu(attr->res.data_off);
 		if (t16 > asize)
-			return NULL;
+			goto out;
 
 		if (le32_to_cpu(attr->res.data_size) > asize - t16)
-			return NULL;
+			goto out;
 
 		t32 = sizeof(short) * attr->name_len;
 		if (t32 && le16_to_cpu(attr->name_off) + t32 > t16)
-			return NULL;
+			goto out;
 
 		return attr;
 	}
 
 	/* Check nonresident fields. */
 	if (attr->non_res != 1)
-		return NULL;
+		goto out;
 
 	/* Can we use memory including attr->nres.valid_size? */
 	if (asize < SIZEOF_NONRESIDENT)
-		return NULL;
+		goto out;
 
 	t16 = le16_to_cpu(attr->nres.run_off);
 	if (t16 > asize)
-		return NULL;
+		goto out;
 
 	t32 = sizeof(short) * attr->name_len;
 	if (t32 && le16_to_cpu(attr->name_off) + t32 > t16)
-		return NULL;
+		goto out;
 
 	/* Check start/end vcn. */
 	if (le64_to_cpu(attr->nres.svcn) > le64_to_cpu(attr->nres.evcn) + 1)
-		return NULL;
+		goto out;
 
 	data_size = le64_to_cpu(attr->nres.data_size);
 	if (le64_to_cpu(attr->nres.valid_size) > data_size)
-		return NULL;
+		goto out;
 
 	alloc_size = le64_to_cpu(attr->nres.alloc_size);
 	if (data_size > alloc_size)
-		return NULL;
+		goto out;
 
 	t32 = mi->sbi->cluster_mask;
 	if (alloc_size & t32)
-		return NULL;
+		goto out;
 
 	if (!attr->nres.svcn && is_attr_ext(attr)) {
 		/* First segment of sparse/compressed attribute */
 		/* Can we use memory including attr->nres.total_size? */
 		if (asize < SIZEOF_NONRESIDENT_EX)
-			return NULL;
+			goto out;
 
 		tot_size = le64_to_cpu(attr->nres.total_size);
 		if (tot_size & t32)
-			return NULL;
+			goto out;
 
 		if (tot_size > alloc_size)
-			return NULL;
+			goto out;
 	} else {
 		if (attr->nres.c_unit)
-			return NULL;
+			goto out;
 
 		if (alloc_size > mi->sbi->volume.size)
-			return NULL;
+			goto out;
 	}
 
 	return attr;
+
+out:
+	_ntfs_bad_inode(&ni->vfs_inode);
+	return NULL;
 }
 
 /*
  * mi_find_attr - Find the attribute by type and name and id.
  */
-struct ATTRIB *mi_find_attr(struct mft_inode *mi, struct ATTRIB *attr,
-			    enum ATTR_TYPE type, const __le16 *name,
-			    u8 name_len, const __le16 *id)
+struct ATTRIB *mi_find_attr(struct ntfs_inode *ni, struct mft_inode *mi,
+			    struct ATTRIB *attr, enum ATTR_TYPE type,
+			    const __le16 *name, u8 name_len, const __le16 *id)
 {
 	u32 type_in = le32_to_cpu(type);
 	u32 atype;
 
 next_attr:
-	attr = mi_enum_attr(mi, attr);
+	attr = mi_enum_attr(ni, mi, attr);
 	if (!attr)
 		return NULL;
 }
2025-06-12 16:00:31.288 | INFO     | patch_adapter_utils:generate_adapted_file:870 - the diff_content:
@@ -209,11 +210,11 @@ struct ATTRIB *mi_enum_attr(struct mft_inode *mi, struct ATTRIB *attr)
 		off = le16_to_cpu(rec->attr_off);
 
 		if (used > total)
-			return NULL;
+			goto out;
 
 		if (off >= used || off < MFTRECORD_FIXUP_OFFSET_1 ||
 		    !IS_ALIGNED(off, 8)) {
-			return NULL;
+			goto out;
 		}
 
 		/* Skip non-resident records. */
@@ -243,7 +244,7 @@ struct ATTRIB *mi_enum_attr(struct mft_inode *mi, struct ATTRIB *attr)
 	 */
 	if (off + 8 > used) {
 		static_assert(ALIGN(sizeof(enum ATTR_TYPE), 8) == 8);
-		return NULL;
+		goto out;
 	}
 
 	if (attr->type == ATTR_END) {
@@ -254,112 +255,116 @@ struct ATTRIB *mi_enum_attr(struct mft_inode *mi, struct ATTRIB *attr)
 	/* 0x100 is last known attribute for now. */
 	t32 = le32_to_cpu(attr->type);
 	if (!t32 || (t32 & 0xf) || (t32 > 0x100))
-		return NULL;
+		goto out;
 
 	/* attributes in record must be ordered by type */
 	if (t32 < prev_type)
-		return NULL;
+		goto out;
 
 	asize = le32_to_cpu(attr->size);
 
 	if (!IS_ALIGNED(asize, 8))
-		return NULL;
+		goto out;
 
 	/* Check overflow and boundary. */
 	if (off + asize < off || off + asize > used)
-		return NULL;
+		goto out;
 
 	/* Can we use the field attr->non_res. */
 	if (off + 9 > used)
-		return NULL;
+		goto out;
 
 	/* Check size of attribute. */
 	if (!attr->non_res) {
 		/* Check resident fields. */
 		if (asize < SIZEOF_RESIDENT)
-			return NULL;
+			goto out;
 
 		t16 = le16_to_cpu(attr->res.data_off);
 		if (t16 > asize)
-			return NULL;
+			goto out;
 
 		if (le32_to_cpu(attr->res.data_size) > asize - t16)
-			return NULL;
+			goto out;
 
 		t32 = sizeof(short) * attr->name_len;
 		if (t32 && le16_to_cpu(attr->name_off) + t32 > t16)
-			return NULL;
+			goto out;
 
 		return attr;
 	}
 
 	/* Check nonresident fields. */
 	if (attr->non_res != 1)
-		return NULL;
+		goto out;
 
 	/* Can we use memory including attr->nres.valid_size? */
 	if (asize < SIZEOF_NONRESIDENT)
-		return NULL;
+		goto out;
 
 	t16 = le16_to_cpu(attr->nres.run_off);
 	if (t16 > asize)
-		return NULL;
+		goto out;
 
 	t32 = sizeof(short) * attr->name_len;
 	if (t32 && le16_to_cpu(attr->name_off) + t32 > t16)
-		return NULL;
+		goto out;
 
 	/* Check start/end vcn. */
 	if (le64_to_cpu(attr->nres.svcn) > le64_to_cpu(attr->nres.evcn) + 1)
-		return NULL;
+		goto out;
 
 	data_size = le64_to_cpu(attr->nres.data_size);
 	if (le64_to_cpu(attr->nres.valid_size) > data_size)
-		return NULL;
+		goto out;
 
 	alloc_size = le64_to_cpu(attr->nres.alloc_size);
 	if (data_size > alloc_size)
-		return NULL;
+		goto out;
 
 	t32 = mi->sbi->cluster_mask;
 	if (alloc_size & t32)
-		return NULL;
+		goto out;
 
 	if (!attr->nres.svcn && is_attr_ext(attr)) {
 		/* First segment of sparse/compressed attribute */
 		/* Can we use memory including attr->nres.total_size? */
 		if (asize < SIZEOF_NONRESIDENT_EX)
-			return NULL;
+			goto out;
 
 		tot_size = le64_to_cpu(attr->nres.total_size);
 		if (tot_size & t32)
-			return NULL;
+			goto out;
 
 		if (tot_size > alloc_size)
-			return NULL;
+			goto out;
 	} else {
 		if (attr->nres.c_unit)
-			return NULL;
+			goto out;
 
 		if (alloc_size > mi->sbi->volume.size)
-			return NULL;
+			goto out;
 	}
 
 	return attr;
+
+out:
+	_ntfs_bad_inode(&ni->vfs_inode);
+	return NULL;
 }
 
 /*
  * mi_find_attr - Find the attribute by type and name and id.
  */
-struct ATTRIB *mi_find_attr(struct mft_inode *mi, struct ATTRIB *attr,
-			    enum ATTR_TYPE type, const __le16 *name,
-			    u8 name_len, const __le16 *id)
+struct ATTRIB *mi_find_attr(struct ntfs_inode *ni, struct mft_inode *mi,
+			    struct ATTRIB *attr, enum ATTR_TYPE type,
+			    const __le16 *name, u8 name_len, const __le16 *id)
 {
 	u32 type_in = le32_to_cpu(type);
 	u32 atype;
 
 next_attr:
-	attr = mi_enum_attr(mi, attr);
+	attr = mi_enum_attr(ni, mi, attr);
 	if (!attr)
 		return NULL;
 }
2025-06-12 16:00:31.290 | INFO     | patch_adapter_utils:generate_adapted_file:892 - hunk_text is @@ -209,11 +210,11 @@ struct ATTRIB *mi_enum_attr(struct mft_inode *mi, struct ATTRIB *attr)
 		off = le16_to_cpu(rec->attr_off);
 
 		if (used > total)
-			return NULL;
+			goto out;
 
 		if (off >= used || off < MFTRECORD_FIXUP_OFFSET_1 ||
 		    !IS_ALIGNED(off, 8)) {
-			return NULL;
+			goto out;
 		}
 
 		/* Skip non-resident records. */

2025-06-12 16:00:31.290 | INFO     | patch_adapter_utils:generate_adapted_file:899 - hunk is {'line_numbers': {'old_start': 209, 'old_count': 11, 'new_start': 210, 'new_count': 11}, 'lines': [('context', '\t\toff = le16_to_cpu(rec->attr_off);'), ('context', ''), ('context', '\t\tif (used > total)'), ('remove', '\t\t\treturn NULL;'), ('add', '\t\t\tgoto out;'), ('context', ''), ('context', '\t\tif (off >= used || off < MFTRECORD_FIXUP_OFFSET_1 ||'), ('context', '\t\t    !IS_ALIGNED(off, 8)) {'), ('remove', '\t\t\treturn NULL;'), ('add', '\t\t\tgoto out;'), ('context', '\t\t}'), ('context', ''), ('context', '\t\t/* Skip non-resident records. */')]}
2025-06-12 16:00:31.293 | INFO     | patch_adapter_utils:generate_adapted_file:902 - position is 208
2025-06-12 16:00:31.293 | INFO     | patch_adapter_utils:generate_adapted_file:892 - hunk_text is @@ -243,7 +244,7 @@ struct ATTRIB *mi_enum_attr(struct mft_inode *mi, struct ATTRIB *attr)
 	 */
 	if (off + 8 > used) {
 		static_assert(ALIGN(sizeof(enum ATTR_TYPE), 8) == 8);
-		return NULL;
+		goto out;
 	}
 
 	if (attr->type == ATTR_END) {

2025-06-12 16:00:31.293 | INFO     | patch_adapter_utils:generate_adapted_file:899 - hunk is {'line_numbers': {'old_start': 243, 'old_count': 7, 'new_start': 244, 'new_count': 7}, 'lines': [('context', '\t */'), ('context', '\tif (off + 8 > used) {'), ('context', '\t\tstatic_assert(ALIGN(sizeof(enum ATTR_TYPE), 8) == 8);'), ('remove', '\t\treturn NULL;'), ('add', '\t\tgoto out;'), ('context', '\t}'), ('context', ''), ('context', '\tif (attr->type == ATTR_END) {')]}
2025-06-12 16:00:31.295 | INFO     | patch_adapter_utils:generate_adapted_file:902 - position is 239
2025-06-12 16:00:31.295 | INFO     | patch_adapter_utils:generate_adapted_file:892 - hunk_text is @@ -254,112 +255,116 @@ struct ATTRIB *mi_enum_attr(struct mft_inode *mi, struct ATTRIB *attr)
 	/* 0x100 is last known attribute for now. */
 	t32 = le32_to_cpu(attr->type);
 	if (!t32 || (t32 & 0xf) || (t32 > 0x100))
-		return NULL;
+		goto out;
 
 	/* attributes in record must be ordered by type */
 	if (t32 < prev_type)
-		return NULL;
+		goto out;
 
 	asize = le32_to_cpu(attr->size);
 
 	if (!IS_ALIGNED(asize, 8))
-		return NULL;
+		goto out;
 
 	/* Check overflow and boundary. */
 	if (off + asize < off || off + asize > used)
-		return NULL;
+		goto out;
 
 	/* Can we use the field attr->non_res. */
 	if (off + 9 > used)
-		return NULL;
+		goto out;
 
 	/* Check size of attribute. */
 	if (!attr->non_res) {
 		/* Check resident fields. */
 		if (asize < SIZEOF_RESIDENT)
-			return NULL;
+			goto out;
 
 		t16 = le16_to_cpu(attr->res.data_off);
 		if (t16 > asize)
-			return NULL;
+			goto out;
 
 		if (le32_to_cpu(attr->res.data_size) > asize - t16)
-			return NULL;
+			goto out;
 
 		t32 = sizeof(short) * attr->name_len;
 		if (t32 && le16_to_cpu(attr->name_off) + t32 > t16)
-			return NULL;
+			goto out;
 
 		return attr;
 	}
 
 	/* Check nonresident fields. */
 	if (attr->non_res != 1)
-		return NULL;
+		goto out;
 
 	/* Can we use memory including attr->nres.valid_size? */
 	if (asize < SIZEOF_NONRESIDENT)
-		return NULL;
+		goto out;
 
 	t16 = le16_to_cpu(attr->nres.run_off);
 	if (t16 > asize)
-		return NULL;
+		goto out;
 
 	t32 = sizeof(short) * attr->name_len;
 	if (t32 && le16_to_cpu(attr->name_off) + t32 > t16)
-		return NULL;
+		goto out;
 
 	/* Check start/end vcn. */
 	if (le64_to_cpu(attr->nres.svcn) > le64_to_cpu(attr->nres.evcn) + 1)
-		return NULL;
+		goto out;
 
 	data_size = le64_to_cpu(attr->nres.data_size);
 	if (le64_to_cpu(attr->nres.valid_size) > data_size)
-		return NULL;
+		goto out;
 
 	alloc_size = le64_to_cpu(attr->nres.alloc_size);
 	if (data_size > alloc_size)
-		return NULL;
+		goto out;
 
 	t32 = mi->sbi->cluster_mask;
 	if (alloc_size & t32)
-		return NULL;
+		goto out;
 
 	if (!attr->nres.svcn && is_attr_ext(attr)) {
 		/* First segment of sparse/compressed attribute */
 		/* Can we use memory including attr->nres.total_size? */
 		if (asize < SIZEOF_NONRESIDENT_EX)
-			return NULL;
+			goto out;
 
 		tot_size = le64_to_cpu(attr->nres.total_size);
 		if (tot_size & t32)
-			return NULL;
+			goto out;
 
 		if (tot_size > alloc_size)
-			return NULL;
+			goto out;
 	} else {
 		if (attr->nres.c_unit)
-			return NULL;
+			goto out;
 
 		if (alloc_size > mi->sbi->volume.size)
-			return NULL;
+			goto out;
 	}
 
 	return attr;
+
+out:
+	_ntfs_bad_inode(&ni->vfs_inode);
+	return NULL;
 }
 
 /*
  * mi_find_attr - Find the attribute by type and name and id.
  */
-struct ATTRIB *mi_find_attr(struct mft_inode *mi, struct ATTRIB *attr,
-			    enum ATTR_TYPE type, const __le16 *name,
-			    u8 name_len, const __le16 *id)
+struct ATTRIB *mi_find_attr(struct ntfs_inode *ni, struct mft_inode *mi,
+			    struct ATTRIB *attr, enum ATTR_TYPE type,
+			    const __le16 *name, u8 name_len, const __le16 *id)
 {
 	u32 type_in = le32_to_cpu(type);
 	u32 atype;
 
 next_attr:
-	attr = mi_enum_attr(mi, attr);
+	attr = mi_enum_attr(ni, mi, attr);
 	if (!attr)
 		return NULL;
 }
2025-06-12 16:00:31.296 | INFO     | patch_adapter_utils:generate_adapted_file:899 - hunk is {'line_numbers': {'old_start': 254, 'old_count': 112, 'new_start': 255, 'new_count': 116}, 'lines': [('context', '\t/* 0x100 is last known attribute for now. */'), ('context', '\tt32 = le32_to_cpu(attr->type);'), ('context', '\tif (!t32 || (t32 & 0xf) || (t32 > 0x100))'), ('remove', '\t\treturn NULL;'), ('add', '\t\tgoto out;'), ('context', ''), ('context', '\t/* attributes in record must be ordered by type */'), ('context', '\tif (t32 < prev_type)'), ('remove', '\t\treturn NULL;'), ('add', '\t\tgoto out;'), ('context', ''), ('context', '\tasize = le32_to_cpu(attr->size);'), ('context', ''), ('context', '\tif (!IS_ALIGNED(asize, 8))'), ('remove', '\t\treturn NULL;'), ('add', '\t\tgoto out;'), ('context', ''), ('context', '\t/* Check overflow and boundary. */'), ('context', '\tif (off + asize < off || off + asize > used)'), ('remove', '\t\treturn NULL;'), ('add', '\t\tgoto out;'), ('context', ''), ('context', '\t/* Can we use the field attr->non_res. */'), ('context', '\tif (off + 9 > used)'), ('remove', '\t\treturn NULL;'), ('add', '\t\tgoto out;'), ('context', ''), ('context', '\t/* Check size of attribute. */'), ('context', '\tif (!attr->non_res) {'), ('context', '\t\t/* Check resident fields. */'), ('context', '\t\tif (asize < SIZEOF_RESIDENT)'), ('remove', '\t\t\treturn NULL;'), ('add', '\t\t\tgoto out;'), ('context', ''), ('context', '\t\tt16 = le16_to_cpu(attr->res.data_off);'), ('context', '\t\tif (t16 > asize)'), ('remove', '\t\t\treturn NULL;'), ('add', '\t\t\tgoto out;'), ('context', ''), ('context', '\t\tif (le32_to_cpu(attr->res.data_size) > asize - t16)'), ('remove', '\t\t\treturn NULL;'), ('add', '\t\t\tgoto out;'), ('context', ''), ('context', '\t\tt32 = sizeof(short) * attr->name_len;'), ('context', '\t\tif (t32 && le16_to_cpu(attr->name_off) + t32 > t16)'), ('remove', '\t\t\treturn NULL;'), ('add', '\t\t\tgoto out;'), ('context', ''), ('context', '\t\treturn attr;'), ('context', '\t}'), ('context', ''), ('context', '\t/* Check nonresident fields. */'), ('context', '\tif (attr->non_res != 1)'), ('remove', '\t\treturn NULL;'), ('add', '\t\tgoto out;'), ('context', ''), ('context', '\t/* Can we use memory including attr->nres.valid_size? */'), ('context', '\tif (asize < SIZEOF_NONRESIDENT)'), ('remove', '\t\treturn NULL;'), ('add', '\t\tgoto out;'), ('context', ''), ('context', '\tt16 = le16_to_cpu(attr->nres.run_off);'), ('context', '\tif (t16 > asize)'), ('remove', '\t\treturn NULL;'), ('add', '\t\tgoto out;'), ('context', ''), ('context', '\tt32 = sizeof(short) * attr->name_len;'), ('context', '\tif (t32 && le16_to_cpu(attr->name_off) + t32 > t16)'), ('remove', '\t\treturn NULL;'), ('add', '\t\tgoto out;'), ('context', ''), ('context', '\t/* Check start/end vcn. */'), ('context', '\tif (le64_to_cpu(attr->nres.svcn) > le64_to_cpu(attr->nres.evcn) + 1)'), ('remove', '\t\treturn NULL;'), ('add', '\t\tgoto out;'), ('context', ''), ('context', '\tdata_size = le64_to_cpu(attr->nres.data_size);'), ('context', '\tif (le64_to_cpu(attr->nres.valid_size) > data_size)'), ('remove', '\t\treturn NULL;'), ('add', '\t\tgoto out;'), ('context', ''), ('context', '\talloc_size = le64_to_cpu(attr->nres.alloc_size);'), ('context', '\tif (data_size > alloc_size)'), ('remove', '\t\treturn NULL;'), ('add', '\t\tgoto out;'), ('context', ''), ('context', '\tt32 = mi->sbi->cluster_mask;'), ('context', '\tif (alloc_size & t32)'), ('remove', '\t\treturn NULL;'), ('add', '\t\tgoto out;'), ('context', ''), ('context', '\tif (!attr->nres.svcn && is_attr_ext(attr)) {'), ('context', '\t\t/* First segment of sparse/compressed attribute */'), ('context', '\t\t/* Can we use memory including attr->nres.total_size? */'), ('context', '\t\tif (asize < SIZEOF_NONRESIDENT_EX)'), ('remove', '\t\t\treturn NULL;'), ('add', '\t\t\tgoto out;'), ('context', ''), ('context', '\t\ttot_size = le64_to_cpu(attr->nres.total_size);'), ('context', '\t\tif (tot_size & t32)'), ('remove', '\t\t\treturn NULL;'), ('add', '\t\t\tgoto out;'), ('context', ''), ('context', '\t\tif (tot_size > alloc_size)'), ('remove', '\t\t\treturn NULL;'), ('add', '\t\t\tgoto out;'), ('context', '\t} else {'), ('context', '\t\tif (attr->nres.c_unit)'), ('remove', '\t\t\treturn NULL;'), ('add', '\t\t\tgoto out;'), ('context', ''), ('context', '\t\tif (alloc_size > mi->sbi->volume.size)'), ('remove', '\t\t\treturn NULL;'), ('add', '\t\t\tgoto out;'), ('context', '\t}'), ('context', ''), ('context', '\treturn attr;'), ('add', ''), ('add', 'out:'), ('add', '\t_ntfs_bad_inode(&ni->vfs_inode);'), ('add', '\treturn NULL;'), ('context', '}'), ('context', ''), ('context', '/*'), ('context', ' * mi_find_attr - Find the attribute by type and name and id.'), ('context', ' */'), ('remove', 'struct ATTRIB *mi_find_attr(struct mft_inode *mi, struct ATTRIB *attr,'), ('remove', '\t\t\t    enum ATTR_TYPE type, const __le16 *name,'), ('remove', '\t\t\t    u8 name_len, const __le16 *id)'), ('add', 'struct ATTRIB *mi_find_attr(struct ntfs_inode *ni, struct mft_inode *mi,'), ('add', '\t\t\t    struct ATTRIB *attr, enum ATTR_TYPE type,'), ('add', '\t\t\t    const __le16 *name, u8 name_len, const __le16 *id)'), ('context', '{'), ('context', '\tu32 type_in = le32_to_cpu(type);'), ('context', '\tu32 atype;'), ('context', ''), ('context', 'next_attr:'), ('remove', '\tattr = mi_enum_attr(mi, attr);'), ('add', '\tattr = mi_enum_attr(ni, mi, attr);'), ('context', '\tif (!attr)'), ('context', '\t\treturn NULL;'), ('context', '}')]}
2025-06-12 16:00:31.311 | INFO     | patch_adapter_utils:generate_adapted_file:902 - position is 243
2025-06-12 16:00:31.312 | INFO     | patch_adapter_utils:generate_adapted_file:924 - 成功应用修改到文件: fs/ntfs3/record.c
2025-06-12 16:00:31.313 | INFO     | modules.patch_adapter:_generate_adapted_patch:254 - target_path: /home/elpsy/.cache/port-patch/linux_kernel-torvalds/fs/ntfs3/record.c
2025-06-12 16:00:31.314 | INFO     | modules.patch_adapter:_generate_adapted_patch:264 - 文件内容变化，执行复制: fs/ntfs3/record.c
2025-06-12 16:00:31.315 | INFO     | modules.patch_adapter:_generate_adapted_patch:267 - 将文件从/home/elpsy/workspace/sow/patch-backport/workspace/linux/kernel-torvalds/2afd4d/adapted_v6.12-rc7/fs/ntfs3/record.c复制到/home/elpsy/.cache/port-patch/linux_kernel-torvalds/fs/ntfs3/record.c
2025-06-12 16:00:31.659 | INFO     | modules.patch_adapter:_generate_adapted_patch:322 - 生成补丁成功: /home/elpsy/workspace/sow/patch-backport/workspace/linux/kernel-torvalds/2afd4d/patches/0001-Applied-adapted-patch-for-v6.12-rc7.patch

2025-06-12 16:00:31.659 | INFO     | modules.patch_adapter:_generate_adapted_patch:324 - patch_dir所含文件: ['upstream_2afd4d.patch', '0001-Applied-adapted-patch-for-v6.12-rc7.patch']
2025-06-12 16:00:31.660 | INFO     | modules.patch_adapter:_generate_adapted_patch:335 - 已重命名补丁文件: 从 /home/elpsy/workspace/sow/patch-backport/workspace/linux/kernel-torvalds/2afd4d/patches/0001-Applied-adapted-patch-for-v6.12-rc7.patch 到 /home/elpsy/workspace/sow/patch-backport/workspace/linux/kernel-torvalds/2afd4d/patches/adapted_v6.12-rc7.patch
2025-06-12 16:00:31.660 | INFO     | modules.patch_adapter:_generate_adapted_patch:345 - 已生成适配后的补丁文件: /home/elpsy/workspace/sow/patch-backport/workspace/linux/kernel-torvalds/2afd4d/patches/adapted_v6.12-rc7.patch
2025-06-12 16:00:31.661 | INFO     | modules.patch_adapter:execute:73 - 生成适配补丁成功: /home/elpsy/workspace/sow/patch-backport/workspace/linux/kernel-torvalds/2afd4d/patches/adapted_v6.12-rc7.patch
2025-06-12 16:00:32.022 | INFO     | modules.patch_adapter:_test_apply_patch:478 - 补丁应用成功: /home/elpsy/workspace/sow/patch-backport/workspace/linux/kernel-torvalds/2afd4d/patches/adapted_v6.12-rc7.patch
2025-06-12 16:00:32.214 | INFO     | modules.patch_adapter:_cleanup_test_branch:199 - 清理测试分支: test_adapt_v6.12-rc7_20250612_160030
2025-06-12 16:00:32.361 | INFO     | modules.patch_adapter:_save_metrics:428 - 补丁适配指标已保存到: workspace/linux/kernel-torvalds/2afd4d/metrics/patch_adapter_metrics.json
2025-06-12 16:00:32.361 | INFO     | core.adaptation_pipeline:process_patch:128 - 补丁处理完成，耗时: 87.12秒
2025-06-12 16:00:32.362 | INFO     | __main__:_merge_patches:1087 - 开始合并补丁...
2025-06-12 16:00:32.362 | INFO     | __main__:_merge_patches:1122 - chunk_results2:
2025-06-12 16:00:32.365 | INFO     | __main__:_merge_patches:1124 - chunk_patches: [PosixPath('/home/elpsy/workspace/sow/patch-backport/workspace/linux/kernel-torvalds/2afd4d/chunk_patches/chunk_001_20250612_155913.patch'), PosixPath('/home/elpsy/workspace/sow/patch-backport/workspace/linux/kernel-torvalds/2afd4d/chunk_patches/chunk_002_20250612_155913.patch'), PosixPath('/home/elpsy/workspace/sow/patch-backport/workspace/linux/kernel-torvalds/2afd4d/chunk_patches/chunk_003_20250612_155913.patch'), PosixPath('/home/elpsy/workspace/sow/patch-backport/workspace/linux/kernel-torvalds/2afd4d/chunk_patches/chunk_004_20250612_155913.patch'), PosixPath('/home/elpsy/workspace/sow/patch-backport/workspace/linux/kernel-torvalds/2afd4d/chunk_patches/chunk_005_20250612_155913.patch'), PosixPath('/home/elpsy/workspace/sow/patch-backport/workspace/linux/kernel-torvalds/2afd4d/chunk_patches/chunk_006_20250612_155913.patch'), PosixPath('/home/elpsy/workspace/sow/patch-backport/workspace/linux/kernel-torvalds/2afd4d/chunk_patches/chunk_007_20250612_155913.patch'), PosixPath('/home/elpsy/workspace/sow/patch-backport/workspace/linux/kernel-torvalds/2afd4d/chunk_patches/chunk_008_20250612_155913.patch'), PosixPath('/home/elpsy/workspace/sow/patch-backport/workspace/linux/kernel-torvalds/2afd4d/chunk_patches/chunk_009_20250612_155913.patch'), PosixPath('/home/elpsy/workspace/sow/patch-backport/workspace/linux/kernel-torvalds/2afd4d/chunk_patches/chunk_010_20250612_155913.patch'), PosixPath('/home/elpsy/workspace/sow/patch-backport/workspace/linux/kernel-torvalds/2afd4d/chunk_patches/chunk_011_20250612_155913.patch'), PosixPath('/home/elpsy/workspace/sow/patch-backport/workspace/linux/kernel-torvalds/2afd4d/chunk_patches/chunk_012_20250612_155913.patch'), PosixPath('/home/elpsy/workspace/sow/patch-backport/workspace/linux/kernel-torvalds/2afd4d/chunk_patches/chunk_013_20250612_155913.patch'), PosixPath('/home/elpsy/workspace/sow/patch-backport/workspace/linux/kernel-torvalds/2afd4d/chunk_patches/chunk_014_20250612_155913.patch'), PosixPath('/home/elpsy/workspace/sow/patch-backport/workspace/linux/kernel-torvalds/2afd4d/chunk_patches/chunk_015_20250612_155913.patch'), PosixPath('/home/elpsy/workspace/sow/patch-backport/workspace/linux/kernel-torvalds/2afd4d/chunk_patches/chunk_016_20250612_155913.patch'), PosixPath('/home/elpsy/workspace/sow/patch-backport/workspace/linux/kernel-torvalds/2afd4d/chunk_patches/chunk_017_20250612_155913.patch'), PosixPath('/home/elpsy/workspace/sow/patch-backport/workspace/linux/kernel-torvalds/2afd4d/chunk_patches/chunk_018_20250612_155913.patch'), PosixPath('/home/elpsy/workspace/sow/patch-backport/workspace/linux/kernel-torvalds/2afd4d/chunk_patches/chunk_019_20250612_155913.patch'), PosixPath('/home/elpsy/workspace/sow/patch-backport/workspace/linux/kernel-torvalds/2afd4d/chunk_patches/chunk_020_20250612_155913.patch'), PosixPath('/home/elpsy/workspace/sow/patch-backport/workspace/linux/kernel-torvalds/2afd4d/chunk_patches/chunk_021_20250612_155913.patch'), PosixPath('/home/elpsy/workspace/sow/patch-backport/workspace/linux/kernel-torvalds/2afd4d/chunk_patches/chunk_022_20250612_155913.patch'), PosixPath('/home/elpsy/workspace/sow/patch-backport/workspace/linux/kernel-torvalds/2afd4d/chunk_patches/chunk_023_20250612_155913.patch'), PosixPath('/home/elpsy/workspace/sow/patch-backport/workspace/linux/kernel-torvalds/2afd4d/chunk_patches/chunk_024_20250612_155913.patch'), PosixPath('/home/elpsy/workspace/sow/patch-backport/workspace/linux/kernel-torvalds/2afd4d/chunk_patches/chunk_025_20250612_155913.patch'), PosixPath('/home/elpsy/workspace/sow/patch-backport/workspace/linux/kernel-torvalds/2afd4d/chunk_patches/chunk_026_20250612_155913.patch'), PosixPath('/home/elpsy/workspace/sow/patch-backport/workspace/linux/kernel-torvalds/2afd4d/chunk_patches/chunk_027_20250612_155913.patch'), PosixPath('/home/elpsy/workspace/sow/patch-backport/workspace/linux/kernel-torvalds/2afd4d/chunk_patches/chunk_028_20250612_155913.patch'), PosixPath('/home/elpsy/workspace/sow/patch-backport/workspace/linux/kernel-torvalds/2afd4d/chunk_patches/chunk_029_20250612_155913.patch'), PosixPath('/home/elpsy/workspace/sow/patch-backport/workspace/linux/kernel-torvalds/2afd4d/chunk_patches/chunk_030_20250612_155913.patch'), PosixPath('/home/elpsy/workspace/sow/patch-backport/workspace/linux/kernel-torvalds/2afd4d/chunk_patches/chunk_031_20250612_155913.patch'), PosixPath('/home/elpsy/workspace/sow/patch-backport/workspace/linux/kernel-torvalds/2afd4d/chunk_patches/chunk_032_20250612_155913.patch'), PosixPath('/home/elpsy/workspace/sow/patch-backport/workspace/linux/kernel-torvalds/2afd4d/chunk_patches/chunk_033_20250612_155913.patch'), PosixPath('/home/elpsy/workspace/sow/patch-backport/workspace/linux/kernel-torvalds/2afd4d/chunk_patches/chunk_034_20250612_155913.patch'), PosixPath('/home/elpsy/workspace/sow/patch-backport/workspace/linux/kernel-torvalds/2afd4d/chunk_patches/chunk_035_20250612_155913.patch'), PosixPath('/home/elpsy/workspace/sow/patch-backport/workspace/linux/kernel-torvalds/2afd4d/chunk_patches/chunk_039_20250612_155913.patch'), PosixPath('/home/elpsy/workspace/sow/patch-backport/workspace/linux/kernel-torvalds/2afd4d/chunk_patches/chunk_040_20250612_155913.patch'), PosixPath('/home/elpsy/workspace/sow/patch-backport/workspace/linux/kernel-torvalds/2afd4d/chunk_patches/chunk_041_20250612_155913.patch')]
2025-06-12 16:00:32.366 | INFO     | __main__:_merge_patches:1126 - Chunk分析器应用了 38/41 个chunks
2025-06-12 16:00:32.366 | INFO     | __main__:_merge_patches:1161 - 找到patch_adapter成功的补丁: /home/elpsy/workspace/sow/patch-backport/workspace/linux/kernel-torvalds/2afd4d/patches/adapted_v6.12-rc7.patch
2025-06-12 16:00:32.366 | INFO     | __main__:_merge_patches:1172 - 合并 38 个chunk补丁和patch_adapter补丁
2025-06-12 16:00:32.367 | INFO     | __main__:_combine_patch_files:1255 - 创建临时测试分支: patch_merge_14412539
2025-06-12 16:00:32.964 | INFO     | __main__:_combine_patch_files:1289 - 应用补丁: /home/elpsy/workspace/sow/patch-backport/workspace/linux/kernel-torvalds/2afd4d/chunk_patches/chunk_001_20250612_155913.patch
2025-06-12 16:00:32.964 | INFO     | __main__:_combine_patch_files:1292 - 执行命令: git apply --ignore-whitespace /home/elpsy/workspace/sow/patch-backport/workspace/linux/kernel-torvalds/2afd4d/chunk_patches/chunk_001_20250612_155913.patch
2025-06-12 16:00:32.968 | INFO     | __main__:_combine_patch_files:1302 - 成功应用补丁: /home/elpsy/workspace/sow/patch-backport/workspace/linux/kernel-torvalds/2afd4d/chunk_patches/chunk_001_20250612_155913.patch
2025-06-12 16:00:32.968 | INFO     | __main__:_combine_patch_files:1289 - 应用补丁: /home/elpsy/workspace/sow/patch-backport/workspace/linux/kernel-torvalds/2afd4d/chunk_patches/chunk_002_20250612_155913.patch
2025-06-12 16:00:32.969 | INFO     | __main__:_combine_patch_files:1292 - 执行命令: git apply --ignore-whitespace /home/elpsy/workspace/sow/patch-backport/workspace/linux/kernel-torvalds/2afd4d/chunk_patches/chunk_002_20250612_155913.patch
2025-06-12 16:00:32.972 | INFO     | __main__:_combine_patch_files:1302 - 成功应用补丁: /home/elpsy/workspace/sow/patch-backport/workspace/linux/kernel-torvalds/2afd4d/chunk_patches/chunk_002_20250612_155913.patch
2025-06-12 16:00:32.972 | INFO     | __main__:_combine_patch_files:1289 - 应用补丁: /home/elpsy/workspace/sow/patch-backport/workspace/linux/kernel-torvalds/2afd4d/chunk_patches/chunk_003_20250612_155913.patch
2025-06-12 16:00:32.972 | INFO     | __main__:_combine_patch_files:1292 - 执行命令: git apply --ignore-whitespace /home/elpsy/workspace/sow/patch-backport/workspace/linux/kernel-torvalds/2afd4d/chunk_patches/chunk_003_20250612_155913.patch
2025-06-12 16:00:32.975 | INFO     | __main__:_combine_patch_files:1302 - 成功应用补丁: /home/elpsy/workspace/sow/patch-backport/workspace/linux/kernel-torvalds/2afd4d/chunk_patches/chunk_003_20250612_155913.patch
2025-06-12 16:00:32.976 | INFO     | __main__:_combine_patch_files:1289 - 应用补丁: /home/elpsy/workspace/sow/patch-backport/workspace/linux/kernel-torvalds/2afd4d/chunk_patches/chunk_004_20250612_155913.patch
2025-06-12 16:00:32.976 | INFO     | __main__:_combine_patch_files:1292 - 执行命令: git apply --ignore-whitespace /home/elpsy/workspace/sow/patch-backport/workspace/linux/kernel-torvalds/2afd4d/chunk_patches/chunk_004_20250612_155913.patch
2025-06-12 16:00:32.979 | INFO     | __main__:_combine_patch_files:1302 - 成功应用补丁: /home/elpsy/workspace/sow/patch-backport/workspace/linux/kernel-torvalds/2afd4d/chunk_patches/chunk_004_20250612_155913.patch
2025-06-12 16:00:32.979 | INFO     | __main__:_combine_patch_files:1289 - 应用补丁: /home/elpsy/workspace/sow/patch-backport/workspace/linux/kernel-torvalds/2afd4d/chunk_patches/chunk_005_20250612_155913.patch
2025-06-12 16:00:32.980 | INFO     | __main__:_combine_patch_files:1292 - 执行命令: git apply --ignore-whitespace /home/elpsy/workspace/sow/patch-backport/workspace/linux/kernel-torvalds/2afd4d/chunk_patches/chunk_005_20250612_155913.patch
2025-06-12 16:00:32.983 | INFO     | __main__:_combine_patch_files:1302 - 成功应用补丁: /home/elpsy/workspace/sow/patch-backport/workspace/linux/kernel-torvalds/2afd4d/chunk_patches/chunk_005_20250612_155913.patch
2025-06-12 16:00:32.984 | INFO     | __main__:_combine_patch_files:1289 - 应用补丁: /home/elpsy/workspace/sow/patch-backport/workspace/linux/kernel-torvalds/2afd4d/chunk_patches/chunk_006_20250612_155913.patch
2025-06-12 16:00:32.984 | INFO     | __main__:_combine_patch_files:1292 - 执行命令: git apply --ignore-whitespace /home/elpsy/workspace/sow/patch-backport/workspace/linux/kernel-torvalds/2afd4d/chunk_patches/chunk_006_20250612_155913.patch
2025-06-12 16:00:32.987 | INFO     | __main__:_combine_patch_files:1302 - 成功应用补丁: /home/elpsy/workspace/sow/patch-backport/workspace/linux/kernel-torvalds/2afd4d/chunk_patches/chunk_006_20250612_155913.patch
2025-06-12 16:00:32.988 | INFO     | __main__:_combine_patch_files:1289 - 应用补丁: /home/elpsy/workspace/sow/patch-backport/workspace/linux/kernel-torvalds/2afd4d/chunk_patches/chunk_007_20250612_155913.patch
2025-06-12 16:00:32.988 | INFO     | __main__:_combine_patch_files:1292 - 执行命令: git apply --ignore-whitespace /home/elpsy/workspace/sow/patch-backport/workspace/linux/kernel-torvalds/2afd4d/chunk_patches/chunk_007_20250612_155913.patch
2025-06-12 16:00:32.991 | INFO     | __main__:_combine_patch_files:1302 - 成功应用补丁: /home/elpsy/workspace/sow/patch-backport/workspace/linux/kernel-torvalds/2afd4d/chunk_patches/chunk_007_20250612_155913.patch
2025-06-12 16:00:32.992 | INFO     | __main__:_combine_patch_files:1289 - 应用补丁: /home/elpsy/workspace/sow/patch-backport/workspace/linux/kernel-torvalds/2afd4d/chunk_patches/chunk_008_20250612_155913.patch
2025-06-12 16:00:32.992 | INFO     | __main__:_combine_patch_files:1292 - 执行命令: git apply --ignore-whitespace /home/elpsy/workspace/sow/patch-backport/workspace/linux/kernel-torvalds/2afd4d/chunk_patches/chunk_008_20250612_155913.patch
2025-06-12 16:00:32.995 | INFO     | __main__:_combine_patch_files:1302 - 成功应用补丁: /home/elpsy/workspace/sow/patch-backport/workspace/linux/kernel-torvalds/2afd4d/chunk_patches/chunk_008_20250612_155913.patch
2025-06-12 16:00:32.995 | INFO     | __main__:_combine_patch_files:1289 - 应用补丁: /home/elpsy/workspace/sow/patch-backport/workspace/linux/kernel-torvalds/2afd4d/chunk_patches/chunk_009_20250612_155913.patch
2025-06-12 16:00:32.996 | INFO     | __main__:_combine_patch_files:1292 - 执行命令: git apply --ignore-whitespace /home/elpsy/workspace/sow/patch-backport/workspace/linux/kernel-torvalds/2afd4d/chunk_patches/chunk_009_20250612_155913.patch
2025-06-12 16:00:33.000 | INFO     | __main__:_combine_patch_files:1302 - 成功应用补丁: /home/elpsy/workspace/sow/patch-backport/workspace/linux/kernel-torvalds/2afd4d/chunk_patches/chunk_009_20250612_155913.patch
2025-06-12 16:00:33.000 | INFO     | __main__:_combine_patch_files:1289 - 应用补丁: /home/elpsy/workspace/sow/patch-backport/workspace/linux/kernel-torvalds/2afd4d/chunk_patches/chunk_010_20250612_155913.patch
2025-06-12 16:00:33.001 | INFO     | __main__:_combine_patch_files:1292 - 执行命令: git apply --ignore-whitespace /home/elpsy/workspace/sow/patch-backport/workspace/linux/kernel-torvalds/2afd4d/chunk_patches/chunk_010_20250612_155913.patch
2025-06-12 16:00:33.005 | INFO     | __main__:_combine_patch_files:1302 - 成功应用补丁: /home/elpsy/workspace/sow/patch-backport/workspace/linux/kernel-torvalds/2afd4d/chunk_patches/chunk_010_20250612_155913.patch
2025-06-12 16:00:33.005 | INFO     | __main__:_combine_patch_files:1289 - 应用补丁: /home/elpsy/workspace/sow/patch-backport/workspace/linux/kernel-torvalds/2afd4d/chunk_patches/chunk_011_20250612_155913.patch
2025-06-12 16:00:33.005 | INFO     | __main__:_combine_patch_files:1292 - 执行命令: git apply --ignore-whitespace /home/elpsy/workspace/sow/patch-backport/workspace/linux/kernel-torvalds/2afd4d/chunk_patches/chunk_011_20250612_155913.patch
2025-06-12 16:00:33.009 | INFO     | __main__:_combine_patch_files:1302 - 成功应用补丁: /home/elpsy/workspace/sow/patch-backport/workspace/linux/kernel-torvalds/2afd4d/chunk_patches/chunk_011_20250612_155913.patch
2025-06-12 16:00:33.009 | INFO     | __main__:_combine_patch_files:1289 - 应用补丁: /home/elpsy/workspace/sow/patch-backport/workspace/linux/kernel-torvalds/2afd4d/chunk_patches/chunk_012_20250612_155913.patch
2025-06-12 16:00:33.009 | INFO     | __main__:_combine_patch_files:1292 - 执行命令: git apply --ignore-whitespace /home/elpsy/workspace/sow/patch-backport/workspace/linux/kernel-torvalds/2afd4d/chunk_patches/chunk_012_20250612_155913.patch
2025-06-12 16:00:33.012 | INFO     | __main__:_combine_patch_files:1302 - 成功应用补丁: /home/elpsy/workspace/sow/patch-backport/workspace/linux/kernel-torvalds/2afd4d/chunk_patches/chunk_012_20250612_155913.patch
2025-06-12 16:00:33.013 | INFO     | __main__:_combine_patch_files:1289 - 应用补丁: /home/elpsy/workspace/sow/patch-backport/workspace/linux/kernel-torvalds/2afd4d/chunk_patches/chunk_013_20250612_155913.patch
2025-06-12 16:00:33.013 | INFO     | __main__:_combine_patch_files:1292 - 执行命令: git apply --ignore-whitespace /home/elpsy/workspace/sow/patch-backport/workspace/linux/kernel-torvalds/2afd4d/chunk_patches/chunk_013_20250612_155913.patch
2025-06-12 16:00:33.017 | INFO     | __main__:_combine_patch_files:1302 - 成功应用补丁: /home/elpsy/workspace/sow/patch-backport/workspace/linux/kernel-torvalds/2afd4d/chunk_patches/chunk_013_20250612_155913.patch
2025-06-12 16:00:33.017 | INFO     | __main__:_combine_patch_files:1289 - 应用补丁: /home/elpsy/workspace/sow/patch-backport/workspace/linux/kernel-torvalds/2afd4d/chunk_patches/chunk_014_20250612_155913.patch
2025-06-12 16:00:33.017 | INFO     | __main__:_combine_patch_files:1292 - 执行命令: git apply --ignore-whitespace /home/elpsy/workspace/sow/patch-backport/workspace/linux/kernel-torvalds/2afd4d/chunk_patches/chunk_014_20250612_155913.patch
2025-06-12 16:00:33.021 | INFO     | __main__:_combine_patch_files:1302 - 成功应用补丁: /home/elpsy/workspace/sow/patch-backport/workspace/linux/kernel-torvalds/2afd4d/chunk_patches/chunk_014_20250612_155913.patch
2025-06-12 16:00:33.021 | INFO     | __main__:_combine_patch_files:1289 - 应用补丁: /home/elpsy/workspace/sow/patch-backport/workspace/linux/kernel-torvalds/2afd4d/chunk_patches/chunk_015_20250612_155913.patch
2025-06-12 16:00:33.021 | INFO     | __main__:_combine_patch_files:1292 - 执行命令: git apply --ignore-whitespace /home/elpsy/workspace/sow/patch-backport/workspace/linux/kernel-torvalds/2afd4d/chunk_patches/chunk_015_20250612_155913.patch
2025-06-12 16:00:33.025 | INFO     | __main__:_combine_patch_files:1302 - 成功应用补丁: /home/elpsy/workspace/sow/patch-backport/workspace/linux/kernel-torvalds/2afd4d/chunk_patches/chunk_015_20250612_155913.patch
2025-06-12 16:00:33.025 | INFO     | __main__:_combine_patch_files:1289 - 应用补丁: /home/elpsy/workspace/sow/patch-backport/workspace/linux/kernel-torvalds/2afd4d/chunk_patches/chunk_016_20250612_155913.patch
2025-06-12 16:00:33.025 | INFO     | __main__:_combine_patch_files:1292 - 执行命令: git apply --ignore-whitespace /home/elpsy/workspace/sow/patch-backport/workspace/linux/kernel-torvalds/2afd4d/chunk_patches/chunk_016_20250612_155913.patch
2025-06-12 16:00:33.028 | INFO     | __main__:_combine_patch_files:1302 - 成功应用补丁: /home/elpsy/workspace/sow/patch-backport/workspace/linux/kernel-torvalds/2afd4d/chunk_patches/chunk_016_20250612_155913.patch
2025-06-12 16:00:33.029 | INFO     | __main__:_combine_patch_files:1289 - 应用补丁: /home/elpsy/workspace/sow/patch-backport/workspace/linux/kernel-torvalds/2afd4d/chunk_patches/chunk_017_20250612_155913.patch
2025-06-12 16:00:33.029 | INFO     | __main__:_combine_patch_files:1292 - 执行命令: git apply --ignore-whitespace /home/elpsy/workspace/sow/patch-backport/workspace/linux/kernel-torvalds/2afd4d/chunk_patches/chunk_017_20250612_155913.patch
2025-06-12 16:00:33.033 | INFO     | __main__:_combine_patch_files:1302 - 成功应用补丁: /home/elpsy/workspace/sow/patch-backport/workspace/linux/kernel-torvalds/2afd4d/chunk_patches/chunk_017_20250612_155913.patch
2025-06-12 16:00:33.034 | INFO     | __main__:_combine_patch_files:1289 - 应用补丁: /home/elpsy/workspace/sow/patch-backport/workspace/linux/kernel-torvalds/2afd4d/chunk_patches/chunk_018_20250612_155913.patch
2025-06-12 16:00:33.034 | INFO     | __main__:_combine_patch_files:1292 - 执行命令: git apply --ignore-whitespace /home/elpsy/workspace/sow/patch-backport/workspace/linux/kernel-torvalds/2afd4d/chunk_patches/chunk_018_20250612_155913.patch
2025-06-12 16:00:33.037 | INFO     | __main__:_combine_patch_files:1302 - 成功应用补丁: /home/elpsy/workspace/sow/patch-backport/workspace/linux/kernel-torvalds/2afd4d/chunk_patches/chunk_018_20250612_155913.patch
2025-06-12 16:00:33.038 | INFO     | __main__:_combine_patch_files:1289 - 应用补丁: /home/elpsy/workspace/sow/patch-backport/workspace/linux/kernel-torvalds/2afd4d/chunk_patches/chunk_019_20250612_155913.patch
2025-06-12 16:00:33.038 | INFO     | __main__:_combine_patch_files:1292 - 执行命令: git apply --ignore-whitespace /home/elpsy/workspace/sow/patch-backport/workspace/linux/kernel-torvalds/2afd4d/chunk_patches/chunk_019_20250612_155913.patch
2025-06-12 16:00:33.042 | INFO     | __main__:_combine_patch_files:1302 - 成功应用补丁: /home/elpsy/workspace/sow/patch-backport/workspace/linux/kernel-torvalds/2afd4d/chunk_patches/chunk_019_20250612_155913.patch
2025-06-12 16:00:33.042 | INFO     | __main__:_combine_patch_files:1289 - 应用补丁: /home/elpsy/workspace/sow/patch-backport/workspace/linux/kernel-torvalds/2afd4d/chunk_patches/chunk_020_20250612_155913.patch
2025-06-12 16:00:33.042 | INFO     | __main__:_combine_patch_files:1292 - 执行命令: git apply --ignore-whitespace /home/elpsy/workspace/sow/patch-backport/workspace/linux/kernel-torvalds/2afd4d/chunk_patches/chunk_020_20250612_155913.patch
2025-06-12 16:00:33.047 | INFO     | __main__:_combine_patch_files:1302 - 成功应用补丁: /home/elpsy/workspace/sow/patch-backport/workspace/linux/kernel-torvalds/2afd4d/chunk_patches/chunk_020_20250612_155913.patch
2025-06-12 16:00:33.047 | INFO     | __main__:_combine_patch_files:1289 - 应用补丁: /home/elpsy/workspace/sow/patch-backport/workspace/linux/kernel-torvalds/2afd4d/chunk_patches/chunk_021_20250612_155913.patch
2025-06-12 16:00:33.048 | INFO     | __main__:_combine_patch_files:1292 - 执行命令: git apply --ignore-whitespace /home/elpsy/workspace/sow/patch-backport/workspace/linux/kernel-torvalds/2afd4d/chunk_patches/chunk_021_20250612_155913.patch
2025-06-12 16:00:33.052 | INFO     | __main__:_combine_patch_files:1302 - 成功应用补丁: /home/elpsy/workspace/sow/patch-backport/workspace/linux/kernel-torvalds/2afd4d/chunk_patches/chunk_021_20250612_155913.patch
2025-06-12 16:00:33.052 | INFO     | __main__:_combine_patch_files:1289 - 应用补丁: /home/elpsy/workspace/sow/patch-backport/workspace/linux/kernel-torvalds/2afd4d/chunk_patches/chunk_022_20250612_155913.patch
2025-06-12 16:00:33.053 | INFO     | __main__:_combine_patch_files:1292 - 执行命令: git apply --ignore-whitespace /home/elpsy/workspace/sow/patch-backport/workspace/linux/kernel-torvalds/2afd4d/chunk_patches/chunk_022_20250612_155913.patch
2025-06-12 16:00:33.056 | INFO     | __main__:_combine_patch_files:1302 - 成功应用补丁: /home/elpsy/workspace/sow/patch-backport/workspace/linux/kernel-torvalds/2afd4d/chunk_patches/chunk_022_20250612_155913.patch
2025-06-12 16:00:33.057 | INFO     | __main__:_combine_patch_files:1289 - 应用补丁: /home/elpsy/workspace/sow/patch-backport/workspace/linux/kernel-torvalds/2afd4d/chunk_patches/chunk_023_20250612_155913.patch
2025-06-12 16:00:33.057 | INFO     | __main__:_combine_patch_files:1292 - 执行命令: git apply --ignore-whitespace /home/elpsy/workspace/sow/patch-backport/workspace/linux/kernel-torvalds/2afd4d/chunk_patches/chunk_023_20250612_155913.patch
2025-06-12 16:00:33.061 | INFO     | __main__:_combine_patch_files:1302 - 成功应用补丁: /home/elpsy/workspace/sow/patch-backport/workspace/linux/kernel-torvalds/2afd4d/chunk_patches/chunk_023_20250612_155913.patch
2025-06-12 16:00:33.061 | INFO     | __main__:_combine_patch_files:1289 - 应用补丁: /home/elpsy/workspace/sow/patch-backport/workspace/linux/kernel-torvalds/2afd4d/chunk_patches/chunk_024_20250612_155913.patch
2025-06-12 16:00:33.061 | INFO     | __main__:_combine_patch_files:1292 - 执行命令: git apply --ignore-whitespace /home/elpsy/workspace/sow/patch-backport/workspace/linux/kernel-torvalds/2afd4d/chunk_patches/chunk_024_20250612_155913.patch
2025-06-12 16:00:33.067 | INFO     | __main__:_combine_patch_files:1302 - 成功应用补丁: /home/elpsy/workspace/sow/patch-backport/workspace/linux/kernel-torvalds/2afd4d/chunk_patches/chunk_024_20250612_155913.patch
2025-06-12 16:00:33.067 | INFO     | __main__:_combine_patch_files:1289 - 应用补丁: /home/elpsy/workspace/sow/patch-backport/workspace/linux/kernel-torvalds/2afd4d/chunk_patches/chunk_025_20250612_155913.patch
2025-06-12 16:00:33.067 | INFO     | __main__:_combine_patch_files:1292 - 执行命令: git apply --ignore-whitespace /home/elpsy/workspace/sow/patch-backport/workspace/linux/kernel-torvalds/2afd4d/chunk_patches/chunk_025_20250612_155913.patch
2025-06-12 16:00:33.072 | INFO     | __main__:_combine_patch_files:1302 - 成功应用补丁: /home/elpsy/workspace/sow/patch-backport/workspace/linux/kernel-torvalds/2afd4d/chunk_patches/chunk_025_20250612_155913.patch
2025-06-12 16:00:33.072 | INFO     | __main__:_combine_patch_files:1289 - 应用补丁: /home/elpsy/workspace/sow/patch-backport/workspace/linux/kernel-torvalds/2afd4d/chunk_patches/chunk_026_20250612_155913.patch
2025-06-12 16:00:33.073 | INFO     | __main__:_combine_patch_files:1292 - 执行命令: git apply --ignore-whitespace /home/elpsy/workspace/sow/patch-backport/workspace/linux/kernel-torvalds/2afd4d/chunk_patches/chunk_026_20250612_155913.patch
2025-06-12 16:00:33.076 | INFO     | __main__:_combine_patch_files:1302 - 成功应用补丁: /home/elpsy/workspace/sow/patch-backport/workspace/linux/kernel-torvalds/2afd4d/chunk_patches/chunk_026_20250612_155913.patch
2025-06-12 16:00:33.077 | INFO     | __main__:_combine_patch_files:1289 - 应用补丁: /home/elpsy/workspace/sow/patch-backport/workspace/linux/kernel-torvalds/2afd4d/chunk_patches/chunk_027_20250612_155913.patch
2025-06-12 16:00:33.077 | INFO     | __main__:_combine_patch_files:1292 - 执行命令: git apply --ignore-whitespace /home/elpsy/workspace/sow/patch-backport/workspace/linux/kernel-torvalds/2afd4d/chunk_patches/chunk_027_20250612_155913.patch
2025-06-12 16:00:33.082 | INFO     | __main__:_combine_patch_files:1302 - 成功应用补丁: /home/elpsy/workspace/sow/patch-backport/workspace/linux/kernel-torvalds/2afd4d/chunk_patches/chunk_027_20250612_155913.patch
2025-06-12 16:00:33.082 | INFO     | __main__:_combine_patch_files:1289 - 应用补丁: /home/elpsy/workspace/sow/patch-backport/workspace/linux/kernel-torvalds/2afd4d/chunk_patches/chunk_028_20250612_155913.patch
2025-06-12 16:00:33.083 | INFO     | __main__:_combine_patch_files:1292 - 执行命令: git apply --ignore-whitespace /home/elpsy/workspace/sow/patch-backport/workspace/linux/kernel-torvalds/2afd4d/chunk_patches/chunk_028_20250612_155913.patch
2025-06-12 16:00:33.087 | INFO     | __main__:_combine_patch_files:1302 - 成功应用补丁: /home/elpsy/workspace/sow/patch-backport/workspace/linux/kernel-torvalds/2afd4d/chunk_patches/chunk_028_20250612_155913.patch
2025-06-12 16:00:33.088 | INFO     | __main__:_combine_patch_files:1289 - 应用补丁: /home/elpsy/workspace/sow/patch-backport/workspace/linux/kernel-torvalds/2afd4d/chunk_patches/chunk_029_20250612_155913.patch
2025-06-12 16:00:33.088 | INFO     | __main__:_combine_patch_files:1292 - 执行命令: git apply --ignore-whitespace /home/elpsy/workspace/sow/patch-backport/workspace/linux/kernel-torvalds/2afd4d/chunk_patches/chunk_029_20250612_155913.patch
2025-06-12 16:00:33.093 | INFO     | __main__:_combine_patch_files:1302 - 成功应用补丁: /home/elpsy/workspace/sow/patch-backport/workspace/linux/kernel-torvalds/2afd4d/chunk_patches/chunk_029_20250612_155913.patch
2025-06-12 16:00:33.093 | INFO     | __main__:_combine_patch_files:1289 - 应用补丁: /home/elpsy/workspace/sow/patch-backport/workspace/linux/kernel-torvalds/2afd4d/chunk_patches/chunk_030_20250612_155913.patch
2025-06-12 16:00:33.093 | INFO     | __main__:_combine_patch_files:1292 - 执行命令: git apply --ignore-whitespace /home/elpsy/workspace/sow/patch-backport/workspace/linux/kernel-torvalds/2afd4d/chunk_patches/chunk_030_20250612_155913.patch
2025-06-12 16:00:33.099 | INFO     | __main__:_combine_patch_files:1302 - 成功应用补丁: /home/elpsy/workspace/sow/patch-backport/workspace/linux/kernel-torvalds/2afd4d/chunk_patches/chunk_030_20250612_155913.patch
2025-06-12 16:00:33.099 | INFO     | __main__:_combine_patch_files:1289 - 应用补丁: /home/elpsy/workspace/sow/patch-backport/workspace/linux/kernel-torvalds/2afd4d/chunk_patches/chunk_031_20250612_155913.patch
2025-06-12 16:00:33.099 | INFO     | __main__:_combine_patch_files:1292 - 执行命令: git apply --ignore-whitespace /home/elpsy/workspace/sow/patch-backport/workspace/linux/kernel-torvalds/2afd4d/chunk_patches/chunk_031_20250612_155913.patch
2025-06-12 16:00:33.104 | INFO     | __main__:_combine_patch_files:1302 - 成功应用补丁: /home/elpsy/workspace/sow/patch-backport/workspace/linux/kernel-torvalds/2afd4d/chunk_patches/chunk_031_20250612_155913.patch
2025-06-12 16:00:33.104 | INFO     | __main__:_combine_patch_files:1289 - 应用补丁: /home/elpsy/workspace/sow/patch-backport/workspace/linux/kernel-torvalds/2afd4d/chunk_patches/chunk_032_20250612_155913.patch
2025-06-12 16:00:33.104 | INFO     | __main__:_combine_patch_files:1292 - 执行命令: git apply --ignore-whitespace /home/elpsy/workspace/sow/patch-backport/workspace/linux/kernel-torvalds/2afd4d/chunk_patches/chunk_032_20250612_155913.patch
2025-06-12 16:00:33.108 | INFO     | __main__:_combine_patch_files:1302 - 成功应用补丁: /home/elpsy/workspace/sow/patch-backport/workspace/linux/kernel-torvalds/2afd4d/chunk_patches/chunk_032_20250612_155913.patch
2025-06-12 16:00:33.109 | INFO     | __main__:_combine_patch_files:1289 - 应用补丁: /home/elpsy/workspace/sow/patch-backport/workspace/linux/kernel-torvalds/2afd4d/chunk_patches/chunk_033_20250612_155913.patch
2025-06-12 16:00:33.109 | INFO     | __main__:_combine_patch_files:1292 - 执行命令: git apply --ignore-whitespace /home/elpsy/workspace/sow/patch-backport/workspace/linux/kernel-torvalds/2afd4d/chunk_patches/chunk_033_20250612_155913.patch
2025-06-12 16:00:33.113 | INFO     | __main__:_combine_patch_files:1302 - 成功应用补丁: /home/elpsy/workspace/sow/patch-backport/workspace/linux/kernel-torvalds/2afd4d/chunk_patches/chunk_033_20250612_155913.patch
2025-06-12 16:00:33.114 | INFO     | __main__:_combine_patch_files:1289 - 应用补丁: /home/elpsy/workspace/sow/patch-backport/workspace/linux/kernel-torvalds/2afd4d/chunk_patches/chunk_034_20250612_155913.patch
2025-06-12 16:00:33.114 | INFO     | __main__:_combine_patch_files:1292 - 执行命令: git apply --ignore-whitespace /home/elpsy/workspace/sow/patch-backport/workspace/linux/kernel-torvalds/2afd4d/chunk_patches/chunk_034_20250612_155913.patch
2025-06-12 16:00:33.119 | INFO     | __main__:_combine_patch_files:1302 - 成功应用补丁: /home/elpsy/workspace/sow/patch-backport/workspace/linux/kernel-torvalds/2afd4d/chunk_patches/chunk_034_20250612_155913.patch
2025-06-12 16:00:33.119 | INFO     | __main__:_combine_patch_files:1289 - 应用补丁: /home/elpsy/workspace/sow/patch-backport/workspace/linux/kernel-torvalds/2afd4d/chunk_patches/chunk_035_20250612_155913.patch
2025-06-12 16:00:33.119 | INFO     | __main__:_combine_patch_files:1292 - 执行命令: git apply --ignore-whitespace /home/elpsy/workspace/sow/patch-backport/workspace/linux/kernel-torvalds/2afd4d/chunk_patches/chunk_035_20250612_155913.patch
2025-06-12 16:00:33.123 | INFO     | __main__:_combine_patch_files:1302 - 成功应用补丁: /home/elpsy/workspace/sow/patch-backport/workspace/linux/kernel-torvalds/2afd4d/chunk_patches/chunk_035_20250612_155913.patch
2025-06-12 16:00:33.124 | INFO     | __main__:_combine_patch_files:1289 - 应用补丁: /home/elpsy/workspace/sow/patch-backport/workspace/linux/kernel-torvalds/2afd4d/chunk_patches/chunk_039_20250612_155913.patch
2025-06-12 16:00:33.124 | INFO     | __main__:_combine_patch_files:1292 - 执行命令: git apply --ignore-whitespace /home/elpsy/workspace/sow/patch-backport/workspace/linux/kernel-torvalds/2afd4d/chunk_patches/chunk_039_20250612_155913.patch
2025-06-12 16:00:33.128 | INFO     | __main__:_combine_patch_files:1302 - 成功应用补丁: /home/elpsy/workspace/sow/patch-backport/workspace/linux/kernel-torvalds/2afd4d/chunk_patches/chunk_039_20250612_155913.patch
2025-06-12 16:00:33.128 | INFO     | __main__:_combine_patch_files:1289 - 应用补丁: /home/elpsy/workspace/sow/patch-backport/workspace/linux/kernel-torvalds/2afd4d/chunk_patches/chunk_040_20250612_155913.patch
2025-06-12 16:00:33.128 | INFO     | __main__:_combine_patch_files:1292 - 执行命令: git apply --ignore-whitespace /home/elpsy/workspace/sow/patch-backport/workspace/linux/kernel-torvalds/2afd4d/chunk_patches/chunk_040_20250612_155913.patch
2025-06-12 16:00:33.132 | INFO     | __main__:_combine_patch_files:1302 - 成功应用补丁: /home/elpsy/workspace/sow/patch-backport/workspace/linux/kernel-torvalds/2afd4d/chunk_patches/chunk_040_20250612_155913.patch
2025-06-12 16:00:33.132 | INFO     | __main__:_combine_patch_files:1289 - 应用补丁: /home/elpsy/workspace/sow/patch-backport/workspace/linux/kernel-torvalds/2afd4d/chunk_patches/chunk_041_20250612_155913.patch
2025-06-12 16:00:33.133 | INFO     | __main__:_combine_patch_files:1292 - 执行命令: git apply --ignore-whitespace /home/elpsy/workspace/sow/patch-backport/workspace/linux/kernel-torvalds/2afd4d/chunk_patches/chunk_041_20250612_155913.patch
2025-06-12 16:00:33.149 | INFO     | __main__:_combine_patch_files:1302 - 成功应用补丁: /home/elpsy/workspace/sow/patch-backport/workspace/linux/kernel-torvalds/2afd4d/chunk_patches/chunk_041_20250612_155913.patch
2025-06-12 16:00:33.150 | INFO     | __main__:_combine_patch_files:1289 - 应用补丁: /home/elpsy/workspace/sow/patch-backport/workspace/linux/kernel-torvalds/2afd4d/patches/adapted_v6.12-rc7.patch
2025-06-12 16:00:33.151 | INFO     | __main__:_combine_patch_files:1292 - 执行命令: git apply --ignore-whitespace /home/elpsy/workspace/sow/patch-backport/workspace/linux/kernel-torvalds/2afd4d/patches/adapted_v6.12-rc7.patch
2025-06-12 16:00:33.156 | INFO     | __main__:_combine_patch_files:1302 - 成功应用补丁: /home/elpsy/workspace/sow/patch-backport/workspace/linux/kernel-torvalds/2afd4d/patches/adapted_v6.12-rc7.patch
2025-06-12 16:00:33.559 | INFO     | __main__:_combine_patch_files:1368 - 执行命令: git format-patch -1 HEAD --stdout > temp_patch_merge/merged.patch
2025-06-12 16:00:33.573 | INFO     | __main__:_combine_patch_files:1410 - 成功生成合并补丁: temp_patch_merge/merged.patch (大小: 18821 字节)
2025-06-12 16:00:33.573 | INFO     | __main__:_combine_patch_files:1425 - 清理临时分支: patch_merge_14412539
2025-06-12 16:00:33.726 | INFO     | __main__:_merge_patches:1190 - 成功合并chunk补丁和patch_adapter补丁到: workspace/linux/kernel-torvalds/2afd4d/patches/merged_v6.12-rc7.patch
2025-06-12 16:00:33.726 | INFO     | __main__:_process_mode1:392 - 成功合并补丁到: workspace/linux/kernel-torvalds/2afd4d/patches/merged_v6.12-rc7.patch
2025-06-12 16:00:33.727 | INFO     | __main__:_save_results:751 - 已复制最终补丁到结果目录: results/kernel-torvalds_v6.12-rc7_2afd4d_20250612_160033/merged_v6.12-rc7.patch
2025-06-12 16:00:33.728 | INFO     | __main__:_save_results:889 - 结果已保存到: results/kernel-torvalds_v6.12-rc7_2afd4d_20250612_160033/result.json
2025-06-12 16:00:33.728 | INFO     | __main__:_print_summary:931 - context.patch_adapter_result: {'success': True, 'adapted_patch_path': '/home/elpsy/workspace/sow/patch-backport/workspace/linux/kernel-torvalds/2afd4d/patches/adapted_v6.12-rc7.patch', 'apply_result': {'success': True, 'error': None, 'error_type': None, 'output': 'Applying: Applied adapted patch for v6.12-rc7\n'}}
2025-06-12 16:00:33.728 | INFO     | __main__:_print_summary:954 - ==================================================
2025-06-12 16:00:33.728 | INFO     | __main__:_print_summary:955 - 处理摘要 - 提交: 2afd4d
2025-06-12 16:00:33.729 | INFO     | __main__:_print_summary:956 - 适配状态: 适配成功 (方法: patch_adapter)
2025-06-12 16:00:33.729 | INFO     | __main__:_print_summary:971 - 块分析统计:
2025-06-12 16:00:33.729 | INFO     | __main__:_print_summary:972 - - 总块数: 41
2025-06-12 16:00:33.730 | INFO     | __main__:_print_summary:973 - - 冲突块数: 3
2025-06-12 16:00:33.730 | INFO     | __main__:_print_summary:974 - - 成功适配块数: 3
2025-06-12 16:00:33.730 | INFO     | __main__:_print_summary:975 - - 适配失败块数: 0
2025-06-12 16:00:33.731 | INFO     | __main__:_print_summary:976 - - 编译失败块数: 0
2025-06-12 16:00:33.731 | INFO     | __main__:_print_summary:980 - 总执行时间: 87.12秒
2025-06-12 16:00:33.731 | INFO     | __main__:_print_summary:985 - ==================================================
2025-06-12 16:00:33.732 | INFO     | __main__:run:335 - 处理完成
2025-06-12 16:00:33.732 | INFO     | __main__:process_multiple_commits:1842 - 处理第 4/5 个commit: 64c37e134b120fb462fb4a80694bfb8e7be77b14
2025-06-12 16:00:33.736 | INFO     | __main__:extract_commit_info:1990 - Commit 64c37e134b120fb462fb4a80694bfb8e7be77b14 存在于仓库中
