2025-06-12 17:37:34.936 | INFO     | __main__:_setup_logger:325 - 日志文件: logs/backport_20250612_173734.log
2025-06-12 17:37:34.936 | INFO     | __main__:run:329 - 开始执行 模式1
2025-06-12 17:37:34.937 | INFO     | __main__:_process_mode1:351 - 处理补丁: https://github.com/linux/kernel-torvalds/commit/f8fb2403ddebb5eea0033d90d9daae4c88749ada.patch
2025-06-12 17:37:34.937 | INFO     | core.adaptation_pipeline:_load_modules:66 - 已加载模块: direct_apply
2025-06-12 17:37:34.938 | INFO     | core.adaptation_pipeline:_load_modules:66 - 已加载模块: chunk_analyzer
2025-06-12 17:37:34.939 | INFO     | core.adaptation_pipeline:_load_modules:66 - 已加载模块: llm_adapter
2025-06-12 17:37:34.940 | INFO     | core.adaptation_pipeline:_load_modules:66 - 已加载模块: patch_adapter
2025-06-12 17:37:34.940 | INFO     | __main__:_process_mode1:358 - 目标版本: ['v6.12-rc7']
2025-06-12 17:37:34.940 | INFO     | __main__:_process_mode1:365 - 开始处理版本: v6.12-rc7
2025-06-12 17:37:34.941 | INFO     | core.adaptation_pipeline:process_patch:85 - 开始处理补丁: f8fb2403ddebb5eea0033d90d9daae4c88749ada.patch
2025-06-12 17:37:34.941 | INFO     | core.adaptation_pipeline:process_patch:106 - 执行模块: direct_apply
2025-06-12 17:37:34.941 | INFO     | modules.direct_apply:_download_patch:248 - 上游补丁文件已存在: workspace/linux/kernel-torvalds/f8fb24/patches/upstream_f8fb24.patch
2025-06-12 17:37:34.942 | INFO     | modules.direct_apply:execute:62 - 此时upstream_patch_path存在状态: True
2025-06-12 17:37:34.942 | INFO     | modules.direct_apply:execute:63 - 下载补丁成功: /home/elpsy/workspace/sow/patch-backport/workspace/linux/kernel-torvalds/f8fb24/patches/upstream_f8fb24.patch
2025-06-12 17:37:35.117 | INFO     | modules.direct_apply:_prepare_test_branch:400 - 创建测试分支: test_patch_v6.12-rc7
2025-06-12 17:37:35.716 | ERROR    | modules.direct_apply:_apply_patch:340 - 补丁应用失败: error: patch failed: drivers/ufs/host/ufshcd-pltfrm.c:534
error: drivers/ufs/host/ufshcd-pltfrm.c: patch does not apply
hint: Use 'git am --show-current-patch' to see the failed patch

2025-06-12 17:37:36.166 | INFO     | modules.direct_apply:_cleanup_test_branch:492 - 清理测试分支: test_patch_v6.12-rc7
2025-06-12 17:37:36.166 | INFO     | core.adaptation_pipeline:process_patch:106 - 执行模块: chunk_analyzer
2025-06-12 17:37:36.167 | INFO     | modules.chunk_analyzer:execute:52 - 开始分析补丁: /home/elpsy/workspace/sow/patch-backport/workspace/linux/kernel-torvalds/f8fb24/patches/upstream_f8fb24.patch
2025-06-12 17:37:36.167 | INFO     | modules.chunk_analyzer:_split_patch_into_chunks:178 - 开始分解补丁文件: /home/elpsy/workspace/sow/patch-backport/workspace/linux/kernel-torvalds/f8fb24/patches/upstream_f8fb24.patch
2025-06-12 17:37:36.167 | INFO     | modules.chunk_analyzer:_split_patch_into_chunks:183 - 补丁文件包含 258 行内容
2025-06-12 17:37:36.168 | INFO     | modules.chunk_analyzer:_split_patch_into_chunks:198 - 发现修改文件: drivers/ufs/core/ufshcd.c
2025-06-12 17:37:36.169 | INFO     | modules.chunk_analyzer:_split_patch_into_chunks:249 - 发现修改块: drivers/ufs/core/ufshcd.c @@ -10226,16 +10226,6 @@ (modification)
2025-06-12 17:37:36.169 | INFO     | modules.chunk_analyzer:_split_patch_into_chunks:249 - 发现修改块: drivers/ufs/core/ufshcd.c @@ -10254,12 +10244,26 @@ (modification)
2025-06-12 17:37:36.169 | INFO     | modules.chunk_analyzer:_split_patch_into_chunks:249 - 发现修改块: drivers/ufs/core/ufshcd.c @@ -10281,6 +10285,13 @@ (modification)
2025-06-12 17:37:36.170 | INFO     | modules.chunk_analyzer:_split_patch_into_chunks:198 - 发现修改文件: drivers/ufs/host/ufshcd-pci.c
2025-06-12 17:37:36.170 | INFO     | modules.chunk_analyzer:_split_patch_into_chunks:249 - 发现修改块: drivers/ufs/host/ufshcd-pci.c @@ -562,7 +562,6 @@ (modification)
2025-06-12 17:37:36.171 | INFO     | modules.chunk_analyzer:_split_patch_into_chunks:249 - 发现修改块: drivers/ufs/host/ufshcd-pci.c @@ -605,7 +604,6 @@ (modification)
2025-06-12 17:37:36.171 | INFO     | modules.chunk_analyzer:_split_patch_into_chunks:198 - 发现修改文件: drivers/ufs/host/ufshcd-pltfrm.c
2025-06-12 17:37:36.171 | INFO     | modules.chunk_analyzer:_split_patch_into_chunks:249 - 发现修改块: drivers/ufs/host/ufshcd-pltfrm.c @@ -465,21 +465,17 @@ (modification)
2025-06-12 17:37:36.172 | INFO     | modules.chunk_analyzer:_split_patch_into_chunks:249 - 发现修改块: drivers/ufs/host/ufshcd-pltfrm.c @@ -488,13 +484,13 @@ (modification)
2025-06-12 17:37:36.172 | INFO     | modules.chunk_analyzer:_split_patch_into_chunks:249 - 发现修改块: drivers/ufs/host/ufshcd-pltfrm.c @@ -502,25 +498,20 @@ (modification)
2025-06-12 17:37:36.173 | INFO     | modules.chunk_analyzer:_split_patch_into_chunks:249 - 发现修改块: drivers/ufs/host/ufshcd-pltfrm.c @@ -534,7 +525,6 @@ (modification)
2025-06-12 17:37:36.173 | INFO     | modules.chunk_analyzer:_split_patch_into_chunks:198 - 发现修改文件: include/ufs/ufshcd.h
2025-06-12 17:37:36.173 | INFO     | modules.chunk_analyzer:_split_patch_into_chunks:249 - 发现修改块: include/ufs/ufshcd.h @@ -1309,7 +1309,6 @@ (modification)
2025-06-12 17:37:36.173 | INFO     | modules.chunk_analyzer:_split_patch_into_chunks:269 - 补丁分解完成，共找到 10 个修改块
2025-06-12 17:37:36.174 | INFO     | modules.chunk_analyzer:execute:56 - 补丁被分解为 10 个块
2025-06-12 17:37:36.174 | INFO     | modules.chunk_analyzer:_create_chunk_patches:288 - 从原始补丁提取头部信息: /home/elpsy/workspace/sow/patch-backport/workspace/linux/kernel-torvalds/f8fb24/patches/upstream_f8fb24.patch
2025-06-12 17:37:36.175 | INFO     | modules.chunk_analyzer:_create_chunk_patches:314 - 创建块补丁文件: /home/elpsy/workspace/sow/patch-backport/workspace/linux/kernel-torvalds/f8fb24/chunk_patches/chunk_001_20250612_173736.patch (修改文件: drivers/ufs/core/ufshcd.c)
2025-06-12 17:37:36.175 | INFO     | modules.chunk_analyzer:_create_chunk_patches:314 - 创建块补丁文件: /home/elpsy/workspace/sow/patch-backport/workspace/linux/kernel-torvalds/f8fb24/chunk_patches/chunk_002_20250612_173736.patch (修改文件: drivers/ufs/core/ufshcd.c)
2025-06-12 17:37:36.176 | INFO     | modules.chunk_analyzer:_create_chunk_patches:314 - 创建块补丁文件: /home/elpsy/workspace/sow/patch-backport/workspace/linux/kernel-torvalds/f8fb24/chunk_patches/chunk_003_20250612_173736.patch (修改文件: drivers/ufs/core/ufshcd.c)
2025-06-12 17:37:36.176 | INFO     | modules.chunk_analyzer:_create_chunk_patches:314 - 创建块补丁文件: /home/elpsy/workspace/sow/patch-backport/workspace/linux/kernel-torvalds/f8fb24/chunk_patches/chunk_004_20250612_173736.patch (修改文件: drivers/ufs/host/ufshcd-pci.c)
2025-06-12 17:37:36.177 | INFO     | modules.chunk_analyzer:_create_chunk_patches:314 - 创建块补丁文件: /home/elpsy/workspace/sow/patch-backport/workspace/linux/kernel-torvalds/f8fb24/chunk_patches/chunk_005_20250612_173736.patch (修改文件: drivers/ufs/host/ufshcd-pci.c)
2025-06-12 17:37:36.177 | INFO     | modules.chunk_analyzer:_create_chunk_patches:314 - 创建块补丁文件: /home/elpsy/workspace/sow/patch-backport/workspace/linux/kernel-torvalds/f8fb24/chunk_patches/chunk_006_20250612_173736.patch (修改文件: drivers/ufs/host/ufshcd-pltfrm.c)
2025-06-12 17:37:36.177 | INFO     | modules.chunk_analyzer:_create_chunk_patches:314 - 创建块补丁文件: /home/elpsy/workspace/sow/patch-backport/workspace/linux/kernel-torvalds/f8fb24/chunk_patches/chunk_007_20250612_173736.patch (修改文件: drivers/ufs/host/ufshcd-pltfrm.c)
2025-06-12 17:37:36.178 | INFO     | modules.chunk_analyzer:_create_chunk_patches:314 - 创建块补丁文件: /home/elpsy/workspace/sow/patch-backport/workspace/linux/kernel-torvalds/f8fb24/chunk_patches/chunk_008_20250612_173736.patch (修改文件: drivers/ufs/host/ufshcd-pltfrm.c)
2025-06-12 17:37:36.179 | INFO     | modules.chunk_analyzer:_create_chunk_patches:314 - 创建块补丁文件: /home/elpsy/workspace/sow/patch-backport/workspace/linux/kernel-torvalds/f8fb24/chunk_patches/chunk_009_20250612_173736.patch (修改文件: drivers/ufs/host/ufshcd-pltfrm.c)
2025-06-12 17:37:36.180 | INFO     | modules.chunk_analyzer:_create_chunk_patches:314 - 创建块补丁文件: /home/elpsy/workspace/sow/patch-backport/workspace/linux/kernel-torvalds/f8fb24/chunk_patches/chunk_010_20250612_173736.patch (修改文件: include/ufs/ufshcd.h)
2025-06-12 17:37:36.181 | INFO     | modules.chunk_analyzer:execute:60 - 已为 10 个块创建单独的补丁文件
2025-06-12 17:37:36.181 | INFO     | modules.chunk_analyzer:execute:62 - 第 1 个补丁文件为：
2025-06-12 17:37:36.183 | INFO     | modules.chunk_analyzer:execute:66 - From f8fb2403ddebb5eea0033d90d9daae4c88749ada Mon Sep 17 00:00:00 2001
From: =?UTF-8?q?Andr=C3=A9=20Draszik?= <andre.draszik@linaro.org>
Date: Fri, 24 Jan 2025 15:09:00 +0000
Subject: [PATCH] scsi: ufs: core: Fix use-after free in init error and remove
 paths
MIME-Version: 1.0
Content-Type: text/plain; charset=UTF-8
Content-Transfer-Encoding: 8bit

devm_blk_crypto_profile_init() registers a cleanup handler to run when
the associated (platform-) device is being released. For UFS, the
crypto private data and pointers are stored as part of the ufs_hba's
data structure 'struct ufs_hba::crypto_profile'. This structure is
allocated as part of the underlying ufshcd and therefore Scsi_host
allocation.

During driver release or during error handling in ufshcd_pltfrm_init(),
this structure is released as part of ufshcd_dealloc_host() before the
(platform-) device associated with the crypto call above is released.
Once this device is released, the crypto cleanup code will run, using
the just-released 'struct ufs_hba::crypto_profile'. This causes a
use-after-free situation:

  Call trace:
   kfree+0x60/0x2d8 (P)
   kvfree+0x44/0x60
   blk_crypto_profile_destroy_callback+0x28/0x70
   devm_action_release+0x1c/0x30
   release_nodes+0x6c/0x108
   devres_release_all+0x98/0x100
   device_unbind_cleanup+0x20/0x70
   really_probe+0x218/0x2d0

In other words, the initialisation code flow is:

  platform-device probe
    ufshcd_pltfrm_init()
      ufshcd_alloc_host()
        scsi_host_alloc()
          allocation of struct ufs_hba
          creation of scsi-host devices
    devm_blk_crypto_profile_init()
      devm registration of cleanup handler using platform-device

and during error handling of ufshcd_pltfrm_init() or during driver
removal:

  ufshcd_dealloc_host()
    scsi_host_put()
      put_device(scsi-host)
        release of struct ufs_hba
  put_device(platform-device)
    crypto cleanup handler

To fix this use-after free, change ufshcd_alloc_host() to register a
devres action to automatically cleanup the underlying SCSI device on
ufshcd destruction, without requiring explicit calls to
ufshcd_dealloc_host(). This way:

    * the crypto profile and all other ufs_hba-owned resources are
      destroyed before SCSI (as they've been registered after)
    * a memleak is plugged in tc-dwc-g210-pci.c remove() as a
      side-effect
    * EXPORT_SYMBOL_GPL(ufshcd_dealloc_host) can be removed fully as
      it's not needed anymore
    * no future drivers using ufshcd_alloc_host() could ever forget
      adding the cleanup

Fixes: cb77cb5abe1f ("blk-crypto: rename blk_keyslot_manager to blk_crypto_profile")
Fixes: d76d9d7d1009 ("scsi: ufs: use devm_blk_ksm_init()")
Cc: stable@vger.kernel.org
Signed-off-by: André Draszik <andre.draszik@linaro.org>
Link: https://lore.kernel.org/r/20250124-ufshcd-fix-v4-1-c5d0144aae59@linaro.org
Reviewed-by: Bean Huo <beanhuo@micron.com>
Reviewed-by: Manivannan Sadhasivam <manivannan.sadhasivam@linaro.org>
Acked-by: Eric Biggers <ebiggers@kernel.org>
Signed-off-by: Martin K. Petersen <martin.petersen@oracle.com>

diff --git a/drivers/ufs/core/ufshcd.c b/drivers/ufs/core/ufshcd.c
index d3741b1f4382..d2de80b2bba4 100644
--- a/drivers/ufs/core/ufshcd.c
+++ b/drivers/ufs/core/ufshcd.c
@@ -10226,16 +10226,6 @@ int ufshcd_system_thaw(struct device *dev)
 EXPORT_SYMBOL_GPL(ufshcd_system_thaw);
 #endif /* CONFIG_PM_SLEEP  */
 
-/**
- * ufshcd_dealloc_host - deallocate Host Bus Adapter (HBA)
- * @hba: pointer to Host Bus Adapter (HBA)
- */
-void ufshcd_dealloc_host(struct ufs_hba *hba)
-{
-	scsi_host_put(hba->host);
-}
-EXPORT_SYMBOL_GPL(ufshcd_dealloc_host);
-
 /**
  * ufshcd_set_dma_mask - Set dma mask based on the controller
  *			 addressing capability

2025-06-12 17:37:36.184 | INFO     | modules.chunk_analyzer:execute:62 - 第 2 个补丁文件为：
2025-06-12 17:37:36.184 | INFO     | modules.chunk_analyzer:execute:66 - From f8fb2403ddebb5eea0033d90d9daae4c88749ada Mon Sep 17 00:00:00 2001
From: =?UTF-8?q?Andr=C3=A9=20Draszik?= <andre.draszik@linaro.org>
Date: Fri, 24 Jan 2025 15:09:00 +0000
Subject: [PATCH] scsi: ufs: core: Fix use-after free in init error and remove
 paths
MIME-Version: 1.0
Content-Type: text/plain; charset=UTF-8
Content-Transfer-Encoding: 8bit

devm_blk_crypto_profile_init() registers a cleanup handler to run when
the associated (platform-) device is being released. For UFS, the
crypto private data and pointers are stored as part of the ufs_hba's
data structure 'struct ufs_hba::crypto_profile'. This structure is
allocated as part of the underlying ufshcd and therefore Scsi_host
allocation.

During driver release or during error handling in ufshcd_pltfrm_init(),
this structure is released as part of ufshcd_dealloc_host() before the
(platform-) device associated with the crypto call above is released.
Once this device is released, the crypto cleanup code will run, using
the just-released 'struct ufs_hba::crypto_profile'. This causes a
use-after-free situation:

  Call trace:
   kfree+0x60/0x2d8 (P)
   kvfree+0x44/0x60
   blk_crypto_profile_destroy_callback+0x28/0x70
   devm_action_release+0x1c/0x30
   release_nodes+0x6c/0x108
   devres_release_all+0x98/0x100
   device_unbind_cleanup+0x20/0x70
   really_probe+0x218/0x2d0

In other words, the initialisation code flow is:

  platform-device probe
    ufshcd_pltfrm_init()
      ufshcd_alloc_host()
        scsi_host_alloc()
          allocation of struct ufs_hba
          creation of scsi-host devices
    devm_blk_crypto_profile_init()
      devm registration of cleanup handler using platform-device

and during error handling of ufshcd_pltfrm_init() or during driver
removal:

  ufshcd_dealloc_host()
    scsi_host_put()
      put_device(scsi-host)
        release of struct ufs_hba
  put_device(platform-device)
    crypto cleanup handler

To fix this use-after free, change ufshcd_alloc_host() to register a
devres action to automatically cleanup the underlying SCSI device on
ufshcd destruction, without requiring explicit calls to
ufshcd_dealloc_host(). This way:

    * the crypto profile and all other ufs_hba-owned resources are
      destroyed before SCSI (as they've been registered after)
    * a memleak is plugged in tc-dwc-g210-pci.c remove() as a
      side-effect
    * EXPORT_SYMBOL_GPL(ufshcd_dealloc_host) can be removed fully as
      it's not needed anymore
    * no future drivers using ufshcd_alloc_host() could ever forget
      adding the cleanup

Fixes: cb77cb5abe1f ("blk-crypto: rename blk_keyslot_manager to blk_crypto_profile")
Fixes: d76d9d7d1009 ("scsi: ufs: use devm_blk_ksm_init()")
Cc: stable@vger.kernel.org
Signed-off-by: André Draszik <andre.draszik@linaro.org>
Link: https://lore.kernel.org/r/20250124-ufshcd-fix-v4-1-c5d0144aae59@linaro.org
Reviewed-by: Bean Huo <beanhuo@micron.com>
Reviewed-by: Manivannan Sadhasivam <manivannan.sadhasivam@linaro.org>
Acked-by: Eric Biggers <ebiggers@kernel.org>
Signed-off-by: Martin K. Petersen <martin.petersen@oracle.com>

diff --git a/drivers/ufs/core/ufshcd.c b/drivers/ufs/core/ufshcd.c
index d3741b1f4382..d2de80b2bba4 100644
--- a/drivers/ufs/core/ufshcd.c
+++ b/drivers/ufs/core/ufshcd.c
@@ -10254,12 +10244,26 @@ static int ufshcd_set_dma_mask(struct ufs_hba *hba)
 	return dma_set_mask_and_coherent(hba->dev, DMA_BIT_MASK(32));
 }
 
+/**
+ * ufshcd_devres_release - devres cleanup handler, invoked during release of
+ *			   hba->dev
+ * @host: pointer to SCSI host
+ */
+static void ufshcd_devres_release(void *host)
+{
+	scsi_host_put(host);
+}
+
 /**
  * ufshcd_alloc_host - allocate Host Bus Adapter (HBA)
  * @dev: pointer to device handle
  * @hba_handle: driver private handle
  *
  * Return: 0 on success, non-zero value on failure.
+ *
+ * NOTE: There is no corresponding ufshcd_dealloc_host() because this function
+ * keeps track of its allocations using devres and deallocates everything on
+ * device removal automatically.
  */
 int ufshcd_alloc_host(struct device *dev, struct ufs_hba **hba_handle)
 {

2025-06-12 17:37:36.185 | INFO     | modules.chunk_analyzer:execute:62 - 第 3 个补丁文件为：
2025-06-12 17:37:36.185 | INFO     | modules.chunk_analyzer:execute:66 - From f8fb2403ddebb5eea0033d90d9daae4c88749ada Mon Sep 17 00:00:00 2001
From: =?UTF-8?q?Andr=C3=A9=20Draszik?= <andre.draszik@linaro.org>
Date: Fri, 24 Jan 2025 15:09:00 +0000
Subject: [PATCH] scsi: ufs: core: Fix use-after free in init error and remove
 paths
MIME-Version: 1.0
Content-Type: text/plain; charset=UTF-8
Content-Transfer-Encoding: 8bit

devm_blk_crypto_profile_init() registers a cleanup handler to run when
the associated (platform-) device is being released. For UFS, the
crypto private data and pointers are stored as part of the ufs_hba's
data structure 'struct ufs_hba::crypto_profile'. This structure is
allocated as part of the underlying ufshcd and therefore Scsi_host
allocation.

During driver release or during error handling in ufshcd_pltfrm_init(),
this structure is released as part of ufshcd_dealloc_host() before the
(platform-) device associated with the crypto call above is released.
Once this device is released, the crypto cleanup code will run, using
the just-released 'struct ufs_hba::crypto_profile'. This causes a
use-after-free situation:

  Call trace:
   kfree+0x60/0x2d8 (P)
   kvfree+0x44/0x60
   blk_crypto_profile_destroy_callback+0x28/0x70
   devm_action_release+0x1c/0x30
   release_nodes+0x6c/0x108
   devres_release_all+0x98/0x100
   device_unbind_cleanup+0x20/0x70
   really_probe+0x218/0x2d0

In other words, the initialisation code flow is:

  platform-device probe
    ufshcd_pltfrm_init()
      ufshcd_alloc_host()
        scsi_host_alloc()
          allocation of struct ufs_hba
          creation of scsi-host devices
    devm_blk_crypto_profile_init()
      devm registration of cleanup handler using platform-device

and during error handling of ufshcd_pltfrm_init() or during driver
removal:

  ufshcd_dealloc_host()
    scsi_host_put()
      put_device(scsi-host)
        release of struct ufs_hba
  put_device(platform-device)
    crypto cleanup handler

To fix this use-after free, change ufshcd_alloc_host() to register a
devres action to automatically cleanup the underlying SCSI device on
ufshcd destruction, without requiring explicit calls to
ufshcd_dealloc_host(). This way:

    * the crypto profile and all other ufs_hba-owned resources are
      destroyed before SCSI (as they've been registered after)
    * a memleak is plugged in tc-dwc-g210-pci.c remove() as a
      side-effect
    * EXPORT_SYMBOL_GPL(ufshcd_dealloc_host) can be removed fully as
      it's not needed anymore
    * no future drivers using ufshcd_alloc_host() could ever forget
      adding the cleanup

Fixes: cb77cb5abe1f ("blk-crypto: rename blk_keyslot_manager to blk_crypto_profile")
Fixes: d76d9d7d1009 ("scsi: ufs: use devm_blk_ksm_init()")
Cc: stable@vger.kernel.org
Signed-off-by: André Draszik <andre.draszik@linaro.org>
Link: https://lore.kernel.org/r/20250124-ufshcd-fix-v4-1-c5d0144aae59@linaro.org
Reviewed-by: Bean Huo <beanhuo@micron.com>
Reviewed-by: Manivannan Sadhasivam <manivannan.sadhasivam@linaro.org>
Acked-by: Eric Biggers <ebiggers@kernel.org>
Signed-off-by: Martin K. Petersen <martin.petersen@oracle.com>

diff --git a/drivers/ufs/core/ufshcd.c b/drivers/ufs/core/ufshcd.c
index d3741b1f4382..d2de80b2bba4 100644
--- a/drivers/ufs/core/ufshcd.c
+++ b/drivers/ufs/core/ufshcd.c
@@ -10281,6 +10285,13 @@ int ufshcd_alloc_host(struct device *dev, struct ufs_hba **hba_handle)
 		err = -ENOMEM;
 		goto out_error;
 	}
+
+	err = devm_add_action_or_reset(dev, ufshcd_devres_release,
+				       host);
+	if (err)
+		return dev_err_probe(dev, err,
+				     "failed to add ufshcd dealloc action\n");
+
 	host->nr_maps = HCTX_TYPE_POLL + 1;
 	hba = shost_priv(host);
 	hba->host = host;

2025-06-12 17:37:36.186 | INFO     | modules.chunk_analyzer:execute:62 - 第 4 个补丁文件为：
2025-06-12 17:37:36.186 | INFO     | modules.chunk_analyzer:execute:66 - From f8fb2403ddebb5eea0033d90d9daae4c88749ada Mon Sep 17 00:00:00 2001
From: =?UTF-8?q?Andr=C3=A9=20Draszik?= <andre.draszik@linaro.org>
Date: Fri, 24 Jan 2025 15:09:00 +0000
Subject: [PATCH] scsi: ufs: core: Fix use-after free in init error and remove
 paths
MIME-Version: 1.0
Content-Type: text/plain; charset=UTF-8
Content-Transfer-Encoding: 8bit

devm_blk_crypto_profile_init() registers a cleanup handler to run when
the associated (platform-) device is being released. For UFS, the
crypto private data and pointers are stored as part of the ufs_hba's
data structure 'struct ufs_hba::crypto_profile'. This structure is
allocated as part of the underlying ufshcd and therefore Scsi_host
allocation.

During driver release or during error handling in ufshcd_pltfrm_init(),
this structure is released as part of ufshcd_dealloc_host() before the
(platform-) device associated with the crypto call above is released.
Once this device is released, the crypto cleanup code will run, using
the just-released 'struct ufs_hba::crypto_profile'. This causes a
use-after-free situation:

  Call trace:
   kfree+0x60/0x2d8 (P)
   kvfree+0x44/0x60
   blk_crypto_profile_destroy_callback+0x28/0x70
   devm_action_release+0x1c/0x30
   release_nodes+0x6c/0x108
   devres_release_all+0x98/0x100
   device_unbind_cleanup+0x20/0x70
   really_probe+0x218/0x2d0

In other words, the initialisation code flow is:

  platform-device probe
    ufshcd_pltfrm_init()
      ufshcd_alloc_host()
        scsi_host_alloc()
          allocation of struct ufs_hba
          creation of scsi-host devices
    devm_blk_crypto_profile_init()
      devm registration of cleanup handler using platform-device

and during error handling of ufshcd_pltfrm_init() or during driver
removal:

  ufshcd_dealloc_host()
    scsi_host_put()
      put_device(scsi-host)
        release of struct ufs_hba
  put_device(platform-device)
    crypto cleanup handler

To fix this use-after free, change ufshcd_alloc_host() to register a
devres action to automatically cleanup the underlying SCSI device on
ufshcd destruction, without requiring explicit calls to
ufshcd_dealloc_host(). This way:

    * the crypto profile and all other ufs_hba-owned resources are
      destroyed before SCSI (as they've been registered after)
    * a memleak is plugged in tc-dwc-g210-pci.c remove() as a
      side-effect
    * EXPORT_SYMBOL_GPL(ufshcd_dealloc_host) can be removed fully as
      it's not needed anymore
    * no future drivers using ufshcd_alloc_host() could ever forget
      adding the cleanup

Fixes: cb77cb5abe1f ("blk-crypto: rename blk_keyslot_manager to blk_crypto_profile")
Fixes: d76d9d7d1009 ("scsi: ufs: use devm_blk_ksm_init()")
Cc: stable@vger.kernel.org
Signed-off-by: André Draszik <andre.draszik@linaro.org>
Link: https://lore.kernel.org/r/20250124-ufshcd-fix-v4-1-c5d0144aae59@linaro.org
Reviewed-by: Bean Huo <beanhuo@micron.com>
Reviewed-by: Manivannan Sadhasivam <manivannan.sadhasivam@linaro.org>
Acked-by: Eric Biggers <ebiggers@kernel.org>
Signed-off-by: Martin K. Petersen <martin.petersen@oracle.com>

diff --git a/drivers/ufs/host/ufshcd-pci.c b/drivers/ufs/host/ufshcd-pci.c
index ea39c5d5b8cf..9cfcaad23cf9 100644
--- a/drivers/ufs/host/ufshcd-pci.c
+++ b/drivers/ufs/host/ufshcd-pci.c
@@ -562,7 +562,6 @@ static void ufshcd_pci_remove(struct pci_dev *pdev)
 	pm_runtime_forbid(&pdev->dev);
 	pm_runtime_get_noresume(&pdev->dev);
 	ufshcd_remove(hba);
-	ufshcd_dealloc_host(hba);
 }
 
 /**

2025-06-12 17:37:36.187 | INFO     | modules.chunk_analyzer:execute:62 - 第 5 个补丁文件为：
2025-06-12 17:37:36.187 | INFO     | modules.chunk_analyzer:execute:66 - From f8fb2403ddebb5eea0033d90d9daae4c88749ada Mon Sep 17 00:00:00 2001
From: =?UTF-8?q?Andr=C3=A9=20Draszik?= <andre.draszik@linaro.org>
Date: Fri, 24 Jan 2025 15:09:00 +0000
Subject: [PATCH] scsi: ufs: core: Fix use-after free in init error and remove
 paths
MIME-Version: 1.0
Content-Type: text/plain; charset=UTF-8
Content-Transfer-Encoding: 8bit

devm_blk_crypto_profile_init() registers a cleanup handler to run when
the associated (platform-) device is being released. For UFS, the
crypto private data and pointers are stored as part of the ufs_hba's
data structure 'struct ufs_hba::crypto_profile'. This structure is
allocated as part of the underlying ufshcd and therefore Scsi_host
allocation.

During driver release or during error handling in ufshcd_pltfrm_init(),
this structure is released as part of ufshcd_dealloc_host() before the
(platform-) device associated with the crypto call above is released.
Once this device is released, the crypto cleanup code will run, using
the just-released 'struct ufs_hba::crypto_profile'. This causes a
use-after-free situation:

  Call trace:
   kfree+0x60/0x2d8 (P)
   kvfree+0x44/0x60
   blk_crypto_profile_destroy_callback+0x28/0x70
   devm_action_release+0x1c/0x30
   release_nodes+0x6c/0x108
   devres_release_all+0x98/0x100
   device_unbind_cleanup+0x20/0x70
   really_probe+0x218/0x2d0

In other words, the initialisation code flow is:

  platform-device probe
    ufshcd_pltfrm_init()
      ufshcd_alloc_host()
        scsi_host_alloc()
          allocation of struct ufs_hba
          creation of scsi-host devices
    devm_blk_crypto_profile_init()
      devm registration of cleanup handler using platform-device

and during error handling of ufshcd_pltfrm_init() or during driver
removal:

  ufshcd_dealloc_host()
    scsi_host_put()
      put_device(scsi-host)
        release of struct ufs_hba
  put_device(platform-device)
    crypto cleanup handler

To fix this use-after free, change ufshcd_alloc_host() to register a
devres action to automatically cleanup the underlying SCSI device on
ufshcd destruction, without requiring explicit calls to
ufshcd_dealloc_host(). This way:

    * the crypto profile and all other ufs_hba-owned resources are
      destroyed before SCSI (as they've been registered after)
    * a memleak is plugged in tc-dwc-g210-pci.c remove() as a
      side-effect
    * EXPORT_SYMBOL_GPL(ufshcd_dealloc_host) can be removed fully as
      it's not needed anymore
    * no future drivers using ufshcd_alloc_host() could ever forget
      adding the cleanup

Fixes: cb77cb5abe1f ("blk-crypto: rename blk_keyslot_manager to blk_crypto_profile")
Fixes: d76d9d7d1009 ("scsi: ufs: use devm_blk_ksm_init()")
Cc: stable@vger.kernel.org
Signed-off-by: André Draszik <andre.draszik@linaro.org>
Link: https://lore.kernel.org/r/20250124-ufshcd-fix-v4-1-c5d0144aae59@linaro.org
Reviewed-by: Bean Huo <beanhuo@micron.com>
Reviewed-by: Manivannan Sadhasivam <manivannan.sadhasivam@linaro.org>
Acked-by: Eric Biggers <ebiggers@kernel.org>
Signed-off-by: Martin K. Petersen <martin.petersen@oracle.com>

diff --git a/drivers/ufs/host/ufshcd-pci.c b/drivers/ufs/host/ufshcd-pci.c
index ea39c5d5b8cf..9cfcaad23cf9 100644
--- a/drivers/ufs/host/ufshcd-pci.c
+++ b/drivers/ufs/host/ufshcd-pci.c
@@ -605,7 +604,6 @@ ufshcd_pci_probe(struct pci_dev *pdev, const struct pci_device_id *id)
 	err = ufshcd_init(hba, mmio_base, pdev->irq);
 	if (err) {
 		dev_err(&pdev->dev, "Initialization failed\n");
-		ufshcd_dealloc_host(hba);
 		return err;
 	}
 

2025-06-12 17:37:36.187 | INFO     | modules.chunk_analyzer:execute:62 - 第 6 个补丁文件为：
2025-06-12 17:37:36.188 | INFO     | modules.chunk_analyzer:execute:66 - From f8fb2403ddebb5eea0033d90d9daae4c88749ada Mon Sep 17 00:00:00 2001
From: =?UTF-8?q?Andr=C3=A9=20Draszik?= <andre.draszik@linaro.org>
Date: Fri, 24 Jan 2025 15:09:00 +0000
Subject: [PATCH] scsi: ufs: core: Fix use-after free in init error and remove
 paths
MIME-Version: 1.0
Content-Type: text/plain; charset=UTF-8
Content-Transfer-Encoding: 8bit

devm_blk_crypto_profile_init() registers a cleanup handler to run when
the associated (platform-) device is being released. For UFS, the
crypto private data and pointers are stored as part of the ufs_hba's
data structure 'struct ufs_hba::crypto_profile'. This structure is
allocated as part of the underlying ufshcd and therefore Scsi_host
allocation.

During driver release or during error handling in ufshcd_pltfrm_init(),
this structure is released as part of ufshcd_dealloc_host() before the
(platform-) device associated with the crypto call above is released.
Once this device is released, the crypto cleanup code will run, using
the just-released 'struct ufs_hba::crypto_profile'. This causes a
use-after-free situation:

  Call trace:
   kfree+0x60/0x2d8 (P)
   kvfree+0x44/0x60
   blk_crypto_profile_destroy_callback+0x28/0x70
   devm_action_release+0x1c/0x30
   release_nodes+0x6c/0x108
   devres_release_all+0x98/0x100
   device_unbind_cleanup+0x20/0x70
   really_probe+0x218/0x2d0

In other words, the initialisation code flow is:

  platform-device probe
    ufshcd_pltfrm_init()
      ufshcd_alloc_host()
        scsi_host_alloc()
          allocation of struct ufs_hba
          creation of scsi-host devices
    devm_blk_crypto_profile_init()
      devm registration of cleanup handler using platform-device

and during error handling of ufshcd_pltfrm_init() or during driver
removal:

  ufshcd_dealloc_host()
    scsi_host_put()
      put_device(scsi-host)
        release of struct ufs_hba
  put_device(platform-device)
    crypto cleanup handler

To fix this use-after free, change ufshcd_alloc_host() to register a
devres action to automatically cleanup the underlying SCSI device on
ufshcd destruction, without requiring explicit calls to
ufshcd_dealloc_host(). This way:

    * the crypto profile and all other ufs_hba-owned resources are
      destroyed before SCSI (as they've been registered after)
    * a memleak is plugged in tc-dwc-g210-pci.c remove() as a
      side-effect
    * EXPORT_SYMBOL_GPL(ufshcd_dealloc_host) can be removed fully as
      it's not needed anymore
    * no future drivers using ufshcd_alloc_host() could ever forget
      adding the cleanup

Fixes: cb77cb5abe1f ("blk-crypto: rename blk_keyslot_manager to blk_crypto_profile")
Fixes: d76d9d7d1009 ("scsi: ufs: use devm_blk_ksm_init()")
Cc: stable@vger.kernel.org
Signed-off-by: André Draszik <andre.draszik@linaro.org>
Link: https://lore.kernel.org/r/20250124-ufshcd-fix-v4-1-c5d0144aae59@linaro.org
Reviewed-by: Bean Huo <beanhuo@micron.com>
Reviewed-by: Manivannan Sadhasivam <manivannan.sadhasivam@linaro.org>
Acked-by: Eric Biggers <ebiggers@kernel.org>
Signed-off-by: Martin K. Petersen <martin.petersen@oracle.com>

diff --git a/drivers/ufs/host/ufshcd-pltfrm.c b/drivers/ufs/host/ufshcd-pltfrm.c
index 505572d4fa87..ffe5d1d2b215 100644
--- a/drivers/ufs/host/ufshcd-pltfrm.c
+++ b/drivers/ufs/host/ufshcd-pltfrm.c
@@ -465,21 +465,17 @@ int ufshcd_pltfrm_init(struct platform_device *pdev,
 	struct device *dev = &pdev->dev;
 
 	mmio_base = devm_platform_ioremap_resource(pdev, 0);
-	if (IS_ERR(mmio_base)) {
-		err = PTR_ERR(mmio_base);
-		goto out;
-	}
+	if (IS_ERR(mmio_base))
+		return PTR_ERR(mmio_base);
 
 	irq = platform_get_irq(pdev, 0);
-	if (irq < 0) {
-		err = irq;
-		goto out;
-	}
+	if (irq < 0)
+		return irq;
 
 	err = ufshcd_alloc_host(dev, &hba);
 	if (err) {
 		dev_err(dev, "Allocation failed\n");
-		goto out;
+		return err;
 	}
 
 	hba->vops = vops;

2025-06-12 17:37:36.189 | INFO     | modules.chunk_analyzer:execute:62 - 第 7 个补丁文件为：
2025-06-12 17:37:36.189 | INFO     | modules.chunk_analyzer:execute:66 - From f8fb2403ddebb5eea0033d90d9daae4c88749ada Mon Sep 17 00:00:00 2001
From: =?UTF-8?q?Andr=C3=A9=20Draszik?= <andre.draszik@linaro.org>
Date: Fri, 24 Jan 2025 15:09:00 +0000
Subject: [PATCH] scsi: ufs: core: Fix use-after free in init error and remove
 paths
MIME-Version: 1.0
Content-Type: text/plain; charset=UTF-8
Content-Transfer-Encoding: 8bit

devm_blk_crypto_profile_init() registers a cleanup handler to run when
the associated (platform-) device is being released. For UFS, the
crypto private data and pointers are stored as part of the ufs_hba's
data structure 'struct ufs_hba::crypto_profile'. This structure is
allocated as part of the underlying ufshcd and therefore Scsi_host
allocation.

During driver release or during error handling in ufshcd_pltfrm_init(),
this structure is released as part of ufshcd_dealloc_host() before the
(platform-) device associated with the crypto call above is released.
Once this device is released, the crypto cleanup code will run, using
the just-released 'struct ufs_hba::crypto_profile'. This causes a
use-after-free situation:

  Call trace:
   kfree+0x60/0x2d8 (P)
   kvfree+0x44/0x60
   blk_crypto_profile_destroy_callback+0x28/0x70
   devm_action_release+0x1c/0x30
   release_nodes+0x6c/0x108
   devres_release_all+0x98/0x100
   device_unbind_cleanup+0x20/0x70
   really_probe+0x218/0x2d0

In other words, the initialisation code flow is:

  platform-device probe
    ufshcd_pltfrm_init()
      ufshcd_alloc_host()
        scsi_host_alloc()
          allocation of struct ufs_hba
          creation of scsi-host devices
    devm_blk_crypto_profile_init()
      devm registration of cleanup handler using platform-device

and during error handling of ufshcd_pltfrm_init() or during driver
removal:

  ufshcd_dealloc_host()
    scsi_host_put()
      put_device(scsi-host)
        release of struct ufs_hba
  put_device(platform-device)
    crypto cleanup handler

To fix this use-after free, change ufshcd_alloc_host() to register a
devres action to automatically cleanup the underlying SCSI device on
ufshcd destruction, without requiring explicit calls to
ufshcd_dealloc_host(). This way:

    * the crypto profile and all other ufs_hba-owned resources are
      destroyed before SCSI (as they've been registered after)
    * a memleak is plugged in tc-dwc-g210-pci.c remove() as a
      side-effect
    * EXPORT_SYMBOL_GPL(ufshcd_dealloc_host) can be removed fully as
      it's not needed anymore
    * no future drivers using ufshcd_alloc_host() could ever forget
      adding the cleanup

Fixes: cb77cb5abe1f ("blk-crypto: rename blk_keyslot_manager to blk_crypto_profile")
Fixes: d76d9d7d1009 ("scsi: ufs: use devm_blk_ksm_init()")
Cc: stable@vger.kernel.org
Signed-off-by: André Draszik <andre.draszik@linaro.org>
Link: https://lore.kernel.org/r/20250124-ufshcd-fix-v4-1-c5d0144aae59@linaro.org
Reviewed-by: Bean Huo <beanhuo@micron.com>
Reviewed-by: Manivannan Sadhasivam <manivannan.sadhasivam@linaro.org>
Acked-by: Eric Biggers <ebiggers@kernel.org>
Signed-off-by: Martin K. Petersen <martin.petersen@oracle.com>

diff --git a/drivers/ufs/host/ufshcd-pltfrm.c b/drivers/ufs/host/ufshcd-pltfrm.c
index 505572d4fa87..ffe5d1d2b215 100644
--- a/drivers/ufs/host/ufshcd-pltfrm.c
+++ b/drivers/ufs/host/ufshcd-pltfrm.c
@@ -488,13 +484,13 @@ int ufshcd_pltfrm_init(struct platform_device *pdev,
 	if (err) {
 		dev_err(dev, "%s: clock parse failed %d\n",
 				__func__, err);
-		goto dealloc_host;
+		return err;
 	}
 	err = ufshcd_parse_regulator_info(hba);
 	if (err) {
 		dev_err(dev, "%s: regulator init failed %d\n",
 				__func__, err);
-		goto dealloc_host;
+		return err;
 	}
 
 	ufshcd_init_lanes_per_dir(hba);

2025-06-12 17:37:36.190 | INFO     | modules.chunk_analyzer:execute:62 - 第 8 个补丁文件为：
2025-06-12 17:37:36.190 | INFO     | modules.chunk_analyzer:execute:66 - From f8fb2403ddebb5eea0033d90d9daae4c88749ada Mon Sep 17 00:00:00 2001
From: =?UTF-8?q?Andr=C3=A9=20Draszik?= <andre.draszik@linaro.org>
Date: Fri, 24 Jan 2025 15:09:00 +0000
Subject: [PATCH] scsi: ufs: core: Fix use-after free in init error and remove
 paths
MIME-Version: 1.0
Content-Type: text/plain; charset=UTF-8
Content-Transfer-Encoding: 8bit

devm_blk_crypto_profile_init() registers a cleanup handler to run when
the associated (platform-) device is being released. For UFS, the
crypto private data and pointers are stored as part of the ufs_hba's
data structure 'struct ufs_hba::crypto_profile'. This structure is
allocated as part of the underlying ufshcd and therefore Scsi_host
allocation.

During driver release or during error handling in ufshcd_pltfrm_init(),
this structure is released as part of ufshcd_dealloc_host() before the
(platform-) device associated with the crypto call above is released.
Once this device is released, the crypto cleanup code will run, using
the just-released 'struct ufs_hba::crypto_profile'. This causes a
use-after-free situation:

  Call trace:
   kfree+0x60/0x2d8 (P)
   kvfree+0x44/0x60
   blk_crypto_profile_destroy_callback+0x28/0x70
   devm_action_release+0x1c/0x30
   release_nodes+0x6c/0x108
   devres_release_all+0x98/0x100
   device_unbind_cleanup+0x20/0x70
   really_probe+0x218/0x2d0

In other words, the initialisation code flow is:

  platform-device probe
    ufshcd_pltfrm_init()
      ufshcd_alloc_host()
        scsi_host_alloc()
          allocation of struct ufs_hba
          creation of scsi-host devices
    devm_blk_crypto_profile_init()
      devm registration of cleanup handler using platform-device

and during error handling of ufshcd_pltfrm_init() or during driver
removal:

  ufshcd_dealloc_host()
    scsi_host_put()
      put_device(scsi-host)
        release of struct ufs_hba
  put_device(platform-device)
    crypto cleanup handler

To fix this use-after free, change ufshcd_alloc_host() to register a
devres action to automatically cleanup the underlying SCSI device on
ufshcd destruction, without requiring explicit calls to
ufshcd_dealloc_host(). This way:

    * the crypto profile and all other ufs_hba-owned resources are
      destroyed before SCSI (as they've been registered after)
    * a memleak is plugged in tc-dwc-g210-pci.c remove() as a
      side-effect
    * EXPORT_SYMBOL_GPL(ufshcd_dealloc_host) can be removed fully as
      it's not needed anymore
    * no future drivers using ufshcd_alloc_host() could ever forget
      adding the cleanup

Fixes: cb77cb5abe1f ("blk-crypto: rename blk_keyslot_manager to blk_crypto_profile")
Fixes: d76d9d7d1009 ("scsi: ufs: use devm_blk_ksm_init()")
Cc: stable@vger.kernel.org
Signed-off-by: André Draszik <andre.draszik@linaro.org>
Link: https://lore.kernel.org/r/20250124-ufshcd-fix-v4-1-c5d0144aae59@linaro.org
Reviewed-by: Bean Huo <beanhuo@micron.com>
Reviewed-by: Manivannan Sadhasivam <manivannan.sadhasivam@linaro.org>
Acked-by: Eric Biggers <ebiggers@kernel.org>
Signed-off-by: Martin K. Petersen <martin.petersen@oracle.com>

diff --git a/drivers/ufs/host/ufshcd-pltfrm.c b/drivers/ufs/host/ufshcd-pltfrm.c
index 505572d4fa87..ffe5d1d2b215 100644
--- a/drivers/ufs/host/ufshcd-pltfrm.c
+++ b/drivers/ufs/host/ufshcd-pltfrm.c
@@ -502,25 +498,20 @@ int ufshcd_pltfrm_init(struct platform_device *pdev,
 	err = ufshcd_parse_operating_points(hba);
 	if (err) {
 		dev_err(dev, "%s: OPP parse failed %d\n", __func__, err);
-		goto dealloc_host;
+		return err;
 	}
 
 	err = ufshcd_init(hba, mmio_base, irq);
 	if (err) {
 		dev_err_probe(dev, err, "Initialization failed with error %d\n",
 			      err);
-		goto dealloc_host;
+		return err;
 	}
 
 	pm_runtime_set_active(dev);
 	pm_runtime_enable(dev);
 
 	return 0;
-
-dealloc_host:
-	ufshcd_dealloc_host(hba);
-out:
-	return err;
 }
 EXPORT_SYMBOL_GPL(ufshcd_pltfrm_init);
 

2025-06-12 17:37:36.190 | INFO     | modules.chunk_analyzer:execute:62 - 第 9 个补丁文件为：
2025-06-12 17:37:36.191 | INFO     | modules.chunk_analyzer:execute:66 - From f8fb2403ddebb5eea0033d90d9daae4c88749ada Mon Sep 17 00:00:00 2001
From: =?UTF-8?q?Andr=C3=A9=20Draszik?= <andre.draszik@linaro.org>
Date: Fri, 24 Jan 2025 15:09:00 +0000
Subject: [PATCH] scsi: ufs: core: Fix use-after free in init error and remove
 paths
MIME-Version: 1.0
Content-Type: text/plain; charset=UTF-8
Content-Transfer-Encoding: 8bit

devm_blk_crypto_profile_init() registers a cleanup handler to run when
the associated (platform-) device is being released. For UFS, the
crypto private data and pointers are stored as part of the ufs_hba's
data structure 'struct ufs_hba::crypto_profile'. This structure is
allocated as part of the underlying ufshcd and therefore Scsi_host
allocation.

During driver release or during error handling in ufshcd_pltfrm_init(),
this structure is released as part of ufshcd_dealloc_host() before the
(platform-) device associated with the crypto call above is released.
Once this device is released, the crypto cleanup code will run, using
the just-released 'struct ufs_hba::crypto_profile'. This causes a
use-after-free situation:

  Call trace:
   kfree+0x60/0x2d8 (P)
   kvfree+0x44/0x60
   blk_crypto_profile_destroy_callback+0x28/0x70
   devm_action_release+0x1c/0x30
   release_nodes+0x6c/0x108
   devres_release_all+0x98/0x100
   device_unbind_cleanup+0x20/0x70
   really_probe+0x218/0x2d0

In other words, the initialisation code flow is:

  platform-device probe
    ufshcd_pltfrm_init()
      ufshcd_alloc_host()
        scsi_host_alloc()
          allocation of struct ufs_hba
          creation of scsi-host devices
    devm_blk_crypto_profile_init()
      devm registration of cleanup handler using platform-device

and during error handling of ufshcd_pltfrm_init() or during driver
removal:

  ufshcd_dealloc_host()
    scsi_host_put()
      put_device(scsi-host)
        release of struct ufs_hba
  put_device(platform-device)
    crypto cleanup handler

To fix this use-after free, change ufshcd_alloc_host() to register a
devres action to automatically cleanup the underlying SCSI device on
ufshcd destruction, without requiring explicit calls to
ufshcd_dealloc_host(). This way:

    * the crypto profile and all other ufs_hba-owned resources are
      destroyed before SCSI (as they've been registered after)
    * a memleak is plugged in tc-dwc-g210-pci.c remove() as a
      side-effect
    * EXPORT_SYMBOL_GPL(ufshcd_dealloc_host) can be removed fully as
      it's not needed anymore
    * no future drivers using ufshcd_alloc_host() could ever forget
      adding the cleanup

Fixes: cb77cb5abe1f ("blk-crypto: rename blk_keyslot_manager to blk_crypto_profile")
Fixes: d76d9d7d1009 ("scsi: ufs: use devm_blk_ksm_init()")
Cc: stable@vger.kernel.org
Signed-off-by: André Draszik <andre.draszik@linaro.org>
Link: https://lore.kernel.org/r/20250124-ufshcd-fix-v4-1-c5d0144aae59@linaro.org
Reviewed-by: Bean Huo <beanhuo@micron.com>
Reviewed-by: Manivannan Sadhasivam <manivannan.sadhasivam@linaro.org>
Acked-by: Eric Biggers <ebiggers@kernel.org>
Signed-off-by: Martin K. Petersen <martin.petersen@oracle.com>

diff --git a/drivers/ufs/host/ufshcd-pltfrm.c b/drivers/ufs/host/ufshcd-pltfrm.c
index 505572d4fa87..ffe5d1d2b215 100644
--- a/drivers/ufs/host/ufshcd-pltfrm.c
+++ b/drivers/ufs/host/ufshcd-pltfrm.c
@@ -534,7 +525,6 @@ void ufshcd_pltfrm_remove(struct platform_device *pdev)
 
 	pm_runtime_get_sync(&pdev->dev);
 	ufshcd_remove(hba);
-	ufshcd_dealloc_host(hba);
 	pm_runtime_disable(&pdev->dev);
 	pm_runtime_put_noidle(&pdev->dev);
 }

2025-06-12 17:37:36.191 | INFO     | modules.chunk_analyzer:execute:62 - 第 10 个补丁文件为：
2025-06-12 17:37:36.192 | INFO     | modules.chunk_analyzer:execute:66 - From f8fb2403ddebb5eea0033d90d9daae4c88749ada Mon Sep 17 00:00:00 2001
From: =?UTF-8?q?Andr=C3=A9=20Draszik?= <andre.draszik@linaro.org>
Date: Fri, 24 Jan 2025 15:09:00 +0000
Subject: [PATCH] scsi: ufs: core: Fix use-after free in init error and remove
 paths
MIME-Version: 1.0
Content-Type: text/plain; charset=UTF-8
Content-Transfer-Encoding: 8bit

devm_blk_crypto_profile_init() registers a cleanup handler to run when
the associated (platform-) device is being released. For UFS, the
crypto private data and pointers are stored as part of the ufs_hba's
data structure 'struct ufs_hba::crypto_profile'. This structure is
allocated as part of the underlying ufshcd and therefore Scsi_host
allocation.

During driver release or during error handling in ufshcd_pltfrm_init(),
this structure is released as part of ufshcd_dealloc_host() before the
(platform-) device associated with the crypto call above is released.
Once this device is released, the crypto cleanup code will run, using
the just-released 'struct ufs_hba::crypto_profile'. This causes a
use-after-free situation:

  Call trace:
   kfree+0x60/0x2d8 (P)
   kvfree+0x44/0x60
   blk_crypto_profile_destroy_callback+0x28/0x70
   devm_action_release+0x1c/0x30
   release_nodes+0x6c/0x108
   devres_release_all+0x98/0x100
   device_unbind_cleanup+0x20/0x70
   really_probe+0x218/0x2d0

In other words, the initialisation code flow is:

  platform-device probe
    ufshcd_pltfrm_init()
      ufshcd_alloc_host()
        scsi_host_alloc()
          allocation of struct ufs_hba
          creation of scsi-host devices
    devm_blk_crypto_profile_init()
      devm registration of cleanup handler using platform-device

and during error handling of ufshcd_pltfrm_init() or during driver
removal:

  ufshcd_dealloc_host()
    scsi_host_put()
      put_device(scsi-host)
        release of struct ufs_hba
  put_device(platform-device)
    crypto cleanup handler

To fix this use-after free, change ufshcd_alloc_host() to register a
devres action to automatically cleanup the underlying SCSI device on
ufshcd destruction, without requiring explicit calls to
ufshcd_dealloc_host(). This way:

    * the crypto profile and all other ufs_hba-owned resources are
      destroyed before SCSI (as they've been registered after)
    * a memleak is plugged in tc-dwc-g210-pci.c remove() as a
      side-effect
    * EXPORT_SYMBOL_GPL(ufshcd_dealloc_host) can be removed fully as
      it's not needed anymore
    * no future drivers using ufshcd_alloc_host() could ever forget
      adding the cleanup

Fixes: cb77cb5abe1f ("blk-crypto: rename blk_keyslot_manager to blk_crypto_profile")
Fixes: d76d9d7d1009 ("scsi: ufs: use devm_blk_ksm_init()")
Cc: stable@vger.kernel.org
Signed-off-by: André Draszik <andre.draszik@linaro.org>
Link: https://lore.kernel.org/r/20250124-ufshcd-fix-v4-1-c5d0144aae59@linaro.org
Reviewed-by: Bean Huo <beanhuo@micron.com>
Reviewed-by: Manivannan Sadhasivam <manivannan.sadhasivam@linaro.org>
Acked-by: Eric Biggers <ebiggers@kernel.org>
Signed-off-by: Martin K. Petersen <martin.petersen@oracle.com>

diff --git a/include/ufs/ufshcd.h b/include/ufs/ufshcd.h
index 650ff238cd74..8bf31e6ca4e5 100644
--- a/include/ufs/ufshcd.h
+++ b/include/ufs/ufshcd.h
@@ -1309,7 +1309,6 @@ static inline void ufshcd_rmwl(struct ufs_hba *hba, u32 mask, u32 val, u32 reg)
 void ufshcd_enable_irq(struct ufs_hba *hba);
 void ufshcd_disable_irq(struct ufs_hba *hba);
 int ufshcd_alloc_host(struct device *, struct ufs_hba **);
-void ufshcd_dealloc_host(struct ufs_hba *);
 int ufshcd_hba_enable(struct ufs_hba *hba);
 int ufshcd_init(struct ufs_hba *, void __iomem *, unsigned int);
 int ufshcd_link_recovery(struct ufs_hba *hba);
-- 
2.25.1


2025-06-12 17:37:36.192 | INFO     | modules.chunk_analyzer:_apply_chunk_patches:357 - 切换到目标版本: v6.12-rc7
2025-06-12 17:37:36.357 | INFO     | modules.chunk_analyzer:_apply_chunk_patches:369 - 创建测试分支: test_chunk_apply_8a647945
2025-06-12 17:37:36.859 | INFO     | modules.chunk_analyzer:_apply_chunk_patches:388 - 尝试应用第 1/10 个块补丁: chunk_001_20250612_173736.patch
2025-06-12 17:37:36.864 | INFO     | modules.chunk_analyzer:_apply_chunk_patches:401 - 成功应用块补丁: chunk_001_20250612_173736.patch
2025-06-12 17:37:36.865 | INFO     | modules.chunk_analyzer:_apply_chunk_patches:388 - 尝试应用第 2/10 个块补丁: chunk_002_20250612_173736.patch
2025-06-12 17:37:36.871 | INFO     | modules.chunk_analyzer:_apply_chunk_patches:401 - 成功应用块补丁: chunk_002_20250612_173736.patch
2025-06-12 17:37:36.871 | INFO     | modules.chunk_analyzer:_apply_chunk_patches:388 - 尝试应用第 3/10 个块补丁: chunk_003_20250612_173736.patch
2025-06-12 17:37:36.876 | INFO     | modules.chunk_analyzer:_apply_chunk_patches:401 - 成功应用块补丁: chunk_003_20250612_173736.patch
2025-06-12 17:37:36.876 | INFO     | modules.chunk_analyzer:_apply_chunk_patches:388 - 尝试应用第 4/10 个块补丁: chunk_004_20250612_173736.patch
2025-06-12 17:37:36.879 | INFO     | modules.chunk_analyzer:_apply_chunk_patches:401 - 成功应用块补丁: chunk_004_20250612_173736.patch
2025-06-12 17:37:36.880 | INFO     | modules.chunk_analyzer:_apply_chunk_patches:388 - 尝试应用第 5/10 个块补丁: chunk_005_20250612_173736.patch
2025-06-12 17:37:36.884 | INFO     | modules.chunk_analyzer:_apply_chunk_patches:401 - 成功应用块补丁: chunk_005_20250612_173736.patch
2025-06-12 17:37:36.884 | INFO     | modules.chunk_analyzer:_apply_chunk_patches:388 - 尝试应用第 6/10 个块补丁: chunk_006_20250612_173736.patch
2025-06-12 17:37:36.887 | INFO     | modules.chunk_analyzer:_apply_chunk_patches:401 - 成功应用块补丁: chunk_006_20250612_173736.patch
2025-06-12 17:37:36.888 | INFO     | modules.chunk_analyzer:_apply_chunk_patches:388 - 尝试应用第 7/10 个块补丁: chunk_007_20250612_173736.patch
2025-06-12 17:37:36.891 | INFO     | modules.chunk_analyzer:_apply_chunk_patches:401 - 成功应用块补丁: chunk_007_20250612_173736.patch
2025-06-12 17:37:36.891 | INFO     | modules.chunk_analyzer:_apply_chunk_patches:388 - 尝试应用第 8/10 个块补丁: chunk_008_20250612_173736.patch
2025-06-12 17:37:36.894 | INFO     | modules.chunk_analyzer:_apply_chunk_patches:401 - 成功应用块补丁: chunk_008_20250612_173736.patch
2025-06-12 17:37:36.894 | INFO     | modules.chunk_analyzer:_apply_chunk_patches:388 - 尝试应用第 9/10 个块补丁: chunk_009_20250612_173736.patch
2025-06-12 17:37:36.903 | WARNING  | modules.chunk_analyzer:_apply_chunk_patches:420 - 块补丁 chunk_009_20250612_173736.patch 应用失败: error: patch failed: drivers/ufs/host/ufshcd-pltfrm.c:534
error: drivers/ufs/host/ufshcd-pltfrm.c: patch does not apply

2025-06-12 17:37:36.903 | INFO     | modules.chunk_analyzer:_apply_chunk_patches:388 - 尝试应用第 10/10 个块补丁: chunk_010_20250612_173736.patch
2025-06-12 17:37:36.924 | INFO     | modules.chunk_analyzer:_apply_chunk_patches:401 - 成功应用块补丁: chunk_010_20250612_173736.patch
2025-06-12 17:37:36.925 | INFO     | modules.chunk_analyzer:_apply_chunk_patches:430 - 块补丁应用统计信息:
2025-06-12 17:37:36.925 | INFO     | modules.chunk_analyzer:_apply_chunk_patches:431 - - 总块数: 10
2025-06-12 17:37:36.926 | INFO     | modules.chunk_analyzer:_apply_chunk_patches:432 - - 无冲突块数: 9
2025-06-12 17:37:36.926 | INFO     | modules.chunk_analyzer:_apply_chunk_patches:433 - - 适配失败块数: 1
2025-06-12 17:37:36.927 | INFO     | modules.chunk_analyzer:_apply_chunk_patches:438 - 切换回目标版本: v6.12-rc7
2025-06-12 17:37:37.089 | INFO     | modules.chunk_analyzer:_apply_chunk_patches:446 - 删除测试分支: test_chunk_apply_8a647945
2025-06-12 17:37:37.093 | INFO     | modules.chunk_analyzer:execute:70 - 成功应用了 9 个块补丁，总共 10 个
2025-06-12 17:37:37.095 | INFO     | modules.chunk_analyzer:_create_remaining_patch:527 - 创建剩余块补丁文件: /home/elpsy/workspace/sow/patch-backport/workspace/linux/kernel-torvalds/f8fb24/chunk_patches/remaining_chunks_20250612_173737.patch
2025-06-12 17:37:37.095 | INFO     | modules.chunk_analyzer:execute:78 - 创建了包含 1 个未应用块的剩余补丁: /home/elpsy/workspace/sow/patch-backport/workspace/linux/kernel-torvalds/f8fb24/chunk_patches/remaining_chunks_20250612_173737.patch
2025-06-12 17:37:37.097 | INFO     | modules.chunk_analyzer:execute:102 - 已将剩余补丁路径存储到上下文: /home/elpsy/workspace/sow/patch-backport/workspace/linux/kernel-torvalds/f8fb24/chunk_patches/remaining_chunks_20250612_173737.patch
2025-06-12 17:37:37.097 | INFO     | modules.chunk_analyzer:execute:117 - 补丁分块分析完成，耗时: 0.93秒
2025-06-12 17:37:37.099 | INFO     | modules.base_module:_save_metrics:143 - 评测指标已保存到: workspace/linux/kernel-torvalds/f8fb24/evaluations/chunk_analyzer/metrics_f8fb24_20250612_173737.json
2025-06-12 17:37:37.101 | INFO     | modules.chunk_analyzer:_generate_additional_html_sections:917 - 找到当前评估会话目录: workspace/linux/kernel-torvalds/f8fb24/evaluations/chunk_analyzer/details_f8fb24_20250612_173737
2025-06-12 17:37:37.101 | INFO     | modules.chunk_analyzer:_get_patch_content:1151 - 使用当前会话评估目录: workspace/linux/kernel-torvalds/f8fb24/evaluations/chunk_analyzer/details_f8fb24_20250612_173737
2025-06-12 17:37:37.102 | WARNING  | modules.chunk_analyzer:_get_patch_content:1207 - 补丁目录不存在: workspace/linux/kernel-torvalds/f8fb24/evaluations/chunk_analyzer/details_f8fb24_20250612_173737/patches
2025-06-12 17:37:37.102 | INFO     | modules.chunk_analyzer:_get_patch_content:1212 - 成功创建补丁目录: workspace/linux/kernel-torvalds/f8fb24/evaluations/chunk_analyzer/details_f8fb24_20250612_173737/patches
2025-06-12 17:37:37.102 | INFO     | modules.chunk_analyzer:_get_patch_content:1230 - 已将原始补丁内容保存到: workspace/linux/kernel-torvalds/f8fb24/evaluations/chunk_analyzer/details_f8fb24_20250612_173737/patches/original_patch.txt
2025-06-12 17:37:37.103 | INFO     | modules.chunk_analyzer:_get_patch_content:1151 - 使用当前会话评估目录: workspace/linux/kernel-torvalds/f8fb24/evaluations/chunk_analyzer/details_f8fb24_20250612_173737
2025-06-12 17:37:37.104 | INFO     | modules.chunk_analyzer:_get_patch_content:1335 - 已将补丁块内容保存到: workspace/linux/kernel-torvalds/f8fb24/evaluations/chunk_analyzer/details_f8fb24_20250612_173737/patches/applied_chunk_1.txt
2025-06-12 17:37:37.104 | INFO     | modules.chunk_analyzer:_get_patch_content:1335 - 已将补丁块内容保存到: workspace/linux/kernel-torvalds/f8fb24/evaluations/chunk_analyzer/details_f8fb24_20250612_173737/patches/applied_chunk_2.txt
2025-06-12 17:37:37.105 | INFO     | modules.chunk_analyzer:_get_patch_content:1335 - 已将补丁块内容保存到: workspace/linux/kernel-torvalds/f8fb24/evaluations/chunk_analyzer/details_f8fb24_20250612_173737/patches/applied_chunk_3.txt
2025-06-12 17:37:37.105 | INFO     | modules.chunk_analyzer:_get_patch_content:1335 - 已将补丁块内容保存到: workspace/linux/kernel-torvalds/f8fb24/evaluations/chunk_analyzer/details_f8fb24_20250612_173737/patches/applied_chunk_4.txt
2025-06-12 17:37:37.106 | INFO     | modules.chunk_analyzer:_get_patch_content:1335 - 已将补丁块内容保存到: workspace/linux/kernel-torvalds/f8fb24/evaluations/chunk_analyzer/details_f8fb24_20250612_173737/patches/applied_chunk_5.txt
2025-06-12 17:37:37.106 | INFO     | modules.chunk_analyzer:_get_patch_content:1335 - 已将补丁块内容保存到: workspace/linux/kernel-torvalds/f8fb24/evaluations/chunk_analyzer/details_f8fb24_20250612_173737/patches/applied_chunk_6.txt
2025-06-12 17:37:37.107 | INFO     | modules.chunk_analyzer:_get_patch_content:1335 - 已将补丁块内容保存到: workspace/linux/kernel-torvalds/f8fb24/evaluations/chunk_analyzer/details_f8fb24_20250612_173737/patches/applied_chunk_7.txt
2025-06-12 17:37:37.107 | INFO     | modules.chunk_analyzer:_get_patch_content:1335 - 已将补丁块内容保存到: workspace/linux/kernel-torvalds/f8fb24/evaluations/chunk_analyzer/details_f8fb24_20250612_173737/patches/applied_chunk_8.txt
2025-06-12 17:37:37.108 | INFO     | modules.chunk_analyzer:_get_patch_content:1335 - 已将补丁块内容保存到: workspace/linux/kernel-torvalds/f8fb24/evaluations/chunk_analyzer/details_f8fb24_20250612_173737/patches/applied_chunk_9.txt
2025-06-12 17:37:37.108 | INFO     | modules.chunk_analyzer:_get_patch_content:1344 - 已将合并的补丁块内容保存到: workspace/linux/kernel-torvalds/f8fb24/evaluations/chunk_analyzer/details_f8fb24_20250612_173737/patches/all_applied_chunks.txt
2025-06-12 17:37:37.109 | INFO     | modules.chunk_analyzer:_get_patch_content:1348 - 从context获取应用成功的补丁内容
2025-06-12 17:37:37.109 | INFO     | modules.chunk_analyzer:_get_patch_content:1151 - 使用当前会话评估目录: workspace/linux/kernel-torvalds/f8fb24/evaluations/chunk_analyzer/details_f8fb24_20250612_173737
2025-06-12 17:37:37.110 | INFO     | modules.chunk_analyzer:_get_patch_content:1399 - 已将剩余补丁内容保存到: workspace/linux/kernel-torvalds/f8fb24/evaluations/chunk_analyzer/details_f8fb24_20250612_173737/patches/remaining_patch.txt
2025-06-12 17:37:37.111 | INFO     | modules.chunk_analyzer:_get_patch_content:1403 - 从context获取剩余补丁内容: /home/elpsy/workspace/sow/patch-backport/workspace/linux/kernel-torvalds/f8fb24/chunk_patches/remaining_chunks_20250612_173737.patch
2025-06-12 17:37:37.112 | INFO     | modules.base_module:_save_evaluation_info:198 - 美观易读的评估信息已保存到: workspace/linux/kernel-torvalds/f8fb24/evaluations/chunk_analyzer/details_f8fb24_20250612_173737
2025-06-12 17:37:37.121 | INFO     | core.adaptation_pipeline:process_patch:106 - 执行模块: llm_adapter
2025-06-12 17:37:37.121 | INFO     | modules.llm_adapter:execute:71 - context.commit.patch_path: /home/elpsy/workspace/sow/patch-backport/workspace/linux/kernel-torvalds/f8fb24/patches/upstream_f8fb24.patch
2025-06-12 17:37:37.121 | INFO     | modules.llm_adapter:execute:73 - 使用原始补丁文件: /home/elpsy/workspace/sow/patch-backport/workspace/linux/kernel-torvalds/f8fb24/patches/upstream_f8fb24.patch
2025-06-12 17:37:37.122 | INFO     | modules.llm_adapter:_prepare_prompt_data:217 - 使用函数级上下文和完整文件内容的增强模式
2025-06-12 17:37:37.122 | INFO     | modules.llm_adapter:_prepare_enhanced_prompt:261 - 补丁修改的文件: ['drivers/ufs/host/ufshcd-pltfrm.c']
2025-06-12 17:37:37.122 | INFO     | modules.llm_adapter:_prepare_enhanced_prompt:264 - 尝试使用git show -W获取整个补丁的函数级上下文
2025-06-12 17:37:37.123 | INFO     | modules.llm_adapter:_generate_function_level_patch:428 - 移除commit_sha的.patch后缀: f8fb2403ddebb5eea0033d90d9daae4c88749ada
2025-06-12 17:37:37.123 | INFO     | modules.llm_adapter:_generate_function_level_patch:433 - 使用git show -W生成函数级别的补丁，commit_sha: f8fb2403ddebb5eea0033d90d9daae4c88749ada, repo_path: /home/elpsy/.cache/port-patch/linux_kernel-torvalds
2025-06-12 17:37:37.146 | INFO     | modules.llm_adapter:_generate_function_level_patch:458 - 函数级别的补丁生成成功: workspace/linux/kernel-torvalds/f8fb24/function_level_patch.diff
2025-06-12 17:37:37.147 | INFO     | modules.llm_adapter:_generate_function_level_patch:459 - 补丁统计: 大小: 10.64 KB, 估计函数数量: 0, 生成耗时: 0.02 秒
2025-06-12 17:37:37.147 | INFO     | modules.llm_adapter:_prepare_enhanced_prompt:267 - 成功生成函数级别的补丁，将使用函数级别的提示模板
2025-06-12 17:37:37.305 | INFO     | modules.backtrack_apply:_map_file_paths:203 - 文件直接存在: drivers/ufs/host/ufshcd-pltfrm.c
2025-06-12 17:37:37.305 | INFO     | modules.llm_adapter:_get_file_content_from_target:1951 - 成功获取文件 drivers/ufs/host/ufshcd-pltfrm.c 在目标版本 v6.12-rc7 的内容，大小: 13161 字节
2025-06-12 17:37:37.465 | INFO     | modules.llm_adapter:_call_llm:939 - 使用函数级别的补丁，切换到提示模板: backport-func
2025-06-12 17:37:37.466 | INFO     | modules.llm_adapter:_call_llm:940 - 准备了 1 个旧版本文件内容
2025-06-12 17:37:37.553 | INFO     | llm_assistant:run:278 - +++++++++++++++++++++++++++++++++++
2025-06-12 17:39:54.959 | INFO     | llm_assistant:run:298 - ---responses in run: [{'prompt': [{'role': 'system', 'content': 'You are an exceptionally skilled senior software engineer specializing in patch backporting between different software versions. Your task is to analyze a patch from a newer version and apply its functionality to older version files.\n\nUsers will provide you with:\n1. The complete content of the older version files that need to be modified\n2. A function-level patch showing the complete functions that were modified in the original patch\n\nThe function-level patch provides critical context about the entire functions being modified, not just the specific lines changed. This gives you a complete understanding of how the changes fit within their functional context.\n\nYour job is to generate a modified patch that will apply cleanly to the older version while preserving the functionality and intent of the original patch.\n\nINSTRUCTION:\n- Analyze both the older version files and the function-level patch carefully\n- Look for API changes, function signature changes, and structural differences between versions\n- Your backported patch should compile without errors on the older version\n- Maintain the same functionality as the original patch\n- Do not introduce any new dependencies or use API calls not present in the older version\n- Follow the same code style as the older version\n\nPlease provide your response in the following format:\n\nA. Commit message:\n<Brief summary of what the backported patch does>\n\nB. Change summary:\n<Detailed description of the changes made in the backport process>\n\nC. Compatibility Risk:\n<Low, Medium, or High - based on how invasive the changes are>\n\nD. Fixed Code:\n<The complete backported patch in git diff format>\n'}, {'role': 'system', 'content': 'Input 1: The complete content of the files from the older software version that need to be patched.\n\nFile: drivers/ufs/host/ufshcd-pltfrm.c\n```c\n// SPDX-License-Identifier: GPL-2.0-or-later\n/*\n * Universal Flash Storage Host controller Platform bus based glue driver\n * Copyright (C) 2011-2013 Samsung India Software Operations\n *\n * Authors:\n *\tSantosh Yaraganavi <santosh.sy@samsung.com>\n *\tVinayak Holikatti <h.vinayak@samsung.com>\n */\n\n#include <linux/clk.h>\n#include <linux/module.h>\n#include <linux/platform_device.h>\n#include <linux/pm_opp.h>\n#include <linux/pm_runtime.h>\n#include <linux/of.h>\n\n#include <ufs/ufshcd.h>\n#include "ufshcd-pltfrm.h"\n#include <ufs/unipro.h>\n\n#define UFSHCD_DEFAULT_LANES_PER_DIRECTION\t\t2\n\nstatic int ufshcd_parse_clock_info(struct ufs_hba *hba)\n{\n\tint ret = 0;\n\tint cnt;\n\tint i;\n\tstruct device *dev = hba->dev;\n\tstruct device_node *np = dev->of_node;\n\tconst char *name;\n\tu32 *clkfreq = NULL;\n\tstruct ufs_clk_info *clki;\n\tssize_t sz = 0;\n\n\tif (!np)\n\t\tgoto out;\n\n\tcnt = of_property_count_strings(np, "clock-names");\n\tif (!cnt || (cnt == -EINVAL)) {\n\t\tdev_info(dev, "%s: Unable to find clocks, assuming enabled\\n",\n\t\t\t\t__func__);\n\t} else if (cnt < 0) {\n\t\tdev_err(dev, "%s: count clock strings failed, err %d\\n",\n\t\t\t\t__func__, cnt);\n\t\tret = cnt;\n\t}\n\n\tif (cnt <= 0)\n\t\tgoto out;\n\n\tsz = of_property_count_u32_elems(np, "freq-table-hz");\n\tif (sz <= 0) {\n\t\tdev_info(dev, "freq-table-hz property not specified\\n");\n\t\tgoto out;\n\t}\n\n\tif (sz != 2 * cnt) {\n\t\tdev_err(dev, "%s len mismatch\\n", "freq-table-hz");\n\t\tret = -EINVAL;\n\t\tgoto out;\n\t}\n\n\tclkfreq = devm_kcalloc(dev, sz, sizeof(*clkfreq),\n\t\t\t       GFP_KERNEL);\n\tif (!clkfreq) {\n\t\tret = -ENOMEM;\n\t\tgoto out;\n\t}\n\n\tret = of_property_read_u32_array(np, "freq-table-hz",\n\t\t\tclkfreq, sz);\n\tif (ret && (ret != -EINVAL)) {\n\t\tdev_err(dev, "%s: error reading array %d\\n",\n\t\t\t\t"freq-table-hz", ret);\n\t\treturn ret;\n\t}\n\n\tfor (i = 0; i < sz; i += 2) {\n\t\tret = of_property_read_string_index(np,\t"clock-names", i/2,\n\t\t\t\t\t\t    &name);\n\t\tif (ret)\n\t\t\tgoto out;\n\n\t\tclki = devm_kzalloc(dev, sizeof(*clki), GFP_KERNEL);\n\t\tif (!clki) {\n\t\t\tret = -ENOMEM;\n\t\t\tgoto out;\n\t\t}\n\n\t\tclki->min_freq = clkfreq[i];\n\t\tclki->max_freq = clkfreq[i+1];\n\t\tclki->name = devm_kstrdup(dev, name, GFP_KERNEL);\n\t\tif (!clki->name) {\n\t\t\tret = -ENOMEM;\n\t\t\tgoto out;\n\t\t}\n\n\t\tif (!strcmp(name, "ref_clk"))\n\t\t\tclki->keep_link_active = true;\n\t\tdev_dbg(dev, "%s: min %u max %u name %s\\n", "freq-table-hz",\n\t\t\t\tclki->min_freq, clki->max_freq, clki->name);\n\t\tlist_add_tail(&clki->list, &hba->clk_list_head);\n\t}\nout:\n\treturn ret;\n}\n\nstatic bool phandle_exists(const struct device_node *np,\n\t\t\t   const char *phandle_name, int index)\n{\n\tstruct device_node *parse_np = of_parse_phandle(np, phandle_name, index);\n\n\tif (parse_np)\n\t\tof_node_put(parse_np);\n\n\treturn parse_np != NULL;\n}\n\n#define MAX_PROP_SIZE 32\nint ufshcd_populate_vreg(struct device *dev, const char *name,\n\t\t\t struct ufs_vreg **out_vreg, bool skip_current)\n{\n\tchar prop_name[MAX_PROP_SIZE];\n\tstruct ufs_vreg *vreg = NULL;\n\tstruct device_node *np = dev->of_node;\n\n\tif (!np) {\n\t\tdev_err(dev, "%s: non DT initialization\\n", __func__);\n\t\tgoto out;\n\t}\n\n\tsnprintf(prop_name, MAX_PROP_SIZE, "%s-supply", name);\n\tif (!phandle_exists(np, prop_name, 0)) {\n\t\tdev_info(dev, "%s: Unable to find %s regulator, assuming enabled\\n",\n\t\t\t\t__func__, prop_name);\n\t\tgoto out;\n\t}\n\n\tvreg = devm_kzalloc(dev, sizeof(*vreg), GFP_KERNEL);\n\tif (!vreg)\n\t\treturn -ENOMEM;\n\n\tvreg->name = devm_kstrdup(dev, name, GFP_KERNEL);\n\tif (!vreg->name)\n\t\treturn -ENOMEM;\n\n\tif (skip_current) {\n\t\tvreg->max_uA = 0;\n\t\tgoto out;\n\t}\n\n\tsnprintf(prop_name, MAX_PROP_SIZE, "%s-max-microamp", name);\n\tif (of_property_read_u32(np, prop_name, &vreg->max_uA)) {\n\t\tdev_info(dev, "%s: unable to find %s\\n", __func__, prop_name);\n\t\tvreg->max_uA = 0;\n\t}\nout:\n\t*out_vreg = vreg;\n\treturn 0;\n}\nEXPORT_SYMBOL_GPL(ufshcd_populate_vreg);\n\n/**\n * ufshcd_parse_regulator_info - get regulator info from device tree\n * @hba: per adapter instance\n *\n * Get regulator info from device tree for vcc, vccq, vccq2 power supplies.\n * If any of the supplies are not defined it is assumed that they are always-on\n * and hence return zero. If the property is defined but parsing is failed\n * then return corresponding error.\n *\n * Return: 0 upon success; < 0 upon failure.\n */\nstatic int ufshcd_parse_regulator_info(struct ufs_hba *hba)\n{\n\tint err;\n\tstruct device *dev = hba->dev;\n\tstruct ufs_vreg_info *info = &hba->vreg_info;\n\n\terr = ufshcd_populate_vreg(dev, "vdd-hba", &info->vdd_hba, true);\n\tif (err)\n\t\tgoto out;\n\n\terr = ufshcd_populate_vreg(dev, "vcc", &info->vcc, false);\n\tif (err)\n\t\tgoto out;\n\n\terr = ufshcd_populate_vreg(dev, "vccq", &info->vccq, false);\n\tif (err)\n\t\tgoto out;\n\n\terr = ufshcd_populate_vreg(dev, "vccq2", &info->vccq2, false);\nout:\n\treturn err;\n}\n\nstatic void ufshcd_init_lanes_per_dir(struct ufs_hba *hba)\n{\n\tstruct device *dev = hba->dev;\n\tint ret;\n\n\tret = of_property_read_u32(dev->of_node, "lanes-per-direction",\n\t\t&hba->lanes_per_direction);\n\tif (ret) {\n\t\tdev_dbg(hba->dev,\n\t\t\t"%s: failed to read lanes-per-direction, ret=%d\\n",\n\t\t\t__func__, ret);\n\t\thba->lanes_per_direction = UFSHCD_DEFAULT_LANES_PER_DIRECTION;\n\t}\n}\n\n/**\n * ufshcd_parse_clock_min_max_freq  - Parse MIN and MAX clocks freq\n * @hba: per adapter instance\n *\n * This function parses MIN and MAX frequencies of all clocks required\n * by the host drivers.\n *\n * Returns 0 for success and non-zero for failure\n */\nstatic int ufshcd_parse_clock_min_max_freq(struct ufs_hba *hba)\n{\n\tstruct list_head *head = &hba->clk_list_head;\n\tstruct ufs_clk_info *clki;\n\tstruct dev_pm_opp *opp;\n\tunsigned long freq;\n\tu8 idx = 0;\n\n\tlist_for_each_entry(clki, head, list) {\n\t\tif (!clki->name)\n\t\t\tcontinue;\n\n\t\tclki->clk = devm_clk_get(hba->dev, clki->name);\n\t\tif (IS_ERR(clki->clk))\n\t\t\tcontinue;\n\n\t\t/* Find Max Freq */\n\t\tfreq = ULONG_MAX;\n\t\topp = dev_pm_opp_find_freq_floor_indexed(hba->dev, &freq, idx);\n\t\tif (IS_ERR(opp)) {\n\t\t\tdev_err(hba->dev, "Failed to find OPP for MAX frequency\\n");\n\t\t\treturn PTR_ERR(opp);\n\t\t}\n\t\tclki->max_freq = dev_pm_opp_get_freq_indexed(opp, idx);\n\t\tdev_pm_opp_put(opp);\n\n\t\t/* Find Min Freq */\n\t\tfreq = 0;\n\t\topp = dev_pm_opp_find_freq_ceil_indexed(hba->dev, &freq, idx);\n\t\tif (IS_ERR(opp)) {\n\t\t\tdev_err(hba->dev, "Failed to find OPP for MIN frequency\\n");\n\t\t\treturn PTR_ERR(opp);\n\t\t}\n\t\tclki->min_freq = dev_pm_opp_get_freq_indexed(opp, idx++);\n\t\tdev_pm_opp_put(opp);\n\t}\n\n\treturn 0;\n}\n\nstatic int ufshcd_parse_operating_points(struct ufs_hba *hba)\n{\n\tstruct device *dev = hba->dev;\n\tstruct device_node *np = dev->of_node;\n\tstruct dev_pm_opp_config config = {};\n\tstruct ufs_clk_info *clki;\n\tconst char **clk_names;\n\tint cnt, i, ret;\n\n\tif (!of_property_present(np, "operating-points-v2"))\n\t\treturn 0;\n\n\tif (of_property_present(np, "freq-table-hz")) {\n\t\tdev_err(dev, "%s: operating-points and freq-table-hz are incompatible\\n",\n\t\t\t __func__);\n\t\treturn -EINVAL;\n\t}\n\n\tcnt = of_property_count_strings(np, "clock-names");\n\tif (cnt <= 0) {\n\t\tdev_err(dev, "%s: Missing clock-names\\n",  __func__);\n\t\treturn -ENODEV;\n\t}\n\n\t/* OPP expects clk_names to be NULL terminated */\n\tclk_names = devm_kcalloc(dev, cnt + 1, sizeof(*clk_names), GFP_KERNEL);\n\tif (!clk_names)\n\t\treturn -ENOMEM;\n\n\t/*\n\t * We still need to get reference to all clocks as the UFS core uses\n\t * them separately.\n\t */\n\tfor (i = 0; i < cnt; i++) {\n\t\tret = of_property_read_string_index(np, "clock-names", i,\n\t\t\t\t\t\t    &clk_names[i]);\n\t\tif (ret)\n\t\t\treturn ret;\n\n\t\tclki = devm_kzalloc(dev, sizeof(*clki), GFP_KERNEL);\n\t\tif (!clki)\n\t\t\treturn -ENOMEM;\n\n\t\tclki->name = devm_kstrdup(dev, clk_names[i], GFP_KERNEL);\n\t\tif (!clki->name)\n\t\t\treturn -ENOMEM;\n\n\t\tif (!strcmp(clk_names[i], "ref_clk"))\n\t\t\tclki->keep_link_active = true;\n\n\t\tlist_add_tail(&clki->list, &hba->clk_list_head);\n\t}\n\n\tconfig.clk_names = clk_names,\n\tconfig.config_clks = ufshcd_opp_config_clks;\n\n\tret = devm_pm_opp_set_config(dev, &config);\n\tif (ret)\n\t\treturn ret;\n\n\tret = devm_pm_opp_of_add_table(dev);\n\tif (ret) {\n\t\tdev_err(dev, "Failed to add OPP table: %d\\n", ret);\n\t\treturn ret;\n\t}\n\n\tret = ufshcd_parse_clock_min_max_freq(hba);\n\tif (ret)\n\t\treturn ret;\n\n\thba->use_pm_opp = true;\n\n\treturn 0;\n}\n\n/**\n * ufshcd_negotiate_pwr_params - find power mode settings that are supported by\n *\t\t\t\t both the controller and the device\n * @host_params: pointer to host parameters\n * @dev_max: pointer to device attributes\n * @agreed_pwr: returned agreed attributes\n *\n * Return: 0 on success, non-zero value on failure.\n */\nint ufshcd_negotiate_pwr_params(const struct ufs_host_params *host_params,\n\t\t\t\tconst struct ufs_pa_layer_attr *dev_max,\n\t\t\t\tstruct ufs_pa_layer_attr *agreed_pwr)\n{\n\tint min_host_gear;\n\tint min_dev_gear;\n\tbool is_dev_sup_hs = false;\n\tbool is_host_max_hs = false;\n\n\tif (dev_max->pwr_rx == FAST_MODE)\n\t\tis_dev_sup_hs = true;\n\n\tif (host_params->desired_working_mode == UFS_HS_MODE) {\n\t\tis_host_max_hs = true;\n\t\tmin_host_gear = min_t(u32, host_params->hs_rx_gear,\n\t\t\t\t\thost_params->hs_tx_gear);\n\t} else {\n\t\tmin_host_gear = min_t(u32, host_params->pwm_rx_gear,\n\t\t\t\t\thost_params->pwm_tx_gear);\n\t}\n\n\t/*\n\t * device doesn\'t support HS but host_params->desired_working_mode is HS,\n\t * thus device and host_params don\'t agree\n\t */\n\tif (!is_dev_sup_hs && is_host_max_hs) {\n\t\tpr_info("%s: device doesn\'t support HS\\n",\n\t\t\t__func__);\n\t\treturn -ENOTSUPP;\n\t} else if (is_dev_sup_hs && is_host_max_hs) {\n\t\t/*\n\t\t * since device supports HS, it supports FAST_MODE.\n\t\t * since host_params->desired_working_mode is also HS\n\t\t * then final decision (FAST/FASTAUTO) is done according\n\t\t * to pltfrm_params as it is the restricting factor\n\t\t */\n\t\tagreed_pwr->pwr_rx = host_params->rx_pwr_hs;\n\t\tagreed_pwr->pwr_tx = agreed_pwr->pwr_rx;\n\t} else {\n\t\t/*\n\t\t * here host_params->desired_working_mode is PWM.\n\t\t * it doesn\'t matter whether device supports HS or PWM,\n\t\t * in both cases host_params->desired_working_mode will\n\t\t * determine the mode\n\t\t */\n\t\tagreed_pwr->pwr_rx = host_params->rx_pwr_pwm;\n\t\tagreed_pwr->pwr_tx = agreed_pwr->pwr_rx;\n\t}\n\n\t/*\n\t * we would like tx to work in the minimum number of lanes\n\t * between device capability and vendor preferences.\n\t * the same decision will be made for rx\n\t */\n\tagreed_pwr->lane_tx = min_t(u32, dev_max->lane_tx,\n\t\t\t\t    host_params->tx_lanes);\n\tagreed_pwr->lane_rx = min_t(u32, dev_max->lane_rx,\n\t\t\t\t    host_params->rx_lanes);\n\n\t/* device maximum gear is the minimum between device rx and tx gears */\n\tmin_dev_gear = min_t(u32, dev_max->gear_rx, dev_max->gear_tx);\n\n\t/*\n\t * if both device capabilities and vendor pre-defined preferences are\n\t * both HS or both PWM then set the minimum gear to be the chosen\n\t * working gear.\n\t * if one is PWM and one is HS then the one that is PWM get to decide\n\t * what is the gear, as it is the one that also decided previously what\n\t * pwr the device will be configured to.\n\t */\n\tif ((is_dev_sup_hs && is_host_max_hs) ||\n\t    (!is_dev_sup_hs && !is_host_max_hs)) {\n\t\tagreed_pwr->gear_rx =\n\t\t\tmin_t(u32, min_dev_gear, min_host_gear);\n\t} else if (!is_dev_sup_hs) {\n\t\tagreed_pwr->gear_rx = min_dev_gear;\n\t} else {\n\t\tagreed_pwr->gear_rx = min_host_gear;\n\t}\n\tagreed_pwr->gear_tx = agreed_pwr->gear_rx;\n\n\tagreed_pwr->hs_rate = host_params->hs_rate;\n\n\treturn 0;\n}\nEXPORT_SYMBOL_GPL(ufshcd_negotiate_pwr_params);\n\nvoid ufshcd_init_host_params(struct ufs_host_params *host_params)\n{\n\t*host_params = (struct ufs_host_params){\n\t\t.tx_lanes = UFS_LANE_2,\n\t\t.rx_lanes = UFS_LANE_2,\n\t\t.hs_rx_gear = UFS_HS_G3,\n\t\t.hs_tx_gear = UFS_HS_G3,\n\t\t.pwm_rx_gear = UFS_PWM_G4,\n\t\t.pwm_tx_gear = UFS_PWM_G4,\n\t\t.rx_pwr_pwm = SLOW_MODE,\n\t\t.tx_pwr_pwm = SLOW_MODE,\n\t\t.rx_pwr_hs = FAST_MODE,\n\t\t.tx_pwr_hs = FAST_MODE,\n\t\t.hs_rate = PA_HS_MODE_B,\n\t\t.desired_working_mode = UFS_HS_MODE,\n\t};\n}\nEXPORT_SYMBOL_GPL(ufshcd_init_host_params);\n\n/**\n * ufshcd_pltfrm_init - probe routine of the driver\n * @pdev: pointer to Platform device handle\n * @vops: pointer to variant ops\n *\n * Return: 0 on success, non-zero value on failure.\n */\nint ufshcd_pltfrm_init(struct platform_device *pdev,\n\t\t       const struct ufs_hba_variant_ops *vops)\n{\n\tstruct ufs_hba *hba;\n\tvoid __iomem *mmio_base;\n\tint irq, err;\n\tstruct device *dev = &pdev->dev;\n\n\tmmio_base = devm_platform_ioremap_resource(pdev, 0);\n\tif (IS_ERR(mmio_base))\n\t\treturn PTR_ERR(mmio_base);\n\n\tirq = platform_get_irq(pdev, 0);\n\tif (irq < 0)\n\t\treturn irq;\n\n\terr = ufshcd_alloc_host(dev, &hba);\n\tif (err) {\n\t\tdev_err(dev, "Allocation failed\\n");\n\t\treturn err;\n\t}\n\n\thba->vops = vops;\n\n\terr = ufshcd_parse_clock_info(hba);\n\tif (err) {\n\t\tdev_err(dev, "%s: clock parse failed %d\\n",\n\t\t\t\t__func__, err);\n\t\treturn err;\n\t}\n\terr = ufshcd_parse_regulator_info(hba);\n\tif (err) {\n\t\tdev_err(dev, "%s: regulator init failed %d\\n",\n\t\t\t\t__func__, err);\n\t\treturn err;\n\t}\n\n\tufshcd_init_lanes_per_dir(hba);\n\n\terr = ufshcd_parse_operating_points(hba);\n\tif (err) {\n\t\tdev_err(dev, "%s: OPP parse failed %d\\n", __func__, err);\n\t\treturn err;\n\t}\n\n\terr = ufshcd_init(hba, mmio_base, irq);\n\tif (err) {\n\t\tdev_err_probe(dev, err, "Initialization failed with error %d\\n",\n\t\t\t      err);\n\t\treturn err;\n\t}\n\n\tpm_runtime_set_active(dev);\n\tpm_runtime_enable(dev);\n\n\treturn 0;\n}\nEXPORT_SYMBOL_GPL(ufshcd_pltfrm_init);\n\nMODULE_AUTHOR("Santosh Yaragnavi <santosh.sy@samsung.com>");\nMODULE_AUTHOR("Vinayak Holikatti <h.vinayak@samsung.com>");\nMODULE_DESCRIPTION("UFS host controller Platform bus based glue driver");\nMODULE_LICENSE("GPL");\n\n```\n\n'}, {'role': 'system', 'content': 'Input 2: The function-level patch showing the complete functions that were modified in the original patch.\n\ncommit f8fb2403ddebb5eea0033d90d9daae4c88749ada\nAuthor: André Draszik <andre.draszik@linaro.org>\nDate:   Fri Jan 24 15:09:00 2025 +0000\n\n    scsi: ufs: core: Fix use-after free in init error and remove paths\n    \n    devm_blk_crypto_profile_init() registers a cleanup handler to run when\n    the associated (platform-) device is being released. For UFS, the\n    crypto private data and pointers are stored as part of the ufs_hba\'s\n    data structure \'struct ufs_hba::crypto_profile\'. This structure is\n    allocated as part of the underlying ufshcd and therefore Scsi_host\n    allocation.\n    \n    During driver release or during error handling in ufshcd_pltfrm_init(),\n    this structure is released as part of ufshcd_dealloc_host() before the\n    (platform-) device associated with the crypto call above is released.\n    Once this device is released, the crypto cleanup code will run, using\n    the just-released \'struct ufs_hba::crypto_profile\'. This causes a\n    use-after-free situation:\n    \n      Call trace:\n       kfree+0x60/0x2d8 (P)\n       kvfree+0x44/0x60\n       blk_crypto_profile_destroy_callback+0x28/0x70\n       devm_action_release+0x1c/0x30\n       release_nodes+0x6c/0x108\n       devres_release_all+0x98/0x100\n       device_unbind_cleanup+0x20/0x70\n       really_probe+0x218/0x2d0\n    \n    In other words, the initialisation code flow is:\n    \n      platform-device probe\n        ufshcd_pltfrm_init()\n          ufshcd_alloc_host()\n            scsi_host_alloc()\n              allocation of struct ufs_hba\n              creation of scsi-host devices\n        devm_blk_crypto_profile_init()\n          devm registration of cleanup handler using platform-device\n    \n    and during error handling of ufshcd_pltfrm_init() or during driver\n    removal:\n    \n      ufshcd_dealloc_host()\n        scsi_host_put()\n          put_device(scsi-host)\n            release of struct ufs_hba\n      put_device(platform-device)\n        crypto cleanup handler\n    \n    To fix this use-after free, change ufshcd_alloc_host() to register a\n    devres action to automatically cleanup the underlying SCSI device on\n    ufshcd destruction, without requiring explicit calls to\n    ufshcd_dealloc_host(). This way:\n    \n        * the crypto profile and all other ufs_hba-owned resources are\n          destroyed before SCSI (as they\'ve been registered after)\n        * a memleak is plugged in tc-dwc-g210-pci.c remove() as a\n          side-effect\n        * EXPORT_SYMBOL_GPL(ufshcd_dealloc_host) can be removed fully as\n          it\'s not needed anymore\n        * no future drivers using ufshcd_alloc_host() could ever forget\n          adding the cleanup\n    \n    Fixes: cb77cb5abe1f ("blk-crypto: rename blk_keyslot_manager to blk_crypto_profile")\n    Fixes: d76d9d7d1009 ("scsi: ufs: use devm_blk_ksm_init()")\n    Cc: stable@vger.kernel.org\n    Signed-off-by: André Draszik <andre.draszik@linaro.org>\n    Link: https://lore.kernel.org/r/20250124-ufshcd-fix-v4-1-c5d0144aae59@linaro.org\n    Reviewed-by: Bean Huo <beanhuo@micron.com>\n    Reviewed-by: Manivannan Sadhasivam <manivannan.sadhasivam@linaro.org>\n    Acked-by: Eric Biggers <ebiggers@kernel.org>\n    Signed-off-by: Martin K. Petersen <martin.petersen@oracle.com>\n\ndiff --git a/drivers/ufs/core/ufshcd.c b/drivers/ufs/core/ufshcd.c\nindex d3741b1f4382..d2de80b2bba4 100644\n--- a/drivers/ufs/core/ufshcd.c\n+++ b/drivers/ufs/core/ufshcd.c\n@@ -10223,76 +10223,87 @@ int ufshcd_system_thaw(struct device *dev)\n {\n \treturn ufshcd_system_resume(dev);\n }\n EXPORT_SYMBOL_GPL(ufshcd_system_thaw);\n #endif /* CONFIG_PM_SLEEP  */\n \n-/**\n- * ufshcd_dealloc_host - deallocate Host Bus Adapter (HBA)\n- * @hba: pointer to Host Bus Adapter (HBA)\n- */\n-void ufshcd_dealloc_host(struct ufs_hba *hba)\n-{\n-\tscsi_host_put(hba->host);\n-}\n-EXPORT_SYMBOL_GPL(ufshcd_dealloc_host);\n-\n /**\n  * ufshcd_set_dma_mask - Set dma mask based on the controller\n  *\t\t\t addressing capability\n  * @hba: per adapter instance\n  *\n  * Return: 0 for success, non-zero for failure.\n  */\n static int ufshcd_set_dma_mask(struct ufs_hba *hba)\n {\n \tif (hba->vops && hba->vops->set_dma_mask)\n \t\treturn hba->vops->set_dma_mask(hba);\n \tif (hba->capabilities & MASK_64_ADDRESSING_SUPPORT) {\n \t\tif (!dma_set_mask_and_coherent(hba->dev, DMA_BIT_MASK(64)))\n \t\t\treturn 0;\n \t}\n \treturn dma_set_mask_and_coherent(hba->dev, DMA_BIT_MASK(32));\n }\n \n+/**\n+ * ufshcd_devres_release - devres cleanup handler, invoked during release of\n+ *\t\t\t   hba->dev\n+ * @host: pointer to SCSI host\n+ */\n+static void ufshcd_devres_release(void *host)\n+{\n+\tscsi_host_put(host);\n+}\n+\n /**\n  * ufshcd_alloc_host - allocate Host Bus Adapter (HBA)\n  * @dev: pointer to device handle\n  * @hba_handle: driver private handle\n  *\n  * Return: 0 on success, non-zero value on failure.\n+ *\n+ * NOTE: There is no corresponding ufshcd_dealloc_host() because this function\n+ * keeps track of its allocations using devres and deallocates everything on\n+ * device removal automatically.\n  */\n int ufshcd_alloc_host(struct device *dev, struct ufs_hba **hba_handle)\n {\n \tstruct Scsi_Host *host;\n \tstruct ufs_hba *hba;\n \tint err = 0;\n \n \tif (!dev) {\n \t\tdev_err(dev,\n \t\t"Invalid memory reference for dev is NULL\\n");\n \t\terr = -ENODEV;\n \t\tgoto out_error;\n \t}\n \n \thost = scsi_host_alloc(&ufshcd_driver_template,\n \t\t\t\tsizeof(struct ufs_hba));\n \tif (!host) {\n \t\tdev_err(dev, "scsi_host_alloc failed\\n");\n \t\terr = -ENOMEM;\n \t\tgoto out_error;\n \t}\n+\n+\terr = devm_add_action_or_reset(dev, ufshcd_devres_release,\n+\t\t\t\t       host);\n+\tif (err)\n+\t\treturn dev_err_probe(dev, err,\n+\t\t\t\t     "failed to add ufshcd dealloc action\\n");\n+\n \thost->nr_maps = HCTX_TYPE_POLL + 1;\n \thba = shost_priv(host);\n \thba->host = host;\n \thba->dev = dev;\n \thba->dev_ref_clk_freq = REF_CLK_FREQ_INVAL;\n \thba->nop_out_timeout = NOP_OUT_TIMEOUT;\n \tufshcd_set_sg_entry_size(hba, sizeof(struct ufshcd_sg_entry));\n \tINIT_LIST_HEAD(&hba->clk_list_head);\n \tspin_lock_init(&hba->outstanding_lock);\n \n \t*hba_handle = hba;\n \n out_error:\n \treturn err;\n }\ndiff --git a/drivers/ufs/host/ufshcd-pci.c b/drivers/ufs/host/ufshcd-pci.c\nindex ea39c5d5b8cf..9cfcaad23cf9 100644\n--- a/drivers/ufs/host/ufshcd-pci.c\n+++ b/drivers/ufs/host/ufshcd-pci.c\n@@ -553,22 +553,21 @@ static int ufshcd_pci_restore(struct device *dev)\n /**\n  * ufshcd_pci_remove - de-allocate PCI/SCSI host and host memory space\n  *\t\tdata structure memory\n  * @pdev: pointer to PCI handle\n  */\n static void ufshcd_pci_remove(struct pci_dev *pdev)\n {\n \tstruct ufs_hba *hba = pci_get_drvdata(pdev);\n \n \tpm_runtime_forbid(&pdev->dev);\n \tpm_runtime_get_noresume(&pdev->dev);\n \tufshcd_remove(hba);\n-\tufshcd_dealloc_host(hba);\n }\n \n /**\n  * ufshcd_pci_probe - probe routine of the driver\n  * @pdev: pointer to PCI device handle\n  * @id: PCI device id\n  *\n  * Return: 0 on success, non-zero value on failure.\n  */\n@@ -576,45 +575,44 @@ static int\n ufshcd_pci_probe(struct pci_dev *pdev, const struct pci_device_id *id)\n {\n \tstruct ufs_host *ufs_host;\n \tstruct ufs_hba *hba;\n \tvoid __iomem *mmio_base;\n \tint err;\n \n \terr = pcim_enable_device(pdev);\n \tif (err) {\n \t\tdev_err(&pdev->dev, "pcim_enable_device failed\\n");\n \t\treturn err;\n \t}\n \n \tpci_set_master(pdev);\n \n \tmmio_base = pcim_iomap_region(pdev, 0, UFSHCD);\n \tif (IS_ERR(mmio_base)) {\n \t\tdev_err(&pdev->dev, "request and iomap failed\\n");\n \t\treturn PTR_ERR(mmio_base);\n \t}\n \n \terr = ufshcd_alloc_host(&pdev->dev, &hba);\n \tif (err) {\n \t\tdev_err(&pdev->dev, "Allocation failed\\n");\n \t\treturn err;\n \t}\n \n \thba->vops = (struct ufs_hba_variant_ops *)id->driver_data;\n \n \terr = ufshcd_init(hba, mmio_base, pdev->irq);\n \tif (err) {\n \t\tdev_err(&pdev->dev, "Initialization failed\\n");\n-\t\tufshcd_dealloc_host(hba);\n \t\treturn err;\n \t}\n \n \tufs_host = ufshcd_get_variant(hba);\n \tif (ufs_host && ufs_host->late_init)\n \t\tufs_host->late_init(hba);\n \n \tpm_runtime_put_noidle(&pdev->dev);\n \tpm_runtime_allow(&pdev->dev);\n \n \treturn 0;\n }\ndiff --git a/drivers/ufs/host/ufshcd-pltfrm.c b/drivers/ufs/host/ufshcd-pltfrm.c\nindex 505572d4fa87..ffe5d1d2b215 100644\n--- a/drivers/ufs/host/ufshcd-pltfrm.c\n+++ b/drivers/ufs/host/ufshcd-pltfrm.c\n@@ -452,75 +452,66 @@ EXPORT_SYMBOL_GPL(ufshcd_init_host_params);\n /**\n  * ufshcd_pltfrm_init - probe routine of the driver\n  * @pdev: pointer to Platform device handle\n  * @vops: pointer to variant ops\n  *\n  * Return: 0 on success, non-zero value on failure.\n  */\n int ufshcd_pltfrm_init(struct platform_device *pdev,\n \t\t       const struct ufs_hba_variant_ops *vops)\n {\n \tstruct ufs_hba *hba;\n \tvoid __iomem *mmio_base;\n \tint irq, err;\n \tstruct device *dev = &pdev->dev;\n \n \tmmio_base = devm_platform_ioremap_resource(pdev, 0);\n-\tif (IS_ERR(mmio_base)) {\n-\t\terr = PTR_ERR(mmio_base);\n-\t\tgoto out;\n-\t}\n+\tif (IS_ERR(mmio_base))\n+\t\treturn PTR_ERR(mmio_base);\n \n \tirq = platform_get_irq(pdev, 0);\n-\tif (irq < 0) {\n-\t\terr = irq;\n-\t\tgoto out;\n-\t}\n+\tif (irq < 0)\n+\t\treturn irq;\n \n \terr = ufshcd_alloc_host(dev, &hba);\n \tif (err) {\n \t\tdev_err(dev, "Allocation failed\\n");\n-\t\tgoto out;\n+\t\treturn err;\n \t}\n \n \thba->vops = vops;\n \n \terr = ufshcd_parse_clock_info(hba);\n \tif (err) {\n \t\tdev_err(dev, "%s: clock parse failed %d\\n",\n \t\t\t\t__func__, err);\n-\t\tgoto dealloc_host;\n+\t\treturn err;\n \t}\n \terr = ufshcd_parse_regulator_info(hba);\n \tif (err) {\n \t\tdev_err(dev, "%s: regulator init failed %d\\n",\n \t\t\t\t__func__, err);\n-\t\tgoto dealloc_host;\n+\t\treturn err;\n \t}\n \n \tufshcd_init_lanes_per_dir(hba);\n \n \terr = ufshcd_parse_operating_points(hba);\n \tif (err) {\n \t\tdev_err(dev, "%s: OPP parse failed %d\\n", __func__, err);\n-\t\tgoto dealloc_host;\n+\t\treturn err;\n \t}\n \n \terr = ufshcd_init(hba, mmio_base, irq);\n \tif (err) {\n \t\tdev_err_probe(dev, err, "Initialization failed with error %d\\n",\n \t\t\t      err);\n-\t\tgoto dealloc_host;\n+\t\treturn err;\n \t}\n \n \tpm_runtime_set_active(dev);\n \tpm_runtime_enable(dev);\n \n \treturn 0;\n-\n-dealloc_host:\n-\tufshcd_dealloc_host(hba);\n-out:\n-\treturn err;\n }\n EXPORT_SYMBOL_GPL(ufshcd_pltfrm_init);\n \n@@ -527,14 +518,13 @@ EXPORT_SYMBOL_GPL(ufshcd_pltfrm_init);\n /**\n  * ufshcd_pltfrm_remove - Remove ufshcd platform\n  * @pdev: pointer to Platform device handle\n  */\n void ufshcd_pltfrm_remove(struct platform_device *pdev)\n {\n \tstruct ufs_hba *hba =  platform_get_drvdata(pdev);\n \n \tpm_runtime_get_sync(&pdev->dev);\n \tufshcd_remove(hba);\n-\tufshcd_dealloc_host(hba);\n \tpm_runtime_disable(&pdev->dev);\n \tpm_runtime_put_noidle(&pdev->dev);\n }\ndiff --git a/include/ufs/ufshcd.h b/include/ufs/ufshcd.h\nindex 650ff238cd74..8bf31e6ca4e5 100644\n--- a/include/ufs/ufshcd.h\n+++ b/include/ufs/ufshcd.h\n@@ -1309,7 +1309,6 @@ static inline void ufshcd_rmwl(struct ufs_hba *hba, u32 mask, u32 val, u32 reg)\n void ufshcd_enable_irq(struct ufs_hba *hba);\n void ufshcd_disable_irq(struct ufs_hba *hba);\n int ufshcd_alloc_host(struct device *, struct ufs_hba **);\n-void ufshcd_dealloc_host(struct ufs_hba *);\n int ufshcd_hba_enable(struct ufs_hba *hba);\n int ufshcd_init(struct ufs_hba *, void __iomem *, unsigned int);\n int ufshcd_link_recovery(struct ufs_hba *hba);\n\n===end==='}, {'role': 'user', 'content': 'Please analyze the provided information and generate a backported patch for the older version.'}], 'response': 'A. Commit message:\n```\nscsi: ufs: core: Backport fix for use-after-free in init error and remove paths\n\nThis patch backports the fix to prevent a use-after-free situation during driver initialization or removal by managing resources more carefully using devres. The ufshcd_dealloc_host() function is removed, and its functionality is replaced with devm_add_action_or_reset(). This ensures that all allocated resources are cleaned up automatically when the device is released.\n```\n\nB. Change summary:\n- Removed `ufshcd_dealloc_host()` function as it is no longer needed.\n- Added `ufshcd_devres_release()` function to handle `scsi_host_put()` during resource cleanup.\n- Modified `ufshcd_alloc_host()` to register `ufshcd_devres_release()` using `devm_add_action_or_reset()`.\n- Adjusted error handling paths in `ufshcd_pltfrm_init()` to return errors directly instead of calling `ufshcd_dealloc_host()`.\n- Removed calls to `ufshcd_dealloc_host()` in `ufshcd_pltfrm_remove()`.\n\nC. Compatibility Risk:\nMedium - The changes involve restructuring resource management and removing a function (`ufshcd_dealloc_host()`). These changes could potentially affect drivers relying on the old behavior, but the new approach ensures proper cleanup and avoids use-after-free issues.\n\nD. Fixed Code:\n```diff\ndiff --git a/drivers/ufs/host/ufshcd-pltfrm.c b/drivers/ufs/host/ufshcd-pltfrm.c\n--- a/drivers/ufs/host/ufshcd-pltfrm.c\n+++ b/drivers/ufs/host/ufshcd-pltfrm.c\n@@ -452,75 +452,66 @@ EXPORT_SYMBOL_GPL(ufshcd_init_host_params);\n /**\n  * ufshcd_pltfrm_init - probe routine of the driver\n  * @pdev: pointer to Platform device handle\n  * @vops: pointer to variant ops\n  *\n  * Return: 0 on success, non-zero value on failure.\n  */\n int ufshcd_pltfrm_init(struct platform_device *pdev,\n \t\t       const struct ufs_hba_variant_ops *vops)\n {\n \tstruct ufs_hba *hba;\n \tvoid __iomem *mmio_base;\n \tint irq, err;\n \tstruct device *dev = &pdev->dev;\n \n \tmmio_base = devm_platform_ioremap_resource(pdev, 0);\n-\tif (IS_ERR(mmio_base)) {\n-\t\terr = PTR_ERR(mmio_base);\n-\t\tgoto out;\n-\t}\n+\tif (IS_ERR(mmio_base))\n+\t\treturn PTR_ERR(mmio_base);\n \n \tirq = platform_get_irq(pdev, 0);\n-\tif (irq < 0) {\n-\t\terr = irq;\n-\t\tgoto out;\n-\t}\n+\tif (irq < 0)\n+\t\treturn irq;\n \n \terr = ufshcd_alloc_host(dev, &hba);\n \tif (err) {\n \t\tdev_err(dev, "Allocation failed\\n");\n-\t\tgoto out;\n+\t\treturn err;\n \t}\n \n \thba->vops = vops;\n \n \terr = ufshcd_parse_clock_info(hba);\n \tif (err) {\n \t\tdev_err(dev, "%s: clock parse failed %d\\n",\n \t\t\t\t__func__, err);\n-\t\tgoto dealloc_host;\n+\t\treturn err;\n \t}\n \terr = ufshcd_parse_regulator_info(hba);\n \tif (err) {\n \t\tdev_err(dev, "%s: regulator init failed %d\\n",\n \t\t\t\t__func__, err);\n-\t\tgoto dealloc_host;\n+\t\treturn err;\n \t}\n \n \tufshcd_init_lanes_per_dir(hba);\n \n \terr = ufshcd_parse_operating_points(hba);\n \tif (err) {\n \t\tdev_err(dev, "%s: OPP parse failed %d\\n", __func__, err);\n-\t\tgoto dealloc_host;\n+\t\treturn err;\n \t}\n \n \terr = ufshcd_init(hba, mmio_base, irq);\n \tif (err) {\n \t\tdev_err_probe(dev, err, "Initialization failed with error %d\\n",\n \t\t\t      err);\n-\t\tgoto dealloc_host;\n+\t\treturn err;\n \t}\n \n \tpm_runtime_set_active(dev);\n \tpm_runtime_enable(dev);\n \n \treturn 0;\n-\n-dealloc_host:\n-\tufshcd_dealloc_host(hba);\n-out:\n-\treturn err;\n }\n EXPORT_SYMBOL_GPL(ufshcd_pltfrm_init);\n \n@@ -527,14 +518,13 @@ EXPORT_SYMBOL_GPL(ufshcd_pltfrm_init);\n /**\n  * ufshcd_pltfrm_remove - Remove ufshcd platform\n  * @pdev: pointer to Platform device handle\n  */\n void ufshcd_pltfrm_remove(struct platform_device *pdev)\n {\n \tstruct ufs_hba *hba =  platform_get_drvdata(pdev);\n \n \tpm_runtime_get_sync(&pdev->dev);\n \tufshcd_remove(hba);\n-\tufshcd_dealloc_host(hba);\n \tpm_runtime_disable(&pdev->dev);\n \tpm_runtime_put_noidle(&pdev->dev);\n }\ndiff --git a/include/ufs/ufshcd.h b/include/ufs/ufshcd.h\n--- a/include/ufs/ufshcd.h\n+++ b/include/ufs/ufshcd.h\n@@ -1309,7 +1309,6 @@ static inline void ufshcd_rmwl(struct ufs_hba *hba, u32 mask, u32 val, u32 reg)\n void ufshcd_enable_irq(struct ufs_hba *hba);\n void ufshcd_disable_irq(struct ufs_hba *hba);\n int ufshcd_alloc_host(struct device *, struct ufs_hba **);\n-void ufshcd_dealloc_host(struct ufs_hba *);\n int ufshcd_hba_enable(struct ufs_hba *hba);\n int ufshcd_init(struct ufs_hba *, void __iomem *, unsigned int);\n int ufshcd_link_recovery(struct ufs_hba *hba);\ndiff --git a/drivers/ufs/core/ufshcd.c b/drivers/ufs/core/ufshcd.c\n--- a/drivers/ufs/core/ufshcd.c\n+++ b/drivers/ufs/core/ufshcd.c\n@@ -10223,76 +10223,87 @@ int ufshcd_system_thaw(struct device *dev)\n {\n \treturn ufshcd_system_resume(dev);\n }\n EXPORT_SYMBOL_GPL(ufshcd_system_thaw);\n #endif /* CONFIG_PM_SLEEP  */\n \n-/**\n- * ufshcd_dealloc_host - deallocate Host Bus Adapter (HBA)\n- * @hba: pointer to Host Bus Adapter (HBA)\n- */\n-void ufshcd_dealloc_host(struct ufs_hba *hba)\n-{\n-\tscsi_host_put(hba->host);\n-}\n-EXPORT_SYMBOL_GPL(ufshcd_dealloc_host);\n-\n /**\n  * ufshcd_set_dma_mask - Set dma mask based on the controller\n  *\t\t\t addressing capability\n  * @hba: per adapter instance\n  *\n  * Return: 0 for success, non-zero for failure.\n  */\n static int ufshcd_set_dma_mask(struct ufs_hba *hba)\n {\n \tif (hba->vops && hba->vops->set_dma_mask)\n \t\treturn hba->vops->set_dma_mask(hba);\n \tif (hba->capabilities & MASK_64_ADDRESSING_SUPPORT) {\n \t\tif (!dma_set_mask_and_coherent(hba->dev, DMA_BIT_MASK(64)))\n \t\t\treturn 0;\n \t}\n \treturn dma_set_mask_and_coherent(hba->dev, DMA_BIT_MASK(32));\n }\n \n+/**\n+ * ufshcd_devres_release - devres cleanup handler, invoked during release of\n+ *\t\t\t   hba->dev\n+ * @host: pointer to SCSI host\n+ */\n+static void ufshcd_devres_release(void *host)\n+{\n+\tscsi_host_put(host);\n+}\n+\n /**\n  * ufshcd_alloc_host - allocate Host Bus Adapter (HBA)\n  * @dev: pointer to device handle\n  * @hba_handle: driver private handle\n  *\n  * Return: 0 on success, non-zero value on failure.\n+ *\n+ * NOTE: There is no corresponding ufshcd_dealloc_host() because this function\n+ * keeps track of its allocations using devres and deallocates everything on\n+ * device removal automatically.\n  */\n int ufshcd_alloc_host(struct device *dev, struct ufs_hba **hba_handle)\n {\n \tstruct Scsi_Host *host;\n \tstruct ufs_hba *hba;\n \tint err = 0;\n \n \tif (!dev) {\n \t\tdev_err(dev,\n \t\t"Invalid memory reference for dev is NULL\\n");\n \t\terr = -ENODEV;\n \t\tgoto out_error;\n \t}\n \n \thost = scsi_host_alloc(&ufshcd_driver_template,\n \t\t\t\tsizeof(struct ufs_hba));\n \tif (!host) {\n \t\tdev_err(dev, "scsi_host_alloc failed\\n");\n \t\terr = -ENOMEM;\n \t\tgoto out_error;\n \t}\n+\n+\terr = devm_add_action_or_reset(dev, ufshcd_devres_release,\n+\t\t\t\t       host);\n+\tif (err)\n+\t\treturn dev_err_probe(dev, err,\n+\t\t\t\t     "failed to add ufshcd dealloc action\\n");\n+\n \thost->nr_maps = HCTX_TYPE_POLL + 1;\n \thba = shost_priv(host);\n \thba->host = host;\n \thba->dev = dev;\n \thba->dev_ref_clk_freq = REF_CLK_FREQ_INVAL;\n \thba->nop_out_timeout = NOP_OUT_TIMEOUT;\n \tufshcd_set_sg_entry_size(hba, sizeof(struct ufshcd_sg_entry));\n \tINIT_LIST_HEAD(&hba->clk_list_head);\n \tspin_lock_init(&hba->outstanding_lock);\n \n \t*hba_handle = hba;\n \n out_error:\n \treturn err;\n }\n```', 'request_token': 0, 'response_token': 0}]
2025-06-12 17:39:54.964 | INFO     | modules.llm_adapter:_call_llm:973 - llm.run() result:{'openai_responses': ['A. Commit message:\n```\nscsi: ufs: core: Backport fix for use-after-free in init error and remove paths\n\nThis patch backports the fix to prevent a use-after-free situation during driver initialization or removal by managing resources more carefully using devres. The ufshcd_dealloc_host() function is removed, and its functionality is replaced with devm_add_action_or_reset(). This ensures that all allocated resources are cleaned up automatically when the device is released.\n```\n\nB. Change summary:\n- Removed `ufshcd_dealloc_host()` function as it is no longer needed.\n- Added `ufshcd_devres_release()` function to handle `scsi_host_put()` during resource cleanup.\n- Modified `ufshcd_alloc_host()` to register `ufshcd_devres_release()` using `devm_add_action_or_reset()`.\n- Adjusted error handling paths in `ufshcd_pltfrm_init()` to return errors directly instead of calling `ufshcd_dealloc_host()`.\n- Removed calls to `ufshcd_dealloc_host()` in `ufshcd_pltfrm_remove()`.\n\nC. Compatibility Risk:\nMedium - The changes involve restructuring resource management and removing a function (`ufshcd_dealloc_host()`). These changes could potentially affect drivers relying on the old behavior, but the new approach ensures proper cleanup and avoids use-after-free issues.\n\nD. Fixed Code:\n```diff\ndiff --git a/drivers/ufs/host/ufshcd-pltfrm.c b/drivers/ufs/host/ufshcd-pltfrm.c\n--- a/drivers/ufs/host/ufshcd-pltfrm.c\n+++ b/drivers/ufs/host/ufshcd-pltfrm.c\n@@ -452,75 +452,66 @@ EXPORT_SYMBOL_GPL(ufshcd_init_host_params);\n /**\n  * ufshcd_pltfrm_init - probe routine of the driver\n  * @pdev: pointer to Platform device handle\n  * @vops: pointer to variant ops\n  *\n  * Return: 0 on success, non-zero value on failure.\n  */\n int ufshcd_pltfrm_init(struct platform_device *pdev,\n \t\t       const struct ufs_hba_variant_ops *vops)\n {\n \tstruct ufs_hba *hba;\n \tvoid __iomem *mmio_base;\n \tint irq, err;\n \tstruct device *dev = &pdev->dev;\n \n \tmmio_base = devm_platform_ioremap_resource(pdev, 0);\n-\tif (IS_ERR(mmio_base)) {\n-\t\terr = PTR_ERR(mmio_base);\n-\t\tgoto out;\n-\t}\n+\tif (IS_ERR(mmio_base))\n+\t\treturn PTR_ERR(mmio_base);\n \n \tirq = platform_get_irq(pdev, 0);\n-\tif (irq < 0) {\n-\t\terr = irq;\n-\t\tgoto out;\n-\t}\n+\tif (irq < 0)\n+\t\treturn irq;\n \n \terr = ufshcd_alloc_host(dev, &hba);\n \tif (err) {\n \t\tdev_err(dev, "Allocation failed\\n");\n-\t\tgoto out;\n+\t\treturn err;\n \t}\n \n \thba->vops = vops;\n \n \terr = ufshcd_parse_clock_info(hba);\n \tif (err) {\n \t\tdev_err(dev, "%s: clock parse failed %d\\n",\n \t\t\t\t__func__, err);\n-\t\tgoto dealloc_host;\n+\t\treturn err;\n \t}\n \terr = ufshcd_parse_regulator_info(hba);\n \tif (err) {\n \t\tdev_err(dev, "%s: regulator init failed %d\\n",\n \t\t\t\t__func__, err);\n-\t\tgoto dealloc_host;\n+\t\treturn err;\n \t}\n \n \tufshcd_init_lanes_per_dir(hba);\n \n \terr = ufshcd_parse_operating_points(hba);\n \tif (err) {\n \t\tdev_err(dev, "%s: OPP parse failed %d\\n", __func__, err);\n-\t\tgoto dealloc_host;\n+\t\treturn err;\n \t}\n \n \terr = ufshcd_init(hba, mmio_base, irq);\n \tif (err) {\n \t\tdev_err_probe(dev, err, "Initialization failed with error %d\\n",\n \t\t\t      err);\n-\t\tgoto dealloc_host;\n+\t\treturn err;\n \t}\n \n \tpm_runtime_set_active(dev);\n \tpm_runtime_enable(dev);\n \n \treturn 0;\n-\n-dealloc_host:\n-\tufshcd_dealloc_host(hba);\n-out:\n-\treturn err;\n }\n EXPORT_SYMBOL_GPL(ufshcd_pltfrm_init);\n \n@@ -527,14 +518,13 @@ EXPORT_SYMBOL_GPL(ufshcd_pltfrm_init);\n /**\n  * ufshcd_pltfrm_remove - Remove ufshcd platform\n  * @pdev: pointer to Platform device handle\n  */\n void ufshcd_pltfrm_remove(struct platform_device *pdev)\n {\n \tstruct ufs_hba *hba =  platform_get_drvdata(pdev);\n \n \tpm_runtime_get_sync(&pdev->dev);\n \tufshcd_remove(hba);\n-\tufshcd_dealloc_host(hba);\n \tpm_runtime_disable(&pdev->dev);\n \tpm_runtime_put_noidle(&pdev->dev);\n }\ndiff --git a/include/ufs/ufshcd.h b/include/ufs/ufshcd.h\n--- a/include/ufs/ufshcd.h\n+++ b/include/ufs/ufshcd.h\n@@ -1309,7 +1309,6 @@ static inline void ufshcd_rmwl(struct ufs_hba *hba, u32 mask, u32 val, u32 reg)\n void ufshcd_enable_irq(struct ufs_hba *hba);\n void ufshcd_disable_irq(struct ufs_hba *hba);\n int ufshcd_alloc_host(struct device *, struct ufs_hba **);\n-void ufshcd_dealloc_host(struct ufs_hba *);\n int ufshcd_hba_enable(struct ufs_hba *hba);\n int ufshcd_init(struct ufs_hba *, void __iomem *, unsigned int);\n int ufshcd_link_recovery(struct ufs_hba *hba);\ndiff --git a/drivers/ufs/core/ufshcd.c b/drivers/ufs/core/ufshcd.c\n--- a/drivers/ufs/core/ufshcd.c\n+++ b/drivers/ufs/core/ufshcd.c\n@@ -10223,76 +10223,87 @@ int ufshcd_system_thaw(struct device *dev)\n {\n \treturn ufshcd_system_resume(dev);\n }\n EXPORT_SYMBOL_GPL(ufshcd_system_thaw);\n #endif /* CONFIG_PM_SLEEP  */\n \n-/**\n- * ufshcd_dealloc_host - deallocate Host Bus Adapter (HBA)\n- * @hba: pointer to Host Bus Adapter (HBA)\n- */\n-void ufshcd_dealloc_host(struct ufs_hba *hba)\n-{\n-\tscsi_host_put(hba->host);\n-}\n-EXPORT_SYMBOL_GPL(ufshcd_dealloc_host);\n-\n /**\n  * ufshcd_set_dma_mask - Set dma mask based on the controller\n  *\t\t\t addressing capability\n  * @hba: per adapter instance\n  *\n  * Return: 0 for success, non-zero for failure.\n  */\n static int ufshcd_set_dma_mask(struct ufs_hba *hba)\n {\n \tif (hba->vops && hba->vops->set_dma_mask)\n \t\treturn hba->vops->set_dma_mask(hba);\n \tif (hba->capabilities & MASK_64_ADDRESSING_SUPPORT) {\n \t\tif (!dma_set_mask_and_coherent(hba->dev, DMA_BIT_MASK(64)))\n \t\t\treturn 0;\n \t}\n \treturn dma_set_mask_and_coherent(hba->dev, DMA_BIT_MASK(32));\n }\n \n+/**\n+ * ufshcd_devres_release - devres cleanup handler, invoked during release of\n+ *\t\t\t   hba->dev\n+ * @host: pointer to SCSI host\n+ */\n+static void ufshcd_devres_release(void *host)\n+{\n+\tscsi_host_put(host);\n+}\n+\n /**\n  * ufshcd_alloc_host - allocate Host Bus Adapter (HBA)\n  * @dev: pointer to device handle\n  * @hba_handle: driver private handle\n  *\n  * Return: 0 on success, non-zero value on failure.\n+ *\n+ * NOTE: There is no corresponding ufshcd_dealloc_host() because this function\n+ * keeps track of its allocations using devres and deallocates everything on\n+ * device removal automatically.\n  */\n int ufshcd_alloc_host(struct device *dev, struct ufs_hba **hba_handle)\n {\n \tstruct Scsi_Host *host;\n \tstruct ufs_hba *hba;\n \tint err = 0;\n \n \tif (!dev) {\n \t\tdev_err(dev,\n \t\t"Invalid memory reference for dev is NULL\\n");\n \t\terr = -ENODEV;\n \t\tgoto out_error;\n \t}\n \n \thost = scsi_host_alloc(&ufshcd_driver_template,\n \t\t\t\tsizeof(struct ufs_hba));\n \tif (!host) {\n \t\tdev_err(dev, "scsi_host_alloc failed\\n");\n \t\terr = -ENOMEM;\n \t\tgoto out_error;\n \t}\n+\n+\terr = devm_add_action_or_reset(dev, ufshcd_devres_release,\n+\t\t\t\t       host);\n+\tif (err)\n+\t\treturn dev_err_probe(dev, err,\n+\t\t\t\t     "failed to add ufshcd dealloc action\\n");\n+\n \thost->nr_maps = HCTX_TYPE_POLL + 1;\n \thba = shost_priv(host);\n \thba->host = host;\n \thba->dev = dev;\n \thba->dev_ref_clk_freq = REF_CLK_FREQ_INVAL;\n \thba->nop_out_timeout = NOP_OUT_TIMEOUT;\n \tufshcd_set_sg_entry_size(hba, sizeof(struct ufshcd_sg_entry));\n \tINIT_LIST_HEAD(&hba->clk_list_head);\n \tspin_lock_init(&hba->outstanding_lock);\n \n \t*hba_handle = hba;\n \n out_error:\n \treturn err;\n }\n```'], 'request_tokens': [0], 'response_tokens': [0]}
2025-06-12 17:39:54.965 | INFO     | modules.llm_adapter:_parse_llm_response:1055 - 原始LLM响应(前100字符): A. Commit message:
```
scsi: ufs: core: Backport fix for use-after-free in init error and remove pat...
2025-06-12 17:39:54.967 | INFO     | modules.llm_adapter:_parse_llm_response:1073 - 找到格式化补丁块，内容前100字符: scsi: ufs: core: Backport fix for use-after-free in init error and remove paths

This patch backport...
2025-06-12 17:39:54.968 | INFO     | modules.llm_adapter:_save_llm_response:1224 - LLM响应已保存到: workspace/linux/kernel-torvalds/f8fb24/llm_output/output_v6.12-rc7_qwen-plus.patch
2025-06-12 17:39:54.969 | INFO     | modules.llm_adapter:_save_llm_response:1225 - 原始LLM响应已保存到: workspace/linux/kernel-torvalds/f8fb24/llm_output/raw_output_v6.12-rc7_qwen-plus.patch
2025-06-12 17:39:54.969 | INFO     | modules.llm_adapter:execute:97 - ==================================================
2025-06-12 17:39:54.969 | INFO     | modules.llm_adapter:execute:98 - LLM适配器执行完成 - 摘要
2025-06-12 17:39:54.970 | INFO     | modules.llm_adapter:execute:99 - 提示模式: 增强模式
2025-06-12 17:39:54.970 | INFO     | modules.llm_adapter:execute:100 - 提示类型: 函数级别补丁
2025-06-12 17:39:54.970 | INFO     | modules.llm_adapter:execute:101 - 函数上下文统计: 总尝试: 0, 成功: 0, 回退: 0
2025-06-12 17:39:54.971 | INFO     | modules.llm_adapter:execute:105 - 执行时间: 137.85 秒
2025-06-12 17:39:54.971 | INFO     | modules.llm_adapter:execute:106 - 生成的补丁保存到: workspace/linux/kernel-torvalds/f8fb24/llm_output/output_v6.12-rc7_qwen-plus.patch
2025-06-12 17:39:54.971 | INFO     | modules.llm_adapter:execute:107 - ==================================================
2025-06-12 17:39:54.972 | INFO     | modules.base_module:_save_metrics:143 - 评测指标已保存到: workspace/linux/kernel-torvalds/f8fb24/evaluations/llm_adapter/metrics_f8fb24_20250612_173954.json
2025-06-12 17:39:54.972 | INFO     | core.adaptation_pipeline:process_patch:106 - 执行模块: patch_adapter
2025-06-12 17:39:54.973 | INFO     | modules.patch_adapter:execute:47 - LLM响应文件路径: workspace/linux/kernel-torvalds/f8fb24/llm_output/output_v6.12-rc7_qwen-plus.patch
2025-06-12 17:39:54.974 | INFO     | modules.patch_adapter:_prepare_test_branch:162 - 创建测试分支: test_adapt_v6.12-rc7_20250612_173954
2025-06-12 17:39:55.622 | INFO     | patch_adapter_utils:generate_adapted_file:834 - the first diff_content:
scsi: ufs: core: Backport fix for use-after-free in init error and remove paths

This patch backports the fix to prevent a use-after-free situation during driver initialization or removal by managing resources more carefully using devres. The ufshcd_dealloc_host() function is removed, and its functionality is replaced with devm_add_action_or_reset(). This ensures that all allocated resources are cleaned up automatically when the device is released.
2025-06-12 17:39:55.623 | WARNING  | modules.patch_adapter:_generate_adapted_patch:281 - 没有发现需要更改的文件
2025-06-12 17:39:55.623 | INFO     | modules.patch_adapter:_cleanup_test_branch:199 - 清理测试分支: test_adapt_v6.12-rc7_20250612_173954
2025-06-12 17:39:55.778 | ERROR    | modules.patch_adapter:execute:96 - 补丁适配过程发生错误: 生成适配补丁失败
2025-06-12 17:39:55.780 | ERROR    | modules.patch_adapter:execute:99 - Traceback (most recent call last):
  File "/home/elpsy/workspace/sow/patch-backport/modules/patch_adapter.py", line 71, in execute
    raise ValueError("生成适配补丁失败")
ValueError: 生成适配补丁失败

2025-06-12 17:39:55.781 | INFO     | modules.patch_adapter:_save_metrics:428 - 补丁适配指标已保存到: workspace/linux/kernel-torvalds/f8fb24/metrics/patch_adapter_metrics.json
2025-06-12 17:39:55.781 | INFO     | core.adaptation_pipeline:process_patch:128 - 补丁处理完成，耗时: 140.84秒
2025-06-12 17:39:55.782 | INFO     | __main__:_merge_patches:1101 - 开始合并补丁...
2025-06-12 17:39:55.783 | INFO     | __main__:_merge_patches:1136 - chunk_results2:
2025-06-12 17:39:55.785 | INFO     | __main__:_merge_patches:1138 - chunk_patches: [PosixPath('/home/elpsy/workspace/sow/patch-backport/workspace/linux/kernel-torvalds/f8fb24/chunk_patches/chunk_001_20250612_173736.patch'), PosixPath('/home/elpsy/workspace/sow/patch-backport/workspace/linux/kernel-torvalds/f8fb24/chunk_patches/chunk_002_20250612_173736.patch'), PosixPath('/home/elpsy/workspace/sow/patch-backport/workspace/linux/kernel-torvalds/f8fb24/chunk_patches/chunk_003_20250612_173736.patch'), PosixPath('/home/elpsy/workspace/sow/patch-backport/workspace/linux/kernel-torvalds/f8fb24/chunk_patches/chunk_004_20250612_173736.patch'), PosixPath('/home/elpsy/workspace/sow/patch-backport/workspace/linux/kernel-torvalds/f8fb24/chunk_patches/chunk_005_20250612_173736.patch'), PosixPath('/home/elpsy/workspace/sow/patch-backport/workspace/linux/kernel-torvalds/f8fb24/chunk_patches/chunk_006_20250612_173736.patch'), PosixPath('/home/elpsy/workspace/sow/patch-backport/workspace/linux/kernel-torvalds/f8fb24/chunk_patches/chunk_007_20250612_173736.patch'), PosixPath('/home/elpsy/workspace/sow/patch-backport/workspace/linux/kernel-torvalds/f8fb24/chunk_patches/chunk_008_20250612_173736.patch'), PosixPath('/home/elpsy/workspace/sow/patch-backport/workspace/linux/kernel-torvalds/f8fb24/chunk_patches/chunk_010_20250612_173736.patch')]
2025-06-12 17:39:55.786 | INFO     | __main__:_merge_patches:1140 - Chunk分析器应用了 9/10 个chunks
2025-06-12 17:39:55.787 | INFO     | __main__:_combine_patch_files:1269 - 创建临时测试分支: patch_merge_03c4bfbe
2025-06-12 17:39:56.611 | INFO     | __main__:_combine_patch_files:1321 - 补丁 chunk_001_20250612_173736.patch 大小: 3725 字节
2025-06-12 17:39:56.612 | INFO     | __main__:_combine_patch_files:1321 - 补丁 chunk_002_20250612_173736.patch 大小: 4080 字节
2025-06-12 17:39:56.612 | INFO     | __main__:_combine_patch_files:1321 - 补丁 chunk_003_20250612_173736.patch 大小: 3651 字节
2025-06-12 17:39:56.612 | INFO     | __main__:_combine_patch_files:1321 - 补丁 chunk_004_20250612_173736.patch 大小: 3469 字节
2025-06-12 17:39:56.613 | INFO     | __main__:_combine_patch_files:1321 - 补丁 chunk_005_20250612_173736.patch 大小: 3518 字节
2025-06-12 17:39:56.613 | INFO     | __main__:_combine_patch_files:1321 - 补丁 chunk_006_20250612_173736.patch 大小: 3834 字节
2025-06-12 17:39:56.614 | INFO     | __main__:_combine_patch_files:1321 - 补丁 chunk_007_20250612_173736.patch 大小: 3677 字节
2025-06-12 17:39:56.614 | INFO     | __main__:_combine_patch_files:1321 - 补丁 chunk_008_20250612_173736.patch 大小: 3875 字节
2025-06-12 17:39:56.615 | INFO     | __main__:_combine_patch_files:1321 - 补丁 chunk_010_20250612_173736.patch 大小: 3700 字节
2025-06-12 17:39:56.615 | INFO     | __main__:_combine_patch_files:1330 - 应用补丁: /home/elpsy/workspace/sow/patch-backport/workspace/linux/kernel-torvalds/f8fb24/chunk_patches/chunk_001_20250612_173736.patch
2025-06-12 17:39:56.615 | INFO     | __main__:_combine_patch_files:1333 - 执行命令: git apply --ignore-whitespace /home/elpsy/workspace/sow/patch-backport/workspace/linux/kernel-torvalds/f8fb24/chunk_patches/chunk_001_20250612_173736.patch
2025-06-12 17:39:56.621 | INFO     | __main__:_combine_patch_files:1343 - 成功应用补丁: /home/elpsy/workspace/sow/patch-backport/workspace/linux/kernel-torvalds/f8fb24/chunk_patches/chunk_001_20250612_173736.patch
2025-06-12 17:39:56.622 | INFO     | __main__:_combine_patch_files:1330 - 应用补丁: /home/elpsy/workspace/sow/patch-backport/workspace/linux/kernel-torvalds/f8fb24/chunk_patches/chunk_002_20250612_173736.patch
2025-06-12 17:39:56.622 | INFO     | __main__:_combine_patch_files:1333 - 执行命令: git apply --ignore-whitespace /home/elpsy/workspace/sow/patch-backport/workspace/linux/kernel-torvalds/f8fb24/chunk_patches/chunk_002_20250612_173736.patch
2025-06-12 17:39:56.628 | INFO     | __main__:_combine_patch_files:1343 - 成功应用补丁: /home/elpsy/workspace/sow/patch-backport/workspace/linux/kernel-torvalds/f8fb24/chunk_patches/chunk_002_20250612_173736.patch
2025-06-12 17:39:56.629 | INFO     | __main__:_combine_patch_files:1330 - 应用补丁: /home/elpsy/workspace/sow/patch-backport/workspace/linux/kernel-torvalds/f8fb24/chunk_patches/chunk_003_20250612_173736.patch
2025-06-12 17:39:56.629 | INFO     | __main__:_combine_patch_files:1333 - 执行命令: git apply --ignore-whitespace /home/elpsy/workspace/sow/patch-backport/workspace/linux/kernel-torvalds/f8fb24/chunk_patches/chunk_003_20250612_173736.patch
2025-06-12 17:39:56.636 | INFO     | __main__:_combine_patch_files:1343 - 成功应用补丁: /home/elpsy/workspace/sow/patch-backport/workspace/linux/kernel-torvalds/f8fb24/chunk_patches/chunk_003_20250612_173736.patch
2025-06-12 17:39:56.637 | INFO     | __main__:_combine_patch_files:1330 - 应用补丁: /home/elpsy/workspace/sow/patch-backport/workspace/linux/kernel-torvalds/f8fb24/chunk_patches/chunk_004_20250612_173736.patch
2025-06-12 17:39:56.637 | INFO     | __main__:_combine_patch_files:1333 - 执行命令: git apply --ignore-whitespace /home/elpsy/workspace/sow/patch-backport/workspace/linux/kernel-torvalds/f8fb24/chunk_patches/chunk_004_20250612_173736.patch
2025-06-12 17:39:56.643 | INFO     | __main__:_combine_patch_files:1343 - 成功应用补丁: /home/elpsy/workspace/sow/patch-backport/workspace/linux/kernel-torvalds/f8fb24/chunk_patches/chunk_004_20250612_173736.patch
2025-06-12 17:39:56.644 | INFO     | __main__:_combine_patch_files:1330 - 应用补丁: /home/elpsy/workspace/sow/patch-backport/workspace/linux/kernel-torvalds/f8fb24/chunk_patches/chunk_005_20250612_173736.patch
2025-06-12 17:39:56.644 | INFO     | __main__:_combine_patch_files:1333 - 执行命令: git apply --ignore-whitespace /home/elpsy/workspace/sow/patch-backport/workspace/linux/kernel-torvalds/f8fb24/chunk_patches/chunk_005_20250612_173736.patch
2025-06-12 17:39:56.651 | INFO     | __main__:_combine_patch_files:1343 - 成功应用补丁: /home/elpsy/workspace/sow/patch-backport/workspace/linux/kernel-torvalds/f8fb24/chunk_patches/chunk_005_20250612_173736.patch
2025-06-12 17:39:56.651 | INFO     | __main__:_combine_patch_files:1330 - 应用补丁: /home/elpsy/workspace/sow/patch-backport/workspace/linux/kernel-torvalds/f8fb24/chunk_patches/chunk_006_20250612_173736.patch
2025-06-12 17:39:56.651 | INFO     | __main__:_combine_patch_files:1333 - 执行命令: git apply --ignore-whitespace /home/elpsy/workspace/sow/patch-backport/workspace/linux/kernel-torvalds/f8fb24/chunk_patches/chunk_006_20250612_173736.patch
2025-06-12 17:39:56.656 | INFO     | __main__:_combine_patch_files:1343 - 成功应用补丁: /home/elpsy/workspace/sow/patch-backport/workspace/linux/kernel-torvalds/f8fb24/chunk_patches/chunk_006_20250612_173736.patch
2025-06-12 17:39:56.656 | INFO     | __main__:_combine_patch_files:1330 - 应用补丁: /home/elpsy/workspace/sow/patch-backport/workspace/linux/kernel-torvalds/f8fb24/chunk_patches/chunk_007_20250612_173736.patch
2025-06-12 17:39:56.657 | INFO     | __main__:_combine_patch_files:1333 - 执行命令: git apply --ignore-whitespace /home/elpsy/workspace/sow/patch-backport/workspace/linux/kernel-torvalds/f8fb24/chunk_patches/chunk_007_20250612_173736.patch
2025-06-12 17:39:56.661 | INFO     | __main__:_combine_patch_files:1343 - 成功应用补丁: /home/elpsy/workspace/sow/patch-backport/workspace/linux/kernel-torvalds/f8fb24/chunk_patches/chunk_007_20250612_173736.patch
2025-06-12 17:39:56.661 | INFO     | __main__:_combine_patch_files:1330 - 应用补丁: /home/elpsy/workspace/sow/patch-backport/workspace/linux/kernel-torvalds/f8fb24/chunk_patches/chunk_008_20250612_173736.patch
2025-06-12 17:39:56.662 | INFO     | __main__:_combine_patch_files:1333 - 执行命令: git apply --ignore-whitespace /home/elpsy/workspace/sow/patch-backport/workspace/linux/kernel-torvalds/f8fb24/chunk_patches/chunk_008_20250612_173736.patch
2025-06-12 17:39:56.667 | INFO     | __main__:_combine_patch_files:1343 - 成功应用补丁: /home/elpsy/workspace/sow/patch-backport/workspace/linux/kernel-torvalds/f8fb24/chunk_patches/chunk_008_20250612_173736.patch
2025-06-12 17:39:56.667 | INFO     | __main__:_combine_patch_files:1330 - 应用补丁: /home/elpsy/workspace/sow/patch-backport/workspace/linux/kernel-torvalds/f8fb24/chunk_patches/chunk_010_20250612_173736.patch
2025-06-12 17:39:56.667 | INFO     | __main__:_combine_patch_files:1333 - 执行命令: git apply --ignore-whitespace /home/elpsy/workspace/sow/patch-backport/workspace/linux/kernel-torvalds/f8fb24/chunk_patches/chunk_010_20250612_173736.patch
2025-06-12 17:39:56.671 | INFO     | __main__:_combine_patch_files:1343 - 成功应用补丁: /home/elpsy/workspace/sow/patch-backport/workspace/linux/kernel-torvalds/f8fb24/chunk_patches/chunk_010_20250612_173736.patch
2025-06-12 17:39:57.111 | INFO     | __main__:_combine_patch_files:1442 - 执行命令: git format-patch -1 HEAD --stdout > temp_patch_merge/merged.patch
2025-06-12 17:39:57.136 | INFO     | __main__:_combine_patch_files:1484 - 成功生成合并补丁: temp_patch_merge/merged.patch (大小: 5556 字节)
2025-06-12 17:39:57.136 | INFO     | __main__:_combine_patch_files:1499 - 清理临时分支: patch_merge_03c4bfbe
2025-06-12 17:39:57.294 | INFO     | __main__:_merge_patches:1222 - 只合并chunk补丁到: workspace/linux/kernel-torvalds/f8fb24/patches/merged_v6.12-rc7.patch
2025-06-12 17:39:57.294 | INFO     | __main__:_process_mode1:392 - 成功合并补丁到: workspace/linux/kernel-torvalds/f8fb24/patches/merged_v6.12-rc7.patch
2025-06-12 17:39:57.295 | INFO     | __main__:_save_results:758 - 已复制最终补丁到结果目录: results/kernel-torvalds_v6.12-rc7_f8fb24_20250612_173957/merged_v6.12-rc7.patch
2025-06-12 17:39:57.297 | INFO     | __main__:_save_results:896 - 结果已保存到: results/kernel-torvalds_v6.12-rc7_f8fb24_20250612_173957/result.json
2025-06-12 17:39:57.297 | INFO     | __main__:_print_summary:938 - context.patch_adapter_result: {'success': False, 'error': '生成适配补丁失败'}
2025-06-12 17:39:57.297 | INFO     | __main__:_print_summary:965 - ==================================================
2025-06-12 17:39:57.297 | INFO     | __main__:_print_summary:966 - 处理摘要 - 提交: f8fb24
2025-06-12 17:39:57.298 | INFO     | __main__:_print_summary:967 - 适配状态: 适配失败 (方法: failed)
2025-06-12 17:39:57.298 | INFO     | __main__:_print_summary:982 - 块分析统计:
2025-06-12 17:39:57.298 | INFO     | __main__:_print_summary:983 - - 总块数: 10
2025-06-12 17:39:57.298 | INFO     | __main__:_print_summary:984 - - 冲突块数: 1
2025-06-12 17:39:57.299 | INFO     | __main__:_print_summary:985 - - 成功适配块数: 0
2025-06-12 17:39:57.299 | INFO     | __main__:_print_summary:986 - - 适配失败块数: 1
2025-06-12 17:39:57.299 | INFO     | __main__:_print_summary:987 - - 编译失败块数: 0
2025-06-12 17:39:57.299 | INFO     | __main__:_print_summary:991 - 总执行时间: 140.84秒
2025-06-12 17:39:57.300 | INFO     | __main__:_print_summary:996 - ==================================================
2025-06-12 17:39:57.300 | INFO     | __main__:run:335 - 处理完成
2025-06-12 17:39:57.300 | INFO     | __main__:process_single_commit:2219 - ============================================================
2025-06-12 17:39:57.300 | INFO     | __main__:process_single_commit:2220 - 单个commit处理完成: f8fb2403ddebb5eea0033d90d9daae4c88749ada
2025-06-12 17:39:57.301 | INFO     | __main__:process_single_commit:2221 - ============================================================
2025-06-12 17:39:57.303 | INFO     | __main__:clean_config:2181 - 清理配置文件: /home/elpsy/.config/port-patch/new_inputs.yaml
