2025-06-12 16:01:08.871 | INFO     | __main__:_setup_logger:325 - 日志文件: logs/backport_20250612_160108.log
2025-06-12 16:01:08.871 | INFO     | __main__:run:329 - 开始执行 模式1
2025-06-12 16:01:08.872 | INFO     | __main__:_process_mode1:351 - 处理补丁: https://github.com/linux/kernel-torvalds/commit/f8fb2403ddebb5eea0033d90d9daae4c88749ada.patch
2025-06-12 16:01:08.873 | INFO     | core.adaptation_pipeline:_load_modules:66 - 已加载模块: direct_apply
2025-06-12 16:01:08.873 | INFO     | core.adaptation_pipeline:_load_modules:66 - 已加载模块: chunk_analyzer
2025-06-12 16:01:08.873 | INFO     | core.adaptation_pipeline:_load_modules:66 - 已加载模块: llm_adapter
2025-06-12 16:01:08.874 | INFO     | core.adaptation_pipeline:_load_modules:66 - 已加载模块: patch_adapter
2025-06-12 16:01:08.874 | INFO     | __main__:_process_mode1:358 - 目标版本: ['v6.12-rc7']
2025-06-12 16:01:08.875 | INFO     | __main__:_process_mode1:365 - 开始处理版本: v6.12-rc7
2025-06-12 16:01:08.875 | INFO     | core.adaptation_pipeline:process_patch:85 - 开始处理补丁: f8fb2403ddebb5eea0033d90d9daae4c88749ada.patch
2025-06-12 16:01:08.876 | INFO     | core.adaptation_pipeline:process_patch:106 - 执行模块: direct_apply
2025-06-12 16:01:08.877 | INFO     | modules.direct_apply:_download_patch:245 - 上游补丁文件不存在，下载补丁
2025-06-12 16:01:08.878 | INFO     | patch_utils:_download_github_patch:232 - GitHub patch URL parts: ['https:', '', 'github.com', 'linux', 'kernel-torvalds', 'commit', 'f8fb2403ddebb5eea0033d90d9daae4c88749ada.patch']
2025-06-12 16:01:08.879 | INFO     | patch_utils:_download_github_patch:240 - 使用GitHub Commit API下载patch: https://api.github.com/repos/linux/kernel-torvalds/commits/f8fb2403ddebb5eea0033d90d9daae4c88749ada
2025-06-12 16:01:09.621 | ERROR    | patch_utils:_download_github_patch:260 - 使用GitHub API下载patch失败: 404 Client Error: Not Found for url: https://api.github.com/repos/linux/kernel-torvalds/commits/f8fb2403ddebb5eea0033d90d9daae4c88749ada
2025-06-12 16:01:09.621 | INFO     | patch_utils:_download_direct_patch:396 - 直接下载补丁文件: https://github.com/linux/kernel-torvalds/commit/f8fb2403ddebb5eea0033d90d9daae4c88749ada.patch
2025-06-12 16:01:15.858 | ERROR    | patch_utils:_download_direct_patch:427 - 直接下载patch失败: Exceeded 30 redirects.
2025-06-12 16:01:15.859 | WARNING  | modules.direct_apply:_download_patch:258 - 补丁下载出错: 无法下载补丁: https://github.com/linux/kernel-torvalds/commit/f8fb2403ddebb5eea0033d90d9daae4c88749ada.patch - Exceeded 30 redirects.
2025-06-12 16:01:15.861 | INFO     | modules.direct_apply:_download_patch:261 - 尝试从本地仓库生成补丁
2025-06-12 16:01:15.862 | INFO     | patch_utils:generate_patch_from_git:452 - 尝试从本地仓库生成补丁: f8fb2403ddebb5eea0033d90d9daae4c88749ada.patch
2025-06-12 16:01:15.895 | INFO     | patch_utils:generate_patch_from_git:483 - 成功从本地仓库生成补丁: workspace/linux/kernel-torvalds/f8fb24/patches/upstream_f8fb24.patch
2025-06-12 16:01:15.895 | INFO     | modules.direct_apply:_download_patch:269 - 成功从本地仓库生成补丁: workspace/linux/kernel-torvalds/f8fb24/patches/upstream_f8fb24.patch
2025-06-12 16:01:15.896 | INFO     | modules.direct_apply:execute:62 - 此时upstream_patch_path存在状态: True
2025-06-12 16:01:15.896 | INFO     | modules.direct_apply:execute:63 - 下载补丁成功: /home/elpsy/workspace/sow/patch-backport/workspace/linux/kernel-torvalds/f8fb24/patches/upstream_f8fb24.patch
2025-06-12 16:01:16.088 | INFO     | modules.direct_apply:_prepare_test_branch:375 - 创建测试分支: test_patch_v6.12-rc7
2025-06-12 16:01:16.688 | ERROR    | modules.direct_apply:_apply_patch:315 - 补丁应用失败: error: patch failed: drivers/ufs/host/ufshcd-pltfrm.c:534
error: drivers/ufs/host/ufshcd-pltfrm.c: patch does not apply
hint: Use 'git am --show-current-patch' to see the failed patch

2025-06-12 16:01:17.230 | INFO     | modules.direct_apply:_cleanup_test_branch:467 - 清理测试分支: test_patch_v6.12-rc7
2025-06-12 16:01:17.230 | INFO     | core.adaptation_pipeline:process_patch:106 - 执行模块: chunk_analyzer
2025-06-12 16:01:17.231 | INFO     | modules.chunk_analyzer:execute:52 - 开始分析补丁: /home/elpsy/workspace/sow/patch-backport/workspace/linux/kernel-torvalds/f8fb24/patches/upstream_f8fb24.patch
2025-06-12 16:01:17.231 | INFO     | modules.chunk_analyzer:_split_patch_into_chunks:175 - 开始分解补丁文件: /home/elpsy/workspace/sow/patch-backport/workspace/linux/kernel-torvalds/f8fb24/patches/upstream_f8fb24.patch
2025-06-12 16:01:17.232 | INFO     | modules.chunk_analyzer:_split_patch_into_chunks:180 - 补丁文件包含 258 行内容
2025-06-12 16:01:17.232 | INFO     | modules.chunk_analyzer:_split_patch_into_chunks:195 - 发现修改文件: drivers/ufs/core/ufshcd.c
2025-06-12 16:01:17.232 | INFO     | modules.chunk_analyzer:_split_patch_into_chunks:246 - 发现修改块: drivers/ufs/core/ufshcd.c @@ -10226,16 +10226,6 @@ (modification)
2025-06-12 16:01:17.232 | INFO     | modules.chunk_analyzer:_split_patch_into_chunks:246 - 发现修改块: drivers/ufs/core/ufshcd.c @@ -10254,12 +10244,26 @@ (modification)
2025-06-12 16:01:17.233 | INFO     | modules.chunk_analyzer:_split_patch_into_chunks:246 - 发现修改块: drivers/ufs/core/ufshcd.c @@ -10281,6 +10285,13 @@ (modification)
2025-06-12 16:01:17.233 | INFO     | modules.chunk_analyzer:_split_patch_into_chunks:195 - 发现修改文件: drivers/ufs/host/ufshcd-pci.c
2025-06-12 16:01:17.233 | INFO     | modules.chunk_analyzer:_split_patch_into_chunks:246 - 发现修改块: drivers/ufs/host/ufshcd-pci.c @@ -562,7 +562,6 @@ (modification)
2025-06-12 16:01:17.233 | INFO     | modules.chunk_analyzer:_split_patch_into_chunks:246 - 发现修改块: drivers/ufs/host/ufshcd-pci.c @@ -605,7 +604,6 @@ (modification)
2025-06-12 16:01:17.234 | INFO     | modules.chunk_analyzer:_split_patch_into_chunks:195 - 发现修改文件: drivers/ufs/host/ufshcd-pltfrm.c
2025-06-12 16:01:17.234 | INFO     | modules.chunk_analyzer:_split_patch_into_chunks:246 - 发现修改块: drivers/ufs/host/ufshcd-pltfrm.c @@ -465,21 +465,17 @@ (modification)
2025-06-12 16:01:17.234 | INFO     | modules.chunk_analyzer:_split_patch_into_chunks:246 - 发现修改块: drivers/ufs/host/ufshcd-pltfrm.c @@ -488,13 +484,13 @@ (modification)
2025-06-12 16:01:17.234 | INFO     | modules.chunk_analyzer:_split_patch_into_chunks:246 - 发现修改块: drivers/ufs/host/ufshcd-pltfrm.c @@ -502,25 +498,20 @@ (modification)
2025-06-12 16:01:17.235 | INFO     | modules.chunk_analyzer:_split_patch_into_chunks:246 - 发现修改块: drivers/ufs/host/ufshcd-pltfrm.c @@ -534,7 +525,6 @@ (modification)
2025-06-12 16:01:17.235 | INFO     | modules.chunk_analyzer:_split_patch_into_chunks:195 - 发现修改文件: include/ufs/ufshcd.h
2025-06-12 16:01:17.235 | INFO     | modules.chunk_analyzer:_split_patch_into_chunks:246 - 发现修改块: include/ufs/ufshcd.h @@ -1309,7 +1309,6 @@ (modification)
2025-06-12 16:01:17.235 | INFO     | modules.chunk_analyzer:_split_patch_into_chunks:266 - 补丁分解完成，共找到 10 个修改块
2025-06-12 16:01:17.236 | INFO     | modules.chunk_analyzer:execute:56 - 补丁被分解为 10 个块
2025-06-12 16:01:17.236 | INFO     | modules.chunk_analyzer:_create_chunk_patches:285 - 从原始补丁提取头部信息: /home/elpsy/workspace/sow/patch-backport/workspace/linux/kernel-torvalds/f8fb24/patches/upstream_f8fb24.patch
2025-06-12 16:01:17.237 | INFO     | modules.chunk_analyzer:_create_chunk_patches:311 - 创建块补丁文件: /home/elpsy/workspace/sow/patch-backport/workspace/linux/kernel-torvalds/f8fb24/chunk_patches/chunk_001_20250612_160117.patch (修改文件: drivers/ufs/core/ufshcd.c)
2025-06-12 16:01:17.237 | INFO     | modules.chunk_analyzer:_create_chunk_patches:311 - 创建块补丁文件: /home/elpsy/workspace/sow/patch-backport/workspace/linux/kernel-torvalds/f8fb24/chunk_patches/chunk_002_20250612_160117.patch (修改文件: drivers/ufs/core/ufshcd.c)
2025-06-12 16:01:17.237 | INFO     | modules.chunk_analyzer:_create_chunk_patches:311 - 创建块补丁文件: /home/elpsy/workspace/sow/patch-backport/workspace/linux/kernel-torvalds/f8fb24/chunk_patches/chunk_003_20250612_160117.patch (修改文件: drivers/ufs/core/ufshcd.c)
2025-06-12 16:01:17.238 | INFO     | modules.chunk_analyzer:_create_chunk_patches:311 - 创建块补丁文件: /home/elpsy/workspace/sow/patch-backport/workspace/linux/kernel-torvalds/f8fb24/chunk_patches/chunk_004_20250612_160117.patch (修改文件: drivers/ufs/host/ufshcd-pci.c)
2025-06-12 16:01:17.238 | INFO     | modules.chunk_analyzer:_create_chunk_patches:311 - 创建块补丁文件: /home/elpsy/workspace/sow/patch-backport/workspace/linux/kernel-torvalds/f8fb24/chunk_patches/chunk_005_20250612_160117.patch (修改文件: drivers/ufs/host/ufshcd-pci.c)
2025-06-12 16:01:17.239 | INFO     | modules.chunk_analyzer:_create_chunk_patches:311 - 创建块补丁文件: /home/elpsy/workspace/sow/patch-backport/workspace/linux/kernel-torvalds/f8fb24/chunk_patches/chunk_006_20250612_160117.patch (修改文件: drivers/ufs/host/ufshcd-pltfrm.c)
2025-06-12 16:01:17.239 | INFO     | modules.chunk_analyzer:_create_chunk_patches:311 - 创建块补丁文件: /home/elpsy/workspace/sow/patch-backport/workspace/linux/kernel-torvalds/f8fb24/chunk_patches/chunk_007_20250612_160117.patch (修改文件: drivers/ufs/host/ufshcd-pltfrm.c)
2025-06-12 16:01:17.240 | INFO     | modules.chunk_analyzer:_create_chunk_patches:311 - 创建块补丁文件: /home/elpsy/workspace/sow/patch-backport/workspace/linux/kernel-torvalds/f8fb24/chunk_patches/chunk_008_20250612_160117.patch (修改文件: drivers/ufs/host/ufshcd-pltfrm.c)
2025-06-12 16:01:17.240 | INFO     | modules.chunk_analyzer:_create_chunk_patches:311 - 创建块补丁文件: /home/elpsy/workspace/sow/patch-backport/workspace/linux/kernel-torvalds/f8fb24/chunk_patches/chunk_009_20250612_160117.patch (修改文件: drivers/ufs/host/ufshcd-pltfrm.c)
2025-06-12 16:01:17.241 | INFO     | modules.chunk_analyzer:_create_chunk_patches:311 - 创建块补丁文件: /home/elpsy/workspace/sow/patch-backport/workspace/linux/kernel-torvalds/f8fb24/chunk_patches/chunk_010_20250612_160117.patch (修改文件: include/ufs/ufshcd.h)
2025-06-12 16:01:17.241 | INFO     | modules.chunk_analyzer:execute:60 - 已为 10 个块创建单独的补丁文件
2025-06-12 16:01:17.241 | INFO     | modules.chunk_analyzer:execute:62 - 第 1 个补丁文件为：
2025-06-12 16:01:17.242 | INFO     | modules.chunk_analyzer:execute:66 - From f8fb2403ddebb5eea0033d90d9daae4c88749ada Mon Sep 17 00:00:00 2001
From: =?UTF-8?q?Andr=C3=A9=20Draszik?= <andre.draszik@linaro.org>
Date: Fri, 24 Jan 2025 15:09:00 +0000
Subject: [PATCH] scsi: ufs: core: Fix use-after free in init error and remove
 paths
MIME-Version: 1.0
Content-Type: text/plain; charset=UTF-8
Content-Transfer-Encoding: 8bit

devm_blk_crypto_profile_init() registers a cleanup handler to run when
the associated (platform-) device is being released. For UFS, the
crypto private data and pointers are stored as part of the ufs_hba's
data structure 'struct ufs_hba::crypto_profile'. This structure is
allocated as part of the underlying ufshcd and therefore Scsi_host
allocation.

During driver release or during error handling in ufshcd_pltfrm_init(),
this structure is released as part of ufshcd_dealloc_host() before the
(platform-) device associated with the crypto call above is released.
Once this device is released, the crypto cleanup code will run, using
the just-released 'struct ufs_hba::crypto_profile'. This causes a
use-after-free situation:

  Call trace:
   kfree+0x60/0x2d8 (P)
   kvfree+0x44/0x60
   blk_crypto_profile_destroy_callback+0x28/0x70
   devm_action_release+0x1c/0x30
   release_nodes+0x6c/0x108
   devres_release_all+0x98/0x100
   device_unbind_cleanup+0x20/0x70
   really_probe+0x218/0x2d0

In other words, the initialisation code flow is:

  platform-device probe
    ufshcd_pltfrm_init()
      ufshcd_alloc_host()
        scsi_host_alloc()
          allocation of struct ufs_hba
          creation of scsi-host devices
    devm_blk_crypto_profile_init()
      devm registration of cleanup handler using platform-device

and during error handling of ufshcd_pltfrm_init() or during driver
removal:

  ufshcd_dealloc_host()
    scsi_host_put()
      put_device(scsi-host)
        release of struct ufs_hba
  put_device(platform-device)
    crypto cleanup handler

To fix this use-after free, change ufshcd_alloc_host() to register a
devres action to automatically cleanup the underlying SCSI device on
ufshcd destruction, without requiring explicit calls to
ufshcd_dealloc_host(). This way:

    * the crypto profile and all other ufs_hba-owned resources are
      destroyed before SCSI (as they've been registered after)
    * a memleak is plugged in tc-dwc-g210-pci.c remove() as a
      side-effect
    * EXPORT_SYMBOL_GPL(ufshcd_dealloc_host) can be removed fully as
      it's not needed anymore
    * no future drivers using ufshcd_alloc_host() could ever forget
      adding the cleanup

Fixes: cb77cb5abe1f ("blk-crypto: rename blk_keyslot_manager to blk_crypto_profile")
Fixes: d76d9d7d1009 ("scsi: ufs: use devm_blk_ksm_init()")
Cc: stable@vger.kernel.org
Signed-off-by: André Draszik <andre.draszik@linaro.org>
Link: https://lore.kernel.org/r/20250124-ufshcd-fix-v4-1-c5d0144aae59@linaro.org
Reviewed-by: Bean Huo <beanhuo@micron.com>
Reviewed-by: Manivannan Sadhasivam <manivannan.sadhasivam@linaro.org>
Acked-by: Eric Biggers <ebiggers@kernel.org>
Signed-off-by: Martin K. Petersen <martin.petersen@oracle.com>

diff --git a/drivers/ufs/core/ufshcd.c b/drivers/ufs/core/ufshcd.c
index d3741b1f4382..d2de80b2bba4 100644
--- a/drivers/ufs/core/ufshcd.c
+++ b/drivers/ufs/core/ufshcd.c
@@ -10226,16 +10226,6 @@ int ufshcd_system_thaw(struct device *dev)
 EXPORT_SYMBOL_GPL(ufshcd_system_thaw);
 #endif /* CONFIG_PM_SLEEP  */
 
-/**
- * ufshcd_dealloc_host - deallocate Host Bus Adapter (HBA)
- * @hba: pointer to Host Bus Adapter (HBA)
- */
-void ufshcd_dealloc_host(struct ufs_hba *hba)
-{
-	scsi_host_put(hba->host);
-}
-EXPORT_SYMBOL_GPL(ufshcd_dealloc_host);
-
 /**
  * ufshcd_set_dma_mask - Set dma mask based on the controller
  *			 addressing capability

2025-06-12 16:01:17.242 | INFO     | modules.chunk_analyzer:execute:62 - 第 2 个补丁文件为：
2025-06-12 16:01:17.242 | INFO     | modules.chunk_analyzer:execute:66 - From f8fb2403ddebb5eea0033d90d9daae4c88749ada Mon Sep 17 00:00:00 2001
From: =?UTF-8?q?Andr=C3=A9=20Draszik?= <andre.draszik@linaro.org>
Date: Fri, 24 Jan 2025 15:09:00 +0000
Subject: [PATCH] scsi: ufs: core: Fix use-after free in init error and remove
 paths
MIME-Version: 1.0
Content-Type: text/plain; charset=UTF-8
Content-Transfer-Encoding: 8bit

devm_blk_crypto_profile_init() registers a cleanup handler to run when
the associated (platform-) device is being released. For UFS, the
crypto private data and pointers are stored as part of the ufs_hba's
data structure 'struct ufs_hba::crypto_profile'. This structure is
allocated as part of the underlying ufshcd and therefore Scsi_host
allocation.

During driver release or during error handling in ufshcd_pltfrm_init(),
this structure is released as part of ufshcd_dealloc_host() before the
(platform-) device associated with the crypto call above is released.
Once this device is released, the crypto cleanup code will run, using
the just-released 'struct ufs_hba::crypto_profile'. This causes a
use-after-free situation:

  Call trace:
   kfree+0x60/0x2d8 (P)
   kvfree+0x44/0x60
   blk_crypto_profile_destroy_callback+0x28/0x70
   devm_action_release+0x1c/0x30
   release_nodes+0x6c/0x108
   devres_release_all+0x98/0x100
   device_unbind_cleanup+0x20/0x70
   really_probe+0x218/0x2d0

In other words, the initialisation code flow is:

  platform-device probe
    ufshcd_pltfrm_init()
      ufshcd_alloc_host()
        scsi_host_alloc()
          allocation of struct ufs_hba
          creation of scsi-host devices
    devm_blk_crypto_profile_init()
      devm registration of cleanup handler using platform-device

and during error handling of ufshcd_pltfrm_init() or during driver
removal:

  ufshcd_dealloc_host()
    scsi_host_put()
      put_device(scsi-host)
        release of struct ufs_hba
  put_device(platform-device)
    crypto cleanup handler

To fix this use-after free, change ufshcd_alloc_host() to register a
devres action to automatically cleanup the underlying SCSI device on
ufshcd destruction, without requiring explicit calls to
ufshcd_dealloc_host(). This way:

    * the crypto profile and all other ufs_hba-owned resources are
      destroyed before SCSI (as they've been registered after)
    * a memleak is plugged in tc-dwc-g210-pci.c remove() as a
      side-effect
    * EXPORT_SYMBOL_GPL(ufshcd_dealloc_host) can be removed fully as
      it's not needed anymore
    * no future drivers using ufshcd_alloc_host() could ever forget
      adding the cleanup

Fixes: cb77cb5abe1f ("blk-crypto: rename blk_keyslot_manager to blk_crypto_profile")
Fixes: d76d9d7d1009 ("scsi: ufs: use devm_blk_ksm_init()")
Cc: stable@vger.kernel.org
Signed-off-by: André Draszik <andre.draszik@linaro.org>
Link: https://lore.kernel.org/r/20250124-ufshcd-fix-v4-1-c5d0144aae59@linaro.org
Reviewed-by: Bean Huo <beanhuo@micron.com>
Reviewed-by: Manivannan Sadhasivam <manivannan.sadhasivam@linaro.org>
Acked-by: Eric Biggers <ebiggers@kernel.org>
Signed-off-by: Martin K. Petersen <martin.petersen@oracle.com>

diff --git a/drivers/ufs/core/ufshcd.c b/drivers/ufs/core/ufshcd.c
index d3741b1f4382..d2de80b2bba4 100644
--- a/drivers/ufs/core/ufshcd.c
+++ b/drivers/ufs/core/ufshcd.c
@@ -10254,12 +10244,26 @@ static int ufshcd_set_dma_mask(struct ufs_hba *hba)
 	return dma_set_mask_and_coherent(hba->dev, DMA_BIT_MASK(32));
 }
 
+/**
+ * ufshcd_devres_release - devres cleanup handler, invoked during release of
+ *			   hba->dev
+ * @host: pointer to SCSI host
+ */
+static void ufshcd_devres_release(void *host)
+{
+	scsi_host_put(host);
+}
+
 /**
  * ufshcd_alloc_host - allocate Host Bus Adapter (HBA)
  * @dev: pointer to device handle
  * @hba_handle: driver private handle
  *
  * Return: 0 on success, non-zero value on failure.
+ *
+ * NOTE: There is no corresponding ufshcd_dealloc_host() because this function
+ * keeps track of its allocations using devres and deallocates everything on
+ * device removal automatically.
  */
 int ufshcd_alloc_host(struct device *dev, struct ufs_hba **hba_handle)
 {

2025-06-12 16:01:17.243 | INFO     | modules.chunk_analyzer:execute:62 - 第 3 个补丁文件为：
2025-06-12 16:01:17.243 | INFO     | modules.chunk_analyzer:execute:66 - From f8fb2403ddebb5eea0033d90d9daae4c88749ada Mon Sep 17 00:00:00 2001
From: =?UTF-8?q?Andr=C3=A9=20Draszik?= <andre.draszik@linaro.org>
Date: Fri, 24 Jan 2025 15:09:00 +0000
Subject: [PATCH] scsi: ufs: core: Fix use-after free in init error and remove
 paths
MIME-Version: 1.0
Content-Type: text/plain; charset=UTF-8
Content-Transfer-Encoding: 8bit

devm_blk_crypto_profile_init() registers a cleanup handler to run when
the associated (platform-) device is being released. For UFS, the
crypto private data and pointers are stored as part of the ufs_hba's
data structure 'struct ufs_hba::crypto_profile'. This structure is
allocated as part of the underlying ufshcd and therefore Scsi_host
allocation.

During driver release or during error handling in ufshcd_pltfrm_init(),
this structure is released as part of ufshcd_dealloc_host() before the
(platform-) device associated with the crypto call above is released.
Once this device is released, the crypto cleanup code will run, using
the just-released 'struct ufs_hba::crypto_profile'. This causes a
use-after-free situation:

  Call trace:
   kfree+0x60/0x2d8 (P)
   kvfree+0x44/0x60
   blk_crypto_profile_destroy_callback+0x28/0x70
   devm_action_release+0x1c/0x30
   release_nodes+0x6c/0x108
   devres_release_all+0x98/0x100
   device_unbind_cleanup+0x20/0x70
   really_probe+0x218/0x2d0

In other words, the initialisation code flow is:

  platform-device probe
    ufshcd_pltfrm_init()
      ufshcd_alloc_host()
        scsi_host_alloc()
          allocation of struct ufs_hba
          creation of scsi-host devices
    devm_blk_crypto_profile_init()
      devm registration of cleanup handler using platform-device

and during error handling of ufshcd_pltfrm_init() or during driver
removal:

  ufshcd_dealloc_host()
    scsi_host_put()
      put_device(scsi-host)
        release of struct ufs_hba
  put_device(platform-device)
    crypto cleanup handler

To fix this use-after free, change ufshcd_alloc_host() to register a
devres action to automatically cleanup the underlying SCSI device on
ufshcd destruction, without requiring explicit calls to
ufshcd_dealloc_host(). This way:

    * the crypto profile and all other ufs_hba-owned resources are
      destroyed before SCSI (as they've been registered after)
    * a memleak is plugged in tc-dwc-g210-pci.c remove() as a
      side-effect
    * EXPORT_SYMBOL_GPL(ufshcd_dealloc_host) can be removed fully as
      it's not needed anymore
    * no future drivers using ufshcd_alloc_host() could ever forget
      adding the cleanup

Fixes: cb77cb5abe1f ("blk-crypto: rename blk_keyslot_manager to blk_crypto_profile")
Fixes: d76d9d7d1009 ("scsi: ufs: use devm_blk_ksm_init()")
Cc: stable@vger.kernel.org
Signed-off-by: André Draszik <andre.draszik@linaro.org>
Link: https://lore.kernel.org/r/20250124-ufshcd-fix-v4-1-c5d0144aae59@linaro.org
Reviewed-by: Bean Huo <beanhuo@micron.com>
Reviewed-by: Manivannan Sadhasivam <manivannan.sadhasivam@linaro.org>
Acked-by: Eric Biggers <ebiggers@kernel.org>
Signed-off-by: Martin K. Petersen <martin.petersen@oracle.com>

diff --git a/drivers/ufs/core/ufshcd.c b/drivers/ufs/core/ufshcd.c
index d3741b1f4382..d2de80b2bba4 100644
--- a/drivers/ufs/core/ufshcd.c
+++ b/drivers/ufs/core/ufshcd.c
@@ -10281,6 +10285,13 @@ int ufshcd_alloc_host(struct device *dev, struct ufs_hba **hba_handle)
 		err = -ENOMEM;
 		goto out_error;
 	}
+
+	err = devm_add_action_or_reset(dev, ufshcd_devres_release,
+				       host);
+	if (err)
+		return dev_err_probe(dev, err,
+				     "failed to add ufshcd dealloc action\n");
+
 	host->nr_maps = HCTX_TYPE_POLL + 1;
 	hba = shost_priv(host);
 	hba->host = host;

2025-06-12 16:01:17.244 | INFO     | modules.chunk_analyzer:execute:62 - 第 4 个补丁文件为：
2025-06-12 16:01:17.244 | INFO     | modules.chunk_analyzer:execute:66 - From f8fb2403ddebb5eea0033d90d9daae4c88749ada Mon Sep 17 00:00:00 2001
From: =?UTF-8?q?Andr=C3=A9=20Draszik?= <andre.draszik@linaro.org>
Date: Fri, 24 Jan 2025 15:09:00 +0000
Subject: [PATCH] scsi: ufs: core: Fix use-after free in init error and remove
 paths
MIME-Version: 1.0
Content-Type: text/plain; charset=UTF-8
Content-Transfer-Encoding: 8bit

devm_blk_crypto_profile_init() registers a cleanup handler to run when
the associated (platform-) device is being released. For UFS, the
crypto private data and pointers are stored as part of the ufs_hba's
data structure 'struct ufs_hba::crypto_profile'. This structure is
allocated as part of the underlying ufshcd and therefore Scsi_host
allocation.

During driver release or during error handling in ufshcd_pltfrm_init(),
this structure is released as part of ufshcd_dealloc_host() before the
(platform-) device associated with the crypto call above is released.
Once this device is released, the crypto cleanup code will run, using
the just-released 'struct ufs_hba::crypto_profile'. This causes a
use-after-free situation:

  Call trace:
   kfree+0x60/0x2d8 (P)
   kvfree+0x44/0x60
   blk_crypto_profile_destroy_callback+0x28/0x70
   devm_action_release+0x1c/0x30
   release_nodes+0x6c/0x108
   devres_release_all+0x98/0x100
   device_unbind_cleanup+0x20/0x70
   really_probe+0x218/0x2d0

In other words, the initialisation code flow is:

  platform-device probe
    ufshcd_pltfrm_init()
      ufshcd_alloc_host()
        scsi_host_alloc()
          allocation of struct ufs_hba
          creation of scsi-host devices
    devm_blk_crypto_profile_init()
      devm registration of cleanup handler using platform-device

and during error handling of ufshcd_pltfrm_init() or during driver
removal:

  ufshcd_dealloc_host()
    scsi_host_put()
      put_device(scsi-host)
        release of struct ufs_hba
  put_device(platform-device)
    crypto cleanup handler

To fix this use-after free, change ufshcd_alloc_host() to register a
devres action to automatically cleanup the underlying SCSI device on
ufshcd destruction, without requiring explicit calls to
ufshcd_dealloc_host(). This way:

    * the crypto profile and all other ufs_hba-owned resources are
      destroyed before SCSI (as they've been registered after)
    * a memleak is plugged in tc-dwc-g210-pci.c remove() as a
      side-effect
    * EXPORT_SYMBOL_GPL(ufshcd_dealloc_host) can be removed fully as
      it's not needed anymore
    * no future drivers using ufshcd_alloc_host() could ever forget
      adding the cleanup

Fixes: cb77cb5abe1f ("blk-crypto: rename blk_keyslot_manager to blk_crypto_profile")
Fixes: d76d9d7d1009 ("scsi: ufs: use devm_blk_ksm_init()")
Cc: stable@vger.kernel.org
Signed-off-by: André Draszik <andre.draszik@linaro.org>
Link: https://lore.kernel.org/r/20250124-ufshcd-fix-v4-1-c5d0144aae59@linaro.org
Reviewed-by: Bean Huo <beanhuo@micron.com>
Reviewed-by: Manivannan Sadhasivam <manivannan.sadhasivam@linaro.org>
Acked-by: Eric Biggers <ebiggers@kernel.org>
Signed-off-by: Martin K. Petersen <martin.petersen@oracle.com>

diff --git a/drivers/ufs/host/ufshcd-pci.c b/drivers/ufs/host/ufshcd-pci.c
index ea39c5d5b8cf..9cfcaad23cf9 100644
--- a/drivers/ufs/host/ufshcd-pci.c
+++ b/drivers/ufs/host/ufshcd-pci.c
@@ -562,7 +562,6 @@ static void ufshcd_pci_remove(struct pci_dev *pdev)
 	pm_runtime_forbid(&pdev->dev);
 	pm_runtime_get_noresume(&pdev->dev);
 	ufshcd_remove(hba);
-	ufshcd_dealloc_host(hba);
 }
 
 /**

2025-06-12 16:01:17.244 | INFO     | modules.chunk_analyzer:execute:62 - 第 5 个补丁文件为：
2025-06-12 16:01:17.245 | INFO     | modules.chunk_analyzer:execute:66 - From f8fb2403ddebb5eea0033d90d9daae4c88749ada Mon Sep 17 00:00:00 2001
From: =?UTF-8?q?Andr=C3=A9=20Draszik?= <andre.draszik@linaro.org>
Date: Fri, 24 Jan 2025 15:09:00 +0000
Subject: [PATCH] scsi: ufs: core: Fix use-after free in init error and remove
 paths
MIME-Version: 1.0
Content-Type: text/plain; charset=UTF-8
Content-Transfer-Encoding: 8bit

devm_blk_crypto_profile_init() registers a cleanup handler to run when
the associated (platform-) device is being released. For UFS, the
crypto private data and pointers are stored as part of the ufs_hba's
data structure 'struct ufs_hba::crypto_profile'. This structure is
allocated as part of the underlying ufshcd and therefore Scsi_host
allocation.

During driver release or during error handling in ufshcd_pltfrm_init(),
this structure is released as part of ufshcd_dealloc_host() before the
(platform-) device associated with the crypto call above is released.
Once this device is released, the crypto cleanup code will run, using
the just-released 'struct ufs_hba::crypto_profile'. This causes a
use-after-free situation:

  Call trace:
   kfree+0x60/0x2d8 (P)
   kvfree+0x44/0x60
   blk_crypto_profile_destroy_callback+0x28/0x70
   devm_action_release+0x1c/0x30
   release_nodes+0x6c/0x108
   devres_release_all+0x98/0x100
   device_unbind_cleanup+0x20/0x70
   really_probe+0x218/0x2d0

In other words, the initialisation code flow is:

  platform-device probe
    ufshcd_pltfrm_init()
      ufshcd_alloc_host()
        scsi_host_alloc()
          allocation of struct ufs_hba
          creation of scsi-host devices
    devm_blk_crypto_profile_init()
      devm registration of cleanup handler using platform-device

and during error handling of ufshcd_pltfrm_init() or during driver
removal:

  ufshcd_dealloc_host()
    scsi_host_put()
      put_device(scsi-host)
        release of struct ufs_hba
  put_device(platform-device)
    crypto cleanup handler

To fix this use-after free, change ufshcd_alloc_host() to register a
devres action to automatically cleanup the underlying SCSI device on
ufshcd destruction, without requiring explicit calls to
ufshcd_dealloc_host(). This way:

    * the crypto profile and all other ufs_hba-owned resources are
      destroyed before SCSI (as they've been registered after)
    * a memleak is plugged in tc-dwc-g210-pci.c remove() as a
      side-effect
    * EXPORT_SYMBOL_GPL(ufshcd_dealloc_host) can be removed fully as
      it's not needed anymore
    * no future drivers using ufshcd_alloc_host() could ever forget
      adding the cleanup

Fixes: cb77cb5abe1f ("blk-crypto: rename blk_keyslot_manager to blk_crypto_profile")
Fixes: d76d9d7d1009 ("scsi: ufs: use devm_blk_ksm_init()")
Cc: stable@vger.kernel.org
Signed-off-by: André Draszik <andre.draszik@linaro.org>
Link: https://lore.kernel.org/r/20250124-ufshcd-fix-v4-1-c5d0144aae59@linaro.org
Reviewed-by: Bean Huo <beanhuo@micron.com>
Reviewed-by: Manivannan Sadhasivam <manivannan.sadhasivam@linaro.org>
Acked-by: Eric Biggers <ebiggers@kernel.org>
Signed-off-by: Martin K. Petersen <martin.petersen@oracle.com>

diff --git a/drivers/ufs/host/ufshcd-pci.c b/drivers/ufs/host/ufshcd-pci.c
index ea39c5d5b8cf..9cfcaad23cf9 100644
--- a/drivers/ufs/host/ufshcd-pci.c
+++ b/drivers/ufs/host/ufshcd-pci.c
@@ -605,7 +604,6 @@ ufshcd_pci_probe(struct pci_dev *pdev, const struct pci_device_id *id)
 	err = ufshcd_init(hba, mmio_base, pdev->irq);
 	if (err) {
 		dev_err(&pdev->dev, "Initialization failed\n");
-		ufshcd_dealloc_host(hba);
 		return err;
 	}
 

2025-06-12 16:01:17.245 | INFO     | modules.chunk_analyzer:execute:62 - 第 6 个补丁文件为：
2025-06-12 16:01:17.245 | INFO     | modules.chunk_analyzer:execute:66 - From f8fb2403ddebb5eea0033d90d9daae4c88749ada Mon Sep 17 00:00:00 2001
From: =?UTF-8?q?Andr=C3=A9=20Draszik?= <andre.draszik@linaro.org>
Date: Fri, 24 Jan 2025 15:09:00 +0000
Subject: [PATCH] scsi: ufs: core: Fix use-after free in init error and remove
 paths
MIME-Version: 1.0
Content-Type: text/plain; charset=UTF-8
Content-Transfer-Encoding: 8bit

devm_blk_crypto_profile_init() registers a cleanup handler to run when
the associated (platform-) device is being released. For UFS, the
crypto private data and pointers are stored as part of the ufs_hba's
data structure 'struct ufs_hba::crypto_profile'. This structure is
allocated as part of the underlying ufshcd and therefore Scsi_host
allocation.

During driver release or during error handling in ufshcd_pltfrm_init(),
this structure is released as part of ufshcd_dealloc_host() before the
(platform-) device associated with the crypto call above is released.
Once this device is released, the crypto cleanup code will run, using
the just-released 'struct ufs_hba::crypto_profile'. This causes a
use-after-free situation:

  Call trace:
   kfree+0x60/0x2d8 (P)
   kvfree+0x44/0x60
   blk_crypto_profile_destroy_callback+0x28/0x70
   devm_action_release+0x1c/0x30
   release_nodes+0x6c/0x108
   devres_release_all+0x98/0x100
   device_unbind_cleanup+0x20/0x70
   really_probe+0x218/0x2d0

In other words, the initialisation code flow is:

  platform-device probe
    ufshcd_pltfrm_init()
      ufshcd_alloc_host()
        scsi_host_alloc()
          allocation of struct ufs_hba
          creation of scsi-host devices
    devm_blk_crypto_profile_init()
      devm registration of cleanup handler using platform-device

and during error handling of ufshcd_pltfrm_init() or during driver
removal:

  ufshcd_dealloc_host()
    scsi_host_put()
      put_device(scsi-host)
        release of struct ufs_hba
  put_device(platform-device)
    crypto cleanup handler

To fix this use-after free, change ufshcd_alloc_host() to register a
devres action to automatically cleanup the underlying SCSI device on
ufshcd destruction, without requiring explicit calls to
ufshcd_dealloc_host(). This way:

    * the crypto profile and all other ufs_hba-owned resources are
      destroyed before SCSI (as they've been registered after)
    * a memleak is plugged in tc-dwc-g210-pci.c remove() as a
      side-effect
    * EXPORT_SYMBOL_GPL(ufshcd_dealloc_host) can be removed fully as
      it's not needed anymore
    * no future drivers using ufshcd_alloc_host() could ever forget
      adding the cleanup

Fixes: cb77cb5abe1f ("blk-crypto: rename blk_keyslot_manager to blk_crypto_profile")
Fixes: d76d9d7d1009 ("scsi: ufs: use devm_blk_ksm_init()")
Cc: stable@vger.kernel.org
Signed-off-by: André Draszik <andre.draszik@linaro.org>
Link: https://lore.kernel.org/r/20250124-ufshcd-fix-v4-1-c5d0144aae59@linaro.org
Reviewed-by: Bean Huo <beanhuo@micron.com>
Reviewed-by: Manivannan Sadhasivam <manivannan.sadhasivam@linaro.org>
Acked-by: Eric Biggers <ebiggers@kernel.org>
Signed-off-by: Martin K. Petersen <martin.petersen@oracle.com>

diff --git a/drivers/ufs/host/ufshcd-pltfrm.c b/drivers/ufs/host/ufshcd-pltfrm.c
index 505572d4fa87..ffe5d1d2b215 100644
--- a/drivers/ufs/host/ufshcd-pltfrm.c
+++ b/drivers/ufs/host/ufshcd-pltfrm.c
@@ -465,21 +465,17 @@ int ufshcd_pltfrm_init(struct platform_device *pdev,
 	struct device *dev = &pdev->dev;
 
 	mmio_base = devm_platform_ioremap_resource(pdev, 0);
-	if (IS_ERR(mmio_base)) {
-		err = PTR_ERR(mmio_base);
-		goto out;
-	}
+	if (IS_ERR(mmio_base))
+		return PTR_ERR(mmio_base);
 
 	irq = platform_get_irq(pdev, 0);
-	if (irq < 0) {
-		err = irq;
-		goto out;
-	}
+	if (irq < 0)
+		return irq;
 
 	err = ufshcd_alloc_host(dev, &hba);
 	if (err) {
 		dev_err(dev, "Allocation failed\n");
-		goto out;
+		return err;
 	}
 
 	hba->vops = vops;

2025-06-12 16:01:17.246 | INFO     | modules.chunk_analyzer:execute:62 - 第 7 个补丁文件为：
2025-06-12 16:01:17.246 | INFO     | modules.chunk_analyzer:execute:66 - From f8fb2403ddebb5eea0033d90d9daae4c88749ada Mon Sep 17 00:00:00 2001
From: =?UTF-8?q?Andr=C3=A9=20Draszik?= <andre.draszik@linaro.org>
Date: Fri, 24 Jan 2025 15:09:00 +0000
Subject: [PATCH] scsi: ufs: core: Fix use-after free in init error and remove
 paths
MIME-Version: 1.0
Content-Type: text/plain; charset=UTF-8
Content-Transfer-Encoding: 8bit

devm_blk_crypto_profile_init() registers a cleanup handler to run when
the associated (platform-) device is being released. For UFS, the
crypto private data and pointers are stored as part of the ufs_hba's
data structure 'struct ufs_hba::crypto_profile'. This structure is
allocated as part of the underlying ufshcd and therefore Scsi_host
allocation.

During driver release or during error handling in ufshcd_pltfrm_init(),
this structure is released as part of ufshcd_dealloc_host() before the
(platform-) device associated with the crypto call above is released.
Once this device is released, the crypto cleanup code will run, using
the just-released 'struct ufs_hba::crypto_profile'. This causes a
use-after-free situation:

  Call trace:
   kfree+0x60/0x2d8 (P)
   kvfree+0x44/0x60
   blk_crypto_profile_destroy_callback+0x28/0x70
   devm_action_release+0x1c/0x30
   release_nodes+0x6c/0x108
   devres_release_all+0x98/0x100
   device_unbind_cleanup+0x20/0x70
   really_probe+0x218/0x2d0

In other words, the initialisation code flow is:

  platform-device probe
    ufshcd_pltfrm_init()
      ufshcd_alloc_host()
        scsi_host_alloc()
          allocation of struct ufs_hba
          creation of scsi-host devices
    devm_blk_crypto_profile_init()
      devm registration of cleanup handler using platform-device

and during error handling of ufshcd_pltfrm_init() or during driver
removal:

  ufshcd_dealloc_host()
    scsi_host_put()
      put_device(scsi-host)
        release of struct ufs_hba
  put_device(platform-device)
    crypto cleanup handler

To fix this use-after free, change ufshcd_alloc_host() to register a
devres action to automatically cleanup the underlying SCSI device on
ufshcd destruction, without requiring explicit calls to
ufshcd_dealloc_host(). This way:

    * the crypto profile and all other ufs_hba-owned resources are
      destroyed before SCSI (as they've been registered after)
    * a memleak is plugged in tc-dwc-g210-pci.c remove() as a
      side-effect
    * EXPORT_SYMBOL_GPL(ufshcd_dealloc_host) can be removed fully as
      it's not needed anymore
    * no future drivers using ufshcd_alloc_host() could ever forget
      adding the cleanup

Fixes: cb77cb5abe1f ("blk-crypto: rename blk_keyslot_manager to blk_crypto_profile")
Fixes: d76d9d7d1009 ("scsi: ufs: use devm_blk_ksm_init()")
Cc: stable@vger.kernel.org
Signed-off-by: André Draszik <andre.draszik@linaro.org>
Link: https://lore.kernel.org/r/20250124-ufshcd-fix-v4-1-c5d0144aae59@linaro.org
Reviewed-by: Bean Huo <beanhuo@micron.com>
Reviewed-by: Manivannan Sadhasivam <manivannan.sadhasivam@linaro.org>
Acked-by: Eric Biggers <ebiggers@kernel.org>
Signed-off-by: Martin K. Petersen <martin.petersen@oracle.com>

diff --git a/drivers/ufs/host/ufshcd-pltfrm.c b/drivers/ufs/host/ufshcd-pltfrm.c
index 505572d4fa87..ffe5d1d2b215 100644
--- a/drivers/ufs/host/ufshcd-pltfrm.c
+++ b/drivers/ufs/host/ufshcd-pltfrm.c
@@ -488,13 +484,13 @@ int ufshcd_pltfrm_init(struct platform_device *pdev,
 	if (err) {
 		dev_err(dev, "%s: clock parse failed %d\n",
 				__func__, err);
-		goto dealloc_host;
+		return err;
 	}
 	err = ufshcd_parse_regulator_info(hba);
 	if (err) {
 		dev_err(dev, "%s: regulator init failed %d\n",
 				__func__, err);
-		goto dealloc_host;
+		return err;
 	}
 
 	ufshcd_init_lanes_per_dir(hba);

2025-06-12 16:01:17.247 | INFO     | modules.chunk_analyzer:execute:62 - 第 8 个补丁文件为：
2025-06-12 16:01:17.247 | INFO     | modules.chunk_analyzer:execute:66 - From f8fb2403ddebb5eea0033d90d9daae4c88749ada Mon Sep 17 00:00:00 2001
From: =?UTF-8?q?Andr=C3=A9=20Draszik?= <andre.draszik@linaro.org>
Date: Fri, 24 Jan 2025 15:09:00 +0000
Subject: [PATCH] scsi: ufs: core: Fix use-after free in init error and remove
 paths
MIME-Version: 1.0
Content-Type: text/plain; charset=UTF-8
Content-Transfer-Encoding: 8bit

devm_blk_crypto_profile_init() registers a cleanup handler to run when
the associated (platform-) device is being released. For UFS, the
crypto private data and pointers are stored as part of the ufs_hba's
data structure 'struct ufs_hba::crypto_profile'. This structure is
allocated as part of the underlying ufshcd and therefore Scsi_host
allocation.

During driver release or during error handling in ufshcd_pltfrm_init(),
this structure is released as part of ufshcd_dealloc_host() before the
(platform-) device associated with the crypto call above is released.
Once this device is released, the crypto cleanup code will run, using
the just-released 'struct ufs_hba::crypto_profile'. This causes a
use-after-free situation:

  Call trace:
   kfree+0x60/0x2d8 (P)
   kvfree+0x44/0x60
   blk_crypto_profile_destroy_callback+0x28/0x70
   devm_action_release+0x1c/0x30
   release_nodes+0x6c/0x108
   devres_release_all+0x98/0x100
   device_unbind_cleanup+0x20/0x70
   really_probe+0x218/0x2d0

In other words, the initialisation code flow is:

  platform-device probe
    ufshcd_pltfrm_init()
      ufshcd_alloc_host()
        scsi_host_alloc()
          allocation of struct ufs_hba
          creation of scsi-host devices
    devm_blk_crypto_profile_init()
      devm registration of cleanup handler using platform-device

and during error handling of ufshcd_pltfrm_init() or during driver
removal:

  ufshcd_dealloc_host()
    scsi_host_put()
      put_device(scsi-host)
        release of struct ufs_hba
  put_device(platform-device)
    crypto cleanup handler

To fix this use-after free, change ufshcd_alloc_host() to register a
devres action to automatically cleanup the underlying SCSI device on
ufshcd destruction, without requiring explicit calls to
ufshcd_dealloc_host(). This way:

    * the crypto profile and all other ufs_hba-owned resources are
      destroyed before SCSI (as they've been registered after)
    * a memleak is plugged in tc-dwc-g210-pci.c remove() as a
      side-effect
    * EXPORT_SYMBOL_GPL(ufshcd_dealloc_host) can be removed fully as
      it's not needed anymore
    * no future drivers using ufshcd_alloc_host() could ever forget
      adding the cleanup

Fixes: cb77cb5abe1f ("blk-crypto: rename blk_keyslot_manager to blk_crypto_profile")
Fixes: d76d9d7d1009 ("scsi: ufs: use devm_blk_ksm_init()")
Cc: stable@vger.kernel.org
Signed-off-by: André Draszik <andre.draszik@linaro.org>
Link: https://lore.kernel.org/r/20250124-ufshcd-fix-v4-1-c5d0144aae59@linaro.org
Reviewed-by: Bean Huo <beanhuo@micron.com>
Reviewed-by: Manivannan Sadhasivam <manivannan.sadhasivam@linaro.org>
Acked-by: Eric Biggers <ebiggers@kernel.org>
Signed-off-by: Martin K. Petersen <martin.petersen@oracle.com>

diff --git a/drivers/ufs/host/ufshcd-pltfrm.c b/drivers/ufs/host/ufshcd-pltfrm.c
index 505572d4fa87..ffe5d1d2b215 100644
--- a/drivers/ufs/host/ufshcd-pltfrm.c
+++ b/drivers/ufs/host/ufshcd-pltfrm.c
@@ -502,25 +498,20 @@ int ufshcd_pltfrm_init(struct platform_device *pdev,
 	err = ufshcd_parse_operating_points(hba);
 	if (err) {
 		dev_err(dev, "%s: OPP parse failed %d\n", __func__, err);
-		goto dealloc_host;
+		return err;
 	}
 
 	err = ufshcd_init(hba, mmio_base, irq);
 	if (err) {
 		dev_err_probe(dev, err, "Initialization failed with error %d\n",
 			      err);
-		goto dealloc_host;
+		return err;
 	}
 
 	pm_runtime_set_active(dev);
 	pm_runtime_enable(dev);
 
 	return 0;
-
-dealloc_host:
-	ufshcd_dealloc_host(hba);
-out:
-	return err;
 }
 EXPORT_SYMBOL_GPL(ufshcd_pltfrm_init);
 

2025-06-12 16:01:17.248 | INFO     | modules.chunk_analyzer:execute:62 - 第 9 个补丁文件为：
2025-06-12 16:01:17.248 | INFO     | modules.chunk_analyzer:execute:66 - From f8fb2403ddebb5eea0033d90d9daae4c88749ada Mon Sep 17 00:00:00 2001
From: =?UTF-8?q?Andr=C3=A9=20Draszik?= <andre.draszik@linaro.org>
Date: Fri, 24 Jan 2025 15:09:00 +0000
Subject: [PATCH] scsi: ufs: core: Fix use-after free in init error and remove
 paths
MIME-Version: 1.0
Content-Type: text/plain; charset=UTF-8
Content-Transfer-Encoding: 8bit

devm_blk_crypto_profile_init() registers a cleanup handler to run when
the associated (platform-) device is being released. For UFS, the
crypto private data and pointers are stored as part of the ufs_hba's
data structure 'struct ufs_hba::crypto_profile'. This structure is
allocated as part of the underlying ufshcd and therefore Scsi_host
allocation.

During driver release or during error handling in ufshcd_pltfrm_init(),
this structure is released as part of ufshcd_dealloc_host() before the
(platform-) device associated with the crypto call above is released.
Once this device is released, the crypto cleanup code will run, using
the just-released 'struct ufs_hba::crypto_profile'. This causes a
use-after-free situation:

  Call trace:
   kfree+0x60/0x2d8 (P)
   kvfree+0x44/0x60
   blk_crypto_profile_destroy_callback+0x28/0x70
   devm_action_release+0x1c/0x30
   release_nodes+0x6c/0x108
   devres_release_all+0x98/0x100
   device_unbind_cleanup+0x20/0x70
   really_probe+0x218/0x2d0

In other words, the initialisation code flow is:

  platform-device probe
    ufshcd_pltfrm_init()
      ufshcd_alloc_host()
        scsi_host_alloc()
          allocation of struct ufs_hba
          creation of scsi-host devices
    devm_blk_crypto_profile_init()
      devm registration of cleanup handler using platform-device

and during error handling of ufshcd_pltfrm_init() or during driver
removal:

  ufshcd_dealloc_host()
    scsi_host_put()
      put_device(scsi-host)
        release of struct ufs_hba
  put_device(platform-device)
    crypto cleanup handler

To fix this use-after free, change ufshcd_alloc_host() to register a
devres action to automatically cleanup the underlying SCSI device on
ufshcd destruction, without requiring explicit calls to
ufshcd_dealloc_host(). This way:

    * the crypto profile and all other ufs_hba-owned resources are
      destroyed before SCSI (as they've been registered after)
    * a memleak is plugged in tc-dwc-g210-pci.c remove() as a
      side-effect
    * EXPORT_SYMBOL_GPL(ufshcd_dealloc_host) can be removed fully as
      it's not needed anymore
    * no future drivers using ufshcd_alloc_host() could ever forget
      adding the cleanup

Fixes: cb77cb5abe1f ("blk-crypto: rename blk_keyslot_manager to blk_crypto_profile")
Fixes: d76d9d7d1009 ("scsi: ufs: use devm_blk_ksm_init()")
Cc: stable@vger.kernel.org
Signed-off-by: André Draszik <andre.draszik@linaro.org>
Link: https://lore.kernel.org/r/20250124-ufshcd-fix-v4-1-c5d0144aae59@linaro.org
Reviewed-by: Bean Huo <beanhuo@micron.com>
Reviewed-by: Manivannan Sadhasivam <manivannan.sadhasivam@linaro.org>
Acked-by: Eric Biggers <ebiggers@kernel.org>
Signed-off-by: Martin K. Petersen <martin.petersen@oracle.com>

diff --git a/drivers/ufs/host/ufshcd-pltfrm.c b/drivers/ufs/host/ufshcd-pltfrm.c
index 505572d4fa87..ffe5d1d2b215 100644
--- a/drivers/ufs/host/ufshcd-pltfrm.c
+++ b/drivers/ufs/host/ufshcd-pltfrm.c
@@ -534,7 +525,6 @@ void ufshcd_pltfrm_remove(struct platform_device *pdev)
 
 	pm_runtime_get_sync(&pdev->dev);
 	ufshcd_remove(hba);
-	ufshcd_dealloc_host(hba);
 	pm_runtime_disable(&pdev->dev);
 	pm_runtime_put_noidle(&pdev->dev);
 }

2025-06-12 16:01:17.249 | INFO     | modules.chunk_analyzer:execute:62 - 第 10 个补丁文件为：
2025-06-12 16:01:17.249 | INFO     | modules.chunk_analyzer:execute:66 - From f8fb2403ddebb5eea0033d90d9daae4c88749ada Mon Sep 17 00:00:00 2001
From: =?UTF-8?q?Andr=C3=A9=20Draszik?= <andre.draszik@linaro.org>
Date: Fri, 24 Jan 2025 15:09:00 +0000
Subject: [PATCH] scsi: ufs: core: Fix use-after free in init error and remove
 paths
MIME-Version: 1.0
Content-Type: text/plain; charset=UTF-8
Content-Transfer-Encoding: 8bit

devm_blk_crypto_profile_init() registers a cleanup handler to run when
the associated (platform-) device is being released. For UFS, the
crypto private data and pointers are stored as part of the ufs_hba's
data structure 'struct ufs_hba::crypto_profile'. This structure is
allocated as part of the underlying ufshcd and therefore Scsi_host
allocation.

During driver release or during error handling in ufshcd_pltfrm_init(),
this structure is released as part of ufshcd_dealloc_host() before the
(platform-) device associated with the crypto call above is released.
Once this device is released, the crypto cleanup code will run, using
the just-released 'struct ufs_hba::crypto_profile'. This causes a
use-after-free situation:

  Call trace:
   kfree+0x60/0x2d8 (P)
   kvfree+0x44/0x60
   blk_crypto_profile_destroy_callback+0x28/0x70
   devm_action_release+0x1c/0x30
   release_nodes+0x6c/0x108
   devres_release_all+0x98/0x100
   device_unbind_cleanup+0x20/0x70
   really_probe+0x218/0x2d0

In other words, the initialisation code flow is:

  platform-device probe
    ufshcd_pltfrm_init()
      ufshcd_alloc_host()
        scsi_host_alloc()
          allocation of struct ufs_hba
          creation of scsi-host devices
    devm_blk_crypto_profile_init()
      devm registration of cleanup handler using platform-device

and during error handling of ufshcd_pltfrm_init() or during driver
removal:

  ufshcd_dealloc_host()
    scsi_host_put()
      put_device(scsi-host)
        release of struct ufs_hba
  put_device(platform-device)
    crypto cleanup handler

To fix this use-after free, change ufshcd_alloc_host() to register a
devres action to automatically cleanup the underlying SCSI device on
ufshcd destruction, without requiring explicit calls to
ufshcd_dealloc_host(). This way:

    * the crypto profile and all other ufs_hba-owned resources are
      destroyed before SCSI (as they've been registered after)
    * a memleak is plugged in tc-dwc-g210-pci.c remove() as a
      side-effect
    * EXPORT_SYMBOL_GPL(ufshcd_dealloc_host) can be removed fully as
      it's not needed anymore
    * no future drivers using ufshcd_alloc_host() could ever forget
      adding the cleanup

Fixes: cb77cb5abe1f ("blk-crypto: rename blk_keyslot_manager to blk_crypto_profile")
Fixes: d76d9d7d1009 ("scsi: ufs: use devm_blk_ksm_init()")
Cc: stable@vger.kernel.org
Signed-off-by: André Draszik <andre.draszik@linaro.org>
Link: https://lore.kernel.org/r/20250124-ufshcd-fix-v4-1-c5d0144aae59@linaro.org
Reviewed-by: Bean Huo <beanhuo@micron.com>
Reviewed-by: Manivannan Sadhasivam <manivannan.sadhasivam@linaro.org>
Acked-by: Eric Biggers <ebiggers@kernel.org>
Signed-off-by: Martin K. Petersen <martin.petersen@oracle.com>

diff --git a/include/ufs/ufshcd.h b/include/ufs/ufshcd.h
index 650ff238cd74..8bf31e6ca4e5 100644
--- a/include/ufs/ufshcd.h
+++ b/include/ufs/ufshcd.h
@@ -1309,7 +1309,6 @@ static inline void ufshcd_rmwl(struct ufs_hba *hba, u32 mask, u32 val, u32 reg)
 void ufshcd_enable_irq(struct ufs_hba *hba);
 void ufshcd_disable_irq(struct ufs_hba *hba);
 int ufshcd_alloc_host(struct device *, struct ufs_hba **);
-void ufshcd_dealloc_host(struct ufs_hba *);
 int ufshcd_hba_enable(struct ufs_hba *hba);
 int ufshcd_init(struct ufs_hba *, void __iomem *, unsigned int);
 int ufshcd_link_recovery(struct ufs_hba *hba);
-- 
2.25.1


2025-06-12 16:01:17.250 | INFO     | modules.chunk_analyzer:_apply_chunk_patches:347 - 尝试应用第 1/10 个块补丁: chunk_001_20250612_160117.patch
2025-06-12 16:01:17.262 | INFO     | modules.chunk_analyzer:_apply_chunk_patches:360 - 成功应用块补丁: chunk_001_20250612_160117.patch
2025-06-12 16:01:17.263 | INFO     | modules.chunk_analyzer:_apply_chunk_patches:347 - 尝试应用第 2/10 个块补丁: chunk_002_20250612_160117.patch
2025-06-12 16:01:17.268 | INFO     | modules.chunk_analyzer:_apply_chunk_patches:360 - 成功应用块补丁: chunk_002_20250612_160117.patch
2025-06-12 16:01:17.268 | INFO     | modules.chunk_analyzer:_apply_chunk_patches:347 - 尝试应用第 3/10 个块补丁: chunk_003_20250612_160117.patch
2025-06-12 16:01:17.274 | INFO     | modules.chunk_analyzer:_apply_chunk_patches:360 - 成功应用块补丁: chunk_003_20250612_160117.patch
2025-06-12 16:01:17.274 | INFO     | modules.chunk_analyzer:_apply_chunk_patches:347 - 尝试应用第 4/10 个块补丁: chunk_004_20250612_160117.patch
2025-06-12 16:01:17.282 | INFO     | modules.chunk_analyzer:_apply_chunk_patches:360 - 成功应用块补丁: chunk_004_20250612_160117.patch
2025-06-12 16:01:17.283 | INFO     | modules.chunk_analyzer:_apply_chunk_patches:347 - 尝试应用第 5/10 个块补丁: chunk_005_20250612_160117.patch
2025-06-12 16:01:17.287 | INFO     | modules.chunk_analyzer:_apply_chunk_patches:360 - 成功应用块补丁: chunk_005_20250612_160117.patch
2025-06-12 16:01:17.288 | INFO     | modules.chunk_analyzer:_apply_chunk_patches:347 - 尝试应用第 6/10 个块补丁: chunk_006_20250612_160117.patch
2025-06-12 16:01:17.293 | INFO     | modules.chunk_analyzer:_apply_chunk_patches:360 - 成功应用块补丁: chunk_006_20250612_160117.patch
2025-06-12 16:01:17.293 | INFO     | modules.chunk_analyzer:_apply_chunk_patches:347 - 尝试应用第 7/10 个块补丁: chunk_007_20250612_160117.patch
2025-06-12 16:01:17.297 | INFO     | modules.chunk_analyzer:_apply_chunk_patches:360 - 成功应用块补丁: chunk_007_20250612_160117.patch
2025-06-12 16:01:17.298 | INFO     | modules.chunk_analyzer:_apply_chunk_patches:347 - 尝试应用第 8/10 个块补丁: chunk_008_20250612_160117.patch
2025-06-12 16:01:17.301 | INFO     | modules.chunk_analyzer:_apply_chunk_patches:360 - 成功应用块补丁: chunk_008_20250612_160117.patch
2025-06-12 16:01:17.302 | INFO     | modules.chunk_analyzer:_apply_chunk_patches:347 - 尝试应用第 9/10 个块补丁: chunk_009_20250612_160117.patch
2025-06-12 16:01:17.311 | WARNING  | modules.chunk_analyzer:_apply_chunk_patches:379 - 块补丁 chunk_009_20250612_160117.patch 应用失败: error: patch failed: drivers/ufs/host/ufshcd-pltfrm.c:534
error: drivers/ufs/host/ufshcd-pltfrm.c: patch does not apply

2025-06-12 16:01:17.311 | INFO     | modules.chunk_analyzer:_apply_chunk_patches:347 - 尝试应用第 10/10 个块补丁: chunk_010_20250612_160117.patch
2025-06-12 16:01:17.318 | INFO     | modules.chunk_analyzer:_apply_chunk_patches:360 - 成功应用块补丁: chunk_010_20250612_160117.patch
2025-06-12 16:01:17.318 | INFO     | modules.chunk_analyzer:_apply_chunk_patches:389 - 块补丁应用统计信息:
2025-06-12 16:01:17.318 | INFO     | modules.chunk_analyzer:_apply_chunk_patches:390 - - 总块数: 10
2025-06-12 16:01:17.319 | INFO     | modules.chunk_analyzer:_apply_chunk_patches:391 - - 无冲突块数: 9
2025-06-12 16:01:17.319 | INFO     | modules.chunk_analyzer:_apply_chunk_patches:392 - - 适配失败块数: 1
2025-06-12 16:01:17.319 | INFO     | modules.chunk_analyzer:execute:70 - 成功应用了 9 个块补丁，总共 10 个
2025-06-12 16:01:17.320 | INFO     | modules.chunk_analyzer:_create_remaining_patch:465 - 创建剩余块补丁文件: /home/elpsy/workspace/sow/patch-backport/workspace/linux/kernel-torvalds/f8fb24/chunk_patches/remaining_chunks_20250612_160117.patch
2025-06-12 16:01:17.320 | INFO     | modules.chunk_analyzer:execute:78 - 创建了包含 1 个未应用块的剩余补丁: /home/elpsy/workspace/sow/patch-backport/workspace/linux/kernel-torvalds/f8fb24/chunk_patches/remaining_chunks_20250612_160117.patch
2025-06-12 16:01:17.321 | INFO     | modules.chunk_analyzer:execute:102 - 已将剩余补丁路径存储到上下文: /home/elpsy/workspace/sow/patch-backport/workspace/linux/kernel-torvalds/f8fb24/chunk_patches/remaining_chunks_20250612_160117.patch
2025-06-12 16:01:17.322 | INFO     | modules.chunk_analyzer:execute:114 - 补丁分块分析完成，耗时: 0.09秒
2025-06-12 16:01:17.322 | INFO     | modules.base_module:_save_metrics:143 - 评测指标已保存到: workspace/linux/kernel-torvalds/f8fb24/evaluations/chunk_analyzer/metrics_f8fb24_20250612_160117.json
2025-06-12 16:01:17.324 | INFO     | modules.chunk_analyzer:_generate_additional_html_sections:855 - 找到当前评估会话目录: workspace/linux/kernel-torvalds/f8fb24/evaluations/chunk_analyzer/details_f8fb24_20250612_160117
2025-06-12 16:01:17.325 | INFO     | modules.chunk_analyzer:_get_patch_content:1089 - 使用当前会话评估目录: workspace/linux/kernel-torvalds/f8fb24/evaluations/chunk_analyzer/details_f8fb24_20250612_160117
2025-06-12 16:01:17.325 | WARNING  | modules.chunk_analyzer:_get_patch_content:1145 - 补丁目录不存在: workspace/linux/kernel-torvalds/f8fb24/evaluations/chunk_analyzer/details_f8fb24_20250612_160117/patches
2025-06-12 16:01:17.326 | INFO     | modules.chunk_analyzer:_get_patch_content:1150 - 成功创建补丁目录: workspace/linux/kernel-torvalds/f8fb24/evaluations/chunk_analyzer/details_f8fb24_20250612_160117/patches
2025-06-12 16:01:17.326 | INFO     | modules.chunk_analyzer:_get_patch_content:1168 - 已将原始补丁内容保存到: workspace/linux/kernel-torvalds/f8fb24/evaluations/chunk_analyzer/details_f8fb24_20250612_160117/patches/original_patch.txt
2025-06-12 16:01:17.327 | INFO     | modules.chunk_analyzer:_get_patch_content:1089 - 使用当前会话评估目录: workspace/linux/kernel-torvalds/f8fb24/evaluations/chunk_analyzer/details_f8fb24_20250612_160117
2025-06-12 16:01:17.327 | INFO     | modules.chunk_analyzer:_get_patch_content:1273 - 已将补丁块内容保存到: workspace/linux/kernel-torvalds/f8fb24/evaluations/chunk_analyzer/details_f8fb24_20250612_160117/patches/applied_chunk_1.txt
2025-06-12 16:01:17.328 | INFO     | modules.chunk_analyzer:_get_patch_content:1273 - 已将补丁块内容保存到: workspace/linux/kernel-torvalds/f8fb24/evaluations/chunk_analyzer/details_f8fb24_20250612_160117/patches/applied_chunk_2.txt
2025-06-12 16:01:17.328 | INFO     | modules.chunk_analyzer:_get_patch_content:1273 - 已将补丁块内容保存到: workspace/linux/kernel-torvalds/f8fb24/evaluations/chunk_analyzer/details_f8fb24_20250612_160117/patches/applied_chunk_3.txt
2025-06-12 16:01:17.329 | INFO     | modules.chunk_analyzer:_get_patch_content:1273 - 已将补丁块内容保存到: workspace/linux/kernel-torvalds/f8fb24/evaluations/chunk_analyzer/details_f8fb24_20250612_160117/patches/applied_chunk_4.txt
2025-06-12 16:01:17.329 | INFO     | modules.chunk_analyzer:_get_patch_content:1273 - 已将补丁块内容保存到: workspace/linux/kernel-torvalds/f8fb24/evaluations/chunk_analyzer/details_f8fb24_20250612_160117/patches/applied_chunk_5.txt
2025-06-12 16:01:17.330 | INFO     | modules.chunk_analyzer:_get_patch_content:1273 - 已将补丁块内容保存到: workspace/linux/kernel-torvalds/f8fb24/evaluations/chunk_analyzer/details_f8fb24_20250612_160117/patches/applied_chunk_6.txt
2025-06-12 16:01:17.331 | INFO     | modules.chunk_analyzer:_get_patch_content:1273 - 已将补丁块内容保存到: workspace/linux/kernel-torvalds/f8fb24/evaluations/chunk_analyzer/details_f8fb24_20250612_160117/patches/applied_chunk_7.txt
2025-06-12 16:01:17.331 | INFO     | modules.chunk_analyzer:_get_patch_content:1273 - 已将补丁块内容保存到: workspace/linux/kernel-torvalds/f8fb24/evaluations/chunk_analyzer/details_f8fb24_20250612_160117/patches/applied_chunk_8.txt
2025-06-12 16:01:17.332 | INFO     | modules.chunk_analyzer:_get_patch_content:1273 - 已将补丁块内容保存到: workspace/linux/kernel-torvalds/f8fb24/evaluations/chunk_analyzer/details_f8fb24_20250612_160117/patches/applied_chunk_9.txt
2025-06-12 16:01:17.332 | INFO     | modules.chunk_analyzer:_get_patch_content:1282 - 已将合并的补丁块内容保存到: workspace/linux/kernel-torvalds/f8fb24/evaluations/chunk_analyzer/details_f8fb24_20250612_160117/patches/all_applied_chunks.txt
2025-06-12 16:01:17.333 | INFO     | modules.chunk_analyzer:_get_patch_content:1286 - 从context获取应用成功的补丁内容
2025-06-12 16:01:17.333 | INFO     | modules.chunk_analyzer:_get_patch_content:1089 - 使用当前会话评估目录: workspace/linux/kernel-torvalds/f8fb24/evaluations/chunk_analyzer/details_f8fb24_20250612_160117
2025-06-12 16:01:17.334 | INFO     | modules.chunk_analyzer:_get_patch_content:1337 - 已将剩余补丁内容保存到: workspace/linux/kernel-torvalds/f8fb24/evaluations/chunk_analyzer/details_f8fb24_20250612_160117/patches/remaining_patch.txt
2025-06-12 16:01:17.334 | INFO     | modules.chunk_analyzer:_get_patch_content:1341 - 从context获取剩余补丁内容: /home/elpsy/workspace/sow/patch-backport/workspace/linux/kernel-torvalds/f8fb24/chunk_patches/remaining_chunks_20250612_160117.patch
2025-06-12 16:01:17.335 | INFO     | modules.base_module:_save_evaluation_info:198 - 美观易读的评估信息已保存到: workspace/linux/kernel-torvalds/f8fb24/evaluations/chunk_analyzer/details_f8fb24_20250612_160117
2025-06-12 16:01:17.341 | INFO     | core.adaptation_pipeline:process_patch:106 - 执行模块: llm_adapter
2025-06-12 16:01:17.341 | INFO     | modules.llm_adapter:execute:71 - context.commit.patch_path: /home/elpsy/workspace/sow/patch-backport/workspace/linux/kernel-torvalds/f8fb24/patches/upstream_f8fb24.patch
2025-06-12 16:01:17.342 | INFO     | modules.llm_adapter:execute:73 - 使用原始补丁文件: /home/elpsy/workspace/sow/patch-backport/workspace/linux/kernel-torvalds/f8fb24/patches/upstream_f8fb24.patch
2025-06-12 16:01:17.342 | INFO     | modules.llm_adapter:_prepare_prompt_data:223 - 使用传统上下文差异
2025-06-12 16:01:18.032 | WARNING  | git_operations:get_commit_content:143 - GitHub API获取提交内容失败: 404, {"message":"Not Found","documentation_url":"https://docs.github.com/rest/commits/commits#get-a-commit","status":"404"}
2025-06-12 16:01:18.033 | INFO     | git_operations:get_commit_content:144 - 尝试使用本地Git仓库获取提交内容...
2025-06-12 16:01:18.096 | INFO     | git_operations:_get_commit_content_local:234 - 成功从本地Git仓库获取提交 f8fb2403ddebb5eea0033d90d9daae4c88749ada 的内容，包含 4 个文件
2025-06-12 16:01:18.866 | WARNING  | git_operations:get_commit_content:143 - GitHub API获取提交内容失败: 404, {"message":"Not Found","documentation_url":"https://docs.github.com/rest/commits/commits#get-a-commit","status":"404"}
2025-06-12 16:01:18.867 | INFO     | git_operations:get_commit_content:144 - 尝试使用本地Git仓库获取提交内容...
2025-06-12 16:01:18.924 | INFO     | git_operations:_get_commit_content_local:234 - 成功从本地Git仓库获取提交 f8fb2403ddebb5eea0033d90d9daae4c88749ada 的内容，包含 4 个文件
2025-06-12 16:01:18.926 | INFO     | git_operations:get_file_contents_from_ref:264 - 获取内容中：['drivers/ufs/core/ufshcd.c', 'drivers/ufs/host/ufshcd-pci.c', 'drivers/ufs/host/ufshcd-pltfrm.c', 'include/ufs/ufshcd.h']
2025-06-12 16:01:18.927 | INFO     | git_operations:_get_file_contents_local:280 - 正在从本地仓库获取文件 drivers/ufs/core/ufshcd.c 在 9ff7c383b8ac0c482a1da7989f703406d78445c6 的内容
2025-06-12 16:01:18.943 | INFO     | git_operations:_get_file_contents_local:280 - 正在从本地仓库获取文件 drivers/ufs/host/ufshcd-pci.c 在 9ff7c383b8ac0c482a1da7989f703406d78445c6 的内容
2025-06-12 16:01:18.948 | INFO     | git_operations:_get_file_contents_local:280 - 正在从本地仓库获取文件 drivers/ufs/host/ufshcd-pltfrm.c 在 9ff7c383b8ac0c482a1da7989f703406d78445c6 的内容
2025-06-12 16:01:18.953 | INFO     | git_operations:_get_file_contents_local:280 - 正在从本地仓库获取文件 include/ufs/ufshcd.h 在 9ff7c383b8ac0c482a1da7989f703406d78445c6 的内容
2025-06-12 16:01:18.961 | INFO     | git_operations:_get_file_contents_local:300 - 本地获取文件内容为: [{'filename': 'drivers/ufs/core/ufshcd.c', 'content': '// SPDX-License-Identifier: GPL-2.0-or-later\n/*\n * Universal Flash Storage Host controller driver Core\n * Copyright (C) 2011-2013 Samsung India Software Operations\n * Copyright (c) 2013-2016, The Linux Foundation. All rights reserved.\n *\n * Authors:\n *\tSantosh Yaraganavi <santosh.sy@samsung.com>\n *\tVinayak Holikatti <h.vinayak@samsung.com>\n */\n\n#include <linux/async.h>\n#include <linux/devfreq.h>\n#include <linux/nls.h>\n#include <linux/of.h>\n#include <linux/bitfield.h>\n#include <linux/blk-pm.h>\n#include <linux/blkdev.h>\n#include <linux/clk.h>\n#include <linux/delay.h>\n#include <linux/interrupt.h>\n#include <linux/module.h>\n#include <linux/pm_opp.h>\n#include <linux/regulator/consumer.h>\n#include <linux/sched/clock.h>\n#include <linux/iopoll.h>\n#include <scsi/scsi_cmnd.h>\n#include <scsi/scsi_dbg.h>\n#include <scsi/scsi_driver.h>\n#include <scsi/scsi_eh.h>\n#include "ufshcd-priv.h"\n#include <ufs/ufs_quirks.h>\n#include <ufs/unipro.h>\n#include "ufs-sysfs.h"\n#include "ufs-debugfs.h"\n#include "ufs-fault-injection.h"\n#include "ufs_bsg.h"\n#include "ufshcd-crypto.h"\n#include <linux/unaligned.h>\n\n#define CREATE_TRACE_POINTS\n#include "ufs_trace.h"\n\n#define UFSHCD_ENABLE_INTRS\t(UTP_TRANSFER_REQ_COMPL |\\\n\t\t\t\t UTP_TASK_REQ_COMPL |\\\n\t\t\t\t UFSHCD_ERROR_MASK)\n\n#define UFSHCD_ENABLE_MCQ_INTRS\t(UTP_TASK_REQ_COMPL |\\\n\t\t\t\t UFSHCD_ERROR_MASK |\\\n\t\t\t\t MCQ_CQ_EVENT_STATUS)\n\n\n/* UIC command timeout, unit: ms */\nenum {\n\tUIC_CMD_TIMEOUT_DEFAULT\t= 500,\n\tUIC_CMD_TIMEOUT_MAX\t= 2000,\n};\n/* NOP OUT retries waiting for NOP IN response */\n#define NOP_OUT_RETRIES    10\n/* Timeout after 50 msecs if NOP OUT hangs without response */\n#define NOP_OUT_TIMEOUT    50 /* msecs */\n\n/* Query request retries */\n#define QUERY_REQ_RETRIES 3\n/* Query request timeout */\n#define QUERY_REQ_TIMEOUT 1500 /* 1.5 seconds */\n\n/* Advanced RPMB request timeout */\n#define ADVANCED_RPMB_REQ_TIMEOUT  3000 /* 3 seconds */\n\n/* Task management command timeout */\n#define TM_CMD_TIMEOUT\t100 /* msecs */\n\n/* maximum number of retries for a general UIC command  */\n#define UFS_UIC_COMMAND_RETRIES 3\n\n/* maximum number of link-startup retries */\n#define DME_LINKSTARTUP_RETRIES 3\n\n/* maximum number of reset retries before giving up */\n#define MAX_HOST_RESET_RETRIES 5\n\n/* Maximum number of error handler retries before giving up */\n#define MAX_ERR_HANDLER_RETRIES 5\n\n/* Expose the flag value from utp_upiu_query.value */\n#define MASK_QUERY_UPIU_FLAG_LOC 0xFF\n\n/* Interrupt aggregation default timeout, unit: 40us */\n#define INT_AGGR_DEF_TO\t0x02\n\n/* default delay of autosuspend: 2000 ms */\n#define RPM_AUTOSUSPEND_DELAY_MS 2000\n\n/* Default delay of RPM device flush delayed work */\n#define RPM_DEV_FLUSH_RECHECK_WORK_DELAY_MS 5000\n\n/* Default value of wait time before gating device ref clock */\n#define UFSHCD_REF_CLK_GATING_WAIT_US 0xFF /* microsecs */\n\n/* Polling time to wait for fDeviceInit */\n#define FDEVICEINIT_COMPL_TIMEOUT 1500 /* millisecs */\n\n/* Default RTC update every 10 seconds */\n#define UFS_RTC_UPDATE_INTERVAL_MS (10 * MSEC_PER_SEC)\n\n/* bMaxNumOfRTT is equal to two after device manufacturing */\n#define DEFAULT_MAX_NUM_RTT 2\n\n/* UFSHC 4.0 compliant HC support this mode. */\nstatic bool use_mcq_mode = true;\n\nstatic bool is_mcq_supported(struct ufs_hba *hba)\n{\n\treturn hba->mcq_sup && use_mcq_mode;\n}\n\nmodule_param(use_mcq_mode, bool, 0644);\nMODULE_PARM_DESC(use_mcq_mode, "Control MCQ mode for controllers starting from UFSHCI 4.0. 1 - enable MCQ, 0 - disable MCQ. MCQ is enabled by default");\n\nstatic unsigned int uic_cmd_timeout = UIC_CMD_TIMEOUT_DEFAULT;\n\nstatic int uic_cmd_timeout_set(const char *val, const struct kernel_param *kp)\n{\n\treturn param_set_uint_minmax(val, kp, UIC_CMD_TIMEOUT_DEFAULT,\n\t\t\t\t     UIC_CMD_TIMEOUT_MAX);\n}\n\nstatic const struct kernel_param_ops uic_cmd_timeout_ops = {\n\t.set = uic_cmd_timeout_set,\n\t.get = param_get_uint,\n};\n\nmodule_param_cb(uic_cmd_timeout, &uic_cmd_timeout_ops, &uic_cmd_timeout, 0644);\nMODULE_PARM_DESC(uic_cmd_timeout,\n\t\t "UFS UIC command timeout in milliseconds. Defaults to 500ms. Supported values range from 500ms to 2 seconds inclusively");\n\n#define ufshcd_toggle_vreg(_dev, _vreg, _on)\t\t\t\t\\\n\t({                                                              \\\n\t\tint _ret;                                               \\\n\t\tif (_on)                                                \\\n\t\t\t_ret = ufshcd_enable_vreg(_dev, _vreg);         \\\n\t\telse                                                    \\\n\t\t\t_ret = ufshcd_disable_vreg(_dev, _vreg);        \\\n\t\t_ret;                                                   \\\n\t})\n\n#define ufshcd_hex_dump(prefix_str, buf, len) do {                       \\\n\tsize_t __len = (len);                                            \\\n\tprint_hex_dump(KERN_ERR, prefix_str,                             \\\n\t\t       __len > 4 ? DUMP_PREFIX_OFFSET : DUMP_PREFIX_NONE,\\\n\t\t       16, 4, buf, __len, false);                        \\\n} while (0)\n\nint ufshcd_dump_regs(struct ufs_hba *hba, size_t offset, size_t len,\n\t\t     const char *prefix)\n{\n\tu32 *regs;\n\tsize_t pos;\n\n\tif (offset % 4 != 0 || len % 4 != 0) /* keep readl happy */\n\t\treturn -EINVAL;\n\n\tregs = kzalloc(len, GFP_ATOMIC);\n\tif (!regs)\n\t\treturn -ENOMEM;\n\n\tfor (pos = 0; pos < len; pos += 4) {\n\t\tif (offset == 0 &&\n\t\t    pos >= REG_UIC_ERROR_CODE_PHY_ADAPTER_LAYER &&\n\t\t    pos <= REG_UIC_ERROR_CODE_DME)\n\t\t\tcontinue;\n\t\tregs[pos / 4] = ufshcd_readl(hba, offset + pos);\n\t}\n\n\tufshcd_hex_dump(prefix, regs, len);\n\tkfree(regs);\n\n\treturn 0;\n}\nEXPORT_SYMBOL_GPL(ufshcd_dump_regs);\n\nenum {\n\tUFSHCD_MAX_CHANNEL\t= 0,\n\tUFSHCD_MAX_ID\t\t= 1,\n};\n\nstatic const char *const ufshcd_state_name[] = {\n\t[UFSHCD_STATE_RESET]\t\t\t= "reset",\n\t[UFSHCD_STATE_OPERATIONAL]\t\t= "operational",\n\t[UFSHCD_STATE_ERROR]\t\t\t= "error",\n\t[UFSHCD_STATE_EH_SCHEDULED_FATAL]\t= "eh_fatal",\n\t[UFSHCD_STATE_EH_SCHEDULED_NON_FATAL]\t= "eh_non_fatal",\n};\n\n/* UFSHCD error handling flags */\nenum {\n\tUFSHCD_EH_IN_PROGRESS = (1 << 0),\n};\n\n/* UFSHCD UIC layer error flags */\nenum {\n\tUFSHCD_UIC_DL_PA_INIT_ERROR = (1 << 0), /* Data link layer error */\n\tUFSHCD_UIC_DL_NAC_RECEIVED_ERROR = (1 << 1), /* Data link layer error */\n\tUFSHCD_UIC_DL_TCx_REPLAY_ERROR = (1 << 2), /* Data link layer error */\n\tUFSHCD_UIC_NL_ERROR = (1 << 3), /* Network layer error */\n\tUFSHCD_UIC_TL_ERROR = (1 << 4), /* Transport Layer error */\n\tUFSHCD_UIC_DME_ERROR = (1 << 5), /* DME error */\n\tUFSHCD_UIC_PA_GENERIC_ERROR = (1 << 6), /* Generic PA error */\n};\n\n#define ufshcd_set_eh_in_progress(h) \\\n\t((h)->eh_flags |= UFSHCD_EH_IN_PROGRESS)\n#define ufshcd_eh_in_progress(h) \\\n\t((h)->eh_flags & UFSHCD_EH_IN_PROGRESS)\n#define ufshcd_clear_eh_in_progress(h) \\\n\t((h)->eh_flags &= ~UFSHCD_EH_IN_PROGRESS)\n\nconst struct ufs_pm_lvl_states ufs_pm_lvl_states[] = {\n\t[UFS_PM_LVL_0] = {UFS_ACTIVE_PWR_MODE, UIC_LINK_ACTIVE_STATE},\n\t[UFS_PM_LVL_1] = {UFS_ACTIVE_PWR_MODE, UIC_LINK_HIBERN8_STATE},\n\t[UFS_PM_LVL_2] = {UFS_SLEEP_PWR_MODE, UIC_LINK_ACTIVE_STATE},\n\t[UFS_PM_LVL_3] = {UFS_SLEEP_PWR_MODE, UIC_LINK_HIBERN8_STATE},\n\t[UFS_PM_LVL_4] = {UFS_POWERDOWN_PWR_MODE, UIC_LINK_HIBERN8_STATE},\n\t[UFS_PM_LVL_5] = {UFS_POWERDOWN_PWR_MODE, UIC_LINK_OFF_STATE},\n\t/*\n\t * For DeepSleep, the link is first put in hibern8 and then off.\n\t * Leaving the link in hibern8 is not supported.\n\t */\n\t[UFS_PM_LVL_6] = {UFS_DEEPSLEEP_PWR_MODE, UIC_LINK_OFF_STATE},\n};\n\nstatic inline enum ufs_dev_pwr_mode\nufs_get_pm_lvl_to_dev_pwr_mode(enum ufs_pm_level lvl)\n{\n\treturn ufs_pm_lvl_states[lvl].dev_state;\n}\n\nstatic inline enum uic_link_state\nufs_get_pm_lvl_to_link_pwr_state(enum ufs_pm_level lvl)\n{\n\treturn ufs_pm_lvl_states[lvl].link_state;\n}\n\nstatic inline enum ufs_pm_level\nufs_get_desired_pm_lvl_for_dev_link_state(enum ufs_dev_pwr_mode dev_state,\n\t\t\t\t\tenum uic_link_state link_state)\n{\n\tenum ufs_pm_level lvl;\n\n\tfor (lvl = UFS_PM_LVL_0; lvl < UFS_PM_LVL_MAX; lvl++) {\n\t\tif ((ufs_pm_lvl_states[lvl].dev_state == dev_state) &&\n\t\t\t(ufs_pm_lvl_states[lvl].link_state == link_state))\n\t\t\treturn lvl;\n\t}\n\n\t/* if no match found, return the level 0 */\n\treturn UFS_PM_LVL_0;\n}\n\nstatic bool ufshcd_has_pending_tasks(struct ufs_hba *hba)\n{\n\treturn hba->outstanding_tasks || hba->active_uic_cmd ||\n\t       hba->uic_async_done;\n}\n\nstatic bool ufshcd_is_ufs_dev_busy(struct ufs_hba *hba)\n{\n\treturn hba->outstanding_reqs || ufshcd_has_pending_tasks(hba);\n}\n\nstatic const struct ufs_dev_quirk ufs_fixups[] = {\n\t/* UFS cards deviations table */\n\t{ .wmanufacturerid = UFS_VENDOR_MICRON,\n\t  .model = UFS_ANY_MODEL,\n\t  .quirk = UFS_DEVICE_QUIRK_DELAY_BEFORE_LPM },\n\t{ .wmanufacturerid = UFS_VENDOR_SAMSUNG,\n\t  .model = UFS_ANY_MODEL,\n\t  .quirk = UFS_DEVICE_QUIRK_DELAY_BEFORE_LPM |\n\t\t   UFS_DEVICE_QUIRK_HOST_PA_TACTIVATE |\n\t\t   UFS_DEVICE_QUIRK_RECOVERY_FROM_DL_NAC_ERRORS },\n\t{ .wmanufacturerid = UFS_VENDOR_SKHYNIX,\n\t  .model = UFS_ANY_MODEL,\n\t  .quirk = UFS_DEVICE_QUIRK_HOST_PA_SAVECONFIGTIME },\n\t{ .wmanufacturerid = UFS_VENDOR_SKHYNIX,\n\t  .model = "hB8aL1" /*H28U62301AMR*/,\n\t  .quirk = UFS_DEVICE_QUIRK_HOST_VS_DEBUGSAVECONFIGTIME },\n\t{ .wmanufacturerid = UFS_VENDOR_TOSHIBA,\n\t  .model = UFS_ANY_MODEL,\n\t  .quirk = UFS_DEVICE_QUIRK_DELAY_BEFORE_LPM },\n\t{ .wmanufacturerid = UFS_VENDOR_TOSHIBA,\n\t  .model = "THGLF2G9C8KBADG",\n\t  .quirk = UFS_DEVICE_QUIRK_PA_TACTIVATE },\n\t{ .wmanufacturerid = UFS_VENDOR_TOSHIBA,\n\t  .model = "THGLF2G9D8KBADG",\n\t  .quirk = UFS_DEVICE_QUIRK_PA_TACTIVATE },\n\t{}\n};\n\nstatic irqreturn_t ufshcd_tmc_handler(struct ufs_hba *hba);\nstatic void ufshcd_async_scan(void *data, async_cookie_t cookie);\nstatic int ufshcd_reset_and_restore(struct ufs_hba *hba);\nstatic int ufshcd_eh_host_reset_handler(struct scsi_cmnd *cmd);\nstatic int ufshcd_clear_tm_cmd(struct ufs_hba *hba, int tag);\nstatic void ufshcd_hba_exit(struct ufs_hba *hba);\nstatic int ufshcd_device_init(struct ufs_hba *hba, bool init_dev_params);\nstatic int ufshcd_probe_hba(struct ufs_hba *hba, bool init_dev_params);\nstatic int ufshcd_setup_clocks(struct ufs_hba *hba, bool on);\nstatic inline void ufshcd_add_delay_before_dme_cmd(struct ufs_hba *hba);\nstatic int ufshcd_host_reset_and_restore(struct ufs_hba *hba);\nstatic void ufshcd_resume_clkscaling(struct ufs_hba *hba);\nstatic void ufshcd_suspend_clkscaling(struct ufs_hba *hba);\nstatic int ufshcd_scale_clks(struct ufs_hba *hba, unsigned long freq,\n\t\t\t     bool scale_up);\nstatic irqreturn_t ufshcd_intr(int irq, void *__hba);\nstatic int ufshcd_change_power_mode(struct ufs_hba *hba,\n\t\t\t     struct ufs_pa_layer_attr *pwr_mode);\nstatic int ufshcd_setup_hba_vreg(struct ufs_hba *hba, bool on);\nstatic int ufshcd_setup_vreg(struct ufs_hba *hba, bool on);\nstatic inline int ufshcd_config_vreg_hpm(struct ufs_hba *hba,\n\t\t\t\t\t struct ufs_vreg *vreg);\nstatic void ufshcd_wb_toggle_buf_flush_during_h8(struct ufs_hba *hba,\n\t\t\t\t\t\t bool enable);\nstatic void ufshcd_hba_vreg_set_lpm(struct ufs_hba *hba);\nstatic void ufshcd_hba_vreg_set_hpm(struct ufs_hba *hba);\n\nvoid ufshcd_enable_irq(struct ufs_hba *hba)\n{\n\tif (!hba->is_irq_enabled) {\n\t\tenable_irq(hba->irq);\n\t\thba->is_irq_enabled = true;\n\t}\n}\nEXPORT_SYMBOL_GPL(ufshcd_enable_irq);\n\nvoid ufshcd_disable_irq(struct ufs_hba *hba)\n{\n\tif (hba->is_irq_enabled) {\n\t\tdisable_irq(hba->irq);\n\t\thba->is_irq_enabled = false;\n\t}\n}\nEXPORT_SYMBOL_GPL(ufshcd_disable_irq);\n\nstatic void ufshcd_configure_wb(struct ufs_hba *hba)\n{\n\tif (!ufshcd_is_wb_allowed(hba))\n\t\treturn;\n\n\tufshcd_wb_toggle(hba, true);\n\n\tufshcd_wb_toggle_buf_flush_during_h8(hba, true);\n\n\tif (ufshcd_is_wb_buf_flush_allowed(hba))\n\t\tufshcd_wb_toggle_buf_flush(hba, true);\n}\n\nstatic void ufshcd_add_cmd_upiu_trace(struct ufs_hba *hba, unsigned int tag,\n\t\t\t\t      enum ufs_trace_str_t str_t)\n{\n\tstruct utp_upiu_req *rq = hba->lrb[tag].ucd_req_ptr;\n\tstruct utp_upiu_header *header;\n\n\tif (!trace_ufshcd_upiu_enabled())\n\t\treturn;\n\n\tif (str_t == UFS_CMD_SEND)\n\t\theader = &rq->header;\n\telse\n\t\theader = &hba->lrb[tag].ucd_rsp_ptr->header;\n\n\ttrace_ufshcd_upiu(dev_name(hba->dev), str_t, header, &rq->sc.cdb,\n\t\t\t  UFS_TSF_CDB);\n}\n\nstatic void ufshcd_add_query_upiu_trace(struct ufs_hba *hba,\n\t\t\t\t\tenum ufs_trace_str_t str_t,\n\t\t\t\t\tstruct utp_upiu_req *rq_rsp)\n{\n\tif (!trace_ufshcd_upiu_enabled())\n\t\treturn;\n\n\ttrace_ufshcd_upiu(dev_name(hba->dev), str_t, &rq_rsp->header,\n\t\t\t  &rq_rsp->qr, UFS_TSF_OSF);\n}\n\nstatic void ufshcd_add_tm_upiu_trace(struct ufs_hba *hba, unsigned int tag,\n\t\t\t\t     enum ufs_trace_str_t str_t)\n{\n\tstruct utp_task_req_desc *descp = &hba->utmrdl_base_addr[tag];\n\n\tif (!trace_ufshcd_upiu_enabled())\n\t\treturn;\n\n\tif (str_t == UFS_TM_SEND)\n\t\ttrace_ufshcd_upiu(dev_name(hba->dev), str_t,\n\t\t\t\t  &descp->upiu_req.req_header,\n\t\t\t\t  &descp->upiu_req.input_param1,\n\t\t\t\t  UFS_TSF_TM_INPUT);\n\telse\n\t\ttrace_ufshcd_upiu(dev_name(hba->dev), str_t,\n\t\t\t\t  &descp->upiu_rsp.rsp_header,\n\t\t\t\t  &descp->upiu_rsp.output_param1,\n\t\t\t\t  UFS_TSF_TM_OUTPUT);\n}\n\nstatic void ufshcd_add_uic_command_trace(struct ufs_hba *hba,\n\t\t\t\t\t const struct uic_command *ucmd,\n\t\t\t\t\t enum ufs_trace_str_t str_t)\n{\n\tu32 cmd;\n\n\tif (!trace_ufshcd_uic_command_enabled())\n\t\treturn;\n\n\tif (str_t == UFS_CMD_SEND)\n\t\tcmd = ucmd->command;\n\telse\n\t\tcmd = ufshcd_readl(hba, REG_UIC_COMMAND);\n\n\ttrace_ufshcd_uic_command(dev_name(hba->dev), str_t, cmd,\n\t\t\t\t ufshcd_readl(hba, REG_UIC_COMMAND_ARG_1),\n\t\t\t\t ufshcd_readl(hba, REG_UIC_COMMAND_ARG_2),\n\t\t\t\t ufshcd_readl(hba, REG_UIC_COMMAND_ARG_3));\n}\n\nstatic void ufshcd_add_command_trace(struct ufs_hba *hba, unsigned int tag,\n\t\t\t\t     enum ufs_trace_str_t str_t)\n{\n\tu64 lba = 0;\n\tu8 opcode = 0, group_id = 0;\n\tu32 doorbell = 0;\n\tu32 intr;\n\tint hwq_id = -1;\n\tstruct ufshcd_lrb *lrbp = &hba->lrb[tag];\n\tstruct scsi_cmnd *cmd = lrbp->cmd;\n\tstruct request *rq = scsi_cmd_to_rq(cmd);\n\tint transfer_len = -1;\n\n\tif (!cmd)\n\t\treturn;\n\n\t/* trace UPIU also */\n\tufshcd_add_cmd_upiu_trace(hba, tag, str_t);\n\tif (!trace_ufshcd_command_enabled())\n\t\treturn;\n\n\topcode = cmd->cmnd[0];\n\n\tif (opcode == READ_10 || opcode == WRITE_10) {\n\t\t/*\n\t\t * Currently we only fully trace read(10) and write(10) commands\n\t\t */\n\t\ttransfer_len =\n\t\t       be32_to_cpu(lrbp->ucd_req_ptr->sc.exp_data_transfer_len);\n\t\tlba = scsi_get_lba(cmd);\n\t\tif (opcode == WRITE_10)\n\t\t\tgroup_id = lrbp->cmd->cmnd[6];\n\t} else if (opcode == UNMAP) {\n\t\t/*\n\t\t * The number of Bytes to be unmapped beginning with the lba.\n\t\t */\n\t\ttransfer_len = blk_rq_bytes(rq);\n\t\tlba = scsi_get_lba(cmd);\n\t}\n\n\tintr = ufshcd_readl(hba, REG_INTERRUPT_STATUS);\n\n\tif (hba->mcq_enabled) {\n\t\tstruct ufs_hw_queue *hwq = ufshcd_mcq_req_to_hwq(hba, rq);\n\n\t\thwq_id = hwq->id;\n\t} else {\n\t\tdoorbell = ufshcd_readl(hba, REG_UTP_TRANSFER_REQ_DOOR_BELL);\n\t}\n\ttrace_ufshcd_command(cmd->device, str_t, tag, doorbell, hwq_id,\n\t\t\t     transfer_len, intr, lba, opcode, group_id);\n}\n\nstatic void ufshcd_print_clk_freqs(struct ufs_hba *hba)\n{\n\tstruct ufs_clk_info *clki;\n\tstruct list_head *head = &hba->clk_list_head;\n\n\tif (list_empty(head))\n\t\treturn;\n\n\tlist_for_each_entry(clki, head, list) {\n\t\tif (!IS_ERR_OR_NULL(clki->clk) && clki->min_freq &&\n\t\t\t\tclki->max_freq)\n\t\t\tdev_err(hba->dev, "clk: %s, rate: %u\\n",\n\t\t\t\t\tclki->name, clki->curr_freq);\n\t}\n}\n\nstatic void ufshcd_print_evt(struct ufs_hba *hba, u32 id,\n\t\t\t     const char *err_name)\n{\n\tint i;\n\tbool found = false;\n\tconst struct ufs_event_hist *e;\n\n\tif (id >= UFS_EVT_CNT)\n\t\treturn;\n\n\te = &hba->ufs_stats.event[id];\n\n\tfor (i = 0; i < UFS_EVENT_HIST_LENGTH; i++) {\n\t\tint p = (i + e->pos) % UFS_EVENT_HIST_LENGTH;\n\n\t\tif (e->tstamp[p] == 0)\n\t\t\tcontinue;\n\t\tdev_err(hba->dev, "%s[%d] = 0x%x at %lld us\\n", err_name, p,\n\t\t\te->val[p], div_u64(e->tstamp[p], 1000));\n\t\tfound = true;\n\t}\n\n\tif (!found)\n\t\tdev_err(hba->dev, "No record of %s\\n", err_name);\n\telse\n\t\tdev_err(hba->dev, "%s: total cnt=%llu\\n", err_name, e->cnt);\n}\n\nstatic void ufshcd_print_evt_hist(struct ufs_hba *hba)\n{\n\tufshcd_dump_regs(hba, 0, UFSHCI_REG_SPACE_SIZE, "host_regs: ");\n\n\tufshcd_print_evt(hba, UFS_EVT_PA_ERR, "pa_err");\n\tufshcd_print_evt(hba, UFS_EVT_DL_ERR, "dl_err");\n\tufshcd_print_evt(hba, UFS_EVT_NL_ERR, "nl_err");\n\tufshcd_print_evt(hba, UFS_EVT_TL_ERR, "tl_err");\n\tufshcd_print_evt(hba, UFS_EVT_DME_ERR, "dme_err");\n\tufshcd_print_evt(hba, UFS_EVT_AUTO_HIBERN8_ERR,\n\t\t\t "auto_hibern8_err");\n\tufshcd_print_evt(hba, UFS_EVT_FATAL_ERR, "fatal_err");\n\tufshcd_print_evt(hba, UFS_EVT_LINK_STARTUP_FAIL,\n\t\t\t "link_startup_fail");\n\tufshcd_print_evt(hba, UFS_EVT_RESUME_ERR, "resume_fail");\n\tufshcd_print_evt(hba, UFS_EVT_SUSPEND_ERR,\n\t\t\t "suspend_fail");\n\tufshcd_print_evt(hba, UFS_EVT_WL_RES_ERR, "wlun resume_fail");\n\tufshcd_print_evt(hba, UFS_EVT_WL_SUSP_ERR,\n\t\t\t "wlun suspend_fail");\n\tufshcd_print_evt(hba, UFS_EVT_DEV_RESET, "dev_reset");\n\tufshcd_print_evt(hba, UFS_EVT_HOST_RESET, "host_reset");\n\tufshcd_print_evt(hba, UFS_EVT_ABORT, "task_abort");\n\n\tufshcd_vops_dbg_register_dump(hba);\n}\n\nstatic\nvoid ufshcd_print_tr(struct ufs_hba *hba, int tag, bool pr_prdt)\n{\n\tconst struct ufshcd_lrb *lrbp;\n\tint prdt_length;\n\n\tlrbp = &hba->lrb[tag];\n\n\tdev_err(hba->dev, "UPIU[%d] - issue time %lld us\\n",\n\t\t\ttag, div_u64(lrbp->issue_time_stamp_local_clock, 1000));\n\tdev_err(hba->dev, "UPIU[%d] - complete time %lld us\\n",\n\t\t\ttag, div_u64(lrbp->compl_time_stamp_local_clock, 1000));\n\tdev_err(hba->dev,\n\t\t"UPIU[%d] - Transfer Request Descriptor phys@0x%llx\\n",\n\t\ttag, (u64)lrbp->utrd_dma_addr);\n\n\tufshcd_hex_dump("UPIU TRD: ", lrbp->utr_descriptor_ptr,\n\t\t\tsizeof(struct utp_transfer_req_desc));\n\tdev_err(hba->dev, "UPIU[%d] - Request UPIU phys@0x%llx\\n", tag,\n\t\t(u64)lrbp->ucd_req_dma_addr);\n\tufshcd_hex_dump("UPIU REQ: ", lrbp->ucd_req_ptr,\n\t\t\tsizeof(struct utp_upiu_req));\n\tdev_err(hba->dev, "UPIU[%d] - Response UPIU phys@0x%llx\\n", tag,\n\t\t(u64)lrbp->ucd_rsp_dma_addr);\n\tufshcd_hex_dump("UPIU RSP: ", lrbp->ucd_rsp_ptr,\n\t\t\tsizeof(struct utp_upiu_rsp));\n\n\tprdt_length = le16_to_cpu(\n\t\tlrbp->utr_descriptor_ptr->prd_table_length);\n\tif (hba->quirks & UFSHCD_QUIRK_PRDT_BYTE_GRAN)\n\t\tprdt_length /= ufshcd_sg_entry_size(hba);\n\n\tdev_err(hba->dev,\n\t\t"UPIU[%d] - PRDT - %d entries  phys@0x%llx\\n",\n\t\ttag, prdt_length,\n\t\t(u64)lrbp->ucd_prdt_dma_addr);\n\n\tif (pr_prdt)\n\t\tufshcd_hex_dump("UPIU PRDT: ", lrbp->ucd_prdt_ptr,\n\t\t\tufshcd_sg_entry_size(hba) * prdt_length);\n}\n\nstatic bool ufshcd_print_tr_iter(struct request *req, void *priv)\n{\n\tstruct scsi_device *sdev = req->q->queuedata;\n\tstruct Scsi_Host *shost = sdev->host;\n\tstruct ufs_hba *hba = shost_priv(shost);\n\n\tufshcd_print_tr(hba, req->tag, *(bool *)priv);\n\n\treturn true;\n}\n\n/**\n * ufshcd_print_trs_all - print trs for all started requests.\n * @hba: per-adapter instance.\n * @pr_prdt: need to print prdt or not.\n */\nstatic void ufshcd_print_trs_all(struct ufs_hba *hba, bool pr_prdt)\n{\n\tblk_mq_tagset_busy_iter(&hba->host->tag_set, ufshcd_print_tr_iter, &pr_prdt);\n}\n\nstatic void ufshcd_print_tmrs(struct ufs_hba *hba, unsigned long bitmap)\n{\n\tint tag;\n\n\tfor_each_set_bit(tag, &bitmap, hba->nutmrs) {\n\t\tstruct utp_task_req_desc *tmrdp = &hba->utmrdl_base_addr[tag];\n\n\t\tdev_err(hba->dev, "TM[%d] - Task Management Header\\n", tag);\n\t\tufshcd_hex_dump("", tmrdp, sizeof(*tmrdp));\n\t}\n}\n\nstatic void ufshcd_print_host_state(struct ufs_hba *hba)\n{\n\tconst struct scsi_device *sdev_ufs = hba->ufs_device_wlun;\n\n\tdev_err(hba->dev, "UFS Host state=%d\\n", hba->ufshcd_state);\n\tdev_err(hba->dev, "outstanding reqs=0x%lx tasks=0x%lx\\n",\n\t\thba->outstanding_reqs, hba->outstanding_tasks);\n\tdev_err(hba->dev, "saved_err=0x%x, saved_uic_err=0x%x\\n",\n\t\thba->saved_err, hba->saved_uic_err);\n\tdev_err(hba->dev, "Device power mode=%d, UIC link state=%d\\n",\n\t\thba->curr_dev_pwr_mode, hba->uic_link_state);\n\tdev_err(hba->dev, "PM in progress=%d, sys. suspended=%d\\n",\n\t\thba->pm_op_in_progress, hba->is_sys_suspended);\n\tdev_err(hba->dev, "Auto BKOPS=%d, Host self-block=%d\\n",\n\t\thba->auto_bkops_enabled, hba->host->host_self_blocked);\n\tdev_err(hba->dev, "Clk gate=%d\\n", hba->clk_gating.state);\n\tdev_err(hba->dev,\n\t\t"last_hibern8_exit_tstamp at %lld us, hibern8_exit_cnt=%d\\n",\n\t\tdiv_u64(hba->ufs_stats.last_hibern8_exit_tstamp, 1000),\n\t\thba->ufs_stats.hibern8_exit_cnt);\n\tdev_err(hba->dev, "last intr at %lld us, last intr status=0x%x\\n",\n\t\tdiv_u64(hba->ufs_stats.last_intr_ts, 1000),\n\t\thba->ufs_stats.last_intr_status);\n\tdev_err(hba->dev, "error handling flags=0x%x, req. abort count=%d\\n",\n\t\thba->eh_flags, hba->req_abort_count);\n\tdev_err(hba->dev, "hba->ufs_version=0x%x, Host capabilities=0x%x, caps=0x%x\\n",\n\t\thba->ufs_version, hba->capabilities, hba->caps);\n\tdev_err(hba->dev, "quirks=0x%x, dev. quirks=0x%x\\n", hba->quirks,\n\t\thba->dev_quirks);\n\tif (sdev_ufs)\n\t\tdev_err(hba->dev, "UFS dev info: %.8s %.16s rev %.4s\\n",\n\t\t\tsdev_ufs->vendor, sdev_ufs->model, sdev_ufs->rev);\n\n\tufshcd_print_clk_freqs(hba);\n}\n\n/**\n * ufshcd_print_pwr_info - print power params as saved in hba\n * power info\n * @hba: per-adapter instance\n */\nstatic void ufshcd_print_pwr_info(struct ufs_hba *hba)\n{\n\tstatic const char * const names[] = {\n\t\t"INVALID MODE",\n\t\t"FAST MODE",\n\t\t"SLOW_MODE",\n\t\t"INVALID MODE",\n\t\t"FASTAUTO_MODE",\n\t\t"SLOWAUTO_MODE",\n\t\t"INVALID MODE",\n\t};\n\n\t/*\n\t * Using dev_dbg to avoid messages during runtime PM to avoid\n\t * never-ending cycles of messages written back to storage by user space\n\t * causing runtime resume, causing more messages and so on.\n\t */\n\tdev_dbg(hba->dev, "%s:[RX, TX]: gear=[%d, %d], lane[%d, %d], pwr[%s, %s], rate = %d\\n",\n\t\t __func__,\n\t\t hba->pwr_info.gear_rx, hba->pwr_info.gear_tx,\n\t\t hba->pwr_info.lane_rx, hba->pwr_info.lane_tx,\n\t\t names[hba->pwr_info.pwr_rx],\n\t\t names[hba->pwr_info.pwr_tx],\n\t\t hba->pwr_info.hs_rate);\n}\n\nstatic void ufshcd_device_reset(struct ufs_hba *hba)\n{\n\tint err;\n\n\terr = ufshcd_vops_device_reset(hba);\n\n\tif (!err) {\n\t\tufshcd_set_ufs_dev_active(hba);\n\t\tif (ufshcd_is_wb_allowed(hba)) {\n\t\t\thba->dev_info.wb_enabled = false;\n\t\t\thba->dev_info.wb_buf_flush_enabled = false;\n\t\t}\n\t\tif (hba->dev_info.rtc_type == UFS_RTC_RELATIVE)\n\t\t\thba->dev_info.rtc_time_baseline = 0;\n\t}\n\tif (err != -EOPNOTSUPP)\n\t\tufshcd_update_evt_hist(hba, UFS_EVT_DEV_RESET, err);\n}\n\nvoid ufshcd_delay_us(unsigned long us, unsigned long tolerance)\n{\n\tif (!us)\n\t\treturn;\n\n\tif (us < 10)\n\t\tudelay(us);\n\telse\n\t\tusleep_range(us, us + tolerance);\n}\nEXPORT_SYMBOL_GPL(ufshcd_delay_us);\n\n/**\n * ufshcd_wait_for_register - wait for register value to change\n * @hba: per-adapter interface\n * @reg: mmio register offset\n * @mask: mask to apply to the read register value\n * @val: value to wait for\n * @interval_us: polling interval in microseconds\n * @timeout_ms: timeout in milliseconds\n *\n * Return: -ETIMEDOUT on error, zero on success.\n */\nstatic int ufshcd_wait_for_register(struct ufs_hba *hba, u32 reg, u32 mask,\n\t\t\t\t    u32 val, unsigned long interval_us,\n\t\t\t\t    unsigned long timeout_ms)\n{\n\tu32 v;\n\n\tval &= mask; /* ignore bits that we don\'t intend to wait on */\n\n\treturn read_poll_timeout(ufshcd_readl, v, (v & mask) == val,\n\t\t\t\t interval_us, timeout_ms * 1000, false, hba, reg);\n}\n\n/**\n * ufshcd_get_intr_mask - Get the interrupt bit mask\n * @hba: Pointer to adapter instance\n *\n * Return: interrupt bit mask per version\n */\nstatic inline u32 ufshcd_get_intr_mask(struct ufs_hba *hba)\n{\n\tif (hba->ufs_version <= ufshci_version(2, 0))\n\t\treturn INTERRUPT_MASK_ALL_VER_11;\n\n\treturn INTERRUPT_MASK_ALL_VER_21;\n}\n\n/**\n * ufshcd_get_ufs_version - Get the UFS version supported by the HBA\n * @hba: Pointer to adapter instance\n *\n * Return: UFSHCI version supported by the controller\n */\nstatic inline u32 ufshcd_get_ufs_version(struct ufs_hba *hba)\n{\n\tu32 ufshci_ver;\n\n\tif (hba->quirks & UFSHCD_QUIRK_BROKEN_UFS_HCI_VERSION)\n\t\tufshci_ver = ufshcd_vops_get_ufs_hci_version(hba);\n\telse\n\t\tufshci_ver = ufshcd_readl(hba, REG_UFS_VERSION);\n\n\t/*\n\t * UFSHCI v1.x uses a different version scheme, in order\n\t * to allow the use of comparisons with the ufshci_version\n\t * function, we convert it to the same scheme as ufs 2.0+.\n\t */\n\tif (ufshci_ver & 0x00010000)\n\t\treturn ufshci_version(1, ufshci_ver & 0x00000100);\n\n\treturn ufshci_ver;\n}\n\n/**\n * ufshcd_is_device_present - Check if any device connected to\n *\t\t\t      the host controller\n * @hba: pointer to adapter instance\n *\n * Return: true if device present, false if no device detected\n */\nstatic inline bool ufshcd_is_device_present(struct ufs_hba *hba)\n{\n\treturn ufshcd_readl(hba, REG_CONTROLLER_STATUS) & DEVICE_PRESENT;\n}\n\n/**\n * ufshcd_get_tr_ocs - Get the UTRD Overall Command Status\n * @lrbp: pointer to local command reference block\n * @cqe: pointer to the completion queue entry\n *\n * This function is used to get the OCS field from UTRD\n *\n * Return: the OCS field in the UTRD.\n */\nstatic enum utp_ocs ufshcd_get_tr_ocs(struct ufshcd_lrb *lrbp,\n\t\t\t\t      struct cq_entry *cqe)\n{\n\tif (cqe)\n\t\treturn le32_to_cpu(cqe->status) & MASK_OCS;\n\n\treturn lrbp->utr_descriptor_ptr->header.ocs & MASK_OCS;\n}\n\n/**\n * ufshcd_utrl_clear() - Clear requests from the controller request list.\n * @hba: per adapter instance\n * @mask: mask with one bit set for each request to be cleared\n */\nstatic inline void ufshcd_utrl_clear(struct ufs_hba *hba, u32 mask)\n{\n\tif (hba->quirks & UFSHCI_QUIRK_BROKEN_REQ_LIST_CLR)\n\t\tmask = ~mask;\n\t/*\n\t * From the UFSHCI specification: "UTP Transfer Request List CLear\n\t * Register (UTRLCLR): This field is bit significant. Each bit\n\t * corresponds to a slot in the UTP Transfer Request List, where bit 0\n\t * corresponds to request slot 0. A bit in this field is set to ‘0’\n\t * by host software to indicate to the host controller that a transfer\n\t * request slot is cleared. The host controller\n\t * shall free up any resources associated to the request slot\n\t * immediately, and shall set the associated bit in UTRLDBR to ‘0’. The\n\t * host software indicates no change to request slots by setting the\n\t * associated bits in this field to ‘1’. Bits in this field shall only\n\t * be set ‘1’ or ‘0’ by host software when UTRLRSR is set to ‘1’."\n\t */\n\tufshcd_writel(hba, ~mask, REG_UTP_TRANSFER_REQ_LIST_CLEAR);\n}\n\n/**\n * ufshcd_utmrl_clear - Clear a bit in UTMRLCLR register\n * @hba: per adapter instance\n * @pos: position of the bit to be cleared\n */\nstatic inline void ufshcd_utmrl_clear(struct ufs_hba *hba, u32 pos)\n{\n\tif (hba->quirks & UFSHCI_QUIRK_BROKEN_REQ_LIST_CLR)\n\t\tufshcd_writel(hba, (1 << pos), REG_UTP_TASK_REQ_LIST_CLEAR);\n\telse\n\t\tufshcd_writel(hba, ~(1 << pos), REG_UTP_TASK_REQ_LIST_CLEAR);\n}\n\n/**\n * ufshcd_get_lists_status - Check UCRDY, UTRLRDY and UTMRLRDY\n * @reg: Register value of host controller status\n *\n * Return: 0 on success; a positive value if failed.\n */\nstatic inline int ufshcd_get_lists_status(u32 reg)\n{\n\treturn !((reg & UFSHCD_STATUS_READY) == UFSHCD_STATUS_READY);\n}\n\n/**\n * ufshcd_get_uic_cmd_result - Get the UIC command result\n * @hba: Pointer to adapter instance\n *\n * This function gets the result of UIC command completion\n *\n * Return: 0 on success; non-zero value on error.\n */\nstatic inline int ufshcd_get_uic_cmd_result(struct ufs_hba *hba)\n{\n\treturn ufshcd_readl(hba, REG_UIC_COMMAND_ARG_2) &\n\t       MASK_UIC_COMMAND_RESULT;\n}\n\n/**\n * ufshcd_get_dme_attr_val - Get the value of attribute returned by UIC command\n * @hba: Pointer to adapter instance\n *\n * This function gets UIC command argument3\n *\n * Return: 0 on success; non-zero value on error.\n */\nstatic inline u32 ufshcd_get_dme_attr_val(struct ufs_hba *hba)\n{\n\treturn ufshcd_readl(hba, REG_UIC_COMMAND_ARG_3);\n}\n\n/**\n * ufshcd_get_req_rsp - returns the TR response transaction type\n * @ucd_rsp_ptr: pointer to response UPIU\n *\n * Return: UPIU type.\n */\nstatic inline enum upiu_response_transaction\nufshcd_get_req_rsp(struct utp_upiu_rsp *ucd_rsp_ptr)\n{\n\treturn ucd_rsp_ptr->header.transaction_code;\n}\n\n/**\n * ufshcd_is_exception_event - Check if the device raised an exception event\n * @ucd_rsp_ptr: pointer to response UPIU\n *\n * The function checks if the device raised an exception event indicated in\n * the Device Information field of response UPIU.\n *\n * Return: true if exception is raised, false otherwise.\n */\nstatic inline bool ufshcd_is_exception_event(struct utp_upiu_rsp *ucd_rsp_ptr)\n{\n\treturn ucd_rsp_ptr->header.device_information & 1;\n}\n\n/**\n * ufshcd_reset_intr_aggr - Reset interrupt aggregation values.\n * @hba: per adapter instance\n */\nstatic inline void\nufshcd_reset_intr_aggr(struct ufs_hba *hba)\n{\n\tufshcd_writel(hba, INT_AGGR_ENABLE |\n\t\t      INT_AGGR_COUNTER_AND_TIMER_RESET,\n\t\t      REG_UTP_TRANSFER_REQ_INT_AGG_CONTROL);\n}\n\n/**\n * ufshcd_config_intr_aggr - Configure interrupt aggregation values.\n * @hba: per adapter instance\n * @cnt: Interrupt aggregation counter threshold\n * @tmout: Interrupt aggregation timeout value\n */\nstatic inline void\nufshcd_config_intr_aggr(struct ufs_hba *hba, u8 cnt, u8 tmout)\n{\n\tufshcd_writel(hba, INT_AGGR_ENABLE | INT_AGGR_PARAM_WRITE |\n\t\t      INT_AGGR_COUNTER_THLD_VAL(cnt) |\n\t\t      INT_AGGR_TIMEOUT_VAL(tmout),\n\t\t      REG_UTP_TRANSFER_REQ_INT_AGG_CONTROL);\n}\n\n/**\n * ufshcd_disable_intr_aggr - Disables interrupt aggregation.\n * @hba: per adapter instance\n */\nstatic inline void ufshcd_disable_intr_aggr(struct ufs_hba *hba)\n{\n\tufshcd_writel(hba, 0, REG_UTP_TRANSFER_REQ_INT_AGG_CONTROL);\n}\n\n/**\n * ufshcd_enable_run_stop_reg - Enable run-stop registers,\n *\t\t\tWhen run-stop registers are set to 1, it indicates the\n *\t\t\thost controller that it can process the requests\n * @hba: per adapter instance\n */\nstatic void ufshcd_enable_run_stop_reg(struct ufs_hba *hba)\n{\n\tufshcd_writel(hba, UTP_TASK_REQ_LIST_RUN_STOP_BIT,\n\t\t      REG_UTP_TASK_REQ_LIST_RUN_STOP);\n\tufshcd_writel(hba, UTP_TRANSFER_REQ_LIST_RUN_STOP_BIT,\n\t\t      REG_UTP_TRANSFER_REQ_LIST_RUN_STOP);\n}\n\n/**\n * ufshcd_hba_start - Start controller initialization sequence\n * @hba: per adapter instance\n */\nstatic inline void ufshcd_hba_start(struct ufs_hba *hba)\n{\n\tu32 val = CONTROLLER_ENABLE;\n\n\tif (ufshcd_crypto_enable(hba))\n\t\tval |= CRYPTO_GENERAL_ENABLE;\n\n\tufshcd_writel(hba, val, REG_CONTROLLER_ENABLE);\n}\n\n/**\n * ufshcd_is_hba_active - Get controller state\n * @hba: per adapter instance\n *\n * Return: true if and only if the controller is active.\n */\nbool ufshcd_is_hba_active(struct ufs_hba *hba)\n{\n\treturn ufshcd_readl(hba, REG_CONTROLLER_ENABLE) & CONTROLLER_ENABLE;\n}\nEXPORT_SYMBOL_GPL(ufshcd_is_hba_active);\n\n/**\n * ufshcd_pm_qos_init - initialize PM QoS request\n * @hba: per adapter instance\n */\nvoid ufshcd_pm_qos_init(struct ufs_hba *hba)\n{\n\n\tif (hba->pm_qos_enabled)\n\t\treturn;\n\n\tcpu_latency_qos_add_request(&hba->pm_qos_req, PM_QOS_DEFAULT_VALUE);\n\n\tif (cpu_latency_qos_request_active(&hba->pm_qos_req))\n\t\thba->pm_qos_enabled = true;\n}\n\n/**\n * ufshcd_pm_qos_exit - remove request from PM QoS\n * @hba: per adapter instance\n */\nvoid ufshcd_pm_qos_exit(struct ufs_hba *hba)\n{\n\tif (!hba->pm_qos_enabled)\n\t\treturn;\n\n\tcpu_latency_qos_remove_request(&hba->pm_qos_req);\n\thba->pm_qos_enabled = false;\n}\n\n/**\n * ufshcd_pm_qos_update - update PM QoS request\n * @hba: per adapter instance\n * @on: If True, vote for perf PM QoS mode otherwise power save mode\n */\nstatic void ufshcd_pm_qos_update(struct ufs_hba *hba, bool on)\n{\n\tif (!hba->pm_qos_enabled)\n\t\treturn;\n\n\tcpu_latency_qos_update_request(&hba->pm_qos_req, on ? 0 : PM_QOS_DEFAULT_VALUE);\n}\n\n/**\n * ufshcd_set_clk_freq - set UFS controller clock frequencies\n * @hba: per adapter instance\n * @scale_up: If True, set max possible frequency othewise set low frequency\n *\n * Return: 0 if successful; < 0 upon failure.\n */\nstatic int ufshcd_set_clk_freq(struct ufs_hba *hba, bool scale_up)\n{\n\tint ret = 0;\n\tstruct ufs_clk_info *clki;\n\tstruct list_head *head = &hba->clk_list_head;\n\n\tif (list_empty(head))\n\t\tgoto out;\n\n\tlist_for_each_entry(clki, head, list) {\n\t\tif (!IS_ERR_OR_NULL(clki->clk)) {\n\t\t\tif (scale_up && clki->max_freq) {\n\t\t\t\tif (clki->curr_freq == clki->max_freq)\n\t\t\t\t\tcontinue;\n\n\t\t\t\tret = clk_set_rate(clki->clk, clki->max_freq);\n\t\t\t\tif (ret) {\n\t\t\t\t\tdev_err(hba->dev, "%s: %s clk set rate(%dHz) failed, %d\\n",\n\t\t\t\t\t\t__func__, clki->name,\n\t\t\t\t\t\tclki->max_freq, ret);\n\t\t\t\t\tbreak;\n\t\t\t\t}\n\t\t\t\ttrace_ufshcd_clk_scaling(dev_name(hba->dev),\n\t\t\t\t\t\t"scaled up", clki->name,\n\t\t\t\t\t\tclki->curr_freq,\n\t\t\t\t\t\tclki->max_freq);\n\n\t\t\t\tclki->curr_freq = clki->max_freq;\n\n\t\t\t} else if (!scale_up && clki->min_freq) {\n\t\t\t\tif (clki->curr_freq == clki->min_freq)\n\t\t\t\t\tcontinue;\n\n\t\t\t\tret = clk_set_rate(clki->clk, clki->min_freq);\n\t\t\t\tif (ret) {\n\t\t\t\t\tdev_err(hba->dev, "%s: %s clk set rate(%dHz) failed, %d\\n",\n\t\t\t\t\t\t__func__, clki->name,\n\t\t\t\t\t\tclki->min_freq, ret);\n\t\t\t\t\tbreak;\n\t\t\t\t}\n\t\t\t\ttrace_ufshcd_clk_scaling(dev_name(hba->dev),\n\t\t\t\t\t\t"scaled down", clki->name,\n\t\t\t\t\t\tclki->curr_freq,\n\t\t\t\t\t\tclki->min_freq);\n\t\t\t\tclki->curr_freq = clki->min_freq;\n\t\t\t}\n\t\t}\n\t\tdev_dbg(hba->dev, "%s: clk: %s, rate: %lu\\n", __func__,\n\t\t\t\tclki->name, clk_get_rate(clki->clk));\n\t}\n\nout:\n\treturn ret;\n}\n\nint ufshcd_opp_config_clks(struct device *dev, struct opp_table *opp_table,\n\t\t\t   struct dev_pm_opp *opp, void *data,\n\t\t\t   bool scaling_down)\n{\n\tstruct ufs_hba *hba = dev_get_drvdata(dev);\n\tstruct list_head *head = &hba->clk_list_head;\n\tstruct ufs_clk_info *clki;\n\tunsigned long freq;\n\tu8 idx = 0;\n\tint ret;\n\n\tlist_for_each_entry(clki, head, list) {\n\t\tif (!IS_ERR_OR_NULL(clki->clk)) {\n\t\t\tfreq = dev_pm_opp_get_freq_indexed(opp, idx++);\n\n\t\t\t/* Do not set rate for clocks having frequency as 0 */\n\t\t\tif (!freq)\n\t\t\t\tcontinue;\n\n\t\t\tret = clk_set_rate(clki->clk, freq);\n\t\t\tif (ret) {\n\t\t\t\tdev_err(dev, "%s: %s clk set rate(%ldHz) failed, %d\\n",\n\t\t\t\t\t__func__, clki->name, freq, ret);\n\t\t\t\treturn ret;\n\t\t\t}\n\n\t\t\ttrace_ufshcd_clk_scaling(dev_name(dev),\n\t\t\t\t(scaling_down ? "scaled down" : "scaled up"),\n\t\t\t\tclki->name, hba->clk_scaling.target_freq, freq);\n\t\t}\n\t}\n\n\treturn 0;\n}\nEXPORT_SYMBOL_GPL(ufshcd_opp_config_clks);\n\nstatic int ufshcd_opp_set_rate(struct ufs_hba *hba, unsigned long freq)\n{\n\tstruct dev_pm_opp *opp;\n\tint ret;\n\n\topp = dev_pm_opp_find_freq_floor_indexed(hba->dev,\n\t\t\t\t\t\t &freq, 0);\n\tif (IS_ERR(opp))\n\t\treturn PTR_ERR(opp);\n\n\tret = dev_pm_opp_set_opp(hba->dev, opp);\n\tdev_pm_opp_put(opp);\n\n\treturn ret;\n}\n\n/**\n * ufshcd_scale_clks - scale up or scale down UFS controller clocks\n * @hba: per adapter instance\n * @freq: frequency to scale\n * @scale_up: True if scaling up and false if scaling down\n *\n * Return: 0 if successful; < 0 upon failure.\n */\nstatic int ufshcd_scale_clks(struct ufs_hba *hba, unsigned long freq,\n\t\t\t     bool scale_up)\n{\n\tint ret = 0;\n\tktime_t start = ktime_get();\n\n\tret = ufshcd_vops_clk_scale_notify(hba, scale_up, PRE_CHANGE);\n\tif (ret)\n\t\tgoto out;\n\n\tif (hba->use_pm_opp)\n\t\tret = ufshcd_opp_set_rate(hba, freq);\n\telse\n\t\tret = ufshcd_set_clk_freq(hba, scale_up);\n\tif (ret)\n\t\tgoto out;\n\n\tret = ufshcd_vops_clk_scale_notify(hba, scale_up, POST_CHANGE);\n\tif (ret) {\n\t\tif (hba->use_pm_opp)\n\t\t\tufshcd_opp_set_rate(hba,\n\t\t\t\t\t    hba->devfreq->previous_freq);\n\t\telse\n\t\t\tufshcd_set_clk_freq(hba, !scale_up);\n\t\tgoto out;\n\t}\n\n\tufshcd_pm_qos_update(hba, scale_up);\n\nout:\n\ttrace_ufshcd_profile_clk_scaling(dev_name(hba->dev),\n\t\t\t(scale_up ? "up" : "down"),\n\t\t\tktime_to_us(ktime_sub(ktime_get(), start)), ret);\n\treturn ret;\n}\n\n/**\n * ufshcd_is_devfreq_scaling_required - check if scaling is required or not\n * @hba: per adapter instance\n * @freq: frequency to scale\n * @scale_up: True if scaling up and false if scaling down\n *\n * Return: true if scaling is required, false otherwise.\n */\nstatic bool ufshcd_is_devfreq_scaling_required(struct ufs_hba *hba,\n\t\t\t\t\t       unsigned long freq, bool scale_up)\n{\n\tstruct ufs_clk_info *clki;\n\tstruct list_head *head = &hba->clk_list_head;\n\n\tif (list_empty(head))\n\t\treturn false;\n\n\tif (hba->use_pm_opp)\n\t\treturn freq != hba->clk_scaling.target_freq;\n\n\tlist_for_each_entry(clki, head, list) {\n\t\tif (!IS_ERR_OR_NULL(clki->clk)) {\n\t\t\tif (scale_up && clki->max_freq) {\n\t\t\t\tif (clki->curr_freq == clki->max_freq)\n\t\t\t\t\tcontinue;\n\t\t\t\treturn true;\n\t\t\t} else if (!scale_up && clki->min_freq) {\n\t\t\t\tif (clki->curr_freq == clki->min_freq)\n\t\t\t\t\tcontinue;\n\t\t\t\treturn true;\n\t\t\t}\n\t\t}\n\t}\n\n\treturn false;\n}\n\n/*\n * Determine the number of pending commands by counting the bits in the SCSI\n * device budget maps. This approach has been selected because a bit is set in\n * the budget map before scsi_host_queue_ready() checks the host_self_blocked\n * flag. The host_self_blocked flag can be modified by calling\n * scsi_block_requests() or scsi_unblock_requests().\n */\nstatic u32 ufshcd_pending_cmds(struct ufs_hba *hba)\n{\n\tconst struct scsi_device *sdev;\n\tunsigned long flags;\n\tu32 pending = 0;\n\n\tspin_lock_irqsave(hba->host->host_lock, flags);\n\t__shost_for_each_device(sdev, hba->host)\n\t\tpending += sbitmap_weight(&sdev->budget_map);\n\tspin_unlock_irqrestore(hba->host->host_lock, flags);\n\n\treturn pending;\n}\n\n/*\n * Wait until all pending SCSI commands and TMFs have finished or the timeout\n * has expired.\n *\n * Return: 0 upon success; -EBUSY upon timeout.\n */\nstatic int ufshcd_wait_for_doorbell_clr(struct ufs_hba *hba,\n\t\t\t\t\tu64 wait_timeout_us)\n{\n\tint ret = 0;\n\tu32 tm_doorbell;\n\tu32 tr_pending;\n\tbool timeout = false, do_last_check = false;\n\tktime_t start;\n\n\tufshcd_hold(hba);\n\t/*\n\t * Wait for all the outstanding tasks/transfer requests.\n\t * Verify by checking the doorbell registers are clear.\n\t */\n\tstart = ktime_get();\n\tdo {\n\t\tif (hba->ufshcd_state != UFSHCD_STATE_OPERATIONAL) {\n\t\t\tret = -EBUSY;\n\t\t\tgoto out;\n\t\t}\n\n\t\ttm_doorbell = ufshcd_readl(hba, REG_UTP_TASK_REQ_DOOR_BELL);\n\t\ttr_pending = ufshcd_pending_cmds(hba);\n\t\tif (!tm_doorbell && !tr_pending) {\n\t\t\ttimeout = false;\n\t\t\tbreak;\n\t\t} else if (do_last_check) {\n\t\t\tbreak;\n\t\t}\n\n\t\tio_schedule_timeout(msecs_to_jiffies(20));\n\t\tif (ktime_to_us(ktime_sub(ktime_get(), start)) >\n\t\t    wait_timeout_us) {\n\t\t\ttimeout = true;\n\t\t\t/*\n\t\t\t * We might have scheduled out for long time so make\n\t\t\t * sure to check if doorbells are cleared by this time\n\t\t\t * or not.\n\t\t\t */\n\t\t\tdo_last_check = true;\n\t\t}\n\t} while (tm_doorbell || tr_pending);\n\n\tif (timeout) {\n\t\tdev_err(hba->dev,\n\t\t\t"%s: timedout waiting for doorbell to clear (tm=0x%x, tr=0x%x)\\n",\n\t\t\t__func__, tm_doorbell, tr_pending);\n\t\tret = -EBUSY;\n\t}\nout:\n\tufshcd_release(hba);\n\treturn ret;\n}\n\n/**\n * ufshcd_scale_gear - scale up/down UFS gear\n * @hba: per adapter instance\n * @scale_up: True for scaling up gear and false for scaling down\n *\n * Return: 0 for success; -EBUSY if scaling can\'t happen at this time;\n * non-zero for any other errors.\n */\nstatic int ufshcd_scale_gear(struct ufs_hba *hba, bool scale_up)\n{\n\tint ret = 0;\n\tstruct ufs_pa_layer_attr new_pwr_info;\n\n\tif (scale_up) {\n\t\tmemcpy(&new_pwr_info, &hba->clk_scaling.saved_pwr_info,\n\t\t       sizeof(struct ufs_pa_layer_attr));\n\t} else {\n\t\tmemcpy(&new_pwr_info, &hba->pwr_info,\n\t\t       sizeof(struct ufs_pa_layer_attr));\n\n\t\tif (hba->pwr_info.gear_tx > hba->clk_scaling.min_gear ||\n\t\t    hba->pwr_info.gear_rx > hba->clk_scaling.min_gear) {\n\t\t\t/* save the current power mode */\n\t\t\tmemcpy(&hba->clk_scaling.saved_pwr_info,\n\t\t\t\t&hba->pwr_info,\n\t\t\t\tsizeof(struct ufs_pa_layer_attr));\n\n\t\t\t/* scale down gear */\n\t\t\tnew_pwr_info.gear_tx = hba->clk_scaling.min_gear;\n\t\t\tnew_pwr_info.gear_rx = hba->clk_scaling.min_gear;\n\t\t}\n\t}\n\n\t/* check if the power mode needs to be changed or not? */\n\tret = ufshcd_config_pwr_mode(hba, &new_pwr_info);\n\tif (ret)\n\t\tdev_err(hba->dev, "%s: failed err %d, old gear: (tx %d rx %d), new gear: (tx %d rx %d)",\n\t\t\t__func__, ret,\n\t\t\thba->pwr_info.gear_tx, hba->pwr_info.gear_rx,\n\t\t\tnew_pwr_info.gear_tx, new_pwr_info.gear_rx);\n\n\treturn ret;\n}\n\n/*\n * Wait until all pending SCSI commands and TMFs have finished or the timeout\n * has expired.\n *\n * Return: 0 upon success; -EBUSY upon timeout.\n */\nstatic int ufshcd_clock_scaling_prepare(struct ufs_hba *hba, u64 timeout_us)\n{\n\tint ret = 0;\n\t/*\n\t * make sure that there are no outstanding requests when\n\t * clock scaling is in progress\n\t */\n\tblk_mq_quiesce_tagset(&hba->host->tag_set);\n\tmutex_lock(&hba->wb_mutex);\n\tdown_write(&hba->clk_scaling_lock);\n\n\tif (!hba->clk_scaling.is_allowed ||\n\t    ufshcd_wait_for_doorbell_clr(hba, timeout_us)) {\n\t\tret = -EBUSY;\n\t\tup_write(&hba->clk_scaling_lock);\n\t\tmutex_unlock(&hba->wb_mutex);\n\t\tblk_mq_unquiesce_tagset(&hba->host->tag_set);\n\t\tgoto out;\n\t}\n\n\t/* let\'s not get into low power until clock scaling is completed */\n\tufshcd_hold(hba);\n\nout:\n\treturn ret;\n}\n\nstatic void ufshcd_clock_scaling_unprepare(struct ufs_hba *hba, int err, bool scale_up)\n{\n\tup_write(&hba->clk_scaling_lock);\n\n\t/* Enable Write Booster if we have scaled up else disable it */\n\tif (ufshcd_enable_wb_if_scaling_up(hba) && !err)\n\t\tufshcd_wb_toggle(hba, scale_up);\n\n\tmutex_unlock(&hba->wb_mutex);\n\n\tblk_mq_unquiesce_tagset(&hba->host->tag_set);\n\tufshcd_release(hba);\n}\n\n/**\n * ufshcd_devfreq_scale - scale up/down UFS clocks and gear\n * @hba: per adapter instance\n * @freq: frequency to scale\n * @scale_up: True for scaling up and false for scalin down\n *\n * Return: 0 for success; -EBUSY if scaling can\'t happen at this time; non-zero\n * for any other errors.\n */\nstatic int ufshcd_devfreq_scale(struct ufs_hba *hba, unsigned long freq,\n\t\t\t\tbool scale_up)\n{\n\tint ret = 0;\n\n\tret = ufshcd_clock_scaling_prepare(hba, 1 * USEC_PER_SEC);\n\tif (ret)\n\t\treturn ret;\n\n\t/* scale down the gear before scaling down clocks */\n\tif (!scale_up) {\n\t\tret = ufshcd_scale_gear(hba, false);\n\t\tif (ret)\n\t\t\tgoto out_unprepare;\n\t}\n\n\tret = ufshcd_scale_clks(hba, freq, scale_up);\n\tif (ret) {\n\t\tif (!scale_up)\n\t\t\tufshcd_scale_gear(hba, true);\n\t\tgoto out_unprepare;\n\t}\n\n\t/* scale up the gear after scaling up clocks */\n\tif (scale_up) {\n\t\tret = ufshcd_scale_gear(hba, true);\n\t\tif (ret) {\n\t\t\tufshcd_scale_clks(hba, hba->devfreq->previous_freq,\n\t\t\t\t\t  false);\n\t\t\tgoto out_unprepare;\n\t\t}\n\t}\n\nout_unprepare:\n\tufshcd_clock_scaling_unprepare(hba, ret, scale_up);\n\treturn ret;\n}\n\nstatic void ufshcd_clk_scaling_suspend_work(struct work_struct *work)\n{\n\tstruct ufs_hba *hba = container_of(work, struct ufs_hba,\n\t\t\t\t\t   clk_scaling.suspend_work);\n\n\tscoped_guard(spinlock_irqsave, &hba->clk_scaling.lock)\n\t{\n\t\tif (hba->clk_scaling.active_reqs ||\n\t\t    hba->clk_scaling.is_suspended)\n\t\t\treturn;\n\n\t\thba->clk_scaling.is_suspended = true;\n\t\thba->clk_scaling.window_start_t = 0;\n\t}\n\n\tdevfreq_suspend_device(hba->devfreq);\n}\n\nstatic void ufshcd_clk_scaling_resume_work(struct work_struct *work)\n{\n\tstruct ufs_hba *hba = container_of(work, struct ufs_hba,\n\t\t\t\t\t   clk_scaling.resume_work);\n\n\tscoped_guard(spinlock_irqsave, &hba->clk_scaling.lock)\n\t{\n\t\tif (!hba->clk_scaling.is_suspended)\n\t\t\treturn;\n\t\thba->clk_scaling.is_suspended = false;\n\t}\n\n\tdevfreq_resume_device(hba->devfreq);\n}\n\nstatic int ufshcd_devfreq_target(struct device *dev,\n\t\t\t\tunsigned long *freq, u32 flags)\n{\n\tint ret = 0;\n\tstruct ufs_hba *hba = dev_get_drvdata(dev);\n\tktime_t start;\n\tbool scale_up = false, sched_clk_scaling_suspend_work = false;\n\tstruct list_head *clk_list = &hba->clk_list_head;\n\tstruct ufs_clk_info *clki;\n\n\tif (!ufshcd_is_clkscaling_supported(hba))\n\t\treturn -EINVAL;\n\n\tif (hba->use_pm_opp) {\n\t\tstruct dev_pm_opp *opp;\n\n\t\t/* Get the recommended frequency from OPP framework */\n\t\topp = devfreq_recommended_opp(dev, freq, flags);\n\t\tif (IS_ERR(opp))\n\t\t\treturn PTR_ERR(opp);\n\n\t\tdev_pm_opp_put(opp);\n\t} else {\n\t\t/* Override with the closest supported frequency */\n\t\tclki = list_first_entry(&hba->clk_list_head, struct ufs_clk_info,\n\t\t\t\t\tlist);\n\t\t*freq =\t(unsigned long) clk_round_rate(clki->clk, *freq);\n\t}\n\n\tscoped_guard(spinlock_irqsave, &hba->clk_scaling.lock)\n\t{\n\t\tif (ufshcd_eh_in_progress(hba))\n\t\t\treturn 0;\n\n\t\t/* Skip scaling clock when clock scaling is suspended */\n\t\tif (hba->clk_scaling.is_suspended) {\n\t\t\tdev_warn(hba->dev, "clock scaling is suspended, skip");\n\t\t\treturn 0;\n\t\t}\n\n\t\tif (!hba->clk_scaling.active_reqs)\n\t\t\tsched_clk_scaling_suspend_work = true;\n\n\t\tif (list_empty(clk_list))\n\t\t\tgoto out;\n\n\t\t/* Decide based on the target or rounded-off frequency and update */\n\t\tif (hba->use_pm_opp)\n\t\t\tscale_up = *freq > hba->clk_scaling.target_freq;\n\t\telse\n\t\t\tscale_up = *freq == clki->max_freq;\n\n\t\tif (!hba->use_pm_opp && !scale_up)\n\t\t\t*freq = clki->min_freq;\n\n\t\t/* Update the frequency */\n\t\tif (!ufshcd_is_devfreq_scaling_required(hba, *freq, scale_up)) {\n\t\t\tret = 0;\n\t\t\tgoto out; /* no state change required */\n\t\t}\n\t}\n\n\tstart = ktime_get();\n\tret = ufshcd_devfreq_scale(hba, *freq, scale_up);\n\tif (!ret)\n\t\thba->clk_scaling.target_freq = *freq;\n\n\ttrace_ufshcd_profile_clk_scaling(dev_name(hba->dev),\n\t\t(scale_up ? "up" : "down"),\n\t\tktime_to_us(ktime_sub(ktime_get(), start)), ret);\n\nout:\n\tif (sched_clk_scaling_suspend_work &&\n\t\t\t(!scale_up || hba->clk_scaling.suspend_on_no_request))\n\t\tqueue_work(hba->clk_scaling.workq,\n\t\t\t   &hba->clk_scaling.suspend_work);\n\n\treturn ret;\n}\n\nstatic int ufshcd_devfreq_get_dev_status(struct device *dev,\n\t\tstruct devfreq_dev_status *stat)\n{\n\tstruct ufs_hba *hba = dev_get_drvdata(dev);\n\tstruct ufs_clk_scaling *scaling = &hba->clk_scaling;\n\tktime_t curr_t;\n\n\tif (!ufshcd_is_clkscaling_supported(hba))\n\t\treturn -EINVAL;\n\n\tmemset(stat, 0, sizeof(*stat));\n\n\tguard(spinlock_irqsave)(&hba->clk_scaling.lock);\n\n\tcurr_t = ktime_get();\n\tif (!scaling->window_start_t)\n\t\tgoto start_window;\n\n\t/*\n\t * If current frequency is 0, then the ondemand governor considers\n\t * there\'s no initial frequency set. And it always requests to set\n\t * to max. frequency.\n\t */\n\tif (hba->use_pm_opp) {\n\t\tstat->current_frequency = hba->clk_scaling.target_freq;\n\t} else {\n\t\tstruct list_head *clk_list = &hba->clk_list_head;\n\t\tstruct ufs_clk_info *clki;\n\n\t\tclki = list_first_entry(clk_list, struct ufs_clk_info, list);\n\t\tstat->current_frequency = clki->curr_freq;\n\t}\n\n\tif (scaling->is_busy_started)\n\t\tscaling->tot_busy_t += ktime_us_delta(curr_t,\n\t\t\t\tscaling->busy_start_t);\n\tstat->total_time = ktime_us_delta(curr_t, scaling->window_start_t);\n\tstat->busy_time = scaling->tot_busy_t;\nstart_window:\n\tscaling->window_start_t = curr_t;\n\tscaling->tot_busy_t = 0;\n\n\tif (scaling->active_reqs) {\n\t\tscaling->busy_start_t = curr_t;\n\t\tscaling->is_busy_started = true;\n\t} else {\n\t\tscaling->busy_start_t = 0;\n\t\tscaling->is_busy_started = false;\n\t}\n\n\treturn 0;\n}\n\nstatic int ufshcd_devfreq_init(struct ufs_hba *hba)\n{\n\tstruct list_head *clk_list = &hba->clk_list_head;\n\tstruct ufs_clk_info *clki;\n\tstruct devfreq *devfreq;\n\tint ret;\n\n\t/* Skip devfreq if we don\'t have any clocks in the list */\n\tif (list_empty(clk_list))\n\t\treturn 0;\n\n\tif (!hba->use_pm_opp) {\n\t\tclki = list_first_entry(clk_list, struct ufs_clk_info, list);\n\t\tdev_pm_opp_add(hba->dev, clki->min_freq, 0);\n\t\tdev_pm_opp_add(hba->dev, clki->max_freq, 0);\n\t}\n\n\tufshcd_vops_config_scaling_param(hba, &hba->vps->devfreq_profile,\n\t\t\t\t\t &hba->vps->ondemand_data);\n\tdevfreq = devfreq_add_device(hba->dev,\n\t\t\t&hba->vps->devfreq_profile,\n\t\t\tDEVFREQ_GOV_SIMPLE_ONDEMAND,\n\t\t\t&hba->vps->ondemand_data);\n\tif (IS_ERR(devfreq)) {\n\t\tret = PTR_ERR(devfreq);\n\t\tdev_err(hba->dev, "Unable to register with devfreq %d\\n", ret);\n\n\t\tif (!hba->use_pm_opp) {\n\t\t\tdev_pm_opp_remove(hba->dev, clki->min_freq);\n\t\t\tdev_pm_opp_remove(hba->dev, clki->max_freq);\n\t\t}\n\t\treturn ret;\n\t}\n\n\thba->devfreq = devfreq;\n\n\treturn 0;\n}\n\nstatic void ufshcd_devfreq_remove(struct ufs_hba *hba)\n{\n\tstruct list_head *clk_list = &hba->clk_list_head;\n\n\tif (!hba->devfreq)\n\t\treturn;\n\n\tdevfreq_remove_device(hba->devfreq);\n\thba->devfreq = NULL;\n\n\tif (!hba->use_pm_opp) {\n\t\tstruct ufs_clk_info *clki;\n\n\t\tclki = list_first_entry(clk_list, struct ufs_clk_info, list);\n\t\tdev_pm_opp_remove(hba->dev, clki->min_freq);\n\t\tdev_pm_opp_remove(hba->dev, clki->max_freq);\n\t}\n}\n\nstatic void ufshcd_suspend_clkscaling(struct ufs_hba *hba)\n{\n\tbool suspend = false;\n\n\tcancel_work_sync(&hba->clk_scaling.suspend_work);\n\tcancel_work_sync(&hba->clk_scaling.resume_work);\n\n\tscoped_guard(spinlock_irqsave, &hba->clk_scaling.lock)\n\t{\n\t\tif (!hba->clk_scaling.is_suspended) {\n\t\t\tsuspend = true;\n\t\t\thba->clk_scaling.is_suspended = true;\n\t\t\thba->clk_scaling.window_start_t = 0;\n\t\t}\n\t}\n\n\tif (suspend)\n\t\tdevfreq_suspend_device(hba->devfreq);\n}\n\nstatic void ufshcd_resume_clkscaling(struct ufs_hba *hba)\n{\n\tbool resume = false;\n\n\tscoped_guard(spinlock_irqsave, &hba->clk_scaling.lock)\n\t{\n\t\tif (hba->clk_scaling.is_suspended) {\n\t\t\tresume = true;\n\t\t\thba->clk_scaling.is_suspended = false;\n\t\t}\n\t}\n\n\tif (resume)\n\t\tdevfreq_resume_device(hba->devfreq);\n}\n\nstatic ssize_t ufshcd_clkscale_enable_show(struct device *dev,\n\t\tstruct device_attribute *attr, char *buf)\n{\n\tstruct ufs_hba *hba = dev_get_drvdata(dev);\n\n\treturn sysfs_emit(buf, "%d\\n", hba->clk_scaling.is_enabled);\n}\n\nstatic ssize_t ufshcd_clkscale_enable_store(struct device *dev,\n\t\tstruct device_attribute *attr, const char *buf, size_t count)\n{\n\tstruct ufs_hba *hba = dev_get_drvdata(dev);\n\tu32 value;\n\tint err = 0;\n\n\tif (kstrtou32(buf, 0, &value))\n\t\treturn -EINVAL;\n\n\tdown(&hba->host_sem);\n\tif (!ufshcd_is_user_access_allowed(hba)) {\n\t\terr = -EBUSY;\n\t\tgoto out;\n\t}\n\n\tvalue = !!value;\n\tif (value == hba->clk_scaling.is_enabled)\n\t\tgoto out;\n\n\tufshcd_rpm_get_sync(hba);\n\tufshcd_hold(hba);\n\n\thba->clk_scaling.is_enabled = value;\n\n\tif (value) {\n\t\tufshcd_resume_clkscaling(hba);\n\t} else {\n\t\tufshcd_suspend_clkscaling(hba);\n\t\terr = ufshcd_devfreq_scale(hba, ULONG_MAX, true);\n\t\tif (err)\n\t\t\tdev_err(hba->dev, "%s: failed to scale clocks up %d\\n",\n\t\t\t\t\t__func__, err);\n\t}\n\n\tufshcd_release(hba);\n\tufshcd_rpm_put_sync(hba);\nout:\n\tup(&hba->host_sem);\n\treturn err ? err : count;\n}\n\nstatic void ufshcd_init_clk_scaling_sysfs(struct ufs_hba *hba)\n{\n\thba->clk_scaling.enable_attr.show = ufshcd_clkscale_enable_show;\n\thba->clk_scaling.enable_attr.store = ufshcd_clkscale_enable_store;\n\tsysfs_attr_init(&hba->clk_scaling.enable_attr.attr);\n\thba->clk_scaling.enable_attr.attr.name = "clkscale_enable";\n\thba->clk_scaling.enable_attr.attr.mode = 0644;\n\tif (device_create_file(hba->dev, &hba->clk_scaling.enable_attr))\n\t\tdev_err(hba->dev, "Failed to create sysfs for clkscale_enable\\n");\n}\n\nstatic void ufshcd_remove_clk_scaling_sysfs(struct ufs_hba *hba)\n{\n\tif (hba->clk_scaling.enable_attr.attr.name)\n\t\tdevice_remove_file(hba->dev, &hba->clk_scaling.enable_attr);\n}\n\nstatic void ufshcd_init_clk_scaling(struct ufs_hba *hba)\n{\n\tif (!ufshcd_is_clkscaling_supported(hba))\n\t\treturn;\n\n\tif (!hba->clk_scaling.min_gear)\n\t\thba->clk_scaling.min_gear = UFS_HS_G1;\n\n\tINIT_WORK(&hba->clk_scaling.suspend_work,\n\t\t  ufshcd_clk_scaling_suspend_work);\n\tINIT_WORK(&hba->clk_scaling.resume_work,\n\t\t  ufshcd_clk_scaling_resume_work);\n\n\tspin_lock_init(&hba->clk_scaling.lock);\n\n\thba->clk_scaling.workq = alloc_ordered_workqueue(\n\t\t"ufs_clkscaling_%d", WQ_MEM_RECLAIM, hba->host->host_no);\n\n\thba->clk_scaling.is_initialized = true;\n}\n\nstatic void ufshcd_exit_clk_scaling(struct ufs_hba *hba)\n{\n\tif (!hba->clk_scaling.is_initialized)\n\t\treturn;\n\n\tufshcd_remove_clk_scaling_sysfs(hba);\n\tdestroy_workqueue(hba->clk_scaling.workq);\n\tufshcd_devfreq_remove(hba);\n\thba->clk_scaling.is_initialized = false;\n}\n\nstatic void ufshcd_ungate_work(struct work_struct *work)\n{\n\tint ret;\n\tstruct ufs_hba *hba = container_of(work, struct ufs_hba,\n\t\t\tclk_gating.ungate_work);\n\n\tcancel_delayed_work_sync(&hba->clk_gating.gate_work);\n\n\tscoped_guard(spinlock_irqsave, &hba->clk_gating.lock) {\n\t\tif (hba->clk_gating.state == CLKS_ON)\n\t\t\treturn;\n\t}\n\n\tufshcd_hba_vreg_set_hpm(hba);\n\tufshcd_setup_clocks(hba, true);\n\n\tufshcd_enable_irq(hba);\n\n\t/* Exit from hibern8 */\n\tif (ufshcd_can_hibern8_during_gating(hba)) {\n\t\t/* Prevent gating in this path */\n\t\thba->clk_gating.is_suspended = true;\n\t\tif (ufshcd_is_link_hibern8(hba)) {\n\t\t\tret = ufshcd_uic_hibern8_exit(hba);\n\t\t\tif (ret)\n\t\t\t\tdev_err(hba->dev, "%s: hibern8 exit failed %d\\n",\n\t\t\t\t\t__func__, ret);\n\t\t\telse\n\t\t\t\tufshcd_set_link_active(hba);\n\t\t}\n\t\thba->clk_gating.is_suspended = false;\n\t}\n}\n\n/**\n * ufshcd_hold - Enable clocks that were gated earlier due to ufshcd_release.\n * Also, exit from hibern8 mode and set the link as active.\n * @hba: per adapter instance\n */\nvoid ufshcd_hold(struct ufs_hba *hba)\n{\n\tbool flush_result;\n\tunsigned long flags;\n\n\tif (!ufshcd_is_clkgating_allowed(hba) ||\n\t    !hba->clk_gating.is_initialized)\n\t\treturn;\n\tspin_lock_irqsave(&hba->clk_gating.lock, flags);\n\thba->clk_gating.active_reqs++;\n\nstart:\n\tswitch (hba->clk_gating.state) {\n\tcase CLKS_ON:\n\t\t/*\n\t\t * Wait for the ungate work to complete if in progress.\n\t\t * Though the clocks may be in ON state, the link could\n\t\t * still be in hibner8 state if hibern8 is allowed\n\t\t * during clock gating.\n\t\t * Make sure we exit hibern8 state also in addition to\n\t\t * clocks being ON.\n\t\t */\n\t\tif (ufshcd_can_hibern8_during_gating(hba) &&\n\t\t    ufshcd_is_link_hibern8(hba)) {\n\t\t\tspin_unlock_irqrestore(&hba->clk_gating.lock, flags);\n\t\t\tflush_result = flush_work(&hba->clk_gating.ungate_work);\n\t\t\tif (hba->clk_gating.is_suspended && !flush_result)\n\t\t\t\treturn;\n\t\t\tspin_lock_irqsave(&hba->clk_gating.lock, flags);\n\t\t\tgoto start;\n\t\t}\n\t\tbreak;\n\tcase REQ_CLKS_OFF:\n\t\tif (cancel_delayed_work(&hba->clk_gating.gate_work)) {\n\t\t\thba->clk_gating.state = CLKS_ON;\n\t\t\ttrace_ufshcd_clk_gating(dev_name(hba->dev),\n\t\t\t\t\t\thba->clk_gating.state);\n\t\t\tbreak;\n\t\t}\n\t\t/*\n\t\t * If we are here, it means gating work is either done or\n\t\t * currently running. Hence, fall through to cancel gating\n\t\t * work and to enable clocks.\n\t\t */\n\t\tfallthrough;\n\tcase CLKS_OFF:\n\t\thba->clk_gating.state = REQ_CLKS_ON;\n\t\ttrace_ufshcd_clk_gating(dev_name(hba->dev),\n\t\t\t\t\thba->clk_gating.state);\n\t\tqueue_work(hba->clk_gating.clk_gating_workq,\n\t\t\t   &hba->clk_gating.ungate_work);\n\t\t/*\n\t\t * fall through to check if we should wait for this\n\t\t * work to be done or not.\n\t\t */\n\t\tfallthrough;\n\tcase REQ_CLKS_ON:\n\t\tspin_unlock_irqrestore(&hba->clk_gating.lock, flags);\n\t\tflush_work(&hba->clk_gating.ungate_work);\n\t\t/* Make sure state is CLKS_ON before returning */\n\t\tspin_lock_irqsave(&hba->clk_gating.lock, flags);\n\t\tgoto start;\n\tdefault:\n\t\tdev_err(hba->dev, "%s: clk gating is in invalid state %d\\n",\n\t\t\t\t__func__, hba->clk_gating.state);\n\t\tbreak;\n\t}\n\tspin_unlock_irqrestore(&hba->clk_gating.lock, flags);\n}\nEXPORT_SYMBOL_GPL(ufshcd_hold);\n\nstatic void ufshcd_gate_work(struct work_struct *work)\n{\n\tstruct ufs_hba *hba = container_of(work, struct ufs_hba,\n\t\t\tclk_gating.gate_work.work);\n\tint ret;\n\n\tscoped_guard(spinlock_irqsave, &hba->clk_gating.lock) {\n\t\t/*\n\t\t * In case you are here to cancel this work the gating state\n\t\t * would be marked as REQ_CLKS_ON. In this case save time by\n\t\t * skipping the gating work and exit after changing the clock\n\t\t * state to CLKS_ON.\n\t\t */\n\t\tif (hba->clk_gating.is_suspended ||\n\t\t    hba->clk_gating.state != REQ_CLKS_OFF) {\n\t\t\thba->clk_gating.state = CLKS_ON;\n\t\t\ttrace_ufshcd_clk_gating(dev_name(hba->dev),\n\t\t\t\t\t\thba->clk_gating.state);\n\t\t\treturn;\n\t\t}\n\n\t\tif (hba->clk_gating.active_reqs)\n\t\t\treturn;\n\t}\n\n\tscoped_guard(spinlock_irqsave, hba->host->host_lock) {\n\t\tif (ufshcd_is_ufs_dev_busy(hba) ||\n\t\t    hba->ufshcd_state != UFSHCD_STATE_OPERATIONAL)\n\t\t\treturn;\n\t}\n\n\t/* put the link into hibern8 mode before turning off clocks */\n\tif (ufshcd_can_hibern8_during_gating(hba)) {\n\t\tret = ufshcd_uic_hibern8_enter(hba);\n\t\tif (ret) {\n\t\t\thba->clk_gating.state = CLKS_ON;\n\t\t\tdev_err(hba->dev, "%s: hibern8 enter failed %d\\n",\n\t\t\t\t\t__func__, ret);\n\t\t\ttrace_ufshcd_clk_gating(dev_name(hba->dev),\n\t\t\t\t\t\thba->clk_gating.state);\n\t\t\treturn;\n\t\t}\n\t\tufshcd_set_link_hibern8(hba);\n\t}\n\n\tufshcd_disable_irq(hba);\n\n\tufshcd_setup_clocks(hba, false);\n\n\t/* Put the host controller in low power mode if possible */\n\tufshcd_hba_vreg_set_lpm(hba);\n\t/*\n\t * In case you are here to cancel this work the gating state\n\t * would be marked as REQ_CLKS_ON. In this case keep the state\n\t * as REQ_CLKS_ON which would anyway imply that clocks are off\n\t * and a request to turn them on is pending. By doing this way,\n\t * we keep the state machine in tact and this would ultimately\n\t * prevent from doing cancel work multiple times when there are\n\t * new requests arriving before the current cancel work is done.\n\t */\n\tguard(spinlock_irqsave)(&hba->clk_gating.lock);\n\tif (hba->clk_gating.state == REQ_CLKS_OFF) {\n\t\thba->clk_gating.state = CLKS_OFF;\n\t\ttrace_ufshcd_clk_gating(dev_name(hba->dev),\n\t\t\t\t\thba->clk_gating.state);\n\t}\n}\n\nstatic void __ufshcd_release(struct ufs_hba *hba)\n{\n\tlockdep_assert_held(&hba->clk_gating.lock);\n\n\tif (!ufshcd_is_clkgating_allowed(hba))\n\t\treturn;\n\n\thba->clk_gating.active_reqs--;\n\n\tif (hba->clk_gating.active_reqs || hba->clk_gating.is_suspended ||\n\t    !hba->clk_gating.is_initialized ||\n\t    hba->clk_gating.state == CLKS_OFF)\n\t\treturn;\n\n\tscoped_guard(spinlock_irqsave, hba->host->host_lock) {\n\t\tif (ufshcd_has_pending_tasks(hba) ||\n\t\t    hba->ufshcd_state != UFSHCD_STATE_OPERATIONAL)\n\t\t\treturn;\n\t}\n\n\thba->clk_gating.state = REQ_CLKS_OFF;\n\ttrace_ufshcd_clk_gating(dev_name(hba->dev), hba->clk_gating.state);\n\tqueue_delayed_work(hba->clk_gating.clk_gating_workq,\n\t\t\t   &hba->clk_gating.gate_work,\n\t\t\t   msecs_to_jiffies(hba->clk_gating.delay_ms));\n}\n\nvoid ufshcd_release(struct ufs_hba *hba)\n{\n\tguard(spinlock_irqsave)(&hba->clk_gating.lock);\n\t__ufshcd_release(hba);\n}\nEXPORT_SYMBOL_GPL(ufshcd_release);\n\nstatic ssize_t ufshcd_clkgate_delay_show(struct device *dev,\n\t\tstruct device_attribute *attr, char *buf)\n{\n\tstruct ufs_hba *hba = dev_get_drvdata(dev);\n\n\treturn sysfs_emit(buf, "%lu\\n", hba->clk_gating.delay_ms);\n}\n\nvoid ufshcd_clkgate_delay_set(struct device *dev, unsigned long value)\n{\n\tstruct ufs_hba *hba = dev_get_drvdata(dev);\n\n\tguard(spinlock_irqsave)(&hba->clk_gating.lock);\n\thba->clk_gating.delay_ms = value;\n}\nEXPORT_SYMBOL_GPL(ufshcd_clkgate_delay_set);\n\nstatic ssize_t ufshcd_clkgate_delay_store(struct device *dev,\n\t\tstruct device_attribute *attr, const char *buf, size_t count)\n{\n\tunsigned long value;\n\n\tif (kstrtoul(buf, 0, &value))\n\t\treturn -EINVAL;\n\n\tufshcd_clkgate_delay_set(dev, value);\n\treturn count;\n}\n\nstatic ssize_t ufshcd_clkgate_enable_show(struct device *dev,\n\t\tstruct device_attribute *attr, char *buf)\n{\n\tstruct ufs_hba *hba = dev_get_drvdata(dev);\n\n\treturn sysfs_emit(buf, "%d\\n", hba->clk_gating.is_enabled);\n}\n\nstatic ssize_t ufshcd_clkgate_enable_store(struct device *dev,\n\t\tstruct device_attribute *attr, const char *buf, size_t count)\n{\n\tstruct ufs_hba *hba = dev_get_drvdata(dev);\n\tu32 value;\n\n\tif (kstrtou32(buf, 0, &value))\n\t\treturn -EINVAL;\n\n\tvalue = !!value;\n\n\tguard(spinlock_irqsave)(&hba->clk_gating.lock);\n\n\tif (value == hba->clk_gating.is_enabled)\n\t\treturn count;\n\n\tif (value)\n\t\t__ufshcd_release(hba);\n\telse\n\t\thba->clk_gating.active_reqs++;\n\n\thba->clk_gating.is_enabled = value;\n\n\treturn count;\n}\n\nstatic void ufshcd_init_clk_gating_sysfs(struct ufs_hba *hba)\n{\n\thba->clk_gating.delay_attr.show = ufshcd_clkgate_delay_show;\n\thba->clk_gating.delay_attr.store = ufshcd_clkgate_delay_store;\n\tsysfs_attr_init(&hba->clk_gating.delay_attr.attr);\n\thba->clk_gating.delay_attr.attr.name = "clkgate_delay_ms";\n\thba->clk_gating.delay_attr.attr.mode = 0644;\n\tif (device_create_file(hba->dev, &hba->clk_gating.delay_attr))\n\t\tdev_err(hba->dev, "Failed to create sysfs for clkgate_delay\\n");\n\n\thba->clk_gating.enable_attr.show = ufshcd_clkgate_enable_show;\n\thba->clk_gating.enable_attr.store = ufshcd_clkgate_enable_store;\n\tsysfs_attr_init(&hba->clk_gating.enable_attr.attr);\n\thba->clk_gating.enable_attr.attr.name = "clkgate_enable";\n\thba->clk_gating.enable_attr.attr.mode = 0644;\n\tif (device_create_file(hba->dev, &hba->clk_gating.enable_attr))\n\t\tdev_err(hba->dev, "Failed to create sysfs for clkgate_enable\\n");\n}\n\nstatic void ufshcd_remove_clk_gating_sysfs(struct ufs_hba *hba)\n{\n\tif (hba->clk_gating.delay_attr.attr.name)\n\t\tdevice_remove_file(hba->dev, &hba->clk_gating.delay_attr);\n\tif (hba->clk_gating.enable_attr.attr.name)\n\t\tdevice_remove_file(hba->dev, &hba->clk_gating.enable_attr);\n}\n\nstatic void ufshcd_init_clk_gating(struct ufs_hba *hba)\n{\n\tif (!ufshcd_is_clkgating_allowed(hba))\n\t\treturn;\n\n\thba->clk_gating.state = CLKS_ON;\n\n\thba->clk_gating.delay_ms = 150;\n\tINIT_DELAYED_WORK(&hba->clk_gating.gate_work, ufshcd_gate_work);\n\tINIT_WORK(&hba->clk_gating.ungate_work, ufshcd_ungate_work);\n\n\thba->clk_gating.clk_gating_workq = alloc_ordered_workqueue(\n\t\t"ufs_clk_gating_%d", WQ_MEM_RECLAIM | WQ_HIGHPRI,\n\t\thba->host->host_no);\n\n\tufshcd_init_clk_gating_sysfs(hba);\n\n\thba->clk_gating.is_enabled = true;\n\thba->clk_gating.is_initialized = true;\n}\n\nstatic void ufshcd_exit_clk_gating(struct ufs_hba *hba)\n{\n\tif (!hba->clk_gating.is_initialized)\n\t\treturn;\n\n\tufshcd_remove_clk_gating_sysfs(hba);\n\n\t/* Ungate the clock if necessary. */\n\tufshcd_hold(hba);\n\thba->clk_gating.is_initialized = false;\n\tufshcd_release(hba);\n\n\tdestroy_workqueue(hba->clk_gating.clk_gating_workq);\n}\n\nstatic void ufshcd_clk_scaling_start_busy(struct ufs_hba *hba)\n{\n\tbool queue_resume_work = false;\n\tktime_t curr_t = ktime_get();\n\n\tif (!ufshcd_is_clkscaling_supported(hba))\n\t\treturn;\n\n\tguard(spinlock_irqsave)(&hba->clk_scaling.lock);\n\n\tif (!hba->clk_scaling.active_reqs++)\n\t\tqueue_resume_work = true;\n\n\tif (!hba->clk_scaling.is_enabled || hba->pm_op_in_progress)\n\t\treturn;\n\n\tif (queue_resume_work)\n\t\tqueue_work(hba->clk_scaling.workq,\n\t\t\t   &hba->clk_scaling.resume_work);\n\n\tif (!hba->clk_scaling.window_start_t) {\n\t\thba->clk_scaling.window_start_t = curr_t;\n\t\thba->clk_scaling.tot_busy_t = 0;\n\t\thba->clk_scaling.is_busy_started = false;\n\t}\n\n\tif (!hba->clk_scaling.is_busy_started) {\n\t\thba->clk_scaling.busy_start_t = curr_t;\n\t\thba->clk_scaling.is_busy_started = true;\n\t}\n}\n\nstatic void ufshcd_clk_scaling_update_busy(struct ufs_hba *hba)\n{\n\tstruct ufs_clk_scaling *scaling = &hba->clk_scaling;\n\n\tif (!ufshcd_is_clkscaling_supported(hba))\n\t\treturn;\n\n\tguard(spinlock_irqsave)(&hba->clk_scaling.lock);\n\n\thba->clk_scaling.active_reqs--;\n\tif (!scaling->active_reqs && scaling->is_busy_started) {\n\t\tscaling->tot_busy_t += ktime_to_us(ktime_sub(ktime_get(),\n\t\t\t\t\tscaling->busy_start_t));\n\t\tscaling->busy_start_t = 0;\n\t\tscaling->is_busy_started = false;\n\t}\n}\n\nstatic inline int ufshcd_monitor_opcode2dir(u8 opcode)\n{\n\tif (opcode == READ_6 || opcode == READ_10 || opcode == READ_16)\n\t\treturn READ;\n\telse if (opcode == WRITE_6 || opcode == WRITE_10 || opcode == WRITE_16)\n\t\treturn WRITE;\n\telse\n\t\treturn -EINVAL;\n}\n\nstatic inline bool ufshcd_should_inform_monitor(struct ufs_hba *hba,\n\t\t\t\t\t\tstruct ufshcd_lrb *lrbp)\n{\n\tconst struct ufs_hba_monitor *m = &hba->monitor;\n\n\treturn (m->enabled && lrbp && lrbp->cmd &&\n\t\t(!m->chunk_size || m->chunk_size == lrbp->cmd->sdb.length) &&\n\t\tktime_before(hba->monitor.enabled_ts, lrbp->issue_time_stamp));\n}\n\nstatic void ufshcd_start_monitor(struct ufs_hba *hba,\n\t\t\t\t const struct ufshcd_lrb *lrbp)\n{\n\tint dir = ufshcd_monitor_opcode2dir(*lrbp->cmd->cmnd);\n\tunsigned long flags;\n\n\tspin_lock_irqsave(hba->host->host_lock, flags);\n\tif (dir >= 0 && hba->monitor.nr_queued[dir]++ == 0)\n\t\thba->monitor.busy_start_ts[dir] = ktime_get();\n\tspin_unlock_irqrestore(hba->host->host_lock, flags);\n}\n\nstatic void ufshcd_update_monitor(struct ufs_hba *hba, const struct ufshcd_lrb *lrbp)\n{\n\tint dir = ufshcd_monitor_opcode2dir(*lrbp->cmd->cmnd);\n\tunsigned long flags;\n\n\tspin_lock_irqsave(hba->host->host_lock, flags);\n\tif (dir >= 0 && hba->monitor.nr_queued[dir] > 0) {\n\t\tconst struct request *req = scsi_cmd_to_rq(lrbp->cmd);\n\t\tstruct ufs_hba_monitor *m = &hba->monitor;\n\t\tktime_t now, inc, lat;\n\n\t\tnow = lrbp->compl_time_stamp;\n\t\tinc = ktime_sub(now, m->busy_start_ts[dir]);\n\t\tm->total_busy[dir] = ktime_add(m->total_busy[dir], inc);\n\t\tm->nr_sec_rw[dir] += blk_rq_sectors(req);\n\n\t\t/* Update latencies */\n\t\tm->nr_req[dir]++;\n\t\tlat = ktime_sub(now, lrbp->issue_time_stamp);\n\t\tm->lat_sum[dir] += lat;\n\t\tif (m->lat_max[dir] < lat || !m->lat_max[dir])\n\t\t\tm->lat_max[dir] = lat;\n\t\tif (m->lat_min[dir] > lat || !m->lat_min[dir])\n\t\t\tm->lat_min[dir] = lat;\n\n\t\tm->nr_queued[dir]--;\n\t\t/* Push forward the busy start of monitor */\n\t\tm->busy_start_ts[dir] = now;\n\t}\n\tspin_unlock_irqrestore(hba->host->host_lock, flags);\n}\n\n/**\n * ufshcd_send_command - Send SCSI or device management commands\n * @hba: per adapter instance\n * @task_tag: Task tag of the command\n * @hwq: pointer to hardware queue instance\n */\nstatic inline\nvoid ufshcd_send_command(struct ufs_hba *hba, unsigned int task_tag,\n\t\t\t struct ufs_hw_queue *hwq)\n{\n\tstruct ufshcd_lrb *lrbp = &hba->lrb[task_tag];\n\tunsigned long flags;\n\n\tlrbp->issue_time_stamp = ktime_get();\n\tlrbp->issue_time_stamp_local_clock = local_clock();\n\tlrbp->compl_time_stamp = ktime_set(0, 0);\n\tlrbp->compl_time_stamp_local_clock = 0;\n\tufshcd_add_command_trace(hba, task_tag, UFS_CMD_SEND);\n\tif (lrbp->cmd)\n\t\tufshcd_clk_scaling_start_busy(hba);\n\tif (unlikely(ufshcd_should_inform_monitor(hba, lrbp)))\n\t\tufshcd_start_monitor(hba, lrbp);\n\n\tif (hba->mcq_enabled) {\n\t\tint utrd_size = sizeof(struct utp_transfer_req_desc);\n\t\tstruct utp_transfer_req_desc *src = lrbp->utr_descriptor_ptr;\n\t\tstruct utp_transfer_req_desc *dest;\n\n\t\tspin_lock(&hwq->sq_lock);\n\t\tdest = hwq->sqe_base_addr + hwq->sq_tail_slot;\n\t\tmemcpy(dest, src, utrd_size);\n\t\tufshcd_inc_sq_tail(hwq);\n\t\tspin_unlock(&hwq->sq_lock);\n\t} else {\n\t\tspin_lock_irqsave(&hba->outstanding_lock, flags);\n\t\tif (hba->vops && hba->vops->setup_xfer_req)\n\t\t\thba->vops->setup_xfer_req(hba, lrbp->task_tag,\n\t\t\t\t\t\t  !!lrbp->cmd);\n\t\t__set_bit(lrbp->task_tag, &hba->outstanding_reqs);\n\t\tufshcd_writel(hba, 1 << lrbp->task_tag,\n\t\t\t      REG_UTP_TRANSFER_REQ_DOOR_BELL);\n\t\tspin_unlock_irqrestore(&hba->outstanding_lock, flags);\n\t}\n}\n\n/**\n * ufshcd_copy_sense_data - Copy sense data in case of check condition\n * @lrbp: pointer to local reference block\n */\nstatic inline void ufshcd_copy_sense_data(struct ufshcd_lrb *lrbp)\n{\n\tu8 *const sense_buffer = lrbp->cmd->sense_buffer;\n\tu16 resp_len;\n\tint len;\n\n\tresp_len = be16_to_cpu(lrbp->ucd_rsp_ptr->header.data_segment_length);\n\tif (sense_buffer && resp_len) {\n\t\tint len_to_copy;\n\n\t\tlen = be16_to_cpu(lrbp->ucd_rsp_ptr->sr.sense_data_len);\n\t\tlen_to_copy = min_t(int, UFS_SENSE_SIZE, len);\n\n\t\tmemcpy(sense_buffer, lrbp->ucd_rsp_ptr->sr.sense_data,\n\t\t       len_to_copy);\n\t}\n}\n\n/**\n * ufshcd_copy_query_response() - Copy the Query Response and the data\n * descriptor\n * @hba: per adapter instance\n * @lrbp: pointer to local reference block\n *\n * Return: 0 upon success; < 0 upon failure.\n */\nstatic\nint ufshcd_copy_query_response(struct ufs_hba *hba, struct ufshcd_lrb *lrbp)\n{\n\tstruct ufs_query_res *query_res = &hba->dev_cmd.query.response;\n\n\tmemcpy(&query_res->upiu_res, &lrbp->ucd_rsp_ptr->qr, QUERY_OSF_SIZE);\n\n\t/* Get the descriptor */\n\tif (hba->dev_cmd.query.descriptor &&\n\t    lrbp->ucd_rsp_ptr->qr.opcode == UPIU_QUERY_OPCODE_READ_DESC) {\n\t\tu8 *descp = (u8 *)lrbp->ucd_rsp_ptr +\n\t\t\t\tGENERAL_UPIU_REQUEST_SIZE;\n\t\tu16 resp_len;\n\t\tu16 buf_len;\n\n\t\t/* data segment length */\n\t\tresp_len = be16_to_cpu(lrbp->ucd_rsp_ptr->header\n\t\t\t\t       .data_segment_length);\n\t\tbuf_len = be16_to_cpu(\n\t\t\t\thba->dev_cmd.query.request.upiu_req.length);\n\t\tif (likely(buf_len >= resp_len)) {\n\t\t\tmemcpy(hba->dev_cmd.query.descriptor, descp, resp_len);\n\t\t} else {\n\t\t\tdev_warn(hba->dev,\n\t\t\t\t "%s: rsp size %d is bigger than buffer size %d",\n\t\t\t\t __func__, resp_len, buf_len);\n\t\t\treturn -EINVAL;\n\t\t}\n\t}\n\n\treturn 0;\n}\n\n/**\n * ufshcd_hba_capabilities - Read controller capabilities\n * @hba: per adapter instance\n *\n * Return: 0 on success, negative on error.\n */\nstatic inline int ufshcd_hba_capabilities(struct ufs_hba *hba)\n{\n\tint err;\n\n\thba->capabilities = ufshcd_readl(hba, REG_CONTROLLER_CAPABILITIES);\n\n\t/* nutrs and nutmrs are 0 based values */\n\thba->nutrs = (hba->capabilities & MASK_TRANSFER_REQUESTS_SLOTS_SDB) + 1;\n\thba->nutmrs =\n\t((hba->capabilities & MASK_TASK_MANAGEMENT_REQUEST_SLOTS) >> 16) + 1;\n\thba->reserved_slot = hba->nutrs - 1;\n\n\thba->nortt = FIELD_GET(MASK_NUMBER_OUTSTANDING_RTT, hba->capabilities) + 1;\n\n\t/* Read crypto capabilities */\n\terr = ufshcd_hba_init_crypto_capabilities(hba);\n\tif (err) {\n\t\tdev_err(hba->dev, "crypto setup failed\\n");\n\t\treturn err;\n\t}\n\n\t/*\n\t * The UFSHCI 3.0 specification does not define MCQ_SUPPORT and\n\t * LSDB_SUPPORT, but [31:29] as reserved bits with reset value 0s, which\n\t * means we can simply read values regardless of version.\n\t */\n\thba->mcq_sup = FIELD_GET(MASK_MCQ_SUPPORT, hba->capabilities);\n\t/*\n\t * 0h: legacy single doorbell support is available\n\t * 1h: indicate that legacy single doorbell support has been removed\n\t */\n\tif (!(hba->quirks & UFSHCD_QUIRK_BROKEN_LSDBS_CAP))\n\t\thba->lsdb_sup = !FIELD_GET(MASK_LSDB_SUPPORT, hba->capabilities);\n\telse\n\t\thba->lsdb_sup = true;\n\n\thba->mcq_capabilities = ufshcd_readl(hba, REG_MCQCAP);\n\n\treturn 0;\n}\n\n/**\n * ufshcd_ready_for_uic_cmd - Check if controller is ready\n *                            to accept UIC commands\n * @hba: per adapter instance\n *\n * Return: true on success, else false.\n */\nstatic inline bool ufshcd_ready_for_uic_cmd(struct ufs_hba *hba)\n{\n\tu32 val;\n\tint ret = read_poll_timeout(ufshcd_readl, val, val & UIC_COMMAND_READY,\n\t\t\t\t    500, uic_cmd_timeout * 1000, false, hba,\n\t\t\t\t    REG_CONTROLLER_STATUS);\n\treturn ret == 0;\n}\n\n/**\n * ufshcd_get_upmcrs - Get the power mode change request status\n * @hba: Pointer to adapter instance\n *\n * This function gets the UPMCRS field of HCS register\n *\n * Return: value of UPMCRS field.\n */\nstatic inline u8 ufshcd_get_upmcrs(struct ufs_hba *hba)\n{\n\treturn (ufshcd_readl(hba, REG_CONTROLLER_STATUS) >> 8) & 0x7;\n}\n\n/**\n * ufshcd_dispatch_uic_cmd - Dispatch an UIC command to the Unipro layer\n * @hba: per adapter instance\n * @uic_cmd: UIC command\n */\nstatic inline void\nufshcd_dispatch_uic_cmd(struct ufs_hba *hba, struct uic_command *uic_cmd)\n{\n\tlockdep_assert_held(&hba->uic_cmd_mutex);\n\n\tWARN_ON(hba->active_uic_cmd);\n\n\thba->active_uic_cmd = uic_cmd;\n\n\t/* Write Args */\n\tufshcd_writel(hba, uic_cmd->argument1, REG_UIC_COMMAND_ARG_1);\n\tufshcd_writel(hba, uic_cmd->argument2, REG_UIC_COMMAND_ARG_2);\n\tufshcd_writel(hba, uic_cmd->argument3, REG_UIC_COMMAND_ARG_3);\n\n\tufshcd_add_uic_command_trace(hba, uic_cmd, UFS_CMD_SEND);\n\n\t/* Write UIC Cmd */\n\tufshcd_writel(hba, uic_cmd->command & COMMAND_OPCODE_MASK,\n\t\t      REG_UIC_COMMAND);\n}\n\n/**\n * ufshcd_wait_for_uic_cmd - Wait for completion of an UIC command\n * @hba: per adapter instance\n * @uic_cmd: UIC command\n *\n * Return: 0 only if success.\n */\nstatic int\nufshcd_wait_for_uic_cmd(struct ufs_hba *hba, struct uic_command *uic_cmd)\n{\n\tint ret;\n\tunsigned long flags;\n\n\tlockdep_assert_held(&hba->uic_cmd_mutex);\n\n\tif (wait_for_completion_timeout(&uic_cmd->done,\n\t\t\t\t\tmsecs_to_jiffies(uic_cmd_timeout))) {\n\t\tret = uic_cmd->argument2 & MASK_UIC_COMMAND_RESULT;\n\t} else {\n\t\tret = -ETIMEDOUT;\n\t\tdev_err(hba->dev,\n\t\t\t"uic cmd 0x%x with arg3 0x%x completion timeout\\n",\n\t\t\tuic_cmd->command, uic_cmd->argument3);\n\n\t\tif (!uic_cmd->cmd_active) {\n\t\t\tdev_err(hba->dev, "%s: UIC cmd has been completed, return the result\\n",\n\t\t\t\t__func__);\n\t\t\tret = uic_cmd->argument2 & MASK_UIC_COMMAND_RESULT;\n\t\t}\n\t}\n\n\tspin_lock_irqsave(hba->host->host_lock, flags);\n\thba->active_uic_cmd = NULL;\n\tspin_unlock_irqrestore(hba->host->host_lock, flags);\n\n\treturn ret;\n}\n\n/**\n * __ufshcd_send_uic_cmd - Send UIC commands and retrieve the result\n * @hba: per adapter instance\n * @uic_cmd: UIC command\n *\n * Return: 0 only if success.\n */\nstatic int\n__ufshcd_send_uic_cmd(struct ufs_hba *hba, struct uic_command *uic_cmd)\n{\n\tlockdep_assert_held(&hba->uic_cmd_mutex);\n\n\tif (!ufshcd_ready_for_uic_cmd(hba)) {\n\t\tdev_err(hba->dev,\n\t\t\t"Controller not ready to accept UIC commands\\n");\n\t\treturn -EIO;\n\t}\n\n\tinit_completion(&uic_cmd->done);\n\n\tuic_cmd->cmd_active = 1;\n\tufshcd_dispatch_uic_cmd(hba, uic_cmd);\n\n\treturn 0;\n}\n\n/**\n * ufshcd_send_uic_cmd - Send UIC commands and retrieve the result\n * @hba: per adapter instance\n * @uic_cmd: UIC command\n *\n * Return: 0 only if success.\n */\nint ufshcd_send_uic_cmd(struct ufs_hba *hba, struct uic_command *uic_cmd)\n{\n\tint ret;\n\n\tif (hba->quirks & UFSHCD_QUIRK_BROKEN_UIC_CMD)\n\t\treturn 0;\n\n\tufshcd_hold(hba);\n\tmutex_lock(&hba->uic_cmd_mutex);\n\tufshcd_add_delay_before_dme_cmd(hba);\n\n\tret = __ufshcd_send_uic_cmd(hba, uic_cmd);\n\tif (!ret)\n\t\tret = ufshcd_wait_for_uic_cmd(hba, uic_cmd);\n\n\tmutex_unlock(&hba->uic_cmd_mutex);\n\n\tufshcd_release(hba);\n\treturn ret;\n}\n\n/**\n * ufshcd_sgl_to_prdt - SG list to PRTD (Physical Region Description Table, 4DW format)\n * @hba:\tper-adapter instance\n * @lrbp:\tpointer to local reference block\n * @sg_entries:\tThe number of sg lists actually used\n * @sg_list:\tPointer to SG list\n */\nstatic void ufshcd_sgl_to_prdt(struct ufs_hba *hba, struct ufshcd_lrb *lrbp, int sg_entries,\n\t\t\t       struct scatterlist *sg_list)\n{\n\tstruct ufshcd_sg_entry *prd;\n\tstruct scatterlist *sg;\n\tint i;\n\n\tif (sg_entries) {\n\n\t\tif (hba->quirks & UFSHCD_QUIRK_PRDT_BYTE_GRAN)\n\t\t\tlrbp->utr_descriptor_ptr->prd_table_length =\n\t\t\t\tcpu_to_le16(sg_entries * ufshcd_sg_entry_size(hba));\n\t\telse\n\t\t\tlrbp->utr_descriptor_ptr->prd_table_length = cpu_to_le16(sg_entries);\n\n\t\tprd = lrbp->ucd_prdt_ptr;\n\n\t\tfor_each_sg(sg_list, sg, sg_entries, i) {\n\t\t\tconst unsigned int len = sg_dma_len(sg);\n\n\t\t\t/*\n\t\t\t * From the UFSHCI spec: "Data Byte Count (DBC): A \'0\'\n\t\t\t * based value that indicates the length, in bytes, of\n\t\t\t * the data block. A maximum of length of 256KB may\n\t\t\t * exist for any entry. Bits 1:0 of this field shall be\n\t\t\t * 11b to indicate Dword granularity. A value of \'3\'\n\t\t\t * indicates 4 bytes, \'7\' indicates 8 bytes, etc."\n\t\t\t */\n\t\t\tWARN_ONCE(len > SZ_256K, "len = %#x\\n", len);\n\t\t\tprd->size = cpu_to_le32(len - 1);\n\t\t\tprd->addr = cpu_to_le64(sg->dma_address);\n\t\t\tprd->reserved = 0;\n\t\t\tprd = (void *)prd + ufshcd_sg_entry_size(hba);\n\t\t}\n\t} else {\n\t\tlrbp->utr_descriptor_ptr->prd_table_length = 0;\n\t}\n}\n\n/**\n * ufshcd_map_sg - Map scatter-gather list to prdt\n * @hba: per adapter instance\n * @lrbp: pointer to local reference block\n *\n * Return: 0 in case of success, non-zero value in case of failure.\n */\nstatic int ufshcd_map_sg(struct ufs_hba *hba, struct ufshcd_lrb *lrbp)\n{\n\tstruct scsi_cmnd *cmd = lrbp->cmd;\n\tint sg_segments = scsi_dma_map(cmd);\n\n\tif (sg_segments < 0)\n\t\treturn sg_segments;\n\n\tufshcd_sgl_to_prdt(hba, lrbp, sg_segments, scsi_sglist(cmd));\n\n\treturn ufshcd_crypto_fill_prdt(hba, lrbp);\n}\n\n/**\n * ufshcd_enable_intr - enable interrupts\n * @hba: per adapter instance\n * @intrs: interrupt bits\n */\nstatic void ufshcd_enable_intr(struct ufs_hba *hba, u32 intrs)\n{\n\tu32 set = ufshcd_readl(hba, REG_INTERRUPT_ENABLE);\n\n\tset |= intrs;\n\tufshcd_writel(hba, set, REG_INTERRUPT_ENABLE);\n}\n\n/**\n * ufshcd_disable_intr - disable interrupts\n * @hba: per adapter instance\n * @intrs: interrupt bits\n */\nstatic void ufshcd_disable_intr(struct ufs_hba *hba, u32 intrs)\n{\n\tu32 set = ufshcd_readl(hba, REG_INTERRUPT_ENABLE);\n\n\tset &= ~intrs;\n\tufshcd_writel(hba, set, REG_INTERRUPT_ENABLE);\n}\n\n/**\n * ufshcd_prepare_req_desc_hdr - Fill UTP Transfer request descriptor header according to request\n * descriptor according to request\n * @hba: per adapter instance\n * @lrbp: pointer to local reference block\n * @upiu_flags: flags required in the header\n * @cmd_dir: requests data direction\n * @ehs_length: Total EHS Length (in 32‐bytes units of all Extra Header Segments)\n */\nstatic void\nufshcd_prepare_req_desc_hdr(struct ufs_hba *hba, struct ufshcd_lrb *lrbp,\n\t\t\t    u8 *upiu_flags, enum dma_data_direction cmd_dir,\n\t\t\t    int ehs_length)\n{\n\tstruct utp_transfer_req_desc *req_desc = lrbp->utr_descriptor_ptr;\n\tstruct request_desc_header *h = &req_desc->header;\n\tenum utp_data_direction data_direction;\n\n\tlrbp->command_type = UTP_CMD_TYPE_UFS_STORAGE;\n\n\t*h = (typeof(*h)){ };\n\n\tif (cmd_dir == DMA_FROM_DEVICE) {\n\t\tdata_direction = UTP_DEVICE_TO_HOST;\n\t\t*upiu_flags = UPIU_CMD_FLAGS_READ;\n\t} else if (cmd_dir == DMA_TO_DEVICE) {\n\t\tdata_direction = UTP_HOST_TO_DEVICE;\n\t\t*upiu_flags = UPIU_CMD_FLAGS_WRITE;\n\t} else {\n\t\tdata_direction = UTP_NO_DATA_TRANSFER;\n\t\t*upiu_flags = UPIU_CMD_FLAGS_NONE;\n\t}\n\n\th->command_type = lrbp->command_type;\n\th->data_direction = data_direction;\n\th->ehs_length = ehs_length;\n\n\tif (lrbp->intr_cmd)\n\t\th->interrupt = 1;\n\n\t/* Prepare crypto related dwords */\n\tufshcd_prepare_req_desc_hdr_crypto(lrbp, h);\n\n\t/*\n\t * assigning invalid value for command status. Controller\n\t * updates OCS on command completion, with the command\n\t * status\n\t */\n\th->ocs = OCS_INVALID_COMMAND_STATUS;\n\n\treq_desc->prd_table_length = 0;\n}\n\n/**\n * ufshcd_prepare_utp_scsi_cmd_upiu() - fills the utp_transfer_req_desc,\n * for scsi commands\n * @lrbp: local reference block pointer\n * @upiu_flags: flags\n */\nstatic\nvoid ufshcd_prepare_utp_scsi_cmd_upiu(struct ufshcd_lrb *lrbp, u8 upiu_flags)\n{\n\tstruct scsi_cmnd *cmd = lrbp->cmd;\n\tstruct utp_upiu_req *ucd_req_ptr = lrbp->ucd_req_ptr;\n\tunsigned short cdb_len;\n\n\tucd_req_ptr->header = (struct utp_upiu_header){\n\t\t.transaction_code = UPIU_TRANSACTION_COMMAND,\n\t\t.flags = upiu_flags,\n\t\t.lun = lrbp->lun,\n\t\t.task_tag = lrbp->task_tag,\n\t\t.command_set_type = UPIU_COMMAND_SET_TYPE_SCSI,\n\t};\n\n\tWARN_ON_ONCE(ucd_req_ptr->header.task_tag != lrbp->task_tag);\n\n\tucd_req_ptr->sc.exp_data_transfer_len = cpu_to_be32(cmd->sdb.length);\n\n\tcdb_len = min_t(unsigned short, cmd->cmd_len, UFS_CDB_SIZE);\n\tmemcpy(ucd_req_ptr->sc.cdb, cmd->cmnd, cdb_len);\n\n\tmemset(lrbp->ucd_rsp_ptr, 0, sizeof(struct utp_upiu_rsp));\n}\n\n/**\n * ufshcd_prepare_utp_query_req_upiu() - fill the utp_transfer_req_desc for query request\n * @hba: UFS hba\n * @lrbp: local reference block pointer\n * @upiu_flags: flags\n */\nstatic void ufshcd_prepare_utp_query_req_upiu(struct ufs_hba *hba,\n\t\t\t\tstruct ufshcd_lrb *lrbp, u8 upiu_flags)\n{\n\tstruct utp_upiu_req *ucd_req_ptr = lrbp->ucd_req_ptr;\n\tstruct ufs_query *query = &hba->dev_cmd.query;\n\tu16 len = be16_to_cpu(query->request.upiu_req.length);\n\n\t/* Query request header */\n\tucd_req_ptr->header = (struct utp_upiu_header){\n\t\t.transaction_code = UPIU_TRANSACTION_QUERY_REQ,\n\t\t.flags = upiu_flags,\n\t\t.lun = lrbp->lun,\n\t\t.task_tag = lrbp->task_tag,\n\t\t.query_function = query->request.query_func,\n\t\t/* Data segment length only need for WRITE_DESC */\n\t\t.data_segment_length =\n\t\t\tquery->request.upiu_req.opcode ==\n\t\t\t\t\tUPIU_QUERY_OPCODE_WRITE_DESC ?\n\t\t\t\tcpu_to_be16(len) :\n\t\t\t\t0,\n\t};\n\n\t/* Copy the Query Request buffer as is */\n\tmemcpy(&ucd_req_ptr->qr, &query->request.upiu_req,\n\t\t\tQUERY_OSF_SIZE);\n\n\t/* Copy the Descriptor */\n\tif (query->request.upiu_req.opcode == UPIU_QUERY_OPCODE_WRITE_DESC)\n\t\tmemcpy(ucd_req_ptr + 1, query->descriptor, len);\n\n\tmemset(lrbp->ucd_rsp_ptr, 0, sizeof(struct utp_upiu_rsp));\n}\n\nstatic inline void ufshcd_prepare_utp_nop_upiu(struct ufshcd_lrb *lrbp)\n{\n\tstruct utp_upiu_req *ucd_req_ptr = lrbp->ucd_req_ptr;\n\n\tmemset(ucd_req_ptr, 0, sizeof(struct utp_upiu_req));\n\n\tucd_req_ptr->header = (struct utp_upiu_header){\n\t\t.transaction_code = UPIU_TRANSACTION_NOP_OUT,\n\t\t.task_tag = lrbp->task_tag,\n\t};\n\n\tmemset(lrbp->ucd_rsp_ptr, 0, sizeof(struct utp_upiu_rsp));\n}\n\n/**\n * ufshcd_compose_devman_upiu - UFS Protocol Information Unit(UPIU)\n *\t\t\t     for Device Management Purposes\n * @hba: per adapter instance\n * @lrbp: pointer to local reference block\n *\n * Return: 0 upon success; < 0 upon failure.\n */\nstatic int ufshcd_compose_devman_upiu(struct ufs_hba *hba,\n\t\t\t\t      struct ufshcd_lrb *lrbp)\n{\n\tu8 upiu_flags;\n\tint ret = 0;\n\n\tufshcd_prepare_req_desc_hdr(hba, lrbp, &upiu_flags, DMA_NONE, 0);\n\n\tif (hba->dev_cmd.type == DEV_CMD_TYPE_QUERY)\n\t\tufshcd_prepare_utp_query_req_upiu(hba, lrbp, upiu_flags);\n\telse if (hba->dev_cmd.type == DEV_CMD_TYPE_NOP)\n\t\tufshcd_prepare_utp_nop_upiu(lrbp);\n\telse\n\t\tret = -EINVAL;\n\n\treturn ret;\n}\n\n/**\n * ufshcd_comp_scsi_upiu - UFS Protocol Information Unit(UPIU)\n *\t\t\t   for SCSI Purposes\n * @hba: per adapter instance\n * @lrbp: pointer to local reference block\n */\nstatic void ufshcd_comp_scsi_upiu(struct ufs_hba *hba, struct ufshcd_lrb *lrbp)\n{\n\tstruct request *rq = scsi_cmd_to_rq(lrbp->cmd);\n\tunsigned int ioprio_class = IOPRIO_PRIO_CLASS(req_get_ioprio(rq));\n\tu8 upiu_flags;\n\n\tufshcd_prepare_req_desc_hdr(hba, lrbp, &upiu_flags, lrbp->cmd->sc_data_direction, 0);\n\tif (ioprio_class == IOPRIO_CLASS_RT)\n\t\tupiu_flags |= UPIU_CMD_FLAGS_CP;\n\tufshcd_prepare_utp_scsi_cmd_upiu(lrbp, upiu_flags);\n}\n\nstatic void __ufshcd_setup_cmd(struct ufshcd_lrb *lrbp, struct scsi_cmnd *cmd, u8 lun, int tag)\n{\n\tmemset(lrbp->ucd_req_ptr, 0, sizeof(*lrbp->ucd_req_ptr));\n\n\tlrbp->cmd = cmd;\n\tlrbp->task_tag = tag;\n\tlrbp->lun = lun;\n\tufshcd_prepare_lrbp_crypto(cmd ? scsi_cmd_to_rq(cmd) : NULL, lrbp);\n}\n\nstatic void ufshcd_setup_scsi_cmd(struct ufs_hba *hba, struct ufshcd_lrb *lrbp,\n\t\t\t\t  struct scsi_cmnd *cmd, u8 lun, int tag)\n{\n\t__ufshcd_setup_cmd(lrbp, cmd, lun, tag);\n\tlrbp->intr_cmd = !ufshcd_is_intr_aggr_allowed(hba);\n\tlrbp->req_abort_skip = false;\n\n\tufshcd_comp_scsi_upiu(hba, lrbp);\n}\n\n/**\n * ufshcd_upiu_wlun_to_scsi_wlun - maps UPIU W-LUN id to SCSI W-LUN ID\n * @upiu_wlun_id: UPIU W-LUN id\n *\n * Return: SCSI W-LUN id.\n */\nstatic inline u16 ufshcd_upiu_wlun_to_scsi_wlun(u8 upiu_wlun_id)\n{\n\treturn (upiu_wlun_id & ~UFS_UPIU_WLUN_ID) | SCSI_W_LUN_BASE;\n}\n\nstatic inline bool is_device_wlun(struct scsi_device *sdev)\n{\n\treturn sdev->lun ==\n\t\tufshcd_upiu_wlun_to_scsi_wlun(UFS_UPIU_UFS_DEVICE_WLUN);\n}\n\n/*\n * Associate the UFS controller queue with the default and poll HCTX types.\n * Initialize the mq_map[] arrays.\n */\nstatic void ufshcd_map_queues(struct Scsi_Host *shost)\n{\n\tstruct ufs_hba *hba = shost_priv(shost);\n\tint i, queue_offset = 0;\n\n\tif (!is_mcq_supported(hba)) {\n\t\thba->nr_queues[HCTX_TYPE_DEFAULT] = 1;\n\t\thba->nr_queues[HCTX_TYPE_READ] = 0;\n\t\thba->nr_queues[HCTX_TYPE_POLL] = 1;\n\t\thba->nr_hw_queues = 1;\n\t}\n\n\tfor (i = 0; i < shost->nr_maps; i++) {\n\t\tstruct blk_mq_queue_map *map = &shost->tag_set.map[i];\n\n\t\tmap->nr_queues = hba->nr_queues[i];\n\t\tif (!map->nr_queues)\n\t\t\tcontinue;\n\t\tmap->queue_offset = queue_offset;\n\t\tif (i == HCTX_TYPE_POLL && !is_mcq_supported(hba))\n\t\t\tmap->queue_offset = 0;\n\n\t\tblk_mq_map_queues(map);\n\t\tqueue_offset += map->nr_queues;\n\t}\n}\n\nstatic void ufshcd_init_lrb(struct ufs_hba *hba, struct ufshcd_lrb *lrb, int i)\n{\n\tstruct utp_transfer_cmd_desc *cmd_descp = (void *)hba->ucdl_base_addr +\n\t\ti * ufshcd_get_ucd_size(hba);\n\tstruct utp_transfer_req_desc *utrdlp = hba->utrdl_base_addr;\n\tdma_addr_t cmd_desc_element_addr = hba->ucdl_dma_addr +\n\t\ti * ufshcd_get_ucd_size(hba);\n\tu16 response_offset = le16_to_cpu(utrdlp[i].response_upiu_offset);\n\tu16 prdt_offset = le16_to_cpu(utrdlp[i].prd_table_offset);\n\n\tlrb->utr_descriptor_ptr = utrdlp + i;\n\tlrb->utrd_dma_addr = hba->utrdl_dma_addr +\n\t\ti * sizeof(struct utp_transfer_req_desc);\n\tlrb->ucd_req_ptr = (struct utp_upiu_req *)cmd_descp->command_upiu;\n\tlrb->ucd_req_dma_addr = cmd_desc_element_addr;\n\tlrb->ucd_rsp_ptr = (struct utp_upiu_rsp *)cmd_descp->response_upiu;\n\tlrb->ucd_rsp_dma_addr = cmd_desc_element_addr + response_offset;\n\tlrb->ucd_prdt_ptr = (struct ufshcd_sg_entry *)cmd_descp->prd_table;\n\tlrb->ucd_prdt_dma_addr = cmd_desc_element_addr + prdt_offset;\n}\n\n/**\n * ufshcd_queuecommand - main entry point for SCSI requests\n * @host: SCSI host pointer\n * @cmd: command from SCSI Midlayer\n *\n * Return: 0 for success, non-zero in case of failure.\n */\nstatic int ufshcd_queuecommand(struct Scsi_Host *host, struct scsi_cmnd *cmd)\n{\n\tstruct ufs_hba *hba = shost_priv(host);\n\tint tag = scsi_cmd_to_rq(cmd)->tag;\n\tstruct ufshcd_lrb *lrbp;\n\tint err = 0;\n\tstruct ufs_hw_queue *hwq = NULL;\n\n\tswitch (hba->ufshcd_state) {\n\tcase UFSHCD_STATE_OPERATIONAL:\n\t\tbreak;\n\tcase UFSHCD_STATE_EH_SCHEDULED_NON_FATAL:\n\t\t/*\n\t\t * SCSI error handler can call ->queuecommand() while UFS error\n\t\t * handler is in progress. Error interrupts could change the\n\t\t * state from UFSHCD_STATE_RESET to\n\t\t * UFSHCD_STATE_EH_SCHEDULED_NON_FATAL. Prevent requests\n\t\t * being issued in that case.\n\t\t */\n\t\tif (ufshcd_eh_in_progress(hba)) {\n\t\t\terr = SCSI_MLQUEUE_HOST_BUSY;\n\t\t\tgoto out;\n\t\t}\n\t\tbreak;\n\tcase UFSHCD_STATE_EH_SCHEDULED_FATAL:\n\t\t/*\n\t\t * pm_runtime_get_sync() is used at error handling preparation\n\t\t * stage. If a scsi cmd, e.g. the SSU cmd, is sent from hba\'s\n\t\t * PM ops, it can never be finished if we let SCSI layer keep\n\t\t * retrying it, which gets err handler stuck forever. Neither\n\t\t * can we let the scsi cmd pass through, because UFS is in bad\n\t\t * state, the scsi cmd may eventually time out, which will get\n\t\t * err handler blocked for too long. So, just fail the scsi cmd\n\t\t * sent from PM ops, err handler can recover PM error anyways.\n\t\t */\n\t\tif (hba->pm_op_in_progress) {\n\t\t\thba->force_reset = true;\n\t\t\tset_host_byte(cmd, DID_BAD_TARGET);\n\t\t\tscsi_done(cmd);\n\t\t\tgoto out;\n\t\t}\n\t\tfallthrough;\n\tcase UFSHCD_STATE_RESET:\n\t\terr = SCSI_MLQUEUE_HOST_BUSY;\n\t\tgoto out;\n\tcase UFSHCD_STATE_ERROR:\n\t\tset_host_byte(cmd, DID_ERROR);\n\t\tscsi_done(cmd);\n\t\tgoto out;\n\t}\n\n\thba->req_abort_count = 0;\n\n\tufshcd_hold(hba);\n\n\tlrbp = &hba->lrb[tag];\n\n\tufshcd_setup_scsi_cmd(hba, lrbp, cmd, ufshcd_scsi_to_upiu_lun(cmd->device->lun), tag);\n\n\terr = ufshcd_map_sg(hba, lrbp);\n\tif (err) {\n\t\tufshcd_release(hba);\n\t\tgoto out;\n\t}\n\n\tif (hba->mcq_enabled)\n\t\thwq = ufshcd_mcq_req_to_hwq(hba, scsi_cmd_to_rq(cmd));\n\n\tufshcd_send_command(hba, tag, hwq);\n\nout:\n\tif (ufs_trigger_eh(hba)) {\n\t\tunsigned long flags;\n\n\t\tspin_lock_irqsave(hba->host->host_lock, flags);\n\t\tufshcd_schedule_eh_work(hba);\n\t\tspin_unlock_irqrestore(hba->host->host_lock, flags);\n\t}\n\n\treturn err;\n}\n\nstatic void ufshcd_setup_dev_cmd(struct ufs_hba *hba, struct ufshcd_lrb *lrbp,\n\t\t\t     enum dev_cmd_type cmd_type, u8 lun, int tag)\n{\n\t__ufshcd_setup_cmd(lrbp, NULL, lun, tag);\n\tlrbp->intr_cmd = true; /* No interrupt aggregation */\n\thba->dev_cmd.type = cmd_type;\n}\n\nstatic int ufshcd_compose_dev_cmd(struct ufs_hba *hba,\n\t\tstruct ufshcd_lrb *lrbp, enum dev_cmd_type cmd_type, int tag)\n{\n\tufshcd_setup_dev_cmd(hba, lrbp, cmd_type, 0, tag);\n\n\treturn ufshcd_compose_devman_upiu(hba, lrbp);\n}\n\n/*\n * Check with the block layer if the command is inflight\n * @cmd: command to check.\n *\n * Return: true if command is inflight; false if not.\n */\nbool ufshcd_cmd_inflight(struct scsi_cmnd *cmd)\n{\n\treturn cmd && blk_mq_rq_state(scsi_cmd_to_rq(cmd)) == MQ_RQ_IN_FLIGHT;\n}\n\n/*\n * Clear the pending command in the controller and wait until\n * the controller confirms that the command has been cleared.\n * @hba: per adapter instance\n * @task_tag: The tag number of the command to be cleared.\n */\nstatic int ufshcd_clear_cmd(struct ufs_hba *hba, u32 task_tag)\n{\n\tu32 mask;\n\tint err;\n\n\tif (hba->mcq_enabled) {\n\t\t/*\n\t\t * MCQ mode. Clean up the MCQ resources similar to\n\t\t * what the ufshcd_utrl_clear() does for SDB mode.\n\t\t */\n\t\terr = ufshcd_mcq_sq_cleanup(hba, task_tag);\n\t\tif (err) {\n\t\t\tdev_err(hba->dev, "%s: failed tag=%d. err=%d\\n",\n\t\t\t\t__func__, task_tag, err);\n\t\t\treturn err;\n\t\t}\n\t\treturn 0;\n\t}\n\n\tmask = 1U << task_tag;\n\n\t/* clear outstanding transaction before retry */\n\tufshcd_utrl_clear(hba, mask);\n\n\t/*\n\t * wait for h/w to clear corresponding bit in door-bell.\n\t * max. wait is 1 sec.\n\t */\n\treturn ufshcd_wait_for_register(hba, REG_UTP_TRANSFER_REQ_DOOR_BELL,\n\t\t\t\t\tmask, ~mask, 1000, 1000);\n}\n\n/**\n * ufshcd_dev_cmd_completion() - handles device management command responses\n * @hba: per adapter instance\n * @lrbp: pointer to local reference block\n *\n * Return: 0 upon success; < 0 upon failure.\n */\nstatic int\nufshcd_dev_cmd_completion(struct ufs_hba *hba, struct ufshcd_lrb *lrbp)\n{\n\tenum upiu_response_transaction resp;\n\tint err = 0;\n\n\thba->ufs_stats.last_hibern8_exit_tstamp = ktime_set(0, 0);\n\tresp = ufshcd_get_req_rsp(lrbp->ucd_rsp_ptr);\n\n\tswitch (resp) {\n\tcase UPIU_TRANSACTION_NOP_IN:\n\t\tif (hba->dev_cmd.type != DEV_CMD_TYPE_NOP) {\n\t\t\terr = -EINVAL;\n\t\t\tdev_err(hba->dev, "%s: unexpected response %x\\n",\n\t\t\t\t\t__func__, resp);\n\t\t}\n\t\tbreak;\n\tcase UPIU_TRANSACTION_QUERY_RSP: {\n\t\tu8 response = lrbp->ucd_rsp_ptr->header.response;\n\n\t\tif (response == 0)\n\t\t\terr = ufshcd_copy_query_response(hba, lrbp);\n\t\tbreak;\n\t}\n\tcase UPIU_TRANSACTION_REJECT_UPIU:\n\t\t/* TODO: handle Reject UPIU Response */\n\t\terr = -EPERM;\n\t\tdev_err(hba->dev, "%s: Reject UPIU not fully implemented\\n",\n\t\t\t\t__func__);\n\t\tbreak;\n\tcase UPIU_TRANSACTION_RESPONSE:\n\t\tif (hba->dev_cmd.type != DEV_CMD_TYPE_RPMB) {\n\t\t\terr = -EINVAL;\n\t\t\tdev_err(hba->dev, "%s: unexpected response %x\\n", __func__, resp);\n\t\t}\n\t\tbreak;\n\tdefault:\n\t\terr = -EINVAL;\n\t\tdev_err(hba->dev, "%s: Invalid device management cmd response: %x\\n",\n\t\t\t\t__func__, resp);\n\t\tbreak;\n\t}\n\n\treturn err;\n}\n\nstatic int ufshcd_wait_for_dev_cmd(struct ufs_hba *hba,\n\t\tstruct ufshcd_lrb *lrbp, int max_timeout)\n{\n\tunsigned long time_left = msecs_to_jiffies(max_timeout);\n\tunsigned long flags;\n\tbool pending;\n\tint err;\n\nretry:\n\ttime_left = wait_for_completion_timeout(hba->dev_cmd.complete,\n\t\t\t\t\t\ttime_left);\n\n\tif (likely(time_left)) {\n\t\t/*\n\t\t * The completion handler called complete() and the caller of\n\t\t * this function still owns the @lrbp tag so the code below does\n\t\t * not trigger any race conditions.\n\t\t */\n\t\thba->dev_cmd.complete = NULL;\n\t\terr = ufshcd_get_tr_ocs(lrbp, NULL);\n\t\tif (!err)\n\t\t\terr = ufshcd_dev_cmd_completion(hba, lrbp);\n\t} else {\n\t\terr = -ETIMEDOUT;\n\t\tdev_dbg(hba->dev, "%s: dev_cmd request timedout, tag %d\\n",\n\t\t\t__func__, lrbp->task_tag);\n\n\t\t/* MCQ mode */\n\t\tif (hba->mcq_enabled) {\n\t\t\t/* successfully cleared the command, retry if needed */\n\t\t\tif (ufshcd_clear_cmd(hba, lrbp->task_tag) == 0)\n\t\t\t\terr = -EAGAIN;\n\t\t\thba->dev_cmd.complete = NULL;\n\t\t\treturn err;\n\t\t}\n\n\t\t/* SDB mode */\n\t\tif (ufshcd_clear_cmd(hba, lrbp->task_tag) == 0) {\n\t\t\t/* successfully cleared the command, retry if needed */\n\t\t\terr = -EAGAIN;\n\t\t\t/*\n\t\t\t * Since clearing the command succeeded we also need to\n\t\t\t * clear the task tag bit from the outstanding_reqs\n\t\t\t * variable.\n\t\t\t */\n\t\t\tspin_lock_irqsave(&hba->outstanding_lock, flags);\n\t\t\tpending = test_bit(lrbp->task_tag,\n\t\t\t\t\t   &hba->outstanding_reqs);\n\t\t\tif (pending) {\n\t\t\t\thba->dev_cmd.complete = NULL;\n\t\t\t\t__clear_bit(lrbp->task_tag,\n\t\t\t\t\t    &hba->outstanding_reqs);\n\t\t\t}\n\t\t\tspin_unlock_irqrestore(&hba->outstanding_lock, flags);\n\n\t\t\tif (!pending) {\n\t\t\t\t/*\n\t\t\t\t * The completion handler ran while we tried to\n\t\t\t\t * clear the command.\n\t\t\t\t */\n\t\t\t\ttime_left = 1;\n\t\t\t\tgoto retry;\n\t\t\t}\n\t\t} else {\n\t\t\tdev_err(hba->dev, "%s: failed to clear tag %d\\n",\n\t\t\t\t__func__, lrbp->task_tag);\n\n\t\t\tspin_lock_irqsave(&hba->outstanding_lock, flags);\n\t\t\tpending = test_bit(lrbp->task_tag,\n\t\t\t\t\t   &hba->outstanding_reqs);\n\t\t\tif (pending)\n\t\t\t\thba->dev_cmd.complete = NULL;\n\t\t\tspin_unlock_irqrestore(&hba->outstanding_lock, flags);\n\n\t\t\tif (!pending) {\n\t\t\t\t/*\n\t\t\t\t * The completion handler ran while we tried to\n\t\t\t\t * clear the command.\n\t\t\t\t */\n\t\t\t\ttime_left = 1;\n\t\t\t\tgoto retry;\n\t\t\t}\n\t\t}\n\t}\n\n\treturn err;\n}\n\nstatic void ufshcd_dev_man_lock(struct ufs_hba *hba)\n{\n\tufshcd_hold(hba);\n\tmutex_lock(&hba->dev_cmd.lock);\n\tdown_read(&hba->clk_scaling_lock);\n}\n\nstatic void ufshcd_dev_man_unlock(struct ufs_hba *hba)\n{\n\tup_read(&hba->clk_scaling_lock);\n\tmutex_unlock(&hba->dev_cmd.lock);\n\tufshcd_release(hba);\n}\n\nstatic int ufshcd_issue_dev_cmd(struct ufs_hba *hba, struct ufshcd_lrb *lrbp,\n\t\t\t  const u32 tag, int timeout)\n{\n\tDECLARE_COMPLETION_ONSTACK(wait);\n\tint err;\n\n\thba->dev_cmd.complete = &wait;\n\n\tufshcd_add_query_upiu_trace(hba, UFS_QUERY_SEND, lrbp->ucd_req_ptr);\n\n\tufshcd_send_command(hba, tag, hba->dev_cmd_queue);\n\terr = ufshcd_wait_for_dev_cmd(hba, lrbp, timeout);\n\n\tufshcd_add_query_upiu_trace(hba, err ? UFS_QUERY_ERR : UFS_QUERY_COMP,\n\t\t\t\t    (struct utp_upiu_req *)lrbp->ucd_rsp_ptr);\n\n\treturn err;\n}\n\n/**\n * ufshcd_exec_dev_cmd - API for sending device management requests\n * @hba: UFS hba\n * @cmd_type: specifies the type (NOP, Query...)\n * @timeout: timeout in milliseconds\n *\n * Return: 0 upon success; < 0 upon failure.\n *\n * NOTE: Since there is only one available tag for device management commands,\n * it is expected you hold the hba->dev_cmd.lock mutex.\n */\nstatic int ufshcd_exec_dev_cmd(struct ufs_hba *hba,\n\t\tenum dev_cmd_type cmd_type, int timeout)\n{\n\tconst u32 tag = hba->reserved_slot;\n\tstruct ufshcd_lrb *lrbp = &hba->lrb[tag];\n\tint err;\n\n\t/* Protects use of hba->reserved_slot. */\n\tlockdep_assert_held(&hba->dev_cmd.lock);\n\n\terr = ufshcd_compose_dev_cmd(hba, lrbp, cmd_type, tag);\n\tif (unlikely(err))\n\t\treturn err;\n\n\treturn ufshcd_issue_dev_cmd(hba, lrbp, tag, timeout);\n}\n\n/**\n * ufshcd_init_query() - init the query response and request parameters\n * @hba: per-adapter instance\n * @request: address of the request pointer to be initialized\n * @response: address of the response pointer to be initialized\n * @opcode: operation to perform\n * @idn: flag idn to access\n * @index: LU number to access\n * @selector: query/flag/descriptor further identification\n */\nstatic inline void ufshcd_init_query(struct ufs_hba *hba,\n\t\tstruct ufs_query_req **request, struct ufs_query_res **response,\n\t\tenum query_opcode opcode, u8 idn, u8 index, u8 selector)\n{\n\t*request = &hba->dev_cmd.query.request;\n\t*response = &hba->dev_cmd.query.response;\n\tmemset(*request, 0, sizeof(struct ufs_query_req));\n\tmemset(*response, 0, sizeof(struct ufs_query_res));\n\t(*request)->upiu_req.opcode = opcode;\n\t(*request)->upiu_req.idn = idn;\n\t(*request)->upiu_req.index = index;\n\t(*request)->upiu_req.selector = selector;\n}\n\nstatic int ufshcd_query_flag_retry(struct ufs_hba *hba,\n\tenum query_opcode opcode, enum flag_idn idn, u8 index, bool *flag_res)\n{\n\tint ret;\n\tint retries;\n\n\tfor (retries = 0; retries < QUERY_REQ_RETRIES; retries++) {\n\t\tret = ufshcd_query_flag(hba, opcode, idn, index, flag_res);\n\t\tif (ret)\n\t\t\tdev_dbg(hba->dev,\n\t\t\t\t"%s: failed with error %d, retries %d\\n",\n\t\t\t\t__func__, ret, retries);\n\t\telse\n\t\t\tbreak;\n\t}\n\n\tif (ret)\n\t\tdev_err(hba->dev,\n\t\t\t"%s: query flag, opcode %d, idn %d, failed with error %d after %d retries\\n",\n\t\t\t__func__, opcode, idn, ret, retries);\n\treturn ret;\n}\n\n/**\n * ufshcd_query_flag() - API function for sending flag query requests\n * @hba: per-adapter instance\n * @opcode: flag query to perform\n * @idn: flag idn to access\n * @index: flag index to access\n * @flag_res: the flag value after the query request completes\n *\n * Return: 0 for success, non-zero in case of failure.\n */\nint ufshcd_query_flag(struct ufs_hba *hba, enum query_opcode opcode,\n\t\t\tenum flag_idn idn, u8 index, bool *flag_res)\n{\n\tstruct ufs_query_req *request = NULL;\n\tstruct ufs_query_res *response = NULL;\n\tint err, selector = 0;\n\tint timeout = QUERY_REQ_TIMEOUT;\n\n\tBUG_ON(!hba);\n\n\tufshcd_dev_man_lock(hba);\n\n\tufshcd_init_query(hba, &request, &response, opcode, idn, index,\n\t\t\tselector);\n\n\tswitch (opcode) {\n\tcase UPIU_QUERY_OPCODE_SET_FLAG:\n\tcase UPIU_QUERY_OPCODE_CLEAR_FLAG:\n\tcase UPIU_QUERY_OPCODE_TOGGLE_FLAG:\n\t\trequest->query_func = UPIU_QUERY_FUNC_STANDARD_WRITE_REQUEST;\n\t\tbreak;\n\tcase UPIU_QUERY_OPCODE_READ_FLAG:\n\t\trequest->query_func = UPIU_QUERY_FUNC_STANDARD_READ_REQUEST;\n\t\tif (!flag_res) {\n\t\t\t/* No dummy reads */\n\t\t\tdev_err(hba->dev, "%s: Invalid argument for read request\\n",\n\t\t\t\t\t__func__);\n\t\t\terr = -EINVAL;\n\t\t\tgoto out_unlock;\n\t\t}\n\t\tbreak;\n\tdefault:\n\t\tdev_err(hba->dev,\n\t\t\t"%s: Expected query flag opcode but got = %d\\n",\n\t\t\t__func__, opcode);\n\t\terr = -EINVAL;\n\t\tgoto out_unlock;\n\t}\n\n\terr = ufshcd_exec_dev_cmd(hba, DEV_CMD_TYPE_QUERY, timeout);\n\n\tif (err) {\n\t\tdev_err(hba->dev,\n\t\t\t"%s: Sending flag query for idn %d failed, err = %d\\n",\n\t\t\t__func__, idn, err);\n\t\tgoto out_unlock;\n\t}\n\n\tif (flag_res)\n\t\t*flag_res = (be32_to_cpu(response->upiu_res.value) &\n\t\t\t\tMASK_QUERY_UPIU_FLAG_LOC) & 0x1;\n\nout_unlock:\n\tufshcd_dev_man_unlock(hba);\n\treturn err;\n}\n\n/**\n * ufshcd_query_attr - API function for sending attribute requests\n * @hba: per-adapter instance\n * @opcode: attribute opcode\n * @idn: attribute idn to access\n * @index: index field\n * @selector: selector field\n * @attr_val: the attribute value after the query request completes\n *\n * Return: 0 for success, non-zero in case of failure.\n*/\nint ufshcd_query_attr(struct ufs_hba *hba, enum query_opcode opcode,\n\t\t      enum attr_idn idn, u8 index, u8 selector, u32 *attr_val)\n{\n\tstruct ufs_query_req *request = NULL;\n\tstruct ufs_query_res *response = NULL;\n\tint err;\n\n\tBUG_ON(!hba);\n\n\tif (!attr_val) {\n\t\tdev_err(hba->dev, "%s: attribute value required for opcode 0x%x\\n",\n\t\t\t\t__func__, opcode);\n\t\treturn -EINVAL;\n\t}\n\n\tufshcd_dev_man_lock(hba);\n\n\tufshcd_init_query(hba, &request, &response, opcode, idn, index,\n\t\t\tselector);\n\n\tswitch (opcode) {\n\tcase UPIU_QUERY_OPCODE_WRITE_ATTR:\n\t\trequest->query_func = UPIU_QUERY_FUNC_STANDARD_WRITE_REQUEST;\n\t\trequest->upiu_req.value = cpu_to_be32(*attr_val);\n\t\tbreak;\n\tcase UPIU_QUERY_OPCODE_READ_ATTR:\n\t\trequest->query_func = UPIU_QUERY_FUNC_STANDARD_READ_REQUEST;\n\t\tbreak;\n\tdefault:\n\t\tdev_err(hba->dev, "%s: Expected query attr opcode but got = 0x%.2x\\n",\n\t\t\t\t__func__, opcode);\n\t\terr = -EINVAL;\n\t\tgoto out_unlock;\n\t}\n\n\terr = ufshcd_exec_dev_cmd(hba, DEV_CMD_TYPE_QUERY, QUERY_REQ_TIMEOUT);\n\n\tif (err) {\n\t\tdev_err(hba->dev, "%s: opcode 0x%.2x for idn %d failed, index %d, err = %d\\n",\n\t\t\t\t__func__, opcode, idn, index, err);\n\t\tgoto out_unlock;\n\t}\n\n\t*attr_val = be32_to_cpu(response->upiu_res.value);\n\nout_unlock:\n\tufshcd_dev_man_unlock(hba);\n\treturn err;\n}\n\n/**\n * ufshcd_query_attr_retry() - API function for sending query\n * attribute with retries\n * @hba: per-adapter instance\n * @opcode: attribute opcode\n * @idn: attribute idn to access\n * @index: index field\n * @selector: selector field\n * @attr_val: the attribute value after the query request\n * completes\n *\n * Return: 0 for success, non-zero in case of failure.\n*/\nint ufshcd_query_attr_retry(struct ufs_hba *hba,\n\tenum query_opcode opcode, enum attr_idn idn, u8 index, u8 selector,\n\tu32 *attr_val)\n{\n\tint ret = 0;\n\tu32 retries;\n\n\tfor (retries = QUERY_REQ_RETRIES; retries > 0; retries--) {\n\t\tret = ufshcd_query_attr(hba, opcode, idn, index,\n\t\t\t\t\t\tselector, attr_val);\n\t\tif (ret)\n\t\t\tdev_dbg(hba->dev, "%s: failed with error %d, retries %d\\n",\n\t\t\t\t__func__, ret, retries);\n\t\telse\n\t\t\tbreak;\n\t}\n\n\tif (ret)\n\t\tdev_err(hba->dev,\n\t\t\t"%s: query attribute, idn %d, failed with error %d after %d retries\\n",\n\t\t\t__func__, idn, ret, QUERY_REQ_RETRIES);\n\treturn ret;\n}\n\nstatic int __ufshcd_query_descriptor(struct ufs_hba *hba,\n\t\t\tenum query_opcode opcode, enum desc_idn idn, u8 index,\n\t\t\tu8 selector, u8 *desc_buf, int *buf_len)\n{\n\tstruct ufs_query_req *request = NULL;\n\tstruct ufs_query_res *response = NULL;\n\tint err;\n\n\tBUG_ON(!hba);\n\n\tif (!desc_buf) {\n\t\tdev_err(hba->dev, "%s: descriptor buffer required for opcode 0x%x\\n",\n\t\t\t\t__func__, opcode);\n\t\treturn -EINVAL;\n\t}\n\n\tif (*buf_len < QUERY_DESC_MIN_SIZE || *buf_len > QUERY_DESC_MAX_SIZE) {\n\t\tdev_err(hba->dev, "%s: descriptor buffer size (%d) is out of range\\n",\n\t\t\t\t__func__, *buf_len);\n\t\treturn -EINVAL;\n\t}\n\n\tufshcd_dev_man_lock(hba);\n\n\tufshcd_init_query(hba, &request, &response, opcode, idn, index,\n\t\t\tselector);\n\thba->dev_cmd.query.descriptor = desc_buf;\n\trequest->upiu_req.length = cpu_to_be16(*buf_len);\n\n\tswitch (opcode) {\n\tcase UPIU_QUERY_OPCODE_WRITE_DESC:\n\t\trequest->query_func = UPIU_QUERY_FUNC_STANDARD_WRITE_REQUEST;\n\t\tbreak;\n\tcase UPIU_QUERY_OPCODE_READ_DESC:\n\t\trequest->query_func = UPIU_QUERY_FUNC_STANDARD_READ_REQUEST;\n\t\tbreak;\n\tdefault:\n\t\tdev_err(hba->dev,\n\t\t\t\t"%s: Expected query descriptor opcode but got = 0x%.2x\\n",\n\t\t\t\t__func__, opcode);\n\t\terr = -EINVAL;\n\t\tgoto out_unlock;\n\t}\n\n\terr = ufshcd_exec_dev_cmd(hba, DEV_CMD_TYPE_QUERY, QUERY_REQ_TIMEOUT);\n\n\tif (err) {\n\t\tdev_err(hba->dev, "%s: opcode 0x%.2x for idn %d failed, index %d, err = %d\\n",\n\t\t\t\t__func__, opcode, idn, index, err);\n\t\tgoto out_unlock;\n\t}\n\n\t*buf_len = be16_to_cpu(response->upiu_res.length);\n\nout_unlock:\n\thba->dev_cmd.query.descriptor = NULL;\n\tufshcd_dev_man_unlock(hba);\n\treturn err;\n}\n\n/**\n * ufshcd_query_descriptor_retry - API function for sending descriptor requests\n * @hba: per-adapter instance\n * @opcode: attribute opcode\n * @idn: attribute idn to access\n * @index: index field\n * @selector: selector field\n * @desc_buf: the buffer that contains the descriptor\n * @buf_len: length parameter passed to the device\n *\n * The buf_len parameter will contain, on return, the length parameter\n * received on the response.\n *\n * Return: 0 for success, non-zero in case of failure.\n */\nint ufshcd_query_descriptor_retry(struct ufs_hba *hba,\n\t\t\t\t  enum query_opcode opcode,\n\t\t\t\t  enum desc_idn idn, u8 index,\n\t\t\t\t  u8 selector,\n\t\t\t\t  u8 *desc_buf, int *buf_len)\n{\n\tint err;\n\tint retries;\n\n\tfor (retries = QUERY_REQ_RETRIES; retries > 0; retries--) {\n\t\terr = __ufshcd_query_descriptor(hba, opcode, idn, index,\n\t\t\t\t\t\tselector, desc_buf, buf_len);\n\t\tif (!err || err == -EINVAL)\n\t\t\tbreak;\n\t}\n\n\treturn err;\n}\n\n/**\n * ufshcd_read_desc_param - read the specified descriptor parameter\n * @hba: Pointer to adapter instance\n * @desc_id: descriptor idn value\n * @desc_index: descriptor index\n * @param_offset: offset of the parameter to read\n * @param_read_buf: pointer to buffer where parameter would be read\n * @param_size: sizeof(param_read_buf)\n *\n * Return: 0 in case of success, non-zero otherwise.\n */\nint ufshcd_read_desc_param(struct ufs_hba *hba,\n\t\t\t   enum desc_idn desc_id,\n\t\t\t   int desc_index,\n\t\t\t   u8 param_offset,\n\t\t\t   u8 *param_read_buf,\n\t\t\t   u8 param_size)\n{\n\tint ret;\n\tu8 *desc_buf;\n\tint buff_len = QUERY_DESC_MAX_SIZE;\n\tbool is_kmalloc = true;\n\n\t/* Safety check */\n\tif (desc_id >= QUERY_DESC_IDN_MAX || !param_size)\n\t\treturn -EINVAL;\n\n\t/* Check whether we need temp memory */\n\tif (param_offset != 0 || param_size < buff_len) {\n\t\tdesc_buf = kzalloc(buff_len, GFP_KERNEL);\n\t\tif (!desc_buf)\n\t\t\treturn -ENOMEM;\n\t} else {\n\t\tdesc_buf = param_read_buf;\n\t\tis_kmalloc = false;\n\t}\n\n\t/* Request for full descriptor */\n\tret = ufshcd_query_descriptor_retry(hba, UPIU_QUERY_OPCODE_READ_DESC,\n\t\t\t\t\t    desc_id, desc_index, 0,\n\t\t\t\t\t    desc_buf, &buff_len);\n\tif (ret) {\n\t\tdev_err(hba->dev, "%s: Failed reading descriptor. desc_id %d, desc_index %d, param_offset %d, ret %d\\n",\n\t\t\t__func__, desc_id, desc_index, param_offset, ret);\n\t\tgoto out;\n\t}\n\n\t/* Update descriptor length */\n\tbuff_len = desc_buf[QUERY_DESC_LENGTH_OFFSET];\n\n\tif (param_offset >= buff_len) {\n\t\tdev_err(hba->dev, "%s: Invalid offset 0x%x in descriptor IDN 0x%x, length 0x%x\\n",\n\t\t\t__func__, param_offset, desc_id, buff_len);\n\t\tret = -EINVAL;\n\t\tgoto out;\n\t}\n\n\t/* Sanity check */\n\tif (desc_buf[QUERY_DESC_DESC_TYPE_OFFSET] != desc_id) {\n\t\tdev_err(hba->dev, "%s: invalid desc_id %d in descriptor header\\n",\n\t\t\t__func__, desc_buf[QUERY_DESC_DESC_TYPE_OFFSET]);\n\t\tret = -EINVAL;\n\t\tgoto out;\n\t}\n\n\tif (is_kmalloc) {\n\t\t/* Make sure we don\'t copy more data than available */\n\t\tif (param_offset >= buff_len)\n\t\t\tret = -EINVAL;\n\t\telse\n\t\t\tmemcpy(param_read_buf, &desc_buf[param_offset],\n\t\t\t       min_t(u32, param_size, buff_len - param_offset));\n\t}\nout:\n\tif (is_kmalloc)\n\t\tkfree(desc_buf);\n\treturn ret;\n}\n\n/**\n * struct uc_string_id - unicode string\n *\n * @len: size of this descriptor inclusive\n * @type: descriptor type\n * @uc: unicode string character\n */\nstruct uc_string_id {\n\tu8 len;\n\tu8 type;\n\twchar_t uc[];\n} __packed;\n\n/* replace non-printable or non-ASCII characters with spaces */\nstatic inline char ufshcd_remove_non_printable(u8 ch)\n{\n\treturn (ch >= 0x20 && ch <= 0x7e) ? ch : \' \';\n}\n\n/**\n * ufshcd_read_string_desc - read string descriptor\n * @hba: pointer to adapter instance\n * @desc_index: descriptor index\n * @buf: pointer to buffer where descriptor would be read,\n *       the caller should free the memory.\n * @ascii: if true convert from unicode to ascii characters\n *         null terminated string.\n *\n * Return:\n * *      string size on success.\n * *      -ENOMEM: on allocation failure\n * *      -EINVAL: on a wrong parameter\n */\nint ufshcd_read_string_desc(struct ufs_hba *hba, u8 desc_index,\n\t\t\t    u8 **buf, bool ascii)\n{\n\tstruct uc_string_id *uc_str;\n\tu8 *str;\n\tint ret;\n\n\tif (!buf)\n\t\treturn -EINVAL;\n\n\tuc_str = kzalloc(QUERY_DESC_MAX_SIZE, GFP_KERNEL);\n\tif (!uc_str)\n\t\treturn -ENOMEM;\n\n\tret = ufshcd_read_desc_param(hba, QUERY_DESC_IDN_STRING, desc_index, 0,\n\t\t\t\t     (u8 *)uc_str, QUERY_DESC_MAX_SIZE);\n\tif (ret < 0) {\n\t\tdev_err(hba->dev, "Reading String Desc failed after %d retries. err = %d\\n",\n\t\t\tQUERY_REQ_RETRIES, ret);\n\t\tstr = NULL;\n\t\tgoto out;\n\t}\n\n\tif (uc_str->len <= QUERY_DESC_HDR_SIZE) {\n\t\tdev_dbg(hba->dev, "String Desc is of zero length\\n");\n\t\tstr = NULL;\n\t\tret = 0;\n\t\tgoto out;\n\t}\n\n\tif (ascii) {\n\t\tssize_t ascii_len;\n\t\tint i;\n\t\t/* remove header and divide by 2 to move from UTF16 to UTF8 */\n\t\tascii_len = (uc_str->len - QUERY_DESC_HDR_SIZE) / 2 + 1;\n\t\tstr = kzalloc(ascii_len, GFP_KERNEL);\n\t\tif (!str) {\n\t\t\tret = -ENOMEM;\n\t\t\tgoto out;\n\t\t}\n\n\t\t/*\n\t\t * the descriptor contains string in UTF16 format\n\t\t * we need to convert to utf-8 so it can be displayed\n\t\t */\n\t\tret = utf16s_to_utf8s(uc_str->uc,\n\t\t\t\t      uc_str->len - QUERY_DESC_HDR_SIZE,\n\t\t\t\t      UTF16_BIG_ENDIAN, str, ascii_len - 1);\n\n\t\t/* replace non-printable or non-ASCII characters with spaces */\n\t\tfor (i = 0; i < ret; i++)\n\t\t\tstr[i] = ufshcd_remove_non_printable(str[i]);\n\n\t\tstr[ret++] = \'\\0\';\n\n\t} else {\n\t\tstr = kmemdup(uc_str, uc_str->len, GFP_KERNEL);\n\t\tif (!str) {\n\t\t\tret = -ENOMEM;\n\t\t\tgoto out;\n\t\t}\n\t\tret = uc_str->len;\n\t}\nout:\n\t*buf = str;\n\tkfree(uc_str);\n\treturn ret;\n}\n\n/**\n * ufshcd_read_unit_desc_param - read the specified unit descriptor parameter\n * @hba: Pointer to adapter instance\n * @lun: lun id\n * @param_offset: offset of the parameter to read\n * @param_read_buf: pointer to buffer where parameter would be read\n * @param_size: sizeof(param_read_buf)\n *\n * Return: 0 in case of success, non-zero otherwise.\n */\nstatic inline int ufshcd_read_unit_desc_param(struct ufs_hba *hba,\n\t\t\t\t\t      int lun,\n\t\t\t\t\t      enum unit_desc_param param_offset,\n\t\t\t\t\t      u8 *param_read_buf,\n\t\t\t\t\t      u32 param_size)\n{\n\t/*\n\t * Unit descriptors are only available for general purpose LUs (LUN id\n\t * from 0 to 7) and RPMB Well known LU.\n\t */\n\tif (!ufs_is_valid_unit_desc_lun(&hba->dev_info, lun))\n\t\treturn -EOPNOTSUPP;\n\n\treturn ufshcd_read_desc_param(hba, QUERY_DESC_IDN_UNIT, lun,\n\t\t\t\t      param_offset, param_read_buf, param_size);\n}\n\nstatic int ufshcd_get_ref_clk_gating_wait(struct ufs_hba *hba)\n{\n\tint err = 0;\n\tu32 gating_wait = UFSHCD_REF_CLK_GATING_WAIT_US;\n\n\tif (hba->dev_info.wspecversion >= 0x300) {\n\t\terr = ufshcd_query_attr_retry(hba, UPIU_QUERY_OPCODE_READ_ATTR,\n\t\t\t\tQUERY_ATTR_IDN_REF_CLK_GATING_WAIT_TIME, 0, 0,\n\t\t\t\t&gating_wait);\n\t\tif (err)\n\t\t\tdev_err(hba->dev, "Failed reading bRefClkGatingWait. err = %d, use default %uus\\n",\n\t\t\t\t\t err, gating_wait);\n\n\t\tif (gating_wait == 0) {\n\t\t\tgating_wait = UFSHCD_REF_CLK_GATING_WAIT_US;\n\t\t\tdev_err(hba->dev, "Undefined ref clk gating wait time, use default %uus\\n",\n\t\t\t\t\t gating_wait);\n\t\t}\n\n\t\thba->dev_info.clk_gating_wait_us = gating_wait;\n\t}\n\n\treturn err;\n}\n\n/**\n * ufshcd_memory_alloc - allocate memory for host memory space data structures\n * @hba: per adapter instance\n *\n * 1. Allocate DMA memory for Command Descriptor array\n *\tEach command descriptor consist of Command UPIU, Response UPIU and PRDT\n * 2. Allocate DMA memory for UTP Transfer Request Descriptor List (UTRDL).\n * 3. Allocate DMA memory for UTP Task Management Request Descriptor List\n *\t(UTMRDL)\n * 4. Allocate memory for local reference block(lrb).\n *\n * Return: 0 for success, non-zero in case of failure.\n */\nstatic int ufshcd_memory_alloc(struct ufs_hba *hba)\n{\n\tsize_t utmrdl_size, utrdl_size, ucdl_size;\n\n\t/* Allocate memory for UTP command descriptors */\n\tucdl_size = ufshcd_get_ucd_size(hba) * hba->nutrs;\n\thba->ucdl_base_addr = dmam_alloc_coherent(hba->dev,\n\t\t\t\t\t\t  ucdl_size,\n\t\t\t\t\t\t  &hba->ucdl_dma_addr,\n\t\t\t\t\t\t  GFP_KERNEL);\n\n\t/*\n\t * UFSHCI requires UTP command descriptor to be 128 byte aligned.\n\t */\n\tif (!hba->ucdl_base_addr ||\n\t    WARN_ON(hba->ucdl_dma_addr & (128 - 1))) {\n\t\tdev_err(hba->dev,\n\t\t\t"Command Descriptor Memory allocation failed\\n");\n\t\tgoto out;\n\t}\n\n\t/*\n\t * Allocate memory for UTP Transfer descriptors\n\t * UFSHCI requires 1KB alignment of UTRD\n\t */\n\tutrdl_size = (sizeof(struct utp_transfer_req_desc) * hba->nutrs);\n\thba->utrdl_base_addr = dmam_alloc_coherent(hba->dev,\n\t\t\t\t\t\t   utrdl_size,\n\t\t\t\t\t\t   &hba->utrdl_dma_addr,\n\t\t\t\t\t\t   GFP_KERNEL);\n\tif (!hba->utrdl_base_addr ||\n\t    WARN_ON(hba->utrdl_dma_addr & (SZ_1K - 1))) {\n\t\tdev_err(hba->dev,\n\t\t\t"Transfer Descriptor Memory allocation failed\\n");\n\t\tgoto out;\n\t}\n\n\t/*\n\t * Skip utmrdl allocation; it may have been\n\t * allocated during first pass and not released during\n\t * MCQ memory allocation.\n\t * See ufshcd_release_sdb_queue() and ufshcd_config_mcq()\n\t */\n\tif (hba->utmrdl_base_addr)\n\t\tgoto skip_utmrdl;\n\t/*\n\t * Allocate memory for UTP Task Management descriptors\n\t * UFSHCI requires 1KB alignment of UTMRD\n\t */\n\tutmrdl_size = sizeof(struct utp_task_req_desc) * hba->nutmrs;\n\thba->utmrdl_base_addr = dmam_alloc_coherent(hba->dev,\n\t\t\t\t\t\t    utmrdl_size,\n\t\t\t\t\t\t    &hba->utmrdl_dma_addr,\n\t\t\t\t\t\t    GFP_KERNEL);\n\tif (!hba->utmrdl_base_addr ||\n\t    WARN_ON(hba->utmrdl_dma_addr & (SZ_1K - 1))) {\n\t\tdev_err(hba->dev,\n\t\t"Task Management Descriptor Memory allocation failed\\n");\n\t\tgoto out;\n\t}\n\nskip_utmrdl:\n\t/* Allocate memory for local reference block */\n\thba->lrb = devm_kcalloc(hba->dev,\n\t\t\t\thba->nutrs, sizeof(struct ufshcd_lrb),\n\t\t\t\tGFP_KERNEL);\n\tif (!hba->lrb) {\n\t\tdev_err(hba->dev, "LRB Memory allocation failed\\n");\n\t\tgoto out;\n\t}\n\treturn 0;\nout:\n\treturn -ENOMEM;\n}\n\n/**\n * ufshcd_host_memory_configure - configure local reference block with\n *\t\t\t\tmemory offsets\n * @hba: per adapter instance\n *\n * Configure Host memory space\n * 1. Update Corresponding UTRD.UCDBA and UTRD.UCDBAU with UCD DMA\n * address.\n * 2. Update each UTRD with Response UPIU offset, Response UPIU length\n * and PRDT offset.\n * 3. Save the corresponding addresses of UTRD, UCD.CMD, UCD.RSP and UCD.PRDT\n * into local reference block.\n */\nstatic void ufshcd_host_memory_configure(struct ufs_hba *hba)\n{\n\tstruct utp_transfer_req_desc *utrdlp;\n\tdma_addr_t cmd_desc_dma_addr;\n\tdma_addr_t cmd_desc_element_addr;\n\tu16 response_offset;\n\tu16 prdt_offset;\n\tint cmd_desc_size;\n\tint i;\n\n\tutrdlp = hba->utrdl_base_addr;\n\n\tresponse_offset =\n\t\toffsetof(struct utp_transfer_cmd_desc, response_upiu);\n\tprdt_offset =\n\t\toffsetof(struct utp_transfer_cmd_desc, prd_table);\n\n\tcmd_desc_size = ufshcd_get_ucd_size(hba);\n\tcmd_desc_dma_addr = hba->ucdl_dma_addr;\n\n\tfor (i = 0; i < hba->nutrs; i++) {\n\t\t/* Configure UTRD with command descriptor base address */\n\t\tcmd_desc_element_addr =\n\t\t\t\t(cmd_desc_dma_addr + (cmd_desc_size * i));\n\t\tutrdlp[i].command_desc_base_addr =\n\t\t\t\tcpu_to_le64(cmd_desc_element_addr);\n\n\t\t/* Response upiu and prdt offset should be in double words */\n\t\tif (hba->quirks & UFSHCD_QUIRK_PRDT_BYTE_GRAN) {\n\t\t\tutrdlp[i].response_upiu_offset =\n\t\t\t\tcpu_to_le16(response_offset);\n\t\t\tutrdlp[i].prd_table_offset =\n\t\t\t\tcpu_to_le16(prdt_offset);\n\t\t\tutrdlp[i].response_upiu_length =\n\t\t\t\tcpu_to_le16(ALIGNED_UPIU_SIZE);\n\t\t} else {\n\t\t\tutrdlp[i].response_upiu_offset =\n\t\t\t\tcpu_to_le16(response_offset >> 2);\n\t\t\tutrdlp[i].prd_table_offset =\n\t\t\t\tcpu_to_le16(prdt_offset >> 2);\n\t\t\tutrdlp[i].response_upiu_length =\n\t\t\t\tcpu_to_le16(ALIGNED_UPIU_SIZE >> 2);\n\t\t}\n\n\t\tufshcd_init_lrb(hba, &hba->lrb[i], i);\n\t}\n}\n\n/**\n * ufshcd_dme_link_startup - Notify Unipro to perform link startup\n * @hba: per adapter instance\n *\n * UIC_CMD_DME_LINK_STARTUP command must be issued to Unipro layer,\n * in order to initialize the Unipro link startup procedure.\n * Once the Unipro links are up, the device connected to the controller\n * is detected.\n *\n * Return: 0 on success, non-zero value on failure.\n */\nstatic int ufshcd_dme_link_startup(struct ufs_hba *hba)\n{\n\tstruct uic_command uic_cmd = {\n\t\t.command = UIC_CMD_DME_LINK_STARTUP,\n\t};\n\tint ret;\n\n\tret = ufshcd_send_uic_cmd(hba, &uic_cmd);\n\tif (ret)\n\t\tdev_dbg(hba->dev,\n\t\t\t"dme-link-startup: error code %d\\n", ret);\n\treturn ret;\n}\n/**\n * ufshcd_dme_reset - UIC command for DME_RESET\n * @hba: per adapter instance\n *\n * DME_RESET command is issued in order to reset UniPro stack.\n * This function now deals with cold reset.\n *\n * Return: 0 on success, non-zero value on failure.\n */\nstatic int ufshcd_dme_reset(struct ufs_hba *hba)\n{\n\tstruct uic_command uic_cmd = {\n\t\t.command = UIC_CMD_DME_RESET,\n\t};\n\tint ret;\n\n\tret = ufshcd_send_uic_cmd(hba, &uic_cmd);\n\tif (ret)\n\t\tdev_err(hba->dev,\n\t\t\t"dme-reset: error code %d\\n", ret);\n\n\treturn ret;\n}\n\nint ufshcd_dme_configure_adapt(struct ufs_hba *hba,\n\t\t\t       int agreed_gear,\n\t\t\t       int adapt_val)\n{\n\tint ret;\n\n\tif (agreed_gear < UFS_HS_G4)\n\t\tadapt_val = PA_NO_ADAPT;\n\n\tret = ufshcd_dme_set(hba,\n\t\t\t     UIC_ARG_MIB(PA_TXHSADAPTTYPE),\n\t\t\t     adapt_val);\n\treturn ret;\n}\nEXPORT_SYMBOL_GPL(ufshcd_dme_configure_adapt);\n\n/**\n * ufshcd_dme_enable - UIC command for DME_ENABLE\n * @hba: per adapter instance\n *\n * DME_ENABLE command is issued in order to enable UniPro stack.\n *\n * Return: 0 on success, non-zero value on failure.\n */\nstatic int ufshcd_dme_enable(struct ufs_hba *hba)\n{\n\tstruct uic_command uic_cmd = {\n\t\t.command = UIC_CMD_DME_ENABLE,\n\t};\n\tint ret;\n\n\tret = ufshcd_send_uic_cmd(hba, &uic_cmd);\n\tif (ret)\n\t\tdev_err(hba->dev,\n\t\t\t"dme-enable: error code %d\\n", ret);\n\n\treturn ret;\n}\n\nstatic inline void ufshcd_add_delay_before_dme_cmd(struct ufs_hba *hba)\n{\n\t#define MIN_DELAY_BEFORE_DME_CMDS_US\t1000\n\tunsigned long min_sleep_time_us;\n\n\tif (!(hba->quirks & UFSHCD_QUIRK_DELAY_BEFORE_DME_CMDS))\n\t\treturn;\n\n\t/*\n\t * last_dme_cmd_tstamp will be 0 only for 1st call to\n\t * this function\n\t */\n\tif (unlikely(!ktime_to_us(hba->last_dme_cmd_tstamp))) {\n\t\tmin_sleep_time_us = MIN_DELAY_BEFORE_DME_CMDS_US;\n\t} else {\n\t\tunsigned long delta =\n\t\t\t(unsigned long) ktime_to_us(\n\t\t\t\tktime_sub(ktime_get(),\n\t\t\t\thba->last_dme_cmd_tstamp));\n\n\t\tif (delta < MIN_DELAY_BEFORE_DME_CMDS_US)\n\t\t\tmin_sleep_time_us =\n\t\t\t\tMIN_DELAY_BEFORE_DME_CMDS_US - delta;\n\t\telse\n\t\t\tmin_sleep_time_us = 0; /* no more delay required */\n\t}\n\n\tif (min_sleep_time_us > 0) {\n\t\t/* allow sleep for extra 50us if needed */\n\t\tusleep_range(min_sleep_time_us, min_sleep_time_us + 50);\n\t}\n\n\t/* update the last_dme_cmd_tstamp */\n\thba->last_dme_cmd_tstamp = ktime_get();\n}\n\n/**\n * ufshcd_dme_set_attr - UIC command for DME_SET, DME_PEER_SET\n * @hba: per adapter instance\n * @attr_sel: uic command argument1\n * @attr_set: attribute set type as uic command argument2\n * @mib_val: setting value as uic command argument3\n * @peer: indicate whether peer or local\n *\n * Return: 0 on success, non-zero value on failure.\n */\nint ufshcd_dme_set_attr(struct ufs_hba *hba, u32 attr_sel,\n\t\t\tu8 attr_set, u32 mib_val, u8 peer)\n{\n\tstruct uic_command uic_cmd = {\n\t\t.command = peer ? UIC_CMD_DME_PEER_SET : UIC_CMD_DME_SET,\n\t\t.argument1 = attr_sel,\n\t\t.argument2 = UIC_ARG_ATTR_TYPE(attr_set),\n\t\t.argument3 = mib_val,\n\t};\n\tstatic const char *const action[] = {\n\t\t"dme-set",\n\t\t"dme-peer-set"\n\t};\n\tconst char *set = action[!!peer];\n\tint ret;\n\tint retries = UFS_UIC_COMMAND_RETRIES;\n\n\tdo {\n\t\t/* for peer attributes we retry upon failure */\n\t\tret = ufshcd_send_uic_cmd(hba, &uic_cmd);\n\t\tif (ret)\n\t\t\tdev_dbg(hba->dev, "%s: attr-id 0x%x val 0x%x error code %d\\n",\n\t\t\t\tset, UIC_GET_ATTR_ID(attr_sel), mib_val, ret);\n\t} while (ret && peer && --retries);\n\n\tif (ret)\n\t\tdev_err(hba->dev, "%s: attr-id 0x%x val 0x%x failed %d retries\\n",\n\t\t\tset, UIC_GET_ATTR_ID(attr_sel), mib_val,\n\t\t\tUFS_UIC_COMMAND_RETRIES - retries);\n\n\treturn ret;\n}\nEXPORT_SYMBOL_GPL(ufshcd_dme_set_attr);\n\n/**\n * ufshcd_dme_get_attr - UIC command for DME_GET, DME_PEER_GET\n * @hba: per adapter instance\n * @attr_sel: uic command argument1\n * @mib_val: the value of the attribute as returned by the UIC command\n * @peer: indicate whether peer or local\n *\n * Return: 0 on success, non-zero value on failure.\n */\nint ufshcd_dme_get_attr(struct ufs_hba *hba, u32 attr_sel,\n\t\t\tu32 *mib_val, u8 peer)\n{\n\tstruct uic_command uic_cmd = {\n\t\t.command = peer ? UIC_CMD_DME_PEER_GET : UIC_CMD_DME_GET,\n\t\t.argument1 = attr_sel,\n\t};\n\tstatic const char *const action[] = {\n\t\t"dme-get",\n\t\t"dme-peer-get"\n\t};\n\tconst char *get = action[!!peer];\n\tint ret;\n\tint retries = UFS_UIC_COMMAND_RETRIES;\n\tstruct ufs_pa_layer_attr orig_pwr_info;\n\tstruct ufs_pa_layer_attr temp_pwr_info;\n\tbool pwr_mode_change = false;\n\n\tif (peer && (hba->quirks & UFSHCD_QUIRK_DME_PEER_ACCESS_AUTO_MODE)) {\n\t\torig_pwr_info = hba->pwr_info;\n\t\ttemp_pwr_info = orig_pwr_info;\n\n\t\tif (orig_pwr_info.pwr_tx == FAST_MODE ||\n\t\t    orig_pwr_info.pwr_rx == FAST_MODE) {\n\t\t\ttemp_pwr_info.pwr_tx = FASTAUTO_MODE;\n\t\t\ttemp_pwr_info.pwr_rx = FASTAUTO_MODE;\n\t\t\tpwr_mode_change = true;\n\t\t} else if (orig_pwr_info.pwr_tx == SLOW_MODE ||\n\t\t    orig_pwr_info.pwr_rx == SLOW_MODE) {\n\t\t\ttemp_pwr_info.pwr_tx = SLOWAUTO_MODE;\n\t\t\ttemp_pwr_info.pwr_rx = SLOWAUTO_MODE;\n\t\t\tpwr_mode_change = true;\n\t\t}\n\t\tif (pwr_mode_change) {\n\t\t\tret = ufshcd_change_power_mode(hba, &temp_pwr_info);\n\t\t\tif (ret)\n\t\t\t\tgoto out;\n\t\t}\n\t}\n\n\tdo {\n\t\t/* for peer attributes we retry upon failure */\n\t\tret = ufshcd_send_uic_cmd(hba, &uic_cmd);\n\t\tif (ret)\n\t\t\tdev_dbg(hba->dev, "%s: attr-id 0x%x error code %d\\n",\n\t\t\t\tget, UIC_GET_ATTR_ID(attr_sel), ret);\n\t} while (ret && peer && --retries);\n\n\tif (ret)\n\t\tdev_err(hba->dev, "%s: attr-id 0x%x failed %d retries\\n",\n\t\t\tget, UIC_GET_ATTR_ID(attr_sel),\n\t\t\tUFS_UIC_COMMAND_RETRIES - retries);\n\n\tif (mib_val && !ret)\n\t\t*mib_val = uic_cmd.argument3;\n\n\tif (peer && (hba->quirks & UFSHCD_QUIRK_DME_PEER_ACCESS_AUTO_MODE)\n\t    && pwr_mode_change)\n\t\tufshcd_change_power_mode(hba, &orig_pwr_info);\nout:\n\treturn ret;\n}\nEXPORT_SYMBOL_GPL(ufshcd_dme_get_attr);\n\n/**\n * ufshcd_uic_pwr_ctrl - executes UIC commands (which affects the link power\n * state) and waits for it to take effect.\n *\n * @hba: per adapter instance\n * @cmd: UIC command to execute\n *\n * DME operations like DME_SET(PA_PWRMODE), DME_HIBERNATE_ENTER &\n * DME_HIBERNATE_EXIT commands take some time to take its effect on both host\n * and device UniPro link and hence it\'s final completion would be indicated by\n * dedicated status bits in Interrupt Status register (UPMS, UHES, UHXS) in\n * addition to normal UIC command completion Status (UCCS). This function only\n * returns after the relevant status bits indicate the completion.\n *\n * Return: 0 on success, non-zero value on failure.\n */\nstatic int ufshcd_uic_pwr_ctrl(struct ufs_hba *hba, struct uic_command *cmd)\n{\n\tDECLARE_COMPLETION_ONSTACK(uic_async_done);\n\tunsigned long flags;\n\tu8 status;\n\tint ret;\n\tbool reenable_intr = false;\n\n\tmutex_lock(&hba->uic_cmd_mutex);\n\tufshcd_add_delay_before_dme_cmd(hba);\n\n\tspin_lock_irqsave(hba->host->host_lock, flags);\n\tif (ufshcd_is_link_broken(hba)) {\n\t\tret = -ENOLINK;\n\t\tgoto out_unlock;\n\t}\n\thba->uic_async_done = &uic_async_done;\n\tif (ufshcd_readl(hba, REG_INTERRUPT_ENABLE) & UIC_COMMAND_COMPL) {\n\t\tufshcd_disable_intr(hba, UIC_COMMAND_COMPL);\n\t\t/*\n\t\t * Make sure UIC command completion interrupt is disabled before\n\t\t * issuing UIC command.\n\t\t */\n\t\tufshcd_readl(hba, REG_INTERRUPT_ENABLE);\n\t\treenable_intr = true;\n\t}\n\tspin_unlock_irqrestore(hba->host->host_lock, flags);\n\tret = __ufshcd_send_uic_cmd(hba, cmd);\n\tif (ret) {\n\t\tdev_err(hba->dev,\n\t\t\t"pwr ctrl cmd 0x%x with mode 0x%x uic error %d\\n",\n\t\t\tcmd->command, cmd->argument3, ret);\n\t\tgoto out;\n\t}\n\n\tif (!wait_for_completion_timeout(hba->uic_async_done,\n\t\t\t\t\t msecs_to_jiffies(uic_cmd_timeout))) {\n\t\tdev_err(hba->dev,\n\t\t\t"pwr ctrl cmd 0x%x with mode 0x%x completion timeout\\n",\n\t\t\tcmd->command, cmd->argument3);\n\n\t\tif (!cmd->cmd_active) {\n\t\t\tdev_err(hba->dev, "%s: Power Mode Change operation has been completed, go check UPMCRS\\n",\n\t\t\t\t__func__);\n\t\t\tgoto check_upmcrs;\n\t\t}\n\n\t\tret = -ETIMEDOUT;\n\t\tgoto out;\n\t}\n\ncheck_upmcrs:\n\tstatus = ufshcd_get_upmcrs(hba);\n\tif (status != PWR_LOCAL) {\n\t\tdev_err(hba->dev,\n\t\t\t"pwr ctrl cmd 0x%x failed, host upmcrs:0x%x\\n",\n\t\t\tcmd->command, status);\n\t\tret = (status != PWR_OK) ? status : -1;\n\t}\nout:\n\tif (ret) {\n\t\tufshcd_print_host_state(hba);\n\t\tufshcd_print_pwr_info(hba);\n\t\tufshcd_print_evt_hist(hba);\n\t}\n\n\tspin_lock_irqsave(hba->host->host_lock, flags);\n\thba->active_uic_cmd = NULL;\n\thba->uic_async_done = NULL;\n\tif (reenable_intr)\n\t\tufshcd_enable_intr(hba, UIC_COMMAND_COMPL);\n\tif (ret) {\n\t\tufshcd_set_link_broken(hba);\n\t\tufshcd_schedule_eh_work(hba);\n\t}\nout_unlock:\n\tspin_unlock_irqrestore(hba->host->host_lock, flags);\n\tmutex_unlock(&hba->uic_cmd_mutex);\n\n\treturn ret;\n}\n\n/**\n * ufshcd_send_bsg_uic_cmd - Send UIC commands requested via BSG layer and retrieve the result\n * @hba: per adapter instance\n * @uic_cmd: UIC command\n *\n * Return: 0 only if success.\n */\nint ufshcd_send_bsg_uic_cmd(struct ufs_hba *hba, struct uic_command *uic_cmd)\n{\n\tint ret;\n\n\tif (hba->quirks & UFSHCD_QUIRK_BROKEN_UIC_CMD)\n\t\treturn 0;\n\n\tufshcd_hold(hba);\n\n\tif (uic_cmd->argument1 == UIC_ARG_MIB(PA_PWRMODE) &&\n\t    uic_cmd->command == UIC_CMD_DME_SET) {\n\t\tret = ufshcd_uic_pwr_ctrl(hba, uic_cmd);\n\t\tgoto out;\n\t}\n\n\tmutex_lock(&hba->uic_cmd_mutex);\n\tufshcd_add_delay_before_dme_cmd(hba);\n\n\tret = __ufshcd_send_uic_cmd(hba, uic_cmd);\n\tif (!ret)\n\t\tret = ufshcd_wait_for_uic_cmd(hba, uic_cmd);\n\n\tmutex_unlock(&hba->uic_cmd_mutex);\n\nout:\n\tufshcd_release(hba);\n\treturn ret;\n}\n\n/**\n * ufshcd_uic_change_pwr_mode - Perform the UIC power mode chage\n *\t\t\t\tusing DME_SET primitives.\n * @hba: per adapter instance\n * @mode: powr mode value\n *\n * Return: 0 on success, non-zero value on failure.\n */\nint ufshcd_uic_change_pwr_mode(struct ufs_hba *hba, u8 mode)\n{\n\tstruct uic_command uic_cmd = {\n\t\t.command = UIC_CMD_DME_SET,\n\t\t.argument1 = UIC_ARG_MIB(PA_PWRMODE),\n\t\t.argument3 = mode,\n\t};\n\tint ret;\n\n\tif (hba->quirks & UFSHCD_QUIRK_BROKEN_PA_RXHSUNTERMCAP) {\n\t\tret = ufshcd_dme_set(hba,\n\t\t\t\tUIC_ARG_MIB_SEL(PA_RXHSUNTERMCAP, 0), 1);\n\t\tif (ret) {\n\t\t\tdev_err(hba->dev, "%s: failed to enable PA_RXHSUNTERMCAP ret %d\\n",\n\t\t\t\t\t\t__func__, ret);\n\t\t\tgoto out;\n\t\t}\n\t}\n\n\tufshcd_hold(hba);\n\tret = ufshcd_uic_pwr_ctrl(hba, &uic_cmd);\n\tufshcd_release(hba);\n\nout:\n\treturn ret;\n}\nEXPORT_SYMBOL_GPL(ufshcd_uic_change_pwr_mode);\n\nint ufshcd_link_recovery(struct ufs_hba *hba)\n{\n\tint ret;\n\tunsigned long flags;\n\n\tspin_lock_irqsave(hba->host->host_lock, flags);\n\thba->ufshcd_state = UFSHCD_STATE_RESET;\n\tufshcd_set_eh_in_progress(hba);\n\tspin_unlock_irqrestore(hba->host->host_lock, flags);\n\n\t/* Reset the attached device */\n\tufshcd_device_reset(hba);\n\n\tret = ufshcd_host_reset_and_restore(hba);\n\n\tspin_lock_irqsave(hba->host->host_lock, flags);\n\tif (ret)\n\t\thba->ufshcd_state = UFSHCD_STATE_ERROR;\n\tufshcd_clear_eh_in_progress(hba);\n\tspin_unlock_irqrestore(hba->host->host_lock, flags);\n\n\tif (ret)\n\t\tdev_err(hba->dev, "%s: link recovery failed, err %d",\n\t\t\t__func__, ret);\n\n\treturn ret;\n}\nEXPORT_SYMBOL_GPL(ufshcd_link_recovery);\n\nint ufshcd_uic_hibern8_enter(struct ufs_hba *hba)\n{\n\tstruct uic_command uic_cmd = {\n\t\t.command = UIC_CMD_DME_HIBER_ENTER,\n\t};\n\tktime_t start = ktime_get();\n\tint ret;\n\n\tufshcd_vops_hibern8_notify(hba, UIC_CMD_DME_HIBER_ENTER, PRE_CHANGE);\n\n\tret = ufshcd_uic_pwr_ctrl(hba, &uic_cmd);\n\ttrace_ufshcd_profile_hibern8(dev_name(hba->dev), "enter",\n\t\t\t     ktime_to_us(ktime_sub(ktime_get(), start)), ret);\n\n\tif (ret)\n\t\tdev_err(hba->dev, "%s: hibern8 enter failed. ret = %d\\n",\n\t\t\t__func__, ret);\n\telse\n\t\tufshcd_vops_hibern8_notify(hba, UIC_CMD_DME_HIBER_ENTER,\n\t\t\t\t\t\t\t\tPOST_CHANGE);\n\n\treturn ret;\n}\nEXPORT_SYMBOL_GPL(ufshcd_uic_hibern8_enter);\n\nint ufshcd_uic_hibern8_exit(struct ufs_hba *hba)\n{\n\tstruct uic_command uic_cmd = {\n\t\t.command = UIC_CMD_DME_HIBER_EXIT,\n\t};\n\tint ret;\n\tktime_t start = ktime_get();\n\n\tufshcd_vops_hibern8_notify(hba, UIC_CMD_DME_HIBER_EXIT, PRE_CHANGE);\n\n\tret = ufshcd_uic_pwr_ctrl(hba, &uic_cmd);\n\ttrace_ufshcd_profile_hibern8(dev_name(hba->dev), "exit",\n\t\t\t     ktime_to_us(ktime_sub(ktime_get(), start)), ret);\n\n\tif (ret) {\n\t\tdev_err(hba->dev, "%s: hibern8 exit failed. ret = %d\\n",\n\t\t\t__func__, ret);\n\t} else {\n\t\tufshcd_vops_hibern8_notify(hba, UIC_CMD_DME_HIBER_EXIT,\n\t\t\t\t\t\t\t\tPOST_CHANGE);\n\t\thba->ufs_stats.last_hibern8_exit_tstamp = local_clock();\n\t\thba->ufs_stats.hibern8_exit_cnt++;\n\t}\n\n\treturn ret;\n}\nEXPORT_SYMBOL_GPL(ufshcd_uic_hibern8_exit);\n\nstatic void ufshcd_configure_auto_hibern8(struct ufs_hba *hba)\n{\n\tif (!ufshcd_is_auto_hibern8_supported(hba))\n\t\treturn;\n\n\tufshcd_writel(hba, hba->ahit, REG_AUTO_HIBERNATE_IDLE_TIMER);\n}\n\nvoid ufshcd_auto_hibern8_update(struct ufs_hba *hba, u32 ahit)\n{\n\tconst u32 cur_ahit = READ_ONCE(hba->ahit);\n\n\tif (!ufshcd_is_auto_hibern8_supported(hba) || cur_ahit == ahit)\n\t\treturn;\n\n\tWRITE_ONCE(hba->ahit, ahit);\n\tif (!pm_runtime_suspended(&hba->ufs_device_wlun->sdev_gendev)) {\n\t\tufshcd_rpm_get_sync(hba);\n\t\tufshcd_hold(hba);\n\t\tufshcd_configure_auto_hibern8(hba);\n\t\tufshcd_release(hba);\n\t\tufshcd_rpm_put_sync(hba);\n\t}\n}\nEXPORT_SYMBOL_GPL(ufshcd_auto_hibern8_update);\n\n /**\n * ufshcd_init_pwr_info - setting the POR (power on reset)\n * values in hba power info\n * @hba: per-adapter instance\n */\nstatic void ufshcd_init_pwr_info(struct ufs_hba *hba)\n{\n\thba->pwr_info.gear_rx = UFS_PWM_G1;\n\thba->pwr_info.gear_tx = UFS_PWM_G1;\n\thba->pwr_info.lane_rx = UFS_LANE_1;\n\thba->pwr_info.lane_tx = UFS_LANE_1;\n\thba->pwr_info.pwr_rx = SLOWAUTO_MODE;\n\thba->pwr_info.pwr_tx = SLOWAUTO_MODE;\n\thba->pwr_info.hs_rate = 0;\n}\n\n/**\n * ufshcd_get_max_pwr_mode - reads the max power mode negotiated with device\n * @hba: per-adapter instance\n *\n * Return: 0 upon success; < 0 upon failure.\n */\nstatic int ufshcd_get_max_pwr_mode(struct ufs_hba *hba)\n{\n\tstruct ufs_pa_layer_attr *pwr_info = &hba->max_pwr_info.info;\n\n\tif (hba->max_pwr_info.is_valid)\n\t\treturn 0;\n\n\tif (hba->quirks & UFSHCD_QUIRK_HIBERN_FASTAUTO) {\n\t\tpwr_info->pwr_tx = FASTAUTO_MODE;\n\t\tpwr_info->pwr_rx = FASTAUTO_MODE;\n\t} else {\n\t\tpwr_info->pwr_tx = FAST_MODE;\n\t\tpwr_info->pwr_rx = FAST_MODE;\n\t}\n\tpwr_info->hs_rate = PA_HS_MODE_B;\n\n\t/* Get the connected lane count */\n\tufshcd_dme_get(hba, UIC_ARG_MIB(PA_CONNECTEDRXDATALANES),\n\t\t\t&pwr_info->lane_rx);\n\tufshcd_dme_get(hba, UIC_ARG_MIB(PA_CONNECTEDTXDATALANES),\n\t\t\t&pwr_info->lane_tx);\n\n\tif (!pwr_info->lane_rx || !pwr_info->lane_tx) {\n\t\tdev_err(hba->dev, "%s: invalid connected lanes value. rx=%d, tx=%d\\n",\n\t\t\t\t__func__,\n\t\t\t\tpwr_info->lane_rx,\n\t\t\t\tpwr_info->lane_tx);\n\t\treturn -EINVAL;\n\t}\n\n\tif (pwr_info->lane_rx != pwr_info->lane_tx) {\n\t\tdev_err(hba->dev, "%s: asymmetric connected lanes. rx=%d, tx=%d\\n",\n\t\t\t__func__,\n\t\t\t\tpwr_info->lane_rx,\n\t\t\t\tpwr_info->lane_tx);\n\t\treturn -EINVAL;\n\t}\n\n\t/*\n\t * First, get the maximum gears of HS speed.\n\t * If a zero value, it means there is no HSGEAR capability.\n\t * Then, get the maximum gears of PWM speed.\n\t */\n\tufshcd_dme_get(hba, UIC_ARG_MIB(PA_MAXRXHSGEAR), &pwr_info->gear_rx);\n\tif (!pwr_info->gear_rx) {\n\t\tufshcd_dme_get(hba, UIC_ARG_MIB(PA_MAXRXPWMGEAR),\n\t\t\t\t&pwr_info->gear_rx);\n\t\tif (!pwr_info->gear_rx) {\n\t\t\tdev_err(hba->dev, "%s: invalid max pwm rx gear read = %d\\n",\n\t\t\t\t__func__, pwr_info->gear_rx);\n\t\t\treturn -EINVAL;\n\t\t}\n\t\tpwr_info->pwr_rx = SLOW_MODE;\n\t}\n\n\tufshcd_dme_peer_get(hba, UIC_ARG_MIB(PA_MAXRXHSGEAR),\n\t\t\t&pwr_info->gear_tx);\n\tif (!pwr_info->gear_tx) {\n\t\tufshcd_dme_peer_get(hba, UIC_ARG_MIB(PA_MAXRXPWMGEAR),\n\t\t\t\t&pwr_info->gear_tx);\n\t\tif (!pwr_info->gear_tx) {\n\t\t\tdev_err(hba->dev, "%s: invalid max pwm tx gear read = %d\\n",\n\t\t\t\t__func__, pwr_info->gear_tx);\n\t\t\treturn -EINVAL;\n\t\t}\n\t\tpwr_info->pwr_tx = SLOW_MODE;\n\t}\n\n\thba->max_pwr_info.is_valid = true;\n\treturn 0;\n}\n\nstatic int ufshcd_change_power_mode(struct ufs_hba *hba,\n\t\t\t     struct ufs_pa_layer_attr *pwr_mode)\n{\n\tint ret;\n\n\t/* if already configured to the requested pwr_mode */\n\tif (!hba->force_pmc &&\n\t    pwr_mode->gear_rx == hba->pwr_info.gear_rx &&\n\t    pwr_mode->gear_tx == hba->pwr_info.gear_tx &&\n\t    pwr_mode->lane_rx == hba->pwr_info.lane_rx &&\n\t    pwr_mode->lane_tx == hba->pwr_info.lane_tx &&\n\t    pwr_mode->pwr_rx == hba->pwr_info.pwr_rx &&\n\t    pwr_mode->pwr_tx == hba->pwr_info.pwr_tx &&\n\t    pwr_mode->hs_rate == hba->pwr_info.hs_rate) {\n\t\tdev_dbg(hba->dev, "%s: power already configured\\n", __func__);\n\t\treturn 0;\n\t}\n\n\t/*\n\t * Configure attributes for power mode change with below.\n\t * - PA_RXGEAR, PA_ACTIVERXDATALANES, PA_RXTERMINATION,\n\t * - PA_TXGEAR, PA_ACTIVETXDATALANES, PA_TXTERMINATION,\n\t * - PA_HSSERIES\n\t */\n\tufshcd_dme_set(hba, UIC_ARG_MIB(PA_RXGEAR), pwr_mode->gear_rx);\n\tufshcd_dme_set(hba, UIC_ARG_MIB(PA_ACTIVERXDATALANES),\n\t\t\tpwr_mode->lane_rx);\n\tif (pwr_mode->pwr_rx == FASTAUTO_MODE ||\n\t\t\tpwr_mode->pwr_rx == FAST_MODE)\n\t\tufshcd_dme_set(hba, UIC_ARG_MIB(PA_RXTERMINATION), true);\n\telse\n\t\tufshcd_dme_set(hba, UIC_ARG_MIB(PA_RXTERMINATION), false);\n\n\tufshcd_dme_set(hba, UIC_ARG_MIB(PA_TXGEAR), pwr_mode->gear_tx);\n\tufshcd_dme_set(hba, UIC_ARG_MIB(PA_ACTIVETXDATALANES),\n\t\t\tpwr_mode->lane_tx);\n\tif (pwr_mode->pwr_tx == FASTAUTO_MODE ||\n\t\t\tpwr_mode->pwr_tx == FAST_MODE)\n\t\tufshcd_dme_set(hba, UIC_ARG_MIB(PA_TXTERMINATION), true);\n\telse\n\t\tufshcd_dme_set(hba, UIC_ARG_MIB(PA_TXTERMINATION), false);\n\n\tif (pwr_mode->pwr_rx == FASTAUTO_MODE ||\n\t    pwr_mode->pwr_tx == FASTAUTO_MODE ||\n\t    pwr_mode->pwr_rx == FAST_MODE ||\n\t    pwr_mode->pwr_tx == FAST_MODE)\n\t\tufshcd_dme_set(hba, UIC_ARG_MIB(PA_HSSERIES),\n\t\t\t\t\t\tpwr_mode->hs_rate);\n\n\tif (!(hba->quirks & UFSHCD_QUIRK_SKIP_DEF_UNIPRO_TIMEOUT_SETTING)) {\n\t\tufshcd_dme_set(hba, UIC_ARG_MIB(PA_PWRMODEUSERDATA0),\n\t\t\t\tDL_FC0ProtectionTimeOutVal_Default);\n\t\tufshcd_dme_set(hba, UIC_ARG_MIB(PA_PWRMODEUSERDATA1),\n\t\t\t\tDL_TC0ReplayTimeOutVal_Default);\n\t\tufshcd_dme_set(hba, UIC_ARG_MIB(PA_PWRMODEUSERDATA2),\n\t\t\t\tDL_AFC0ReqTimeOutVal_Default);\n\t\tufshcd_dme_set(hba, UIC_ARG_MIB(PA_PWRMODEUSERDATA3),\n\t\t\t\tDL_FC1ProtectionTimeOutVal_Default);\n\t\tufshcd_dme_set(hba, UIC_ARG_MIB(PA_PWRMODEUSERDATA4),\n\t\t\t\tDL_TC1ReplayTimeOutVal_Default);\n\t\tufshcd_dme_set(hba, UIC_ARG_MIB(PA_PWRMODEUSERDATA5),\n\t\t\t\tDL_AFC1ReqTimeOutVal_Default);\n\n\t\tufshcd_dme_set(hba, UIC_ARG_MIB(DME_LocalFC0ProtectionTimeOutVal),\n\t\t\t\tDL_FC0ProtectionTimeOutVal_Default);\n\t\tufshcd_dme_set(hba, UIC_ARG_MIB(DME_LocalTC0ReplayTimeOutVal),\n\t\t\t\tDL_TC0ReplayTimeOutVal_Default);\n\t\tufshcd_dme_set(hba, UIC_ARG_MIB(DME_LocalAFC0ReqTimeOutVal),\n\t\t\t\tDL_AFC0ReqTimeOutVal_Default);\n\t}\n\n\tret = ufshcd_uic_change_pwr_mode(hba, pwr_mode->pwr_rx << 4\n\t\t\t| pwr_mode->pwr_tx);\n\n\tif (ret) {\n\t\tdev_err(hba->dev,\n\t\t\t"%s: power mode change failed %d\\n", __func__, ret);\n\t} else {\n\t\tmemcpy(&hba->pwr_info, pwr_mode,\n\t\t\tsizeof(struct ufs_pa_layer_attr));\n\t}\n\n\treturn ret;\n}\n\n/**\n * ufshcd_config_pwr_mode - configure a new power mode\n * @hba: per-adapter instance\n * @desired_pwr_mode: desired power configuration\n *\n * Return: 0 upon success; < 0 upon failure.\n */\nint ufshcd_config_pwr_mode(struct ufs_hba *hba,\n\t\tstruct ufs_pa_layer_attr *desired_pwr_mode)\n{\n\tstruct ufs_pa_layer_attr final_params = { 0 };\n\tint ret;\n\n\tret = ufshcd_vops_pwr_change_notify(hba, PRE_CHANGE,\n\t\t\t\t\tdesired_pwr_mode, &final_params);\n\n\tif (ret)\n\t\tmemcpy(&final_params, desired_pwr_mode, sizeof(final_params));\n\n\tret = ufshcd_change_power_mode(hba, &final_params);\n\n\tif (!ret)\n\t\tufshcd_vops_pwr_change_notify(hba, POST_CHANGE, NULL,\n\t\t\t\t\t&final_params);\n\n\treturn ret;\n}\nEXPORT_SYMBOL_GPL(ufshcd_config_pwr_mode);\n\n/**\n * ufshcd_complete_dev_init() - checks device readiness\n * @hba: per-adapter instance\n *\n * Set fDeviceInit flag and poll until device toggles it.\n *\n * Return: 0 upon success; < 0 upon failure.\n */\nstatic int ufshcd_complete_dev_init(struct ufs_hba *hba)\n{\n\tint err;\n\tbool flag_res = true;\n\tktime_t timeout;\n\n\terr = ufshcd_query_flag_retry(hba, UPIU_QUERY_OPCODE_SET_FLAG,\n\t\tQUERY_FLAG_IDN_FDEVICEINIT, 0, NULL);\n\tif (err) {\n\t\tdev_err(hba->dev,\n\t\t\t"%s: setting fDeviceInit flag failed with error %d\\n",\n\t\t\t__func__, err);\n\t\tgoto out;\n\t}\n\n\t/* Poll fDeviceInit flag to be cleared */\n\ttimeout = ktime_add_ms(ktime_get(), FDEVICEINIT_COMPL_TIMEOUT);\n\tdo {\n\t\terr = ufshcd_query_flag(hba, UPIU_QUERY_OPCODE_READ_FLAG,\n\t\t\t\t\tQUERY_FLAG_IDN_FDEVICEINIT, 0, &flag_res);\n\t\tif (!flag_res)\n\t\t\tbreak;\n\t\tusleep_range(500, 1000);\n\t} while (ktime_before(ktime_get(), timeout));\n\n\tif (err) {\n\t\tdev_err(hba->dev,\n\t\t\t\t"%s: reading fDeviceInit flag failed with error %d\\n",\n\t\t\t\t__func__, err);\n\t} else if (flag_res) {\n\t\tdev_err(hba->dev,\n\t\t\t\t"%s: fDeviceInit was not cleared by the device\\n",\n\t\t\t\t__func__);\n\t\terr = -EBUSY;\n\t}\nout:\n\treturn err;\n}\n\n/**\n * ufshcd_make_hba_operational - Make UFS controller operational\n * @hba: per adapter instance\n *\n * To bring UFS host controller to operational state,\n * 1. Enable required interrupts\n * 2. Configure interrupt aggregation\n * 3. Program UTRL and UTMRL base address\n * 4. Configure run-stop-registers\n *\n * Return: 0 on success, non-zero value on failure.\n */\nint ufshcd_make_hba_operational(struct ufs_hba *hba)\n{\n\tint err = 0;\n\tu32 reg;\n\n\t/* Enable required interrupts */\n\tufshcd_enable_intr(hba, UFSHCD_ENABLE_INTRS);\n\n\t/* Configure interrupt aggregation */\n\tif (ufshcd_is_intr_aggr_allowed(hba))\n\t\tufshcd_config_intr_aggr(hba, hba->nutrs - 1, INT_AGGR_DEF_TO);\n\telse\n\t\tufshcd_disable_intr_aggr(hba);\n\n\t/* Configure UTRL and UTMRL base address registers */\n\tufshcd_writel(hba, lower_32_bits(hba->utrdl_dma_addr),\n\t\t\tREG_UTP_TRANSFER_REQ_LIST_BASE_L);\n\tufshcd_writel(hba, upper_32_bits(hba->utrdl_dma_addr),\n\t\t\tREG_UTP_TRANSFER_REQ_LIST_BASE_H);\n\tufshcd_writel(hba, lower_32_bits(hba->utmrdl_dma_addr),\n\t\t\tREG_UTP_TASK_REQ_LIST_BASE_L);\n\tufshcd_writel(hba, upper_32_bits(hba->utmrdl_dma_addr),\n\t\t\tREG_UTP_TASK_REQ_LIST_BASE_H);\n\n\t/*\n\t * UCRDY, UTMRLDY and UTRLRDY bits must be 1\n\t */\n\treg = ufshcd_readl(hba, REG_CONTROLLER_STATUS);\n\tif (!(ufshcd_get_lists_status(reg))) {\n\t\tufshcd_enable_run_stop_reg(hba);\n\t} else {\n\t\tdev_err(hba->dev,\n\t\t\t"Host controller not ready to process requests");\n\t\terr = -EIO;\n\t}\n\n\treturn err;\n}\nEXPORT_SYMBOL_GPL(ufshcd_make_hba_operational);\n\n/**\n * ufshcd_hba_stop - Send controller to reset state\n * @hba: per adapter instance\n */\nvoid ufshcd_hba_stop(struct ufs_hba *hba)\n{\n\tint err;\n\n\tufshcd_disable_irq(hba);\n\tufshcd_writel(hba, CONTROLLER_DISABLE,  REG_CONTROLLER_ENABLE);\n\terr = ufshcd_wait_for_register(hba, REG_CONTROLLER_ENABLE,\n\t\t\t\t\tCONTROLLER_ENABLE, CONTROLLER_DISABLE,\n\t\t\t\t\t10, 1);\n\tufshcd_enable_irq(hba);\n\tif (err)\n\t\tdev_err(hba->dev, "%s: Controller disable failed\\n", __func__);\n}\nEXPORT_SYMBOL_GPL(ufshcd_hba_stop);\n\n/**\n * ufshcd_hba_execute_hce - initialize the controller\n * @hba: per adapter instance\n *\n * The controller resets itself and controller firmware initialization\n * sequence kicks off. When controller is ready it will set\n * the Host Controller Enable bit to 1.\n *\n * Return: 0 on success, non-zero value on failure.\n */\nstatic int ufshcd_hba_execute_hce(struct ufs_hba *hba)\n{\n\tint retry;\n\n\tfor (retry = 3; retry > 0; retry--) {\n\t\tif (ufshcd_is_hba_active(hba))\n\t\t\t/* change controller state to "reset state" */\n\t\t\tufshcd_hba_stop(hba);\n\n\t\t/* UniPro link is disabled at this point */\n\t\tufshcd_set_link_off(hba);\n\n\t\tufshcd_vops_hce_enable_notify(hba, PRE_CHANGE);\n\n\t\t/* start controller initialization sequence */\n\t\tufshcd_hba_start(hba);\n\n\t\t/*\n\t\t * To initialize a UFS host controller HCE bit must be set to 1.\n\t\t * During initialization the HCE bit value changes from 1->0->1.\n\t\t * When the host controller completes initialization sequence\n\t\t * it sets the value of HCE bit to 1. The same HCE bit is read back\n\t\t * to check if the controller has completed initialization sequence.\n\t\t * So without this delay the value HCE = 1, set in the previous\n\t\t * instruction might be read back.\n\t\t * This delay can be changed based on the controller.\n\t\t */\n\t\tufshcd_delay_us(hba->vps->hba_enable_delay_us, 100);\n\n\t\t/* wait for the host controller to complete initialization */\n\t\tif (!ufshcd_wait_for_register(hba, REG_CONTROLLER_ENABLE, CONTROLLER_ENABLE,\n\t\t\t\t\t      CONTROLLER_ENABLE, 1000, 50))\n\t\t\tbreak;\n\n\t\tdev_err(hba->dev, "Enabling the controller failed\\n");\n\t}\n\n\tif (!retry)\n\t\treturn -EIO;\n\n\t/* enable UIC related interrupts */\n\tufshcd_enable_intr(hba, UFSHCD_UIC_MASK);\n\n\tufshcd_vops_hce_enable_notify(hba, POST_CHANGE);\n\n\treturn 0;\n}\n\nint ufshcd_hba_enable(struct ufs_hba *hba)\n{\n\tint ret;\n\n\tif (hba->quirks & UFSHCI_QUIRK_BROKEN_HCE) {\n\t\tufshcd_set_link_off(hba);\n\t\tufshcd_vops_hce_enable_notify(hba, PRE_CHANGE);\n\n\t\t/* enable UIC related interrupts */\n\t\tufshcd_enable_intr(hba, UFSHCD_UIC_MASK);\n\t\tret = ufshcd_dme_reset(hba);\n\t\tif (ret) {\n\t\t\tdev_err(hba->dev, "DME_RESET failed\\n");\n\t\t\treturn ret;\n\t\t}\n\n\t\tret = ufshcd_dme_enable(hba);\n\t\tif (ret) {\n\t\t\tdev_err(hba->dev, "Enabling DME failed\\n");\n\t\t\treturn ret;\n\t\t}\n\n\t\tufshcd_vops_hce_enable_notify(hba, POST_CHANGE);\n\t} else {\n\t\tret = ufshcd_hba_execute_hce(hba);\n\t}\n\n\treturn ret;\n}\nEXPORT_SYMBOL_GPL(ufshcd_hba_enable);\n\nstatic int ufshcd_disable_tx_lcc(struct ufs_hba *hba, bool peer)\n{\n\tint tx_lanes = 0, i, err = 0;\n\n\tif (!peer)\n\t\tufshcd_dme_get(hba, UIC_ARG_MIB(PA_CONNECTEDTXDATALANES),\n\t\t\t       &tx_lanes);\n\telse\n\t\tufshcd_dme_peer_get(hba, UIC_ARG_MIB(PA_CONNECTEDTXDATALANES),\n\t\t\t\t    &tx_lanes);\n\tfor (i = 0; i < tx_lanes; i++) {\n\t\tif (!peer)\n\t\t\terr = ufshcd_dme_set(hba,\n\t\t\t\tUIC_ARG_MIB_SEL(TX_LCC_ENABLE,\n\t\t\t\t\tUIC_ARG_MPHY_TX_GEN_SEL_INDEX(i)),\n\t\t\t\t\t0);\n\t\telse\n\t\t\terr = ufshcd_dme_peer_set(hba,\n\t\t\t\tUIC_ARG_MIB_SEL(TX_LCC_ENABLE,\n\t\t\t\t\tUIC_ARG_MPHY_TX_GEN_SEL_INDEX(i)),\n\t\t\t\t\t0);\n\t\tif (err) {\n\t\t\tdev_err(hba->dev, "%s: TX LCC Disable failed, peer = %d, lane = %d, err = %d",\n\t\t\t\t__func__, peer, i, err);\n\t\t\tbreak;\n\t\t}\n\t}\n\n\treturn err;\n}\n\nstatic inline int ufshcd_disable_device_tx_lcc(struct ufs_hba *hba)\n{\n\treturn ufshcd_disable_tx_lcc(hba, true);\n}\n\nvoid ufshcd_update_evt_hist(struct ufs_hba *hba, u32 id, u32 val)\n{\n\tstruct ufs_event_hist *e;\n\n\tif (id >= UFS_EVT_CNT)\n\t\treturn;\n\n\te = &hba->ufs_stats.event[id];\n\te->val[e->pos] = val;\n\te->tstamp[e->pos] = local_clock();\n\te->cnt += 1;\n\te->pos = (e->pos + 1) % UFS_EVENT_HIST_LENGTH;\n\n\tufshcd_vops_event_notify(hba, id, &val);\n}\nEXPORT_SYMBOL_GPL(ufshcd_update_evt_hist);\n\n/**\n * ufshcd_link_startup - Initialize unipro link startup\n * @hba: per adapter instance\n *\n * Return: 0 for success, non-zero in case of failure.\n */\nstatic int ufshcd_link_startup(struct ufs_hba *hba)\n{\n\tint ret;\n\tint retries = DME_LINKSTARTUP_RETRIES;\n\tbool link_startup_again = false;\n\n\t/*\n\t * If UFS device isn\'t active then we will have to issue link startup\n\t * 2 times to make sure the device state move to active.\n\t */\n\tif (!ufshcd_is_ufs_dev_active(hba))\n\t\tlink_startup_again = true;\n\nlink_startup:\n\tdo {\n\t\tufshcd_vops_link_startup_notify(hba, PRE_CHANGE);\n\n\t\tret = ufshcd_dme_link_startup(hba);\n\n\t\t/* check if device is detected by inter-connect layer */\n\t\tif (!ret && !ufshcd_is_device_present(hba)) {\n\t\t\tufshcd_update_evt_hist(hba,\n\t\t\t\t\t       UFS_EVT_LINK_STARTUP_FAIL,\n\t\t\t\t\t       0);\n\t\t\tdev_err(hba->dev, "%s: Device not present\\n", __func__);\n\t\t\tret = -ENXIO;\n\t\t\tgoto out;\n\t\t}\n\n\t\t/*\n\t\t * DME link lost indication is only received when link is up,\n\t\t * but we can\'t be sure if the link is up until link startup\n\t\t * succeeds. So reset the local Uni-Pro and try again.\n\t\t */\n\t\tif (ret && retries && ufshcd_hba_enable(hba)) {\n\t\t\tufshcd_update_evt_hist(hba,\n\t\t\t\t\t       UFS_EVT_LINK_STARTUP_FAIL,\n\t\t\t\t\t       (u32)ret);\n\t\t\tgoto out;\n\t\t}\n\t} while (ret && retries--);\n\n\tif (ret) {\n\t\t/* failed to get the link up... retire */\n\t\tufshcd_update_evt_hist(hba,\n\t\t\t\t       UFS_EVT_LINK_STARTUP_FAIL,\n\t\t\t\t       (u32)ret);\n\t\tgoto out;\n\t}\n\n\tif (link_startup_again) {\n\t\tlink_startup_again = false;\n\t\tretries = DME_LINKSTARTUP_RETRIES;\n\t\tgoto link_startup;\n\t}\n\n\t/* Mark that link is up in PWM-G1, 1-lane, SLOW-AUTO mode */\n\tufshcd_init_pwr_info(hba);\n\tufshcd_print_pwr_info(hba);\n\n\tif (hba->quirks & UFSHCD_QUIRK_BROKEN_LCC) {\n\t\tret = ufshcd_disable_device_tx_lcc(hba);\n\t\tif (ret)\n\t\t\tgoto out;\n\t}\n\n\t/* Include any host controller configuration via UIC commands */\n\tret = ufshcd_vops_link_startup_notify(hba, POST_CHANGE);\n\tif (ret)\n\t\tgoto out;\n\n\t/* Clear UECPA once due to LINERESET has happened during LINK_STARTUP */\n\tufshcd_readl(hba, REG_UIC_ERROR_CODE_PHY_ADAPTER_LAYER);\n\tret = ufshcd_make_hba_operational(hba);\nout:\n\tif (ret) {\n\t\tdev_err(hba->dev, "link startup failed %d\\n", ret);\n\t\tufshcd_print_host_state(hba);\n\t\tufshcd_print_pwr_info(hba);\n\t\tufshcd_print_evt_hist(hba);\n\t}\n\treturn ret;\n}\n\n/**\n * ufshcd_verify_dev_init() - Verify device initialization\n * @hba: per-adapter instance\n *\n * Send NOP OUT UPIU and wait for NOP IN response to check whether the\n * device Transport Protocol (UTP) layer is ready after a reset.\n * If the UTP layer at the device side is not initialized, it may\n * not respond with NOP IN UPIU within timeout of %NOP_OUT_TIMEOUT\n * and we retry sending NOP OUT for %NOP_OUT_RETRIES iterations.\n *\n * Return: 0 upon success; < 0 upon failure.\n */\nstatic int ufshcd_verify_dev_init(struct ufs_hba *hba)\n{\n\tint err = 0;\n\tint retries;\n\n\tufshcd_dev_man_lock(hba);\n\n\tfor (retries = NOP_OUT_RETRIES; retries > 0; retries--) {\n\t\terr = ufshcd_exec_dev_cmd(hba, DEV_CMD_TYPE_NOP,\n\t\t\t\t\t  hba->nop_out_timeout);\n\n\t\tif (!err || err == -ETIMEDOUT)\n\t\t\tbreak;\n\n\t\tdev_dbg(hba->dev, "%s: error %d retrying\\n", __func__, err);\n\t}\n\n\tufshcd_dev_man_unlock(hba);\n\n\tif (err)\n\t\tdev_err(hba->dev, "%s: NOP OUT failed %d\\n", __func__, err);\n\treturn err;\n}\n\n/**\n * ufshcd_setup_links - associate link b/w device wlun and other luns\n * @sdev: pointer to SCSI device\n * @hba: pointer to ufs hba\n */\nstatic void ufshcd_setup_links(struct ufs_hba *hba, struct scsi_device *sdev)\n{\n\tstruct device_link *link;\n\n\t/*\n\t * Device wlun is the supplier & rest of the luns are consumers.\n\t * This ensures that device wlun suspends after all other luns.\n\t */\n\tif (hba->ufs_device_wlun) {\n\t\tlink = device_link_add(&sdev->sdev_gendev,\n\t\t\t\t       &hba->ufs_device_wlun->sdev_gendev,\n\t\t\t\t       DL_FLAG_PM_RUNTIME | DL_FLAG_RPM_ACTIVE);\n\t\tif (!link) {\n\t\t\tdev_err(&sdev->sdev_gendev, "Failed establishing link - %s\\n",\n\t\t\t\tdev_name(&hba->ufs_device_wlun->sdev_gendev));\n\t\t\treturn;\n\t\t}\n\t\thba->luns_avail--;\n\t\t/* Ignore REPORT_LUN wlun probing */\n\t\tif (hba->luns_avail == 1) {\n\t\t\tufshcd_rpm_put(hba);\n\t\t\treturn;\n\t\t}\n\t} else {\n\t\t/*\n\t\t * Device wlun is probed. The assumption is that WLUNs are\n\t\t * scanned before other LUNs.\n\t\t */\n\t\thba->luns_avail--;\n\t}\n}\n\n/**\n * ufshcd_lu_init - Initialize the relevant parameters of the LU\n * @hba: per-adapter instance\n * @sdev: pointer to SCSI device\n */\nstatic void ufshcd_lu_init(struct ufs_hba *hba, struct scsi_device *sdev)\n{\n\tint len = QUERY_DESC_MAX_SIZE;\n\tu8 lun = ufshcd_scsi_to_upiu_lun(sdev->lun);\n\tu8 lun_qdepth = hba->nutrs;\n\tu8 *desc_buf;\n\tint ret;\n\n\tdesc_buf = kzalloc(len, GFP_KERNEL);\n\tif (!desc_buf)\n\t\tgoto set_qdepth;\n\n\tret = ufshcd_read_unit_desc_param(hba, lun, 0, desc_buf, len);\n\tif (ret < 0) {\n\t\tif (ret == -EOPNOTSUPP)\n\t\t\t/* If LU doesn\'t support unit descriptor, its queue depth is set to 1 */\n\t\t\tlun_qdepth = 1;\n\t\tkfree(desc_buf);\n\t\tgoto set_qdepth;\n\t}\n\n\tif (desc_buf[UNIT_DESC_PARAM_LU_Q_DEPTH]) {\n\t\t/*\n\t\t * In per-LU queueing architecture, bLUQueueDepth will not be 0, then we will\n\t\t * use the smaller between UFSHCI CAP.NUTRS and UFS LU bLUQueueDepth\n\t\t */\n\t\tlun_qdepth = min_t(int, desc_buf[UNIT_DESC_PARAM_LU_Q_DEPTH], hba->nutrs);\n\t}\n\t/*\n\t * According to UFS device specification, the write protection mode is only supported by\n\t * normal LU, not supported by WLUN.\n\t */\n\tif (hba->dev_info.f_power_on_wp_en && lun < hba->dev_info.max_lu_supported &&\n\t    !hba->dev_info.is_lu_power_on_wp &&\n\t    desc_buf[UNIT_DESC_PARAM_LU_WR_PROTECT] == UFS_LU_POWER_ON_WP)\n\t\thba->dev_info.is_lu_power_on_wp = true;\n\n\t/* In case of RPMB LU, check if advanced RPMB mode is enabled */\n\tif (desc_buf[UNIT_DESC_PARAM_UNIT_INDEX] == UFS_UPIU_RPMB_WLUN &&\n\t    desc_buf[RPMB_UNIT_DESC_PARAM_REGION_EN] & BIT(4))\n\t\thba->dev_info.b_advanced_rpmb_en = true;\n\n\n\tkfree(desc_buf);\nset_qdepth:\n\t/*\n\t * For WLUNs that don\'t support unit descriptor, queue depth is set to 1. For LUs whose\n\t * bLUQueueDepth == 0, the queue depth is set to a maximum value that host can queue.\n\t */\n\tdev_dbg(hba->dev, "Set LU %x queue depth %d\\n", lun, lun_qdepth);\n\tscsi_change_queue_depth(sdev, lun_qdepth);\n}\n\n/**\n * ufshcd_sdev_init - handle initial SCSI device configurations\n * @sdev: pointer to SCSI device\n *\n * Return: success.\n */\nstatic int ufshcd_sdev_init(struct scsi_device *sdev)\n{\n\tstruct ufs_hba *hba;\n\n\thba = shost_priv(sdev->host);\n\n\t/* Mode sense(6) is not supported by UFS, so use Mode sense(10) */\n\tsdev->use_10_for_ms = 1;\n\n\t/* DBD field should be set to 1 in mode sense(10) */\n\tsdev->set_dbd_for_ms = 1;\n\n\t/* allow SCSI layer to restart the device in case of errors */\n\tsdev->allow_restart = 1;\n\n\t/* REPORT SUPPORTED OPERATION CODES is not supported */\n\tsdev->no_report_opcodes = 1;\n\n\t/* WRITE_SAME command is not supported */\n\tsdev->no_write_same = 1;\n\n\tufshcd_lu_init(hba, sdev);\n\n\tufshcd_setup_links(hba, sdev);\n\n\treturn 0;\n}\n\n/**\n * ufshcd_change_queue_depth - change queue depth\n * @sdev: pointer to SCSI device\n * @depth: required depth to set\n *\n * Change queue depth and make sure the max. limits are not crossed.\n *\n * Return: new queue depth.\n */\nstatic int ufshcd_change_queue_depth(struct scsi_device *sdev, int depth)\n{\n\treturn scsi_change_queue_depth(sdev, min(depth, sdev->host->can_queue));\n}\n\n/**\n * ufshcd_sdev_configure - adjust SCSI device configurations\n * @sdev: pointer to SCSI device\n * @lim: queue limits\n *\n * Return: 0 (success).\n */\nstatic int ufshcd_sdev_configure(struct scsi_device *sdev,\n\t\t\t\t struct queue_limits *lim)\n{\n\tstruct ufs_hba *hba = shost_priv(sdev->host);\n\tstruct request_queue *q = sdev->request_queue;\n\n\tlim->dma_pad_mask = PRDT_DATA_BYTE_COUNT_PAD - 1;\n\n\t/*\n\t * Block runtime-pm until all consumers are added.\n\t * Refer ufshcd_setup_links().\n\t */\n\tif (is_device_wlun(sdev))\n\t\tpm_runtime_get_noresume(&sdev->sdev_gendev);\n\telse if (ufshcd_is_rpm_autosuspend_allowed(hba))\n\t\tsdev->rpm_autosuspend = 1;\n\t/*\n\t * Do not print messages during runtime PM to avoid never-ending cycles\n\t * of messages written back to storage by user space causing runtime\n\t * resume, causing more messages and so on.\n\t */\n\tsdev->silence_suspend = 1;\n\n\tif (hba->vops && hba->vops->config_scsi_dev)\n\t\thba->vops->config_scsi_dev(sdev);\n\n\tufshcd_crypto_register(hba, q);\n\n\treturn 0;\n}\n\n/**\n * ufshcd_sdev_destroy - remove SCSI device configurations\n * @sdev: pointer to SCSI device\n */\nstatic void ufshcd_sdev_destroy(struct scsi_device *sdev)\n{\n\tstruct ufs_hba *hba;\n\tunsigned long flags;\n\n\thba = shost_priv(sdev->host);\n\n\t/* Drop the reference as it won\'t be needed anymore */\n\tif (ufshcd_scsi_to_upiu_lun(sdev->lun) == UFS_UPIU_UFS_DEVICE_WLUN) {\n\t\tspin_lock_irqsave(hba->host->host_lock, flags);\n\t\thba->ufs_device_wlun = NULL;\n\t\tspin_unlock_irqrestore(hba->host->host_lock, flags);\n\t} else if (hba->ufs_device_wlun) {\n\t\tstruct device *supplier = NULL;\n\n\t\t/* Ensure UFS Device WLUN exists and does not disappear */\n\t\tspin_lock_irqsave(hba->host->host_lock, flags);\n\t\tif (hba->ufs_device_wlun) {\n\t\t\tsupplier = &hba->ufs_device_wlun->sdev_gendev;\n\t\t\tget_device(supplier);\n\t\t}\n\t\tspin_unlock_irqrestore(hba->host->host_lock, flags);\n\n\t\tif (supplier) {\n\t\t\t/*\n\t\t\t * If a LUN fails to probe (e.g. absent BOOT WLUN), the\n\t\t\t * device will not have been registered but can still\n\t\t\t * have a device link holding a reference to the device.\n\t\t\t */\n\t\t\tdevice_link_remove(&sdev->sdev_gendev, supplier);\n\t\t\tput_device(supplier);\n\t\t}\n\t}\n}\n\n/**\n * ufshcd_scsi_cmd_status - Update SCSI command result based on SCSI status\n * @lrbp: pointer to local reference block of completed command\n * @scsi_status: SCSI command status\n *\n * Return: value base on SCSI command status.\n */\nstatic inline int\nufshcd_scsi_cmd_status(struct ufshcd_lrb *lrbp, int scsi_status)\n{\n\tint result = 0;\n\n\tswitch (scsi_status) {\n\tcase SAM_STAT_CHECK_CONDITION:\n\t\tufshcd_copy_sense_data(lrbp);\n\t\tfallthrough;\n\tcase SAM_STAT_GOOD:\n\t\tresult |= DID_OK << 16 | scsi_status;\n\t\tbreak;\n\tcase SAM_STAT_TASK_SET_FULL:\n\tcase SAM_STAT_BUSY:\n\tcase SAM_STAT_TASK_ABORTED:\n\t\tufshcd_copy_sense_data(lrbp);\n\t\tresult |= scsi_status;\n\t\tbreak;\n\tdefault:\n\t\tresult |= DID_ERROR << 16;\n\t\tbreak;\n\t} /* end of switch */\n\n\treturn result;\n}\n\n/**\n * ufshcd_transfer_rsp_status - Get overall status of the response\n * @hba: per adapter instance\n * @lrbp: pointer to local reference block of completed command\n * @cqe: pointer to the completion queue entry\n *\n * Return: result of the command to notify SCSI midlayer.\n */\nstatic inline int\nufshcd_transfer_rsp_status(struct ufs_hba *hba, struct ufshcd_lrb *lrbp,\n\t\t\t   struct cq_entry *cqe)\n{\n\tint result = 0;\n\tint scsi_status;\n\tenum utp_ocs ocs;\n\tu8 upiu_flags;\n\tu32 resid;\n\n\tupiu_flags = lrbp->ucd_rsp_ptr->header.flags;\n\tresid = be32_to_cpu(lrbp->ucd_rsp_ptr->sr.residual_transfer_count);\n\t/*\n\t * Test !overflow instead of underflow to support UFS devices that do\n\t * not set either flag.\n\t */\n\tif (resid && !(upiu_flags & UPIU_RSP_FLAG_OVERFLOW))\n\t\tscsi_set_resid(lrbp->cmd, resid);\n\n\t/* overall command status of utrd */\n\tocs = ufshcd_get_tr_ocs(lrbp, cqe);\n\n\tif (hba->quirks & UFSHCD_QUIRK_BROKEN_OCS_FATAL_ERROR) {\n\t\tif (lrbp->ucd_rsp_ptr->header.response ||\n\t\t    lrbp->ucd_rsp_ptr->header.status)\n\t\t\tocs = OCS_SUCCESS;\n\t}\n\n\tswitch (ocs) {\n\tcase OCS_SUCCESS:\n\t\thba->ufs_stats.last_hibern8_exit_tstamp = ktime_set(0, 0);\n\t\tswitch (ufshcd_get_req_rsp(lrbp->ucd_rsp_ptr)) {\n\t\tcase UPIU_TRANSACTION_RESPONSE:\n\t\t\t/*\n\t\t\t * get the result based on SCSI status response\n\t\t\t * to notify the SCSI midlayer of the command status\n\t\t\t */\n\t\t\tscsi_status = lrbp->ucd_rsp_ptr->header.status;\n\t\t\tresult = ufshcd_scsi_cmd_status(lrbp, scsi_status);\n\n\t\t\t/*\n\t\t\t * Currently we are only supporting BKOPs exception\n\t\t\t * events hence we can ignore BKOPs exception event\n\t\t\t * during power management callbacks. BKOPs exception\n\t\t\t * event is not expected to be raised in runtime suspend\n\t\t\t * callback as it allows the urgent bkops.\n\t\t\t * During system suspend, we are anyway forcefully\n\t\t\t * disabling the bkops and if urgent bkops is needed\n\t\t\t * it will be enabled on system resume. Long term\n\t\t\t * solution could be to abort the system suspend if\n\t\t\t * UFS device needs urgent BKOPs.\n\t\t\t */\n\t\t\tif (!hba->pm_op_in_progress &&\n\t\t\t    !ufshcd_eh_in_progress(hba) &&\n\t\t\t    ufshcd_is_exception_event(lrbp->ucd_rsp_ptr))\n\t\t\t\t/* Flushed in suspend */\n\t\t\t\tschedule_work(&hba->eeh_work);\n\t\t\tbreak;\n\t\tcase UPIU_TRANSACTION_REJECT_UPIU:\n\t\t\t/* TODO: handle Reject UPIU Response */\n\t\t\tresult = DID_ERROR << 16;\n\t\t\tdev_err(hba->dev,\n\t\t\t\t"Reject UPIU not fully implemented\\n");\n\t\t\tbreak;\n\t\tdefault:\n\t\t\tdev_err(hba->dev,\n\t\t\t\t"Unexpected request response code = %x\\n",\n\t\t\t\tresult);\n\t\t\tresult = DID_ERROR << 16;\n\t\t\tbreak;\n\t\t}\n\t\tbreak;\n\tcase OCS_ABORTED:\n\tcase OCS_INVALID_COMMAND_STATUS:\n\t\tresult |= DID_REQUEUE << 16;\n\t\tdev_warn(hba->dev,\n\t\t\t\t"OCS %s from controller for tag %d\\n",\n\t\t\t\t(ocs == OCS_ABORTED ? "aborted" : "invalid"),\n\t\t\t\tlrbp->task_tag);\n\t\tbreak;\n\tcase OCS_INVALID_CMD_TABLE_ATTR:\n\tcase OCS_INVALID_PRDT_ATTR:\n\tcase OCS_MISMATCH_DATA_BUF_SIZE:\n\tcase OCS_MISMATCH_RESP_UPIU_SIZE:\n\tcase OCS_PEER_COMM_FAILURE:\n\tcase OCS_FATAL_ERROR:\n\tcase OCS_DEVICE_FATAL_ERROR:\n\tcase OCS_INVALID_CRYPTO_CONFIG:\n\tcase OCS_GENERAL_CRYPTO_ERROR:\n\tdefault:\n\t\tresult |= DID_ERROR << 16;\n\t\tdev_err(hba->dev,\n\t\t\t\t"OCS error from controller = %x for tag %d\\n",\n\t\t\t\tocs, lrbp->task_tag);\n\t\tufshcd_print_evt_hist(hba);\n\t\tufshcd_print_host_state(hba);\n\t\tbreak;\n\t} /* end of switch */\n\n\tif ((host_byte(result) != DID_OK) &&\n\t    (host_byte(result) != DID_REQUEUE) && !hba->silence_err_logs)\n\t\tufshcd_print_tr(hba, lrbp->task_tag, true);\n\treturn result;\n}\n\nstatic bool ufshcd_is_auto_hibern8_error(struct ufs_hba *hba,\n\t\t\t\t\t u32 intr_mask)\n{\n\tif (!ufshcd_is_auto_hibern8_supported(hba) ||\n\t    !ufshcd_is_auto_hibern8_enabled(hba))\n\t\treturn false;\n\n\tif (!(intr_mask & UFSHCD_UIC_HIBERN8_MASK))\n\t\treturn false;\n\n\tif (hba->active_uic_cmd &&\n\t    (hba->active_uic_cmd->command == UIC_CMD_DME_HIBER_ENTER ||\n\t    hba->active_uic_cmd->command == UIC_CMD_DME_HIBER_EXIT))\n\t\treturn false;\n\n\treturn true;\n}\n\n/**\n * ufshcd_uic_cmd_compl - handle completion of uic command\n * @hba: per adapter instance\n * @intr_status: interrupt status generated by the controller\n *\n * Return:\n *  IRQ_HANDLED - If interrupt is valid\n *  IRQ_NONE    - If invalid interrupt\n */\nstatic irqreturn_t ufshcd_uic_cmd_compl(struct ufs_hba *hba, u32 intr_status)\n{\n\tirqreturn_t retval = IRQ_NONE;\n\tstruct uic_command *cmd;\n\n\tspin_lock(hba->host->host_lock);\n\tcmd = hba->active_uic_cmd;\n\tif (WARN_ON_ONCE(!cmd))\n\t\tgoto unlock;\n\n\tif (ufshcd_is_auto_hibern8_error(hba, intr_status))\n\t\thba->errors |= (UFSHCD_UIC_HIBERN8_MASK & intr_status);\n\n\tif (intr_status & UIC_COMMAND_COMPL) {\n\t\tcmd->argument2 |= ufshcd_get_uic_cmd_result(hba);\n\t\tcmd->argument3 = ufshcd_get_dme_attr_val(hba);\n\t\tif (!hba->uic_async_done)\n\t\t\tcmd->cmd_active = 0;\n\t\tcomplete(&cmd->done);\n\t\tretval = IRQ_HANDLED;\n\t}\n\n\tif (intr_status & UFSHCD_UIC_PWR_MASK && hba->uic_async_done) {\n\t\tcmd->cmd_active = 0;\n\t\tcomplete(hba->uic_async_done);\n\t\tretval = IRQ_HANDLED;\n\t}\n\n\tif (retval == IRQ_HANDLED)\n\t\tufshcd_add_uic_command_trace(hba, cmd, UFS_CMD_COMP);\n\nunlock:\n\tspin_unlock(hba->host->host_lock);\n\n\treturn retval;\n}\n\n/* Release the resources allocated for processing a SCSI command. */\nvoid ufshcd_release_scsi_cmd(struct ufs_hba *hba,\n\t\t\t     struct ufshcd_lrb *lrbp)\n{\n\tstruct scsi_cmnd *cmd = lrbp->cmd;\n\n\tscsi_dma_unmap(cmd);\n\tufshcd_crypto_clear_prdt(hba, lrbp);\n\tufshcd_release(hba);\n\tufshcd_clk_scaling_update_busy(hba);\n}\n\n/**\n * ufshcd_compl_one_cqe - handle a completion queue entry\n * @hba: per adapter instance\n * @task_tag: the task tag of the request to be completed\n * @cqe: pointer to the completion queue entry\n */\nvoid ufshcd_compl_one_cqe(struct ufs_hba *hba, int task_tag,\n\t\t\t  struct cq_entry *cqe)\n{\n\tstruct ufshcd_lrb *lrbp;\n\tstruct scsi_cmnd *cmd;\n\tenum utp_ocs ocs;\n\n\tlrbp = &hba->lrb[task_tag];\n\tlrbp->compl_time_stamp = ktime_get();\n\tlrbp->compl_time_stamp_local_clock = local_clock();\n\tcmd = lrbp->cmd;\n\tif (cmd) {\n\t\tif (unlikely(ufshcd_should_inform_monitor(hba, lrbp)))\n\t\t\tufshcd_update_monitor(hba, lrbp);\n\t\tufshcd_add_command_trace(hba, task_tag, UFS_CMD_COMP);\n\t\tcmd->result = ufshcd_transfer_rsp_status(hba, lrbp, cqe);\n\t\tufshcd_release_scsi_cmd(hba, lrbp);\n\t\t/* Do not touch lrbp after scsi done */\n\t\tscsi_done(cmd);\n\t} else if (hba->dev_cmd.complete) {\n\t\tif (cqe) {\n\t\t\tocs = le32_to_cpu(cqe->status) & MASK_OCS;\n\t\t\tlrbp->utr_descriptor_ptr->header.ocs = ocs;\n\t\t}\n\t\tcomplete(hba->dev_cmd.complete);\n\t}\n}\n\n/**\n * __ufshcd_transfer_req_compl - handle SCSI and query command completion\n * @hba: per adapter instance\n * @completed_reqs: bitmask that indicates which requests to complete\n */\nstatic void __ufshcd_transfer_req_compl(struct ufs_hba *hba,\n\t\t\t\t\tunsigned long completed_reqs)\n{\n\tint tag;\n\n\tfor_each_set_bit(tag, &completed_reqs, hba->nutrs)\n\t\tufshcd_compl_one_cqe(hba, tag, NULL);\n}\n\n/* Any value that is not an existing queue number is fine for this constant. */\nenum {\n\tUFSHCD_POLL_FROM_INTERRUPT_CONTEXT = -1\n};\n\nstatic void ufshcd_clear_polled(struct ufs_hba *hba,\n\t\t\t\tunsigned long *completed_reqs)\n{\n\tint tag;\n\n\tfor_each_set_bit(tag, completed_reqs, hba->nutrs) {\n\t\tstruct scsi_cmnd *cmd = hba->lrb[tag].cmd;\n\n\t\tif (!cmd)\n\t\t\tcontinue;\n\t\tif (scsi_cmd_to_rq(cmd)->cmd_flags & REQ_POLLED)\n\t\t\t__clear_bit(tag, completed_reqs);\n\t}\n}\n\n/*\n * Return: > 0 if one or more commands have been completed or 0 if no\n * requests have been completed.\n */\nstatic int ufshcd_poll(struct Scsi_Host *shost, unsigned int queue_num)\n{\n\tstruct ufs_hba *hba = shost_priv(shost);\n\tunsigned long completed_reqs, flags;\n\tu32 tr_doorbell;\n\tstruct ufs_hw_queue *hwq;\n\n\tif (hba->mcq_enabled) {\n\t\thwq = &hba->uhq[queue_num];\n\n\t\treturn ufshcd_mcq_poll_cqe_lock(hba, hwq);\n\t}\n\n\tspin_lock_irqsave(&hba->outstanding_lock, flags);\n\ttr_doorbell = ufshcd_readl(hba, REG_UTP_TRANSFER_REQ_DOOR_BELL);\n\tcompleted_reqs = ~tr_doorbell & hba->outstanding_reqs;\n\tWARN_ONCE(completed_reqs & ~hba->outstanding_reqs,\n\t\t  "completed: %#lx; outstanding: %#lx\\n", completed_reqs,\n\t\t  hba->outstanding_reqs);\n\tif (queue_num == UFSHCD_POLL_FROM_INTERRUPT_CONTEXT) {\n\t\t/* Do not complete polled requests from interrupt context. */\n\t\tufshcd_clear_polled(hba, &completed_reqs);\n\t}\n\thba->outstanding_reqs &= ~completed_reqs;\n\tspin_unlock_irqrestore(&hba->outstanding_lock, flags);\n\n\tif (completed_reqs)\n\t\t__ufshcd_transfer_req_compl(hba, completed_reqs);\n\n\treturn completed_reqs != 0;\n}\n\n/**\n * ufshcd_mcq_compl_pending_transfer - MCQ mode function. It is\n * invoked from the error handler context or ufshcd_host_reset_and_restore()\n * to complete the pending transfers and free the resources associated with\n * the scsi command.\n *\n * @hba: per adapter instance\n * @force_compl: This flag is set to true when invoked\n * from ufshcd_host_reset_and_restore() in which case it requires special\n * handling because the host controller has been reset by ufshcd_hba_stop().\n */\nstatic void ufshcd_mcq_compl_pending_transfer(struct ufs_hba *hba,\n\t\t\t\t\t      bool force_compl)\n{\n\tstruct ufs_hw_queue *hwq;\n\tstruct ufshcd_lrb *lrbp;\n\tstruct scsi_cmnd *cmd;\n\tunsigned long flags;\n\tint tag;\n\n\tfor (tag = 0; tag < hba->nutrs; tag++) {\n\t\tlrbp = &hba->lrb[tag];\n\t\tcmd = lrbp->cmd;\n\t\tif (!ufshcd_cmd_inflight(cmd) ||\n\t\t    test_bit(SCMD_STATE_COMPLETE, &cmd->state))\n\t\t\tcontinue;\n\n\t\thwq = ufshcd_mcq_req_to_hwq(hba, scsi_cmd_to_rq(cmd));\n\n\t\tif (force_compl) {\n\t\t\tufshcd_mcq_compl_all_cqes_lock(hba, hwq);\n\t\t\t/*\n\t\t\t * For those cmds of which the cqes are not present\n\t\t\t * in the cq, complete them explicitly.\n\t\t\t */\n\t\t\tspin_lock_irqsave(&hwq->cq_lock, flags);\n\t\t\tif (cmd && !test_bit(SCMD_STATE_COMPLETE, &cmd->state)) {\n\t\t\t\tset_host_byte(cmd, DID_REQUEUE);\n\t\t\t\tufshcd_release_scsi_cmd(hba, lrbp);\n\t\t\t\tscsi_done(cmd);\n\t\t\t}\n\t\t\tspin_unlock_irqrestore(&hwq->cq_lock, flags);\n\t\t} else {\n\t\t\tufshcd_mcq_poll_cqe_lock(hba, hwq);\n\t\t}\n\t}\n}\n\n/**\n * ufshcd_transfer_req_compl - handle SCSI and query command completion\n * @hba: per adapter instance\n *\n * Return:\n *  IRQ_HANDLED - If interrupt is valid\n *  IRQ_NONE    - If invalid interrupt\n */\nstatic irqreturn_t ufshcd_transfer_req_compl(struct ufs_hba *hba)\n{\n\t/* Resetting interrupt aggregation counters first and reading the\n\t * DOOR_BELL afterward allows us to handle all the completed requests.\n\t * In order to prevent other interrupts starvation the DB is read once\n\t * after reset. The down side of this solution is the possibility of\n\t * false interrupt if device completes another request after resetting\n\t * aggregation and before reading the DB.\n\t */\n\tif (ufshcd_is_intr_aggr_allowed(hba) &&\n\t    !(hba->quirks & UFSHCI_QUIRK_SKIP_RESET_INTR_AGGR))\n\t\tufshcd_reset_intr_aggr(hba);\n\n\tif (ufs_fail_completion(hba))\n\t\treturn IRQ_HANDLED;\n\n\t/*\n\t * Ignore the ufshcd_poll() return value and return IRQ_HANDLED since we\n\t * do not want polling to trigger spurious interrupt complaints.\n\t */\n\tufshcd_poll(hba->host, UFSHCD_POLL_FROM_INTERRUPT_CONTEXT);\n\n\treturn IRQ_HANDLED;\n}\n\nint __ufshcd_write_ee_control(struct ufs_hba *hba, u32 ee_ctrl_mask)\n{\n\treturn ufshcd_query_attr_retry(hba, UPIU_QUERY_OPCODE_WRITE_ATTR,\n\t\t\t\t       QUERY_ATTR_IDN_EE_CONTROL, 0, 0,\n\t\t\t\t       &ee_ctrl_mask);\n}\n\nint ufshcd_write_ee_control(struct ufs_hba *hba)\n{\n\tint err;\n\n\tmutex_lock(&hba->ee_ctrl_mutex);\n\terr = __ufshcd_write_ee_control(hba, hba->ee_ctrl_mask);\n\tmutex_unlock(&hba->ee_ctrl_mutex);\n\tif (err)\n\t\tdev_err(hba->dev, "%s: failed to write ee control %d\\n",\n\t\t\t__func__, err);\n\treturn err;\n}\n\nint ufshcd_update_ee_control(struct ufs_hba *hba, u16 *mask,\n\t\t\t     const u16 *other_mask, u16 set, u16 clr)\n{\n\tu16 new_mask, ee_ctrl_mask;\n\tint err = 0;\n\n\tmutex_lock(&hba->ee_ctrl_mutex);\n\tnew_mask = (*mask & ~clr) | set;\n\tee_ctrl_mask = new_mask | *other_mask;\n\tif (ee_ctrl_mask != hba->ee_ctrl_mask)\n\t\terr = __ufshcd_write_ee_control(hba, ee_ctrl_mask);\n\t/* Still need to update \'mask\' even if \'ee_ctrl_mask\' was unchanged */\n\tif (!err) {\n\t\thba->ee_ctrl_mask = ee_ctrl_mask;\n\t\t*mask = new_mask;\n\t}\n\tmutex_unlock(&hba->ee_ctrl_mutex);\n\treturn err;\n}\n\n/**\n * ufshcd_disable_ee - disable exception event\n * @hba: per-adapter instance\n * @mask: exception event to disable\n *\n * Disables exception event in the device so that the EVENT_ALERT\n * bit is not set.\n *\n * Return: zero on success, non-zero error value on failure.\n */\nstatic inline int ufshcd_disable_ee(struct ufs_hba *hba, u16 mask)\n{\n\treturn ufshcd_update_ee_drv_mask(hba, 0, mask);\n}\n\n/**\n * ufshcd_enable_ee - enable exception event\n * @hba: per-adapter instance\n * @mask: exception event to enable\n *\n * Enable corresponding exception event in the device to allow\n * device to alert host in critical scenarios.\n *\n * Return: zero on success, non-zero error value on failure.\n */\nstatic inline int ufshcd_enable_ee(struct ufs_hba *hba, u16 mask)\n{\n\treturn ufshcd_update_ee_drv_mask(hba, mask, 0);\n}\n\n/**\n * ufshcd_enable_auto_bkops - Allow device managed BKOPS\n * @hba: per-adapter instance\n *\n * Allow device to manage background operations on its own. Enabling\n * this might lead to inconsistent latencies during normal data transfers\n * as the device is allowed to manage its own way of handling background\n * operations.\n *\n * Return: zero on success, non-zero on failure.\n */\nstatic int ufshcd_enable_auto_bkops(struct ufs_hba *hba)\n{\n\tint err = 0;\n\n\tif (hba->auto_bkops_enabled)\n\t\tgoto out;\n\n\terr = ufshcd_query_flag_retry(hba, UPIU_QUERY_OPCODE_SET_FLAG,\n\t\t\tQUERY_FLAG_IDN_BKOPS_EN, 0, NULL);\n\tif (err) {\n\t\tdev_err(hba->dev, "%s: failed to enable bkops %d\\n",\n\t\t\t\t__func__, err);\n\t\tgoto out;\n\t}\n\n\thba->auto_bkops_enabled = true;\n\ttrace_ufshcd_auto_bkops_state(dev_name(hba->dev), "Enabled");\n\n\t/* No need of URGENT_BKOPS exception from the device */\n\terr = ufshcd_disable_ee(hba, MASK_EE_URGENT_BKOPS);\n\tif (err)\n\t\tdev_err(hba->dev, "%s: failed to disable exception event %d\\n",\n\t\t\t\t__func__, err);\nout:\n\treturn err;\n}\n\n/**\n * ufshcd_disable_auto_bkops - block device in doing background operations\n * @hba: per-adapter instance\n *\n * Disabling background operations improves command response latency but\n * has drawback of device moving into critical state where the device is\n * not-operable. Make sure to call ufshcd_enable_auto_bkops() whenever the\n * host is idle so that BKOPS are managed effectively without any negative\n * impacts.\n *\n * Return: zero on success, non-zero on failure.\n */\nstatic int ufshcd_disable_auto_bkops(struct ufs_hba *hba)\n{\n\tint err = 0;\n\n\tif (!hba->auto_bkops_enabled)\n\t\tgoto out;\n\n\t/*\n\t * If host assisted BKOPs is to be enabled, make sure\n\t * urgent bkops exception is allowed.\n\t */\n\terr = ufshcd_enable_ee(hba, MASK_EE_URGENT_BKOPS);\n\tif (err) {\n\t\tdev_err(hba->dev, "%s: failed to enable exception event %d\\n",\n\t\t\t\t__func__, err);\n\t\tgoto out;\n\t}\n\n\terr = ufshcd_query_flag_retry(hba, UPIU_QUERY_OPCODE_CLEAR_FLAG,\n\t\t\tQUERY_FLAG_IDN_BKOPS_EN, 0, NULL);\n\tif (err) {\n\t\tdev_err(hba->dev, "%s: failed to disable bkops %d\\n",\n\t\t\t\t__func__, err);\n\t\tufshcd_disable_ee(hba, MASK_EE_URGENT_BKOPS);\n\t\tgoto out;\n\t}\n\n\thba->auto_bkops_enabled = false;\n\ttrace_ufshcd_auto_bkops_state(dev_name(hba->dev), "Disabled");\n\thba->is_urgent_bkops_lvl_checked = false;\nout:\n\treturn err;\n}\n\n/**\n * ufshcd_force_reset_auto_bkops - force reset auto bkops state\n * @hba: per adapter instance\n *\n * After a device reset the device may toggle the BKOPS_EN flag\n * to default value. The s/w tracking variables should be updated\n * as well. This function would change the auto-bkops state based on\n * UFSHCD_CAP_KEEP_AUTO_BKOPS_ENABLED_EXCEPT_SUSPEND.\n */\nstatic void ufshcd_force_reset_auto_bkops(struct ufs_hba *hba)\n{\n\tif (ufshcd_keep_autobkops_enabled_except_suspend(hba)) {\n\t\thba->auto_bkops_enabled = false;\n\t\thba->ee_ctrl_mask |= MASK_EE_URGENT_BKOPS;\n\t\tufshcd_enable_auto_bkops(hba);\n\t} else {\n\t\thba->auto_bkops_enabled = true;\n\t\thba->ee_ctrl_mask &= ~MASK_EE_URGENT_BKOPS;\n\t\tufshcd_disable_auto_bkops(hba);\n\t}\n\thba->urgent_bkops_lvl = BKOPS_STATUS_PERF_IMPACT;\n\thba->is_urgent_bkops_lvl_checked = false;\n}\n\nstatic inline int ufshcd_get_bkops_status(struct ufs_hba *hba, u32 *status)\n{\n\treturn ufshcd_query_attr_retry(hba, UPIU_QUERY_OPCODE_READ_ATTR,\n\t\t\tQUERY_ATTR_IDN_BKOPS_STATUS, 0, 0, status);\n}\n\n/**\n * ufshcd_bkops_ctrl - control the auto bkops based on current bkops status\n * @hba: per-adapter instance\n *\n * Read the bkops_status from the UFS device and Enable fBackgroundOpsEn\n * flag in the device to permit background operations if the device\n * bkops_status is greater than or equal to the "hba->urgent_bkops_lvl",\n * disable otherwise.\n *\n * Return: 0 for success, non-zero in case of failure.\n *\n * NOTE: Caller of this function can check the "hba->auto_bkops_enabled" flag\n * to know whether auto bkops is enabled or disabled after this function\n * returns control to it.\n */\nstatic int ufshcd_bkops_ctrl(struct ufs_hba *hba)\n{\n\tenum bkops_status status = hba->urgent_bkops_lvl;\n\tu32 curr_status = 0;\n\tint err;\n\n\terr = ufshcd_get_bkops_status(hba, &curr_status);\n\tif (err) {\n\t\tdev_err(hba->dev, "%s: failed to get BKOPS status %d\\n",\n\t\t\t\t__func__, err);\n\t\tgoto out;\n\t} else if (curr_status > BKOPS_STATUS_MAX) {\n\t\tdev_err(hba->dev, "%s: invalid BKOPS status %d\\n",\n\t\t\t\t__func__, curr_status);\n\t\terr = -EINVAL;\n\t\tgoto out;\n\t}\n\n\tif (curr_status >= status)\n\t\terr = ufshcd_enable_auto_bkops(hba);\n\telse\n\t\terr = ufshcd_disable_auto_bkops(hba);\nout:\n\treturn err;\n}\n\nstatic inline int ufshcd_get_ee_status(struct ufs_hba *hba, u32 *status)\n{\n\treturn ufshcd_query_attr_retry(hba, UPIU_QUERY_OPCODE_READ_ATTR,\n\t\t\tQUERY_ATTR_IDN_EE_STATUS, 0, 0, status);\n}\n\nstatic void ufshcd_bkops_exception_event_handler(struct ufs_hba *hba)\n{\n\tint err;\n\tu32 curr_status = 0;\n\n\tif (hba->is_urgent_bkops_lvl_checked)\n\t\tgoto enable_auto_bkops;\n\n\terr = ufshcd_get_bkops_status(hba, &curr_status);\n\tif (err) {\n\t\tdev_err(hba->dev, "%s: failed to get BKOPS status %d\\n",\n\t\t\t\t__func__, err);\n\t\tgoto out;\n\t}\n\n\t/*\n\t * We are seeing that some devices are raising the urgent bkops\n\t * exception events even when BKOPS status doesn\'t indicate performace\n\t * impacted or critical. Handle these device by determining their urgent\n\t * bkops status at runtime.\n\t */\n\tif (curr_status < BKOPS_STATUS_PERF_IMPACT) {\n\t\tdev_err(hba->dev, "%s: device raised urgent BKOPS exception for bkops status %d\\n",\n\t\t\t\t__func__, curr_status);\n\t\t/* update the current status as the urgent bkops level */\n\t\thba->urgent_bkops_lvl = curr_status;\n\t\thba->is_urgent_bkops_lvl_checked = true;\n\t}\n\nenable_auto_bkops:\n\terr = ufshcd_enable_auto_bkops(hba);\nout:\n\tif (err < 0)\n\t\tdev_err(hba->dev, "%s: failed to handle urgent bkops %d\\n",\n\t\t\t\t__func__, err);\n}\n\nstatic int __ufshcd_wb_toggle(struct ufs_hba *hba, bool set, enum flag_idn idn)\n{\n\tu8 index;\n\tenum query_opcode opcode = set ? UPIU_QUERY_OPCODE_SET_FLAG :\n\t\t\t\t   UPIU_QUERY_OPCODE_CLEAR_FLAG;\n\n\tindex = ufshcd_wb_get_query_index(hba);\n\treturn ufshcd_query_flag_retry(hba, opcode, idn, index, NULL);\n}\n\nint ufshcd_wb_toggle(struct ufs_hba *hba, bool enable)\n{\n\tint ret;\n\n\tif (!ufshcd_is_wb_allowed(hba) ||\n\t    hba->dev_info.wb_enabled == enable)\n\t\treturn 0;\n\n\tret = __ufshcd_wb_toggle(hba, enable, QUERY_FLAG_IDN_WB_EN);\n\tif (ret) {\n\t\tdev_err(hba->dev, "%s: Write Booster %s failed %d\\n",\n\t\t\t__func__, enable ? "enabling" : "disabling", ret);\n\t\treturn ret;\n\t}\n\n\thba->dev_info.wb_enabled = enable;\n\tdev_dbg(hba->dev, "%s: Write Booster %s\\n",\n\t\t\t__func__, enable ? "enabled" : "disabled");\n\n\treturn ret;\n}\n\nstatic void ufshcd_wb_toggle_buf_flush_during_h8(struct ufs_hba *hba,\n\t\t\t\t\t\t bool enable)\n{\n\tint ret;\n\n\tret = __ufshcd_wb_toggle(hba, enable,\n\t\t\tQUERY_FLAG_IDN_WB_BUFF_FLUSH_DURING_HIBERN8);\n\tif (ret) {\n\t\tdev_err(hba->dev, "%s: WB-Buf Flush during H8 %s failed %d\\n",\n\t\t\t__func__, enable ? "enabling" : "disabling", ret);\n\t\treturn;\n\t}\n\tdev_dbg(hba->dev, "%s: WB-Buf Flush during H8 %s\\n",\n\t\t\t__func__, enable ? "enabled" : "disabled");\n}\n\nint ufshcd_wb_toggle_buf_flush(struct ufs_hba *hba, bool enable)\n{\n\tint ret;\n\n\tif (!ufshcd_is_wb_allowed(hba) ||\n\t    hba->dev_info.wb_buf_flush_enabled == enable)\n\t\treturn 0;\n\n\tret = __ufshcd_wb_toggle(hba, enable, QUERY_FLAG_IDN_WB_BUFF_FLUSH_EN);\n\tif (ret) {\n\t\tdev_err(hba->dev, "%s: WB-Buf Flush %s failed %d\\n",\n\t\t\t__func__, enable ? "enabling" : "disabling", ret);\n\t\treturn ret;\n\t}\n\n\thba->dev_info.wb_buf_flush_enabled = enable;\n\tdev_dbg(hba->dev, "%s: WB-Buf Flush %s\\n",\n\t\t\t__func__, enable ? "enabled" : "disabled");\n\n\treturn ret;\n}\n\nstatic bool ufshcd_wb_presrv_usrspc_keep_vcc_on(struct ufs_hba *hba,\n\t\t\t\t\t\tu32 avail_buf)\n{\n\tu32 cur_buf;\n\tint ret;\n\tu8 index;\n\n\tindex = ufshcd_wb_get_query_index(hba);\n\tret = ufshcd_query_attr_retry(hba, UPIU_QUERY_OPCODE_READ_ATTR,\n\t\t\t\t\t      QUERY_ATTR_IDN_CURR_WB_BUFF_SIZE,\n\t\t\t\t\t      index, 0, &cur_buf);\n\tif (ret) {\n\t\tdev_err(hba->dev, "%s: dCurWriteBoosterBufferSize read failed %d\\n",\n\t\t\t__func__, ret);\n\t\treturn false;\n\t}\n\n\tif (!cur_buf) {\n\t\tdev_info(hba->dev, "dCurWBBuf: %d WB disabled until free-space is available\\n",\n\t\t\t cur_buf);\n\t\treturn false;\n\t}\n\t/* Let it continue to flush when available buffer exceeds threshold */\n\treturn avail_buf < hba->vps->wb_flush_threshold;\n}\n\nstatic void ufshcd_wb_force_disable(struct ufs_hba *hba)\n{\n\tif (ufshcd_is_wb_buf_flush_allowed(hba))\n\t\tufshcd_wb_toggle_buf_flush(hba, false);\n\n\tufshcd_wb_toggle_buf_flush_during_h8(hba, false);\n\tufshcd_wb_toggle(hba, false);\n\thba->caps &= ~UFSHCD_CAP_WB_EN;\n\n\tdev_info(hba->dev, "%s: WB force disabled\\n", __func__);\n}\n\nstatic bool ufshcd_is_wb_buf_lifetime_available(struct ufs_hba *hba)\n{\n\tu32 lifetime;\n\tint ret;\n\tu8 index;\n\n\tindex = ufshcd_wb_get_query_index(hba);\n\tret = ufshcd_query_attr_retry(hba, UPIU_QUERY_OPCODE_READ_ATTR,\n\t\t\t\t      QUERY_ATTR_IDN_WB_BUFF_LIFE_TIME_EST,\n\t\t\t\t      index, 0, &lifetime);\n\tif (ret) {\n\t\tdev_err(hba->dev,\n\t\t\t"%s: bWriteBoosterBufferLifeTimeEst read failed %d\\n",\n\t\t\t__func__, ret);\n\t\treturn false;\n\t}\n\n\tif (lifetime == UFS_WB_EXCEED_LIFETIME) {\n\t\tdev_err(hba->dev, "%s: WB buf lifetime is exhausted 0x%02X\\n",\n\t\t\t__func__, lifetime);\n\t\treturn false;\n\t}\n\n\tdev_dbg(hba->dev, "%s: WB buf lifetime is 0x%02X\\n",\n\t\t__func__, lifetime);\n\n\treturn true;\n}\n\nstatic bool ufshcd_wb_need_flush(struct ufs_hba *hba)\n{\n\tint ret;\n\tu32 avail_buf;\n\tu8 index;\n\n\tif (!ufshcd_is_wb_allowed(hba))\n\t\treturn false;\n\n\tif (!ufshcd_is_wb_buf_lifetime_available(hba)) {\n\t\tufshcd_wb_force_disable(hba);\n\t\treturn false;\n\t}\n\n\t/*\n\t * The ufs device needs the vcc to be ON to flush.\n\t * With user-space reduction enabled, it\'s enough to enable flush\n\t * by checking only the available buffer. The threshold\n\t * defined here is > 90% full.\n\t * With user-space preserved enabled, the current-buffer\n\t * should be checked too because the wb buffer size can reduce\n\t * when disk tends to be full. This info is provided by current\n\t * buffer (dCurrentWriteBoosterBufferSize). There\'s no point in\n\t * keeping vcc on when current buffer is empty.\n\t */\n\tindex = ufshcd_wb_get_query_index(hba);\n\tret = ufshcd_query_attr_retry(hba, UPIU_QUERY_OPCODE_READ_ATTR,\n\t\t\t\t      QUERY_ATTR_IDN_AVAIL_WB_BUFF_SIZE,\n\t\t\t\t      index, 0, &avail_buf);\n\tif (ret) {\n\t\tdev_warn(hba->dev, "%s: dAvailableWriteBoosterBufferSize read failed %d\\n",\n\t\t\t __func__, ret);\n\t\treturn false;\n\t}\n\n\tif (!hba->dev_info.b_presrv_uspc_en)\n\t\treturn avail_buf <= UFS_WB_BUF_REMAIN_PERCENT(10);\n\n\treturn ufshcd_wb_presrv_usrspc_keep_vcc_on(hba, avail_buf);\n}\n\nstatic void ufshcd_rpm_dev_flush_recheck_work(struct work_struct *work)\n{\n\tstruct ufs_hba *hba = container_of(to_delayed_work(work),\n\t\t\t\t\t   struct ufs_hba,\n\t\t\t\t\t   rpm_dev_flush_recheck_work);\n\t/*\n\t * To prevent unnecessary VCC power drain after device finishes\n\t * WriteBooster buffer flush or Auto BKOPs, force runtime resume\n\t * after a certain delay to recheck the threshold by next runtime\n\t * suspend.\n\t */\n\tufshcd_rpm_get_sync(hba);\n\tufshcd_rpm_put_sync(hba);\n}\n\n/**\n * ufshcd_exception_event_handler - handle exceptions raised by device\n * @work: pointer to work data\n *\n * Read bExceptionEventStatus attribute from the device and handle the\n * exception event accordingly.\n */\nstatic void ufshcd_exception_event_handler(struct work_struct *work)\n{\n\tstruct ufs_hba *hba;\n\tint err;\n\tu32 status = 0;\n\thba = container_of(work, struct ufs_hba, eeh_work);\n\n\terr = ufshcd_get_ee_status(hba, &status);\n\tif (err) {\n\t\tdev_err(hba->dev, "%s: failed to get exception status %d\\n",\n\t\t\t\t__func__, err);\n\t\treturn;\n\t}\n\n\ttrace_ufshcd_exception_event(dev_name(hba->dev), status);\n\n\tif (status & hba->ee_drv_mask & MASK_EE_URGENT_BKOPS)\n\t\tufshcd_bkops_exception_event_handler(hba);\n\n\tif (status & hba->ee_drv_mask & MASK_EE_URGENT_TEMP)\n\t\tufs_hwmon_notify_event(hba, status & MASK_EE_URGENT_TEMP);\n\n\tufs_debugfs_exception_event(hba, status);\n}\n\n/* Complete requests that have door-bell cleared */\nstatic void ufshcd_complete_requests(struct ufs_hba *hba, bool force_compl)\n{\n\tif (hba->mcq_enabled)\n\t\tufshcd_mcq_compl_pending_transfer(hba, force_compl);\n\telse\n\t\tufshcd_transfer_req_compl(hba);\n\n\tufshcd_tmc_handler(hba);\n}\n\n/**\n * ufshcd_quirk_dl_nac_errors - This function checks if error handling is\n *\t\t\t\tto recover from the DL NAC errors or not.\n * @hba: per-adapter instance\n *\n * Return: true if error handling is required, false otherwise.\n */\nstatic bool ufshcd_quirk_dl_nac_errors(struct ufs_hba *hba)\n{\n\tunsigned long flags;\n\tbool err_handling = true;\n\n\tspin_lock_irqsave(hba->host->host_lock, flags);\n\t/*\n\t * UFS_DEVICE_QUIRK_RECOVERY_FROM_DL_NAC_ERRORS only workaround the\n\t * device fatal error and/or DL NAC & REPLAY timeout errors.\n\t */\n\tif (hba->saved_err & (CONTROLLER_FATAL_ERROR | SYSTEM_BUS_FATAL_ERROR))\n\t\tgoto out;\n\n\tif ((hba->saved_err & DEVICE_FATAL_ERROR) ||\n\t    ((hba->saved_err & UIC_ERROR) &&\n\t     (hba->saved_uic_err & UFSHCD_UIC_DL_TCx_REPLAY_ERROR)))\n\t\tgoto out;\n\n\tif ((hba->saved_err & UIC_ERROR) &&\n\t    (hba->saved_uic_err & UFSHCD_UIC_DL_NAC_RECEIVED_ERROR)) {\n\t\tint err;\n\t\t/*\n\t\t * wait for 50ms to see if we can get any other errors or not.\n\t\t */\n\t\tspin_unlock_irqrestore(hba->host->host_lock, flags);\n\t\tmsleep(50);\n\t\tspin_lock_irqsave(hba->host->host_lock, flags);\n\n\t\t/*\n\t\t * now check if we have got any other severe errors other than\n\t\t * DL NAC error?\n\t\t */\n\t\tif ((hba->saved_err & INT_FATAL_ERRORS) ||\n\t\t    ((hba->saved_err & UIC_ERROR) &&\n\t\t    (hba->saved_uic_err & ~UFSHCD_UIC_DL_NAC_RECEIVED_ERROR)))\n\t\t\tgoto out;\n\n\t\t/*\n\t\t * As DL NAC is the only error received so far, send out NOP\n\t\t * command to confirm if link is still active or not.\n\t\t *   - If we don\'t get any response then do error recovery.\n\t\t *   - If we get response then clear the DL NAC error bit.\n\t\t */\n\n\t\tspin_unlock_irqrestore(hba->host->host_lock, flags);\n\t\terr = ufshcd_verify_dev_init(hba);\n\t\tspin_lock_irqsave(hba->host->host_lock, flags);\n\n\t\tif (err)\n\t\t\tgoto out;\n\n\t\t/* Link seems to be alive hence ignore the DL NAC errors */\n\t\tif (hba->saved_uic_err == UFSHCD_UIC_DL_NAC_RECEIVED_ERROR)\n\t\t\thba->saved_err &= ~UIC_ERROR;\n\t\t/* clear NAC error */\n\t\thba->saved_uic_err &= ~UFSHCD_UIC_DL_NAC_RECEIVED_ERROR;\n\t\tif (!hba->saved_uic_err)\n\t\t\terr_handling = false;\n\t}\nout:\n\tspin_unlock_irqrestore(hba->host->host_lock, flags);\n\treturn err_handling;\n}\n\n/* host lock must be held before calling this func */\nstatic inline bool ufshcd_is_saved_err_fatal(struct ufs_hba *hba)\n{\n\treturn (hba->saved_uic_err & UFSHCD_UIC_DL_PA_INIT_ERROR) ||\n\t       (hba->saved_err & (INT_FATAL_ERRORS | UFSHCD_UIC_HIBERN8_MASK));\n}\n\nvoid ufshcd_schedule_eh_work(struct ufs_hba *hba)\n{\n\tlockdep_assert_held(hba->host->host_lock);\n\n\t/* handle fatal errors only when link is not in error state */\n\tif (hba->ufshcd_state != UFSHCD_STATE_ERROR) {\n\t\tif (hba->force_reset || ufshcd_is_link_broken(hba) ||\n\t\t    ufshcd_is_saved_err_fatal(hba))\n\t\t\thba->ufshcd_state = UFSHCD_STATE_EH_SCHEDULED_FATAL;\n\t\telse\n\t\t\thba->ufshcd_state = UFSHCD_STATE_EH_SCHEDULED_NON_FATAL;\n\t\tqueue_work(hba->eh_wq, &hba->eh_work);\n\t}\n}\n\nstatic void ufshcd_force_error_recovery(struct ufs_hba *hba)\n{\n\tspin_lock_irq(hba->host->host_lock);\n\thba->force_reset = true;\n\tufshcd_schedule_eh_work(hba);\n\tspin_unlock_irq(hba->host->host_lock);\n}\n\nstatic void ufshcd_clk_scaling_allow(struct ufs_hba *hba, bool allow)\n{\n\tmutex_lock(&hba->wb_mutex);\n\tdown_write(&hba->clk_scaling_lock);\n\thba->clk_scaling.is_allowed = allow;\n\tup_write(&hba->clk_scaling_lock);\n\tmutex_unlock(&hba->wb_mutex);\n}\n\nstatic void ufshcd_clk_scaling_suspend(struct ufs_hba *hba, bool suspend)\n{\n\tif (suspend) {\n\t\tif (hba->clk_scaling.is_enabled)\n\t\t\tufshcd_suspend_clkscaling(hba);\n\t\tufshcd_clk_scaling_allow(hba, false);\n\t} else {\n\t\tufshcd_clk_scaling_allow(hba, true);\n\t\tif (hba->clk_scaling.is_enabled)\n\t\t\tufshcd_resume_clkscaling(hba);\n\t}\n}\n\nstatic void ufshcd_err_handling_prepare(struct ufs_hba *hba)\n{\n\tufshcd_rpm_get_sync(hba);\n\tif (pm_runtime_status_suspended(&hba->ufs_device_wlun->sdev_gendev) ||\n\t    hba->is_sys_suspended) {\n\t\tenum ufs_pm_op pm_op;\n\n\t\t/*\n\t\t * Don\'t assume anything of resume, if\n\t\t * resume fails, irq and clocks can be OFF, and powers\n\t\t * can be OFF or in LPM.\n\t\t */\n\t\tufshcd_setup_hba_vreg(hba, true);\n\t\tufshcd_enable_irq(hba);\n\t\tufshcd_setup_vreg(hba, true);\n\t\tufshcd_config_vreg_hpm(hba, hba->vreg_info.vccq);\n\t\tufshcd_config_vreg_hpm(hba, hba->vreg_info.vccq2);\n\t\tufshcd_hold(hba);\n\t\tif (!ufshcd_is_clkgating_allowed(hba))\n\t\t\tufshcd_setup_clocks(hba, true);\n\t\tpm_op = hba->is_sys_suspended ? UFS_SYSTEM_PM : UFS_RUNTIME_PM;\n\t\tufshcd_vops_resume(hba, pm_op);\n\t} else {\n\t\tufshcd_hold(hba);\n\t\tif (ufshcd_is_clkscaling_supported(hba) &&\n\t\t    hba->clk_scaling.is_enabled)\n\t\t\tufshcd_suspend_clkscaling(hba);\n\t\tufshcd_clk_scaling_allow(hba, false);\n\t}\n\t/* Wait for ongoing ufshcd_queuecommand() calls to finish. */\n\tblk_mq_quiesce_tagset(&hba->host->tag_set);\n\tcancel_work_sync(&hba->eeh_work);\n}\n\nstatic void ufshcd_err_handling_unprepare(struct ufs_hba *hba)\n{\n\tblk_mq_unquiesce_tagset(&hba->host->tag_set);\n\tufshcd_release(hba);\n\tif (ufshcd_is_clkscaling_supported(hba))\n\t\tufshcd_clk_scaling_suspend(hba, false);\n\tufshcd_rpm_put(hba);\n}\n\nstatic inline bool ufshcd_err_handling_should_stop(struct ufs_hba *hba)\n{\n\treturn (!hba->is_powered || hba->shutting_down ||\n\t\t!hba->ufs_device_wlun ||\n\t\thba->ufshcd_state == UFSHCD_STATE_ERROR ||\n\t\t(!(hba->saved_err || hba->saved_uic_err || hba->force_reset ||\n\t\t   ufshcd_is_link_broken(hba))));\n}\n\n#ifdef CONFIG_PM\nstatic void ufshcd_recover_pm_error(struct ufs_hba *hba)\n{\n\tstruct Scsi_Host *shost = hba->host;\n\tstruct scsi_device *sdev;\n\tstruct request_queue *q;\n\tint ret;\n\n\thba->is_sys_suspended = false;\n\t/*\n\t * Set RPM status of wlun device to RPM_ACTIVE,\n\t * this also clears its runtime error.\n\t */\n\tret = pm_runtime_set_active(&hba->ufs_device_wlun->sdev_gendev);\n\n\t/* hba device might have a runtime error otherwise */\n\tif (ret)\n\t\tret = pm_runtime_set_active(hba->dev);\n\t/*\n\t * If wlun device had runtime error, we also need to resume those\n\t * consumer scsi devices in case any of them has failed to be\n\t * resumed due to supplier runtime resume failure. This is to unblock\n\t * blk_queue_enter in case there are bios waiting inside it.\n\t */\n\tif (!ret) {\n\t\tshost_for_each_device(sdev, shost) {\n\t\t\tq = sdev->request_queue;\n\t\t\tif (q->dev && (q->rpm_status == RPM_SUSPENDED ||\n\t\t\t\t       q->rpm_status == RPM_SUSPENDING))\n\t\t\t\tpm_request_resume(q->dev);\n\t\t}\n\t}\n}\n#else\nstatic inline void ufshcd_recover_pm_error(struct ufs_hba *hba)\n{\n}\n#endif\n\nstatic bool ufshcd_is_pwr_mode_restore_needed(struct ufs_hba *hba)\n{\n\tstruct ufs_pa_layer_attr *pwr_info = &hba->pwr_info;\n\tu32 mode;\n\n\tufshcd_dme_get(hba, UIC_ARG_MIB(PA_PWRMODE), &mode);\n\n\tif (pwr_info->pwr_rx != ((mode >> PWRMODE_RX_OFFSET) & PWRMODE_MASK))\n\t\treturn true;\n\n\tif (pwr_info->pwr_tx != (mode & PWRMODE_MASK))\n\t\treturn true;\n\n\treturn false;\n}\n\nstatic bool ufshcd_abort_one(struct request *rq, void *priv)\n{\n\tint *ret = priv;\n\tu32 tag = rq->tag;\n\tstruct scsi_cmnd *cmd = blk_mq_rq_to_pdu(rq);\n\tstruct scsi_device *sdev = cmd->device;\n\tstruct Scsi_Host *shost = sdev->host;\n\tstruct ufs_hba *hba = shost_priv(shost);\n\n\t*ret = ufshcd_try_to_abort_task(hba, tag);\n\tdev_err(hba->dev, "Aborting tag %d / CDB %#02x %s\\n", tag,\n\t\thba->lrb[tag].cmd ? hba->lrb[tag].cmd->cmnd[0] : -1,\n\t\t*ret ? "failed" : "succeeded");\n\n\treturn *ret == 0;\n}\n\n/**\n * ufshcd_abort_all - Abort all pending commands.\n * @hba: Host bus adapter pointer.\n *\n * Return: true if and only if the host controller needs to be reset.\n */\nstatic bool ufshcd_abort_all(struct ufs_hba *hba)\n{\n\tint tag, ret = 0;\n\n\tblk_mq_tagset_busy_iter(&hba->host->tag_set, ufshcd_abort_one, &ret);\n\tif (ret)\n\t\tgoto out;\n\n\t/* Clear pending task management requests */\n\tfor_each_set_bit(tag, &hba->outstanding_tasks, hba->nutmrs) {\n\t\tret = ufshcd_clear_tm_cmd(hba, tag);\n\t\tif (ret)\n\t\t\tgoto out;\n\t}\n\nout:\n\t/* Complete the requests that are cleared by s/w */\n\tufshcd_complete_requests(hba, false);\n\n\treturn ret != 0;\n}\n\n/**\n * ufshcd_err_handler - handle UFS errors that require s/w attention\n * @work: pointer to work structure\n */\nstatic void ufshcd_err_handler(struct work_struct *work)\n{\n\tint retries = MAX_ERR_HANDLER_RETRIES;\n\tstruct ufs_hba *hba;\n\tunsigned long flags;\n\tbool needs_restore;\n\tbool needs_reset;\n\tint pmc_err;\n\n\thba = container_of(work, struct ufs_hba, eh_work);\n\n\tdev_info(hba->dev,\n\t\t "%s started; HBA state %s; powered %d; shutting down %d; saved_err = %d; saved_uic_err = %d; force_reset = %d%s\\n",\n\t\t __func__, ufshcd_state_name[hba->ufshcd_state],\n\t\t hba->is_powered, hba->shutting_down, hba->saved_err,\n\t\t hba->saved_uic_err, hba->force_reset,\n\t\t ufshcd_is_link_broken(hba) ? "; link is broken" : "");\n\n\tdown(&hba->host_sem);\n\tspin_lock_irqsave(hba->host->host_lock, flags);\n\tif (ufshcd_err_handling_should_stop(hba)) {\n\t\tif (hba->ufshcd_state != UFSHCD_STATE_ERROR)\n\t\t\thba->ufshcd_state = UFSHCD_STATE_OPERATIONAL;\n\t\tspin_unlock_irqrestore(hba->host->host_lock, flags);\n\t\tup(&hba->host_sem);\n\t\treturn;\n\t}\n\tufshcd_set_eh_in_progress(hba);\n\tspin_unlock_irqrestore(hba->host->host_lock, flags);\n\tufshcd_err_handling_prepare(hba);\n\t/* Complete requests that have door-bell cleared by h/w */\n\tufshcd_complete_requests(hba, false);\n\tspin_lock_irqsave(hba->host->host_lock, flags);\nagain:\n\tneeds_restore = false;\n\tneeds_reset = false;\n\n\tif (hba->ufshcd_state != UFSHCD_STATE_ERROR)\n\t\thba->ufshcd_state = UFSHCD_STATE_RESET;\n\t/*\n\t * A full reset and restore might have happened after preparation\n\t * is finished, double check whether we should stop.\n\t */\n\tif (ufshcd_err_handling_should_stop(hba))\n\t\tgoto skip_err_handling;\n\n\tif ((hba->dev_quirks & UFS_DEVICE_QUIRK_RECOVERY_FROM_DL_NAC_ERRORS) &&\n\t    !hba->force_reset) {\n\t\tbool ret;\n\n\t\tspin_unlock_irqrestore(hba->host->host_lock, flags);\n\t\t/* release the lock as ufshcd_quirk_dl_nac_errors() may sleep */\n\t\tret = ufshcd_quirk_dl_nac_errors(hba);\n\t\tspin_lock_irqsave(hba->host->host_lock, flags);\n\t\tif (!ret && ufshcd_err_handling_should_stop(hba))\n\t\t\tgoto skip_err_handling;\n\t}\n\n\tif ((hba->saved_err & (INT_FATAL_ERRORS | UFSHCD_UIC_HIBERN8_MASK)) ||\n\t    (hba->saved_uic_err &&\n\t     (hba->saved_uic_err != UFSHCD_UIC_PA_GENERIC_ERROR))) {\n\t\tbool pr_prdt = !!(hba->saved_err & SYSTEM_BUS_FATAL_ERROR);\n\n\t\tspin_unlock_irqrestore(hba->host->host_lock, flags);\n\t\tufshcd_print_host_state(hba);\n\t\tufshcd_print_pwr_info(hba);\n\t\tufshcd_print_evt_hist(hba);\n\t\tufshcd_print_tmrs(hba, hba->outstanding_tasks);\n\t\tufshcd_print_trs_all(hba, pr_prdt);\n\t\tspin_lock_irqsave(hba->host->host_lock, flags);\n\t}\n\n\t/*\n\t * if host reset is required then skip clearing the pending\n\t * transfers forcefully because they will get cleared during\n\t * host reset and restore\n\t */\n\tif (hba->force_reset || ufshcd_is_link_broken(hba) ||\n\t    ufshcd_is_saved_err_fatal(hba) ||\n\t    ((hba->saved_err & UIC_ERROR) &&\n\t     (hba->saved_uic_err & (UFSHCD_UIC_DL_NAC_RECEIVED_ERROR |\n\t\t\t\t    UFSHCD_UIC_DL_TCx_REPLAY_ERROR)))) {\n\t\tneeds_reset = true;\n\t\tgoto do_reset;\n\t}\n\n\t/*\n\t * If LINERESET was caught, UFS might have been put to PWM mode,\n\t * check if power mode restore is needed.\n\t */\n\tif (hba->saved_uic_err & UFSHCD_UIC_PA_GENERIC_ERROR) {\n\t\thba->saved_uic_err &= ~UFSHCD_UIC_PA_GENERIC_ERROR;\n\t\tif (!hba->saved_uic_err)\n\t\t\thba->saved_err &= ~UIC_ERROR;\n\t\tspin_unlock_irqrestore(hba->host->host_lock, flags);\n\t\tif (ufshcd_is_pwr_mode_restore_needed(hba))\n\t\t\tneeds_restore = true;\n\t\tspin_lock_irqsave(hba->host->host_lock, flags);\n\t\tif (!hba->saved_err && !needs_restore)\n\t\t\tgoto skip_err_handling;\n\t}\n\n\thba->silence_err_logs = true;\n\t/* release lock as clear command might sleep */\n\tspin_unlock_irqrestore(hba->host->host_lock, flags);\n\n\tneeds_reset = ufshcd_abort_all(hba);\n\n\tspin_lock_irqsave(hba->host->host_lock, flags);\n\thba->silence_err_logs = false;\n\tif (needs_reset)\n\t\tgoto do_reset;\n\n\t/*\n\t * After all reqs and tasks are cleared from doorbell,\n\t * now it is safe to retore power mode.\n\t */\n\tif (needs_restore) {\n\t\tspin_unlock_irqrestore(hba->host->host_lock, flags);\n\t\t/*\n\t\t * Hold the scaling lock just in case dev cmds\n\t\t * are sent via bsg and/or sysfs.\n\t\t */\n\t\tdown_write(&hba->clk_scaling_lock);\n\t\thba->force_pmc = true;\n\t\tpmc_err = ufshcd_config_pwr_mode(hba, &(hba->pwr_info));\n\t\tif (pmc_err) {\n\t\t\tneeds_reset = true;\n\t\t\tdev_err(hba->dev, "%s: Failed to restore power mode, err = %d\\n",\n\t\t\t\t\t__func__, pmc_err);\n\t\t}\n\t\thba->force_pmc = false;\n\t\tufshcd_print_pwr_info(hba);\n\t\tup_write(&hba->clk_scaling_lock);\n\t\tspin_lock_irqsave(hba->host->host_lock, flags);\n\t}\n\ndo_reset:\n\t/* Fatal errors need reset */\n\tif (needs_reset) {\n\t\tint err;\n\n\t\thba->force_reset = false;\n\t\tspin_unlock_irqrestore(hba->host->host_lock, flags);\n\t\terr = ufshcd_reset_and_restore(hba);\n\t\tif (err)\n\t\t\tdev_err(hba->dev, "%s: reset and restore failed with err %d\\n",\n\t\t\t\t\t__func__, err);\n\t\telse\n\t\t\tufshcd_recover_pm_error(hba);\n\t\tspin_lock_irqsave(hba->host->host_lock, flags);\n\t}\n\nskip_err_handling:\n\tif (!needs_reset) {\n\t\tif (hba->ufshcd_state == UFSHCD_STATE_RESET)\n\t\t\thba->ufshcd_state = UFSHCD_STATE_OPERATIONAL;\n\t\tif (hba->saved_err || hba->saved_uic_err)\n\t\t\tdev_err_ratelimited(hba->dev, "%s: exit: saved_err 0x%x saved_uic_err 0x%x",\n\t\t\t    __func__, hba->saved_err, hba->saved_uic_err);\n\t}\n\t/* Exit in an operational state or dead */\n\tif (hba->ufshcd_state != UFSHCD_STATE_OPERATIONAL &&\n\t    hba->ufshcd_state != UFSHCD_STATE_ERROR) {\n\t\tif (--retries)\n\t\t\tgoto again;\n\t\thba->ufshcd_state = UFSHCD_STATE_ERROR;\n\t}\n\tufshcd_clear_eh_in_progress(hba);\n\tspin_unlock_irqrestore(hba->host->host_lock, flags);\n\tufshcd_err_handling_unprepare(hba);\n\tup(&hba->host_sem);\n\n\tdev_info(hba->dev, "%s finished; HBA state %s\\n", __func__,\n\t\t ufshcd_state_name[hba->ufshcd_state]);\n}\n\n/**\n * ufshcd_update_uic_error - check and set fatal UIC error flags.\n * @hba: per-adapter instance\n *\n * Return:\n *  IRQ_HANDLED - If interrupt is valid\n *  IRQ_NONE    - If invalid interrupt\n */\nstatic irqreturn_t ufshcd_update_uic_error(struct ufs_hba *hba)\n{\n\tu32 reg;\n\tirqreturn_t retval = IRQ_NONE;\n\n\t/* PHY layer error */\n\treg = ufshcd_readl(hba, REG_UIC_ERROR_CODE_PHY_ADAPTER_LAYER);\n\tif ((reg & UIC_PHY_ADAPTER_LAYER_ERROR) &&\n\t    (reg & UIC_PHY_ADAPTER_LAYER_ERROR_CODE_MASK)) {\n\t\tufshcd_update_evt_hist(hba, UFS_EVT_PA_ERR, reg);\n\t\t/*\n\t\t * To know whether this error is fatal or not, DB timeout\n\t\t * must be checked but this error is handled separately.\n\t\t */\n\t\tif (reg & UIC_PHY_ADAPTER_LAYER_LANE_ERR_MASK)\n\t\t\tdev_dbg(hba->dev, "%s: UIC Lane error reported\\n",\n\t\t\t\t\t__func__);\n\n\t\t/* Got a LINERESET indication. */\n\t\tif (reg & UIC_PHY_ADAPTER_LAYER_GENERIC_ERROR) {\n\t\t\tstruct uic_command *cmd = NULL;\n\n\t\t\thba->uic_error |= UFSHCD_UIC_PA_GENERIC_ERROR;\n\t\t\tif (hba->uic_async_done && hba->active_uic_cmd)\n\t\t\t\tcmd = hba->active_uic_cmd;\n\t\t\t/*\n\t\t\t * Ignore the LINERESET during power mode change\n\t\t\t * operation via DME_SET command.\n\t\t\t */\n\t\t\tif (cmd && (cmd->command == UIC_CMD_DME_SET))\n\t\t\t\thba->uic_error &= ~UFSHCD_UIC_PA_GENERIC_ERROR;\n\t\t}\n\t\tretval |= IRQ_HANDLED;\n\t}\n\n\t/* PA_INIT_ERROR is fatal and needs UIC reset */\n\treg = ufshcd_readl(hba, REG_UIC_ERROR_CODE_DATA_LINK_LAYER);\n\tif ((reg & UIC_DATA_LINK_LAYER_ERROR) &&\n\t    (reg & UIC_DATA_LINK_LAYER_ERROR_CODE_MASK)) {\n\t\tufshcd_update_evt_hist(hba, UFS_EVT_DL_ERR, reg);\n\n\t\tif (reg & UIC_DATA_LINK_LAYER_ERROR_PA_INIT)\n\t\t\thba->uic_error |= UFSHCD_UIC_DL_PA_INIT_ERROR;\n\t\telse if (hba->dev_quirks &\n\t\t\t\tUFS_DEVICE_QUIRK_RECOVERY_FROM_DL_NAC_ERRORS) {\n\t\t\tif (reg & UIC_DATA_LINK_LAYER_ERROR_NAC_RECEIVED)\n\t\t\t\thba->uic_error |=\n\t\t\t\t\tUFSHCD_UIC_DL_NAC_RECEIVED_ERROR;\n\t\t\telse if (reg & UIC_DATA_LINK_LAYER_ERROR_TCx_REPLAY_TIMEOUT)\n\t\t\t\thba->uic_error |= UFSHCD_UIC_DL_TCx_REPLAY_ERROR;\n\t\t}\n\t\tretval |= IRQ_HANDLED;\n\t}\n\n\t/* UIC NL/TL/DME errors needs software retry */\n\treg = ufshcd_readl(hba, REG_UIC_ERROR_CODE_NETWORK_LAYER);\n\tif ((reg & UIC_NETWORK_LAYER_ERROR) &&\n\t    (reg & UIC_NETWORK_LAYER_ERROR_CODE_MASK)) {\n\t\tufshcd_update_evt_hist(hba, UFS_EVT_NL_ERR, reg);\n\t\thba->uic_error |= UFSHCD_UIC_NL_ERROR;\n\t\tretval |= IRQ_HANDLED;\n\t}\n\n\treg = ufshcd_readl(hba, REG_UIC_ERROR_CODE_TRANSPORT_LAYER);\n\tif ((reg & UIC_TRANSPORT_LAYER_ERROR) &&\n\t    (reg & UIC_TRANSPORT_LAYER_ERROR_CODE_MASK)) {\n\t\tufshcd_update_evt_hist(hba, UFS_EVT_TL_ERR, reg);\n\t\thba->uic_error |= UFSHCD_UIC_TL_ERROR;\n\t\tretval |= IRQ_HANDLED;\n\t}\n\n\treg = ufshcd_readl(hba, REG_UIC_ERROR_CODE_DME);\n\tif ((reg & UIC_DME_ERROR) &&\n\t    (reg & UIC_DME_ERROR_CODE_MASK)) {\n\t\tufshcd_update_evt_hist(hba, UFS_EVT_DME_ERR, reg);\n\t\thba->uic_error |= UFSHCD_UIC_DME_ERROR;\n\t\tretval |= IRQ_HANDLED;\n\t}\n\n\tdev_dbg(hba->dev, "%s: UIC error flags = 0x%08x\\n",\n\t\t\t__func__, hba->uic_error);\n\treturn retval;\n}\n\n/**\n * ufshcd_check_errors - Check for errors that need s/w attention\n * @hba: per-adapter instance\n * @intr_status: interrupt status generated by the controller\n *\n * Return:\n *  IRQ_HANDLED - If interrupt is valid\n *  IRQ_NONE    - If invalid interrupt\n */\nstatic irqreturn_t ufshcd_check_errors(struct ufs_hba *hba, u32 intr_status)\n{\n\tbool queue_eh_work = false;\n\tirqreturn_t retval = IRQ_NONE;\n\n\tspin_lock(hba->host->host_lock);\n\thba->errors |= UFSHCD_ERROR_MASK & intr_status;\n\n\tif (hba->errors & INT_FATAL_ERRORS) {\n\t\tufshcd_update_evt_hist(hba, UFS_EVT_FATAL_ERR,\n\t\t\t\t       hba->errors);\n\t\tqueue_eh_work = true;\n\t}\n\n\tif (hba->errors & UIC_ERROR) {\n\t\thba->uic_error = 0;\n\t\tretval = ufshcd_update_uic_error(hba);\n\t\tif (hba->uic_error)\n\t\t\tqueue_eh_work = true;\n\t}\n\n\tif (hba->errors & UFSHCD_UIC_HIBERN8_MASK) {\n\t\tdev_err(hba->dev,\n\t\t\t"%s: Auto Hibern8 %s failed - status: 0x%08x, upmcrs: 0x%08x\\n",\n\t\t\t__func__, (hba->errors & UIC_HIBERNATE_ENTER) ?\n\t\t\t"Enter" : "Exit",\n\t\t\thba->errors, ufshcd_get_upmcrs(hba));\n\t\tufshcd_update_evt_hist(hba, UFS_EVT_AUTO_HIBERN8_ERR,\n\t\t\t\t       hba->errors);\n\t\tufshcd_set_link_broken(hba);\n\t\tqueue_eh_work = true;\n\t}\n\n\tif (queue_eh_work) {\n\t\t/*\n\t\t * update the transfer error masks to sticky bits, let\'s do this\n\t\t * irrespective of current ufshcd_state.\n\t\t */\n\t\thba->saved_err |= hba->errors;\n\t\thba->saved_uic_err |= hba->uic_error;\n\n\t\t/* dump controller state before resetting */\n\t\tif ((hba->saved_err &\n\t\t     (INT_FATAL_ERRORS | UFSHCD_UIC_HIBERN8_MASK)) ||\n\t\t    (hba->saved_uic_err &&\n\t\t     (hba->saved_uic_err != UFSHCD_UIC_PA_GENERIC_ERROR))) {\n\t\t\tdev_err(hba->dev, "%s: saved_err 0x%x saved_uic_err 0x%x\\n",\n\t\t\t\t\t__func__, hba->saved_err,\n\t\t\t\t\thba->saved_uic_err);\n\t\t\tufshcd_dump_regs(hba, 0, UFSHCI_REG_SPACE_SIZE,\n\t\t\t\t\t "host_regs: ");\n\t\t\tufshcd_print_pwr_info(hba);\n\t\t}\n\t\tufshcd_schedule_eh_work(hba);\n\t\tretval |= IRQ_HANDLED;\n\t}\n\t/*\n\t * if (!queue_eh_work) -\n\t * Other errors are either non-fatal where host recovers\n\t * itself without s/w intervention or errors that will be\n\t * handled by the SCSI core layer.\n\t */\n\thba->errors = 0;\n\thba->uic_error = 0;\n\tspin_unlock(hba->host->host_lock);\n\treturn retval;\n}\n\n/**\n * ufshcd_tmc_handler - handle task management function completion\n * @hba: per adapter instance\n *\n * Return:\n *  IRQ_HANDLED - If interrupt is valid\n *  IRQ_NONE    - If invalid interrupt\n */\nstatic irqreturn_t ufshcd_tmc_handler(struct ufs_hba *hba)\n{\n\tunsigned long flags, pending, issued;\n\tirqreturn_t ret = IRQ_NONE;\n\tint tag;\n\n\tspin_lock_irqsave(hba->host->host_lock, flags);\n\tpending = ufshcd_readl(hba, REG_UTP_TASK_REQ_DOOR_BELL);\n\tissued = hba->outstanding_tasks & ~pending;\n\tfor_each_set_bit(tag, &issued, hba->nutmrs) {\n\t\tstruct request *req = hba->tmf_rqs[tag];\n\t\tstruct completion *c = req->end_io_data;\n\n\t\tcomplete(c);\n\t\tret = IRQ_HANDLED;\n\t}\n\tspin_unlock_irqrestore(hba->host->host_lock, flags);\n\n\treturn ret;\n}\n\n/**\n * ufshcd_handle_mcq_cq_events - handle MCQ completion queue events\n * @hba: per adapter instance\n *\n * Return: IRQ_HANDLED if interrupt is handled.\n */\nstatic irqreturn_t ufshcd_handle_mcq_cq_events(struct ufs_hba *hba)\n{\n\tstruct ufs_hw_queue *hwq;\n\tunsigned long outstanding_cqs;\n\tunsigned int nr_queues;\n\tint i, ret;\n\tu32 events;\n\n\tret = ufshcd_vops_get_outstanding_cqs(hba, &outstanding_cqs);\n\tif (ret)\n\t\toutstanding_cqs = (1U << hba->nr_hw_queues) - 1;\n\n\t/* Exclude the poll queues */\n\tnr_queues = hba->nr_hw_queues - hba->nr_queues[HCTX_TYPE_POLL];\n\tfor_each_set_bit(i, &outstanding_cqs, nr_queues) {\n\t\thwq = &hba->uhq[i];\n\n\t\tevents = ufshcd_mcq_read_cqis(hba, i);\n\t\tif (events)\n\t\t\tufshcd_mcq_write_cqis(hba, events, i);\n\n\t\tif (events & UFSHCD_MCQ_CQIS_TAIL_ENT_PUSH_STS)\n\t\t\tufshcd_mcq_poll_cqe_lock(hba, hwq);\n\t}\n\n\treturn IRQ_HANDLED;\n}\n\n/**\n * ufshcd_sl_intr - Interrupt service routine\n * @hba: per adapter instance\n * @intr_status: contains interrupts generated by the controller\n *\n * Return:\n *  IRQ_HANDLED - If interrupt is valid\n *  IRQ_NONE    - If invalid interrupt\n */\nstatic irqreturn_t ufshcd_sl_intr(struct ufs_hba *hba, u32 intr_status)\n{\n\tirqreturn_t retval = IRQ_NONE;\n\n\tif (intr_status & UFSHCD_UIC_MASK)\n\t\tretval |= ufshcd_uic_cmd_compl(hba, intr_status);\n\n\tif (intr_status & UFSHCD_ERROR_MASK || hba->errors)\n\t\tretval |= ufshcd_check_errors(hba, intr_status);\n\n\tif (intr_status & UTP_TASK_REQ_COMPL)\n\t\tretval |= ufshcd_tmc_handler(hba);\n\n\tif (intr_status & UTP_TRANSFER_REQ_COMPL)\n\t\tretval |= ufshcd_transfer_req_compl(hba);\n\n\tif (intr_status & MCQ_CQ_EVENT_STATUS)\n\t\tretval |= ufshcd_handle_mcq_cq_events(hba);\n\n\treturn retval;\n}\n\n/**\n * ufshcd_intr - Main interrupt service routine\n * @irq: irq number\n * @__hba: pointer to adapter instance\n *\n * Return:\n *  IRQ_HANDLED - If interrupt is valid\n *  IRQ_NONE    - If invalid interrupt\n */\nstatic irqreturn_t ufshcd_intr(int irq, void *__hba)\n{\n\tu32 intr_status, enabled_intr_status = 0;\n\tirqreturn_t retval = IRQ_NONE;\n\tstruct ufs_hba *hba = __hba;\n\tint retries = hba->nutrs;\n\n\tintr_status = ufshcd_readl(hba, REG_INTERRUPT_STATUS);\n\thba->ufs_stats.last_intr_status = intr_status;\n\thba->ufs_stats.last_intr_ts = local_clock();\n\n\t/*\n\t * There could be max of hba->nutrs reqs in flight and in worst case\n\t * if the reqs get finished 1 by 1 after the interrupt status is\n\t * read, make sure we handle them by checking the interrupt status\n\t * again in a loop until we process all of the reqs before returning.\n\t */\n\twhile (intr_status && retries--) {\n\t\tenabled_intr_status =\n\t\t\tintr_status & ufshcd_readl(hba, REG_INTERRUPT_ENABLE);\n\t\tufshcd_writel(hba, intr_status, REG_INTERRUPT_STATUS);\n\t\tif (enabled_intr_status)\n\t\t\tretval |= ufshcd_sl_intr(hba, enabled_intr_status);\n\n\t\tintr_status = ufshcd_readl(hba, REG_INTERRUPT_STATUS);\n\t}\n\n\tif (enabled_intr_status && retval == IRQ_NONE &&\n\t    (!(enabled_intr_status & UTP_TRANSFER_REQ_COMPL) ||\n\t     hba->outstanding_reqs) && !ufshcd_eh_in_progress(hba)) {\n\t\tdev_err(hba->dev, "%s: Unhandled interrupt 0x%08x (0x%08x, 0x%08x)\\n",\n\t\t\t\t\t__func__,\n\t\t\t\t\tintr_status,\n\t\t\t\t\thba->ufs_stats.last_intr_status,\n\t\t\t\t\tenabled_intr_status);\n\t\tufshcd_dump_regs(hba, 0, UFSHCI_REG_SPACE_SIZE, "host_regs: ");\n\t}\n\n\treturn retval;\n}\n\nstatic int ufshcd_clear_tm_cmd(struct ufs_hba *hba, int tag)\n{\n\tint err = 0;\n\tu32 mask = 1 << tag;\n\n\tif (!test_bit(tag, &hba->outstanding_tasks))\n\t\tgoto out;\n\n\tufshcd_utmrl_clear(hba, tag);\n\n\t/* poll for max. 1 sec to clear door bell register by h/w */\n\terr = ufshcd_wait_for_register(hba,\n\t\t\tREG_UTP_TASK_REQ_DOOR_BELL,\n\t\t\tmask, 0, 1000, 1000);\n\n\tdev_err(hba->dev, "Clearing task management function with tag %d %s\\n",\n\t\ttag, err < 0 ? "failed" : "succeeded");\n\nout:\n\treturn err;\n}\n\nstatic int __ufshcd_issue_tm_cmd(struct ufs_hba *hba,\n\t\tstruct utp_task_req_desc *treq, u8 tm_function)\n{\n\tstruct request_queue *q = hba->tmf_queue;\n\tstruct Scsi_Host *host = hba->host;\n\tDECLARE_COMPLETION_ONSTACK(wait);\n\tstruct request *req;\n\tunsigned long flags;\n\tint task_tag, err;\n\n\t/*\n\t * blk_mq_alloc_request() is used here only to get a free tag.\n\t */\n\treq = blk_mq_alloc_request(q, REQ_OP_DRV_OUT, 0);\n\tif (IS_ERR(req))\n\t\treturn PTR_ERR(req);\n\n\treq->end_io_data = &wait;\n\tufshcd_hold(hba);\n\n\tspin_lock_irqsave(host->host_lock, flags);\n\n\ttask_tag = req->tag;\n\thba->tmf_rqs[req->tag] = req;\n\ttreq->upiu_req.req_header.task_tag = task_tag;\n\n\tmemcpy(hba->utmrdl_base_addr + task_tag, treq, sizeof(*treq));\n\tufshcd_vops_setup_task_mgmt(hba, task_tag, tm_function);\n\n\t__set_bit(task_tag, &hba->outstanding_tasks);\n\n\tspin_unlock_irqrestore(host->host_lock, flags);\n\n\t/* send command to the controller */\n\tufshcd_writel(hba, 1 << task_tag, REG_UTP_TASK_REQ_DOOR_BELL);\n\n\tufshcd_add_tm_upiu_trace(hba, task_tag, UFS_TM_SEND);\n\n\t/* wait until the task management command is completed */\n\terr = wait_for_completion_io_timeout(&wait,\n\t\t\tmsecs_to_jiffies(TM_CMD_TIMEOUT));\n\tif (!err) {\n\t\tufshcd_add_tm_upiu_trace(hba, task_tag, UFS_TM_ERR);\n\t\tdev_err(hba->dev, "%s: task management cmd 0x%.2x timed-out\\n",\n\t\t\t\t__func__, tm_function);\n\t\tif (ufshcd_clear_tm_cmd(hba, task_tag))\n\t\t\tdev_WARN(hba->dev, "%s: unable to clear tm cmd (slot %d) after timeout\\n",\n\t\t\t\t\t__func__, task_tag);\n\t\terr = -ETIMEDOUT;\n\t} else {\n\t\terr = 0;\n\t\tmemcpy(treq, hba->utmrdl_base_addr + task_tag, sizeof(*treq));\n\n\t\tufshcd_add_tm_upiu_trace(hba, task_tag, UFS_TM_COMP);\n\t}\n\n\tspin_lock_irqsave(hba->host->host_lock, flags);\n\thba->tmf_rqs[req->tag] = NULL;\n\t__clear_bit(task_tag, &hba->outstanding_tasks);\n\tspin_unlock_irqrestore(hba->host->host_lock, flags);\n\n\tufshcd_release(hba);\n\tblk_mq_free_request(req);\n\n\treturn err;\n}\n\n/**\n * ufshcd_issue_tm_cmd - issues task management commands to controller\n * @hba: per adapter instance\n * @lun_id: LUN ID to which TM command is sent\n * @task_id: task ID to which the TM command is applicable\n * @tm_function: task management function opcode\n * @tm_response: task management service response return value\n *\n * Return: non-zero value on error, zero on success.\n */\nstatic int ufshcd_issue_tm_cmd(struct ufs_hba *hba, int lun_id, int task_id,\n\t\tu8 tm_function, u8 *tm_response)\n{\n\tstruct utp_task_req_desc treq = { };\n\tenum utp_ocs ocs_value;\n\tint err;\n\n\t/* Configure task request descriptor */\n\ttreq.header.interrupt = 1;\n\ttreq.header.ocs = OCS_INVALID_COMMAND_STATUS;\n\n\t/* Configure task request UPIU */\n\ttreq.upiu_req.req_header.transaction_code = UPIU_TRANSACTION_TASK_REQ;\n\ttreq.upiu_req.req_header.lun = lun_id;\n\ttreq.upiu_req.req_header.tm_function = tm_function;\n\n\t/*\n\t * The host shall provide the same value for LUN field in the basic\n\t * header and for Input Parameter.\n\t */\n\ttreq.upiu_req.input_param1 = cpu_to_be32(lun_id);\n\ttreq.upiu_req.input_param2 = cpu_to_be32(task_id);\n\n\terr = __ufshcd_issue_tm_cmd(hba, &treq, tm_function);\n\tif (err == -ETIMEDOUT)\n\t\treturn err;\n\n\tocs_value = treq.header.ocs & MASK_OCS;\n\tif (ocs_value != OCS_SUCCESS)\n\t\tdev_err(hba->dev, "%s: failed, ocs = 0x%x\\n",\n\t\t\t\t__func__, ocs_value);\n\telse if (tm_response)\n\t\t*tm_response = be32_to_cpu(treq.upiu_rsp.output_param1) &\n\t\t\t\tMASK_TM_SERVICE_RESP;\n\treturn err;\n}\n\n/**\n * ufshcd_issue_devman_upiu_cmd - API for sending "utrd" type requests\n * @hba:\tper-adapter instance\n * @req_upiu:\tupiu request\n * @rsp_upiu:\tupiu reply\n * @desc_buff:\tpointer to descriptor buffer, NULL if NA\n * @buff_len:\tdescriptor size, 0 if NA\n * @cmd_type:\tspecifies the type (NOP, Query...)\n * @desc_op:\tdescriptor operation\n *\n * Those type of requests uses UTP Transfer Request Descriptor - utrd.\n * Therefore, it "rides" the device management infrastructure: uses its tag and\n * tasks work queues.\n *\n * Since there is only one available tag for device management commands,\n * the caller is expected to hold the hba->dev_cmd.lock mutex.\n *\n * Return: 0 upon success; < 0 upon failure.\n */\nstatic int ufshcd_issue_devman_upiu_cmd(struct ufs_hba *hba,\n\t\t\t\t\tstruct utp_upiu_req *req_upiu,\n\t\t\t\t\tstruct utp_upiu_req *rsp_upiu,\n\t\t\t\t\tu8 *desc_buff, int *buff_len,\n\t\t\t\t\tenum dev_cmd_type cmd_type,\n\t\t\t\t\tenum query_opcode desc_op)\n{\n\tconst u32 tag = hba->reserved_slot;\n\tstruct ufshcd_lrb *lrbp = &hba->lrb[tag];\n\tint err = 0;\n\tu8 upiu_flags;\n\n\t/* Protects use of hba->reserved_slot. */\n\tlockdep_assert_held(&hba->dev_cmd.lock);\n\n\tufshcd_setup_dev_cmd(hba, lrbp, cmd_type, 0, tag);\n\n\tufshcd_prepare_req_desc_hdr(hba, lrbp, &upiu_flags, DMA_NONE, 0);\n\n\t/* update the task tag in the request upiu */\n\treq_upiu->header.task_tag = tag;\n\n\t/* just copy the upiu request as it is */\n\tmemcpy(lrbp->ucd_req_ptr, req_upiu, sizeof(*lrbp->ucd_req_ptr));\n\tif (desc_buff && desc_op == UPIU_QUERY_OPCODE_WRITE_DESC) {\n\t\t/* The Data Segment Area is optional depending upon the query\n\t\t * function value. for WRITE DESCRIPTOR, the data segment\n\t\t * follows right after the tsf.\n\t\t */\n\t\tmemcpy(lrbp->ucd_req_ptr + 1, desc_buff, *buff_len);\n\t\t*buff_len = 0;\n\t}\n\n\tmemset(lrbp->ucd_rsp_ptr, 0, sizeof(struct utp_upiu_rsp));\n\n\t/*\n\t * ignore the returning value here - ufshcd_check_query_response is\n\t * bound to fail since dev_cmd.query and dev_cmd.type were left empty.\n\t * read the response directly ignoring all errors.\n\t */\n\tufshcd_issue_dev_cmd(hba, lrbp, tag, QUERY_REQ_TIMEOUT);\n\n\t/* just copy the upiu response as it is */\n\tmemcpy(rsp_upiu, lrbp->ucd_rsp_ptr, sizeof(*rsp_upiu));\n\tif (desc_buff && desc_op == UPIU_QUERY_OPCODE_READ_DESC) {\n\t\tu8 *descp = (u8 *)lrbp->ucd_rsp_ptr + sizeof(*rsp_upiu);\n\t\tu16 resp_len = be16_to_cpu(lrbp->ucd_rsp_ptr->header\n\t\t\t\t\t   .data_segment_length);\n\n\t\tif (*buff_len >= resp_len) {\n\t\t\tmemcpy(desc_buff, descp, resp_len);\n\t\t\t*buff_len = resp_len;\n\t\t} else {\n\t\t\tdev_warn(hba->dev,\n\t\t\t\t "%s: rsp size %d is bigger than buffer size %d",\n\t\t\t\t __func__, resp_len, *buff_len);\n\t\t\t*buff_len = 0;\n\t\t\terr = -EINVAL;\n\t\t}\n\t}\n\tufshcd_add_query_upiu_trace(hba, err ? UFS_QUERY_ERR : UFS_QUERY_COMP,\n\t\t\t\t    (struct utp_upiu_req *)lrbp->ucd_rsp_ptr);\n\n\treturn err;\n}\n\n/**\n * ufshcd_exec_raw_upiu_cmd - API function for sending raw upiu commands\n * @hba:\tper-adapter instance\n * @req_upiu:\tupiu request\n * @rsp_upiu:\tupiu reply - only 8 DW as we do not support scsi commands\n * @msgcode:\tmessage code, one of UPIU Transaction Codes Initiator to Target\n * @desc_buff:\tpointer to descriptor buffer, NULL if NA\n * @buff_len:\tdescriptor size, 0 if NA\n * @desc_op:\tdescriptor operation\n *\n * Supports UTP Transfer requests (nop and query), and UTP Task\n * Management requests.\n * It is up to the caller to fill the upiu conent properly, as it will\n * be copied without any further input validations.\n *\n * Return: 0 upon success; < 0 upon failure.\n */\nint ufshcd_exec_raw_upiu_cmd(struct ufs_hba *hba,\n\t\t\t     struct utp_upiu_req *req_upiu,\n\t\t\t     struct utp_upiu_req *rsp_upiu,\n\t\t\t     enum upiu_request_transaction msgcode,\n\t\t\t     u8 *desc_buff, int *buff_len,\n\t\t\t     enum query_opcode desc_op)\n{\n\tint err;\n\tenum dev_cmd_type cmd_type = DEV_CMD_TYPE_QUERY;\n\tstruct utp_task_req_desc treq = { };\n\tenum utp_ocs ocs_value;\n\tu8 tm_f = req_upiu->header.tm_function;\n\n\tswitch (msgcode) {\n\tcase UPIU_TRANSACTION_NOP_OUT:\n\t\tcmd_type = DEV_CMD_TYPE_NOP;\n\t\tfallthrough;\n\tcase UPIU_TRANSACTION_QUERY_REQ:\n\t\tufshcd_dev_man_lock(hba);\n\t\terr = ufshcd_issue_devman_upiu_cmd(hba, req_upiu, rsp_upiu,\n\t\t\t\t\t\t   desc_buff, buff_len,\n\t\t\t\t\t\t   cmd_type, desc_op);\n\t\tufshcd_dev_man_unlock(hba);\n\n\t\tbreak;\n\tcase UPIU_TRANSACTION_TASK_REQ:\n\t\ttreq.header.interrupt = 1;\n\t\ttreq.header.ocs = OCS_INVALID_COMMAND_STATUS;\n\n\t\tmemcpy(&treq.upiu_req, req_upiu, sizeof(*req_upiu));\n\n\t\terr = __ufshcd_issue_tm_cmd(hba, &treq, tm_f);\n\t\tif (err == -ETIMEDOUT)\n\t\t\tbreak;\n\n\t\tocs_value = treq.header.ocs & MASK_OCS;\n\t\tif (ocs_value != OCS_SUCCESS) {\n\t\t\tdev_err(hba->dev, "%s: failed, ocs = 0x%x\\n", __func__,\n\t\t\t\tocs_value);\n\t\t\tbreak;\n\t\t}\n\n\t\tmemcpy(rsp_upiu, &treq.upiu_rsp, sizeof(*rsp_upiu));\n\n\t\tbreak;\n\tdefault:\n\t\terr = -EINVAL;\n\n\t\tbreak;\n\t}\n\n\treturn err;\n}\n\n/**\n * ufshcd_advanced_rpmb_req_handler - handle advanced RPMB request\n * @hba:\tper adapter instance\n * @req_upiu:\tupiu request\n * @rsp_upiu:\tupiu reply\n * @req_ehs:\tEHS field which contains Advanced RPMB Request Message\n * @rsp_ehs:\tEHS field which returns Advanced RPMB Response Message\n * @sg_cnt:\tThe number of sg lists actually used\n * @sg_list:\tPointer to SG list when DATA IN/OUT UPIU is required in ARPMB operation\n * @dir:\tDMA direction\n *\n * Return: zero on success, non-zero on failure.\n */\nint ufshcd_advanced_rpmb_req_handler(struct ufs_hba *hba, struct utp_upiu_req *req_upiu,\n\t\t\t struct utp_upiu_req *rsp_upiu, struct ufs_ehs *req_ehs,\n\t\t\t struct ufs_ehs *rsp_ehs, int sg_cnt, struct scatterlist *sg_list,\n\t\t\t enum dma_data_direction dir)\n{\n\tconst u32 tag = hba->reserved_slot;\n\tstruct ufshcd_lrb *lrbp = &hba->lrb[tag];\n\tint err = 0;\n\tint result;\n\tu8 upiu_flags;\n\tu8 *ehs_data;\n\tu16 ehs_len;\n\tint ehs = (hba->capabilities & MASK_EHSLUTRD_SUPPORTED) ? 2 : 0;\n\n\t/* Protects use of hba->reserved_slot. */\n\tufshcd_dev_man_lock(hba);\n\n\tufshcd_setup_dev_cmd(hba, lrbp, DEV_CMD_TYPE_RPMB, UFS_UPIU_RPMB_WLUN, tag);\n\n\tufshcd_prepare_req_desc_hdr(hba, lrbp, &upiu_flags, DMA_NONE, ehs);\n\n\t/* update the task tag */\n\treq_upiu->header.task_tag = tag;\n\n\t/* copy the UPIU(contains CDB) request as it is */\n\tmemcpy(lrbp->ucd_req_ptr, req_upiu, sizeof(*lrbp->ucd_req_ptr));\n\t/* Copy EHS, starting with byte32, immediately after the CDB package */\n\tmemcpy(lrbp->ucd_req_ptr + 1, req_ehs, sizeof(*req_ehs));\n\n\tif (dir != DMA_NONE && sg_list)\n\t\tufshcd_sgl_to_prdt(hba, lrbp, sg_cnt, sg_list);\n\n\tmemset(lrbp->ucd_rsp_ptr, 0, sizeof(struct utp_upiu_rsp));\n\n\terr = ufshcd_issue_dev_cmd(hba, lrbp, tag, ADVANCED_RPMB_REQ_TIMEOUT);\n\n\tif (!err) {\n\t\t/* Just copy the upiu response as it is */\n\t\tmemcpy(rsp_upiu, lrbp->ucd_rsp_ptr, sizeof(*rsp_upiu));\n\t\t/* Get the response UPIU result */\n\t\tresult = (lrbp->ucd_rsp_ptr->header.response << 8) |\n\t\t\tlrbp->ucd_rsp_ptr->header.status;\n\n\t\tehs_len = lrbp->ucd_rsp_ptr->header.ehs_length;\n\t\t/*\n\t\t * Since the bLength in EHS indicates the total size of the EHS Header and EHS Data\n\t\t * in 32 Byte units, the value of the bLength Request/Response for Advanced RPMB\n\t\t * Message is 02h\n\t\t */\n\t\tif (ehs_len == 2 && rsp_ehs) {\n\t\t\t/*\n\t\t\t * ucd_rsp_ptr points to a buffer with a length of 512 bytes\n\t\t\t * (ALIGNED_UPIU_SIZE = 512), and the EHS data just starts from byte32\n\t\t\t */\n\t\t\tehs_data = (u8 *)lrbp->ucd_rsp_ptr + EHS_OFFSET_IN_RESPONSE;\n\t\t\tmemcpy(rsp_ehs, ehs_data, ehs_len * 32);\n\t\t}\n\t}\n\n\tufshcd_dev_man_unlock(hba);\n\n\treturn err ? : result;\n}\n\n/**\n * ufshcd_eh_device_reset_handler() - Reset a single logical unit.\n * @cmd: SCSI command pointer\n *\n * Return: SUCCESS or FAILED.\n */\nstatic int ufshcd_eh_device_reset_handler(struct scsi_cmnd *cmd)\n{\n\tunsigned long flags, pending_reqs = 0, not_cleared = 0;\n\tstruct Scsi_Host *host;\n\tstruct ufs_hba *hba;\n\tstruct ufs_hw_queue *hwq;\n\tstruct ufshcd_lrb *lrbp;\n\tu32 pos, not_cleared_mask = 0;\n\tint err;\n\tu8 resp = 0xF, lun;\n\n\thost = cmd->device->host;\n\thba = shost_priv(host);\n\n\tlun = ufshcd_scsi_to_upiu_lun(cmd->device->lun);\n\terr = ufshcd_issue_tm_cmd(hba, lun, 0, UFS_LOGICAL_RESET, &resp);\n\tif (err || resp != UPIU_TASK_MANAGEMENT_FUNC_COMPL) {\n\t\tif (!err)\n\t\t\terr = resp;\n\t\tgoto out;\n\t}\n\n\tif (hba->mcq_enabled) {\n\t\tfor (pos = 0; pos < hba->nutrs; pos++) {\n\t\t\tlrbp = &hba->lrb[pos];\n\t\t\tif (ufshcd_cmd_inflight(lrbp->cmd) &&\n\t\t\t    lrbp->lun == lun) {\n\t\t\t\tufshcd_clear_cmd(hba, pos);\n\t\t\t\thwq = ufshcd_mcq_req_to_hwq(hba, scsi_cmd_to_rq(lrbp->cmd));\n\t\t\t\tufshcd_mcq_poll_cqe_lock(hba, hwq);\n\t\t\t}\n\t\t}\n\t\terr = 0;\n\t\tgoto out;\n\t}\n\n\t/* clear the commands that were pending for corresponding LUN */\n\tspin_lock_irqsave(&hba->outstanding_lock, flags);\n\tfor_each_set_bit(pos, &hba->outstanding_reqs, hba->nutrs)\n\t\tif (hba->lrb[pos].lun == lun)\n\t\t\t__set_bit(pos, &pending_reqs);\n\thba->outstanding_reqs &= ~pending_reqs;\n\tspin_unlock_irqrestore(&hba->outstanding_lock, flags);\n\n\tfor_each_set_bit(pos, &pending_reqs, hba->nutrs) {\n\t\tif (ufshcd_clear_cmd(hba, pos) < 0) {\n\t\t\tspin_lock_irqsave(&hba->outstanding_lock, flags);\n\t\t\tnot_cleared = 1U << pos &\n\t\t\t\tufshcd_readl(hba, REG_UTP_TRANSFER_REQ_DOOR_BELL);\n\t\t\thba->outstanding_reqs |= not_cleared;\n\t\t\tnot_cleared_mask |= not_cleared;\n\t\t\tspin_unlock_irqrestore(&hba->outstanding_lock, flags);\n\n\t\t\tdev_err(hba->dev, "%s: failed to clear request %d\\n",\n\t\t\t\t__func__, pos);\n\t\t}\n\t}\n\t__ufshcd_transfer_req_compl(hba, pending_reqs & ~not_cleared_mask);\n\nout:\n\thba->req_abort_count = 0;\n\tufshcd_update_evt_hist(hba, UFS_EVT_DEV_RESET, (u32)err);\n\tif (!err) {\n\t\terr = SUCCESS;\n\t} else {\n\t\tdev_err(hba->dev, "%s: failed with err %d\\n", __func__, err);\n\t\terr = FAILED;\n\t}\n\treturn err;\n}\n\nstatic void ufshcd_set_req_abort_skip(struct ufs_hba *hba, unsigned long bitmap)\n{\n\tstruct ufshcd_lrb *lrbp;\n\tint tag;\n\n\tfor_each_set_bit(tag, &bitmap, hba->nutrs) {\n\t\tlrbp = &hba->lrb[tag];\n\t\tlrbp->req_abort_skip = true;\n\t}\n}\n\n/**\n * ufshcd_try_to_abort_task - abort a specific task\n * @hba: Pointer to adapter instance\n * @tag: Task tag/index to be aborted\n *\n * Abort the pending command in device by sending UFS_ABORT_TASK task management\n * command, and in host controller by clearing the door-bell register. There can\n * be race between controller sending the command to the device while abort is\n * issued. To avoid that, first issue UFS_QUERY_TASK to check if the command is\n * really issued and then try to abort it.\n *\n * Return: zero on success, non-zero on failure.\n */\nint ufshcd_try_to_abort_task(struct ufs_hba *hba, int tag)\n{\n\tstruct ufshcd_lrb *lrbp = &hba->lrb[tag];\n\tint err;\n\tint poll_cnt;\n\tu8 resp = 0xF;\n\n\tfor (poll_cnt = 100; poll_cnt; poll_cnt--) {\n\t\terr = ufshcd_issue_tm_cmd(hba, lrbp->lun, lrbp->task_tag,\n\t\t\t\tUFS_QUERY_TASK, &resp);\n\t\tif (!err && resp == UPIU_TASK_MANAGEMENT_FUNC_SUCCEEDED) {\n\t\t\t/* cmd pending in the device */\n\t\t\tdev_err(hba->dev, "%s: cmd pending in the device. tag = %d\\n",\n\t\t\t\t__func__, tag);\n\t\t\tbreak;\n\t\t} else if (!err && resp == UPIU_TASK_MANAGEMENT_FUNC_COMPL) {\n\t\t\t/*\n\t\t\t * cmd not pending in the device, check if it is\n\t\t\t * in transition.\n\t\t\t */\n\t\t\tdev_info(\n\t\t\t\thba->dev,\n\t\t\t\t"%s: cmd with tag %d not pending in the device.\\n",\n\t\t\t\t__func__, tag);\n\t\t\tif (!ufshcd_cmd_inflight(lrbp->cmd)) {\n\t\t\t\tdev_info(hba->dev,\n\t\t\t\t\t "%s: cmd with tag=%d completed.\\n",\n\t\t\t\t\t __func__, tag);\n\t\t\t\treturn 0;\n\t\t\t}\n\t\t\tusleep_range(100, 200);\n\t\t} else {\n\t\t\tdev_err(hba->dev,\n\t\t\t\t"%s: no response from device. tag = %d, err %d\\n",\n\t\t\t\t__func__, tag, err);\n\t\t\treturn err ? : resp;\n\t\t}\n\t}\n\n\tif (!poll_cnt)\n\t\treturn -EBUSY;\n\n\terr = ufshcd_issue_tm_cmd(hba, lrbp->lun, lrbp->task_tag,\n\t\t\tUFS_ABORT_TASK, &resp);\n\tif (err || resp != UPIU_TASK_MANAGEMENT_FUNC_COMPL) {\n\t\tif (!err) {\n\t\t\terr = resp; /* service response error */\n\t\t\tdev_err(hba->dev, "%s: issued. tag = %d, err %d\\n",\n\t\t\t\t__func__, tag, err);\n\t\t}\n\t\treturn err;\n\t}\n\n\terr = ufshcd_clear_cmd(hba, tag);\n\tif (err)\n\t\tdev_err(hba->dev, "%s: Failed clearing cmd at tag %d, err %d\\n",\n\t\t\t__func__, tag, err);\n\n\treturn err;\n}\n\n/**\n * ufshcd_abort - scsi host template eh_abort_handler callback\n * @cmd: SCSI command pointer\n *\n * Return: SUCCESS or FAILED.\n */\nstatic int ufshcd_abort(struct scsi_cmnd *cmd)\n{\n\tstruct Scsi_Host *host = cmd->device->host;\n\tstruct ufs_hba *hba = shost_priv(host);\n\tint tag = scsi_cmd_to_rq(cmd)->tag;\n\tstruct ufshcd_lrb *lrbp = &hba->lrb[tag];\n\tunsigned long flags;\n\tint err = FAILED;\n\tbool outstanding;\n\tu32 reg;\n\n\tufshcd_hold(hba);\n\n\tif (!hba->mcq_enabled) {\n\t\treg = ufshcd_readl(hba, REG_UTP_TRANSFER_REQ_DOOR_BELL);\n\t\tif (!test_bit(tag, &hba->outstanding_reqs)) {\n\t\t\t/* If command is already aborted/completed, return FAILED. */\n\t\t\tdev_err(hba->dev,\n\t\t\t\t"%s: cmd at tag %d already completed, outstanding=0x%lx, doorbell=0x%x\\n",\n\t\t\t\t__func__, tag, hba->outstanding_reqs, reg);\n\t\t\tgoto release;\n\t\t}\n\t}\n\n\t/* Print Transfer Request of aborted task */\n\tdev_info(hba->dev, "%s: Device abort task at tag %d\\n", __func__, tag);\n\n\t/*\n\t * Print detailed info about aborted request.\n\t * As more than one request might get aborted at the same time,\n\t * print full information only for the first aborted request in order\n\t * to reduce repeated printouts. For other aborted requests only print\n\t * basic details.\n\t */\n\tscsi_print_command(cmd);\n\tif (!hba->req_abort_count) {\n\t\tufshcd_update_evt_hist(hba, UFS_EVT_ABORT, tag);\n\t\tufshcd_print_evt_hist(hba);\n\t\tufshcd_print_host_state(hba);\n\t\tufshcd_print_pwr_info(hba);\n\t\tufshcd_print_tr(hba, tag, true);\n\t} else {\n\t\tufshcd_print_tr(hba, tag, false);\n\t}\n\thba->req_abort_count++;\n\n\tif (!hba->mcq_enabled && !(reg & (1 << tag))) {\n\t\t/* only execute this code in single doorbell mode */\n\t\tdev_err(hba->dev,\n\t\t"%s: cmd was completed, but without a notifying intr, tag = %d",\n\t\t__func__, tag);\n\t\t__ufshcd_transfer_req_compl(hba, 1UL << tag);\n\t\tgoto release;\n\t}\n\n\t/*\n\t * Task abort to the device W-LUN is illegal. When this command\n\t * will fail, due to spec violation, scsi err handling next step\n\t * will be to send LU reset which, again, is a spec violation.\n\t * To avoid these unnecessary/illegal steps, first we clean up\n\t * the lrb taken by this cmd and re-set it in outstanding_reqs,\n\t * then queue the eh_work and bail.\n\t */\n\tif (lrbp->lun == UFS_UPIU_UFS_DEVICE_WLUN) {\n\t\tufshcd_update_evt_hist(hba, UFS_EVT_ABORT, lrbp->lun);\n\n\t\tspin_lock_irqsave(host->host_lock, flags);\n\t\thba->force_reset = true;\n\t\tufshcd_schedule_eh_work(hba);\n\t\tspin_unlock_irqrestore(host->host_lock, flags);\n\t\tgoto release;\n\t}\n\n\tif (hba->mcq_enabled) {\n\t\t/* MCQ mode. Branch off to handle abort for mcq mode */\n\t\terr = ufshcd_mcq_abort(cmd);\n\t\tgoto release;\n\t}\n\n\t/* Skip task abort in case previous aborts failed and report failure */\n\tif (lrbp->req_abort_skip) {\n\t\tdev_err(hba->dev, "%s: skipping abort\\n", __func__);\n\t\tufshcd_set_req_abort_skip(hba, hba->outstanding_reqs);\n\t\tgoto release;\n\t}\n\n\terr = ufshcd_try_to_abort_task(hba, tag);\n\tif (err) {\n\t\tdev_err(hba->dev, "%s: failed with err %d\\n", __func__, err);\n\t\tufshcd_set_req_abort_skip(hba, hba->outstanding_reqs);\n\t\terr = FAILED;\n\t\tgoto release;\n\t}\n\n\t/*\n\t * Clear the corresponding bit from outstanding_reqs since the command\n\t * has been aborted successfully.\n\t */\n\tspin_lock_irqsave(&hba->outstanding_lock, flags);\n\toutstanding = __test_and_clear_bit(tag, &hba->outstanding_reqs);\n\tspin_unlock_irqrestore(&hba->outstanding_lock, flags);\n\n\tif (outstanding)\n\t\tufshcd_release_scsi_cmd(hba, lrbp);\n\n\terr = SUCCESS;\n\nrelease:\n\t/* Matches the ufshcd_hold() call at the start of this function. */\n\tufshcd_release(hba);\n\treturn err;\n}\n\n/**\n * ufshcd_process_probe_result - Process the ufshcd_probe_hba() result.\n * @hba: UFS host controller instance.\n * @probe_start: time when the ufshcd_probe_hba() call started.\n * @ret: ufshcd_probe_hba() return value.\n */\nstatic void ufshcd_process_probe_result(struct ufs_hba *hba,\n\t\t\t\t\tktime_t probe_start, int ret)\n{\n\tunsigned long flags;\n\n\tspin_lock_irqsave(hba->host->host_lock, flags);\n\tif (ret)\n\t\thba->ufshcd_state = UFSHCD_STATE_ERROR;\n\telse if (hba->ufshcd_state == UFSHCD_STATE_RESET)\n\t\thba->ufshcd_state = UFSHCD_STATE_OPERATIONAL;\n\tspin_unlock_irqrestore(hba->host->host_lock, flags);\n\n\ttrace_ufshcd_init(dev_name(hba->dev), ret,\n\t\t\t  ktime_to_us(ktime_sub(ktime_get(), probe_start)),\n\t\t\t  hba->curr_dev_pwr_mode, hba->uic_link_state);\n}\n\n/**\n * ufshcd_host_reset_and_restore - reset and restore host controller\n * @hba: per-adapter instance\n *\n * Note that host controller reset may issue DME_RESET to\n * local and remote (device) Uni-Pro stack and the attributes\n * are reset to default state.\n *\n * Return: zero on success, non-zero on failure.\n */\nstatic int ufshcd_host_reset_and_restore(struct ufs_hba *hba)\n{\n\tint err;\n\n\t/*\n\t * Stop the host controller and complete the requests\n\t * cleared by h/w\n\t */\n\tufshcd_hba_stop(hba);\n\thba->silence_err_logs = true;\n\tufshcd_complete_requests(hba, true);\n\thba->silence_err_logs = false;\n\n\t/* scale up clocks to max frequency before full reinitialization */\n\tufshcd_scale_clks(hba, ULONG_MAX, true);\n\n\terr = ufshcd_hba_enable(hba);\n\n\t/* Establish the link again and restore the device */\n\tif (!err) {\n\t\tktime_t probe_start = ktime_get();\n\n\t\terr = ufshcd_device_init(hba, /*init_dev_params=*/false);\n\t\tif (!err)\n\t\t\terr = ufshcd_probe_hba(hba, false);\n\t\tufshcd_process_probe_result(hba, probe_start, err);\n\t}\n\n\tif (err)\n\t\tdev_err(hba->dev, "%s: Host init failed %d\\n", __func__, err);\n\tufshcd_update_evt_hist(hba, UFS_EVT_HOST_RESET, (u32)err);\n\treturn err;\n}\n\n/**\n * ufshcd_reset_and_restore - reset and re-initialize host/device\n * @hba: per-adapter instance\n *\n * Reset and recover device, host and re-establish link. This\n * is helpful to recover the communication in fatal error conditions.\n *\n * Return: zero on success, non-zero on failure.\n */\nstatic int ufshcd_reset_and_restore(struct ufs_hba *hba)\n{\n\tu32 saved_err = 0;\n\tu32 saved_uic_err = 0;\n\tint err = 0;\n\tunsigned long flags;\n\tint retries = MAX_HOST_RESET_RETRIES;\n\n\tspin_lock_irqsave(hba->host->host_lock, flags);\n\tdo {\n\t\t/*\n\t\t * This is a fresh start, cache and clear saved error first,\n\t\t * in case new error generated during reset and restore.\n\t\t */\n\t\tsaved_err |= hba->saved_err;\n\t\tsaved_uic_err |= hba->saved_uic_err;\n\t\thba->saved_err = 0;\n\t\thba->saved_uic_err = 0;\n\t\thba->force_reset = false;\n\t\thba->ufshcd_state = UFSHCD_STATE_RESET;\n\t\tspin_unlock_irqrestore(hba->host->host_lock, flags);\n\n\t\t/* Reset the attached device */\n\t\tufshcd_device_reset(hba);\n\n\t\terr = ufshcd_host_reset_and_restore(hba);\n\n\t\tspin_lock_irqsave(hba->host->host_lock, flags);\n\t\tif (err)\n\t\t\tcontinue;\n\t\t/* Do not exit unless operational or dead */\n\t\tif (hba->ufshcd_state != UFSHCD_STATE_OPERATIONAL &&\n\t\t    hba->ufshcd_state != UFSHCD_STATE_ERROR &&\n\t\t    hba->ufshcd_state != UFSHCD_STATE_EH_SCHEDULED_NON_FATAL)\n\t\t\terr = -EAGAIN;\n\t} while (err && --retries);\n\n\t/*\n\t * Inform scsi mid-layer that we did reset and allow to handle\n\t * Unit Attention properly.\n\t */\n\tscsi_report_bus_reset(hba->host, 0);\n\tif (err) {\n\t\thba->ufshcd_state = UFSHCD_STATE_ERROR;\n\t\thba->saved_err |= saved_err;\n\t\thba->saved_uic_err |= saved_uic_err;\n\t}\n\tspin_unlock_irqrestore(hba->host->host_lock, flags);\n\n\treturn err;\n}\n\n/**\n * ufshcd_eh_host_reset_handler - host reset handler registered to scsi layer\n * @cmd: SCSI command pointer\n *\n * Return: SUCCESS or FAILED.\n */\nstatic int ufshcd_eh_host_reset_handler(struct scsi_cmnd *cmd)\n{\n\tint err = SUCCESS;\n\tunsigned long flags;\n\tstruct ufs_hba *hba;\n\n\thba = shost_priv(cmd->device->host);\n\n\t/*\n\t * If runtime PM sent SSU and got a timeout, scsi_error_handler is\n\t * stuck in this function waiting for flush_work(&hba->eh_work). And\n\t * ufshcd_err_handler(eh_work) is stuck waiting for runtime PM. Do\n\t * ufshcd_link_recovery instead of eh_work to prevent deadlock.\n\t */\n\tif (hba->pm_op_in_progress) {\n\t\tif (ufshcd_link_recovery(hba))\n\t\t\terr = FAILED;\n\n\t\treturn err;\n\t}\n\n\tspin_lock_irqsave(hba->host->host_lock, flags);\n\thba->force_reset = true;\n\tufshcd_schedule_eh_work(hba);\n\tdev_err(hba->dev, "%s: reset in progress - 1\\n", __func__);\n\tspin_unlock_irqrestore(hba->host->host_lock, flags);\n\n\tflush_work(&hba->eh_work);\n\n\tspin_lock_irqsave(hba->host->host_lock, flags);\n\tif (hba->ufshcd_state == UFSHCD_STATE_ERROR)\n\t\terr = FAILED;\n\tspin_unlock_irqrestore(hba->host->host_lock, flags);\n\n\treturn err;\n}\n\n/**\n * ufshcd_get_max_icc_level - calculate the ICC level\n * @sup_curr_uA: max. current supported by the regulator\n * @start_scan: row at the desc table to start scan from\n * @buff: power descriptor buffer\n *\n * Return: calculated max ICC level for specific regulator.\n */\nstatic u32 ufshcd_get_max_icc_level(int sup_curr_uA, u32 start_scan,\n\t\t\t\t    const char *buff)\n{\n\tint i;\n\tint curr_uA;\n\tu16 data;\n\tu16 unit;\n\n\tfor (i = start_scan; i >= 0; i--) {\n\t\tdata = get_unaligned_be16(&buff[2 * i]);\n\t\tunit = (data & ATTR_ICC_LVL_UNIT_MASK) >>\n\t\t\t\t\t\tATTR_ICC_LVL_UNIT_OFFSET;\n\t\tcurr_uA = data & ATTR_ICC_LVL_VALUE_MASK;\n\t\tswitch (unit) {\n\t\tcase UFSHCD_NANO_AMP:\n\t\t\tcurr_uA = curr_uA / 1000;\n\t\t\tbreak;\n\t\tcase UFSHCD_MILI_AMP:\n\t\t\tcurr_uA = curr_uA * 1000;\n\t\t\tbreak;\n\t\tcase UFSHCD_AMP:\n\t\t\tcurr_uA = curr_uA * 1000 * 1000;\n\t\t\tbreak;\n\t\tcase UFSHCD_MICRO_AMP:\n\t\tdefault:\n\t\t\tbreak;\n\t\t}\n\t\tif (sup_curr_uA >= curr_uA)\n\t\t\tbreak;\n\t}\n\tif (i < 0) {\n\t\ti = 0;\n\t\tpr_err("%s: Couldn\'t find valid icc_level = %d", __func__, i);\n\t}\n\n\treturn (u32)i;\n}\n\n/**\n * ufshcd_find_max_sup_active_icc_level - calculate the max ICC level\n * In case regulators are not initialized we\'ll return 0\n * @hba: per-adapter instance\n * @desc_buf: power descriptor buffer to extract ICC levels from.\n *\n * Return: calculated ICC level.\n */\nstatic u32 ufshcd_find_max_sup_active_icc_level(struct ufs_hba *hba,\n\t\t\t\t\t\tconst u8 *desc_buf)\n{\n\tu32 icc_level = 0;\n\n\tif (!hba->vreg_info.vcc || !hba->vreg_info.vccq ||\n\t\t\t\t\t\t!hba->vreg_info.vccq2) {\n\t\t/*\n\t\t * Using dev_dbg to avoid messages during runtime PM to avoid\n\t\t * never-ending cycles of messages written back to storage by\n\t\t * user space causing runtime resume, causing more messages and\n\t\t * so on.\n\t\t */\n\t\tdev_dbg(hba->dev,\n\t\t\t"%s: Regulator capability was not set, actvIccLevel=%d",\n\t\t\t\t\t\t\t__func__, icc_level);\n\t\tgoto out;\n\t}\n\n\tif (hba->vreg_info.vcc->max_uA)\n\t\ticc_level = ufshcd_get_max_icc_level(\n\t\t\t\thba->vreg_info.vcc->max_uA,\n\t\t\t\tPOWER_DESC_MAX_ACTV_ICC_LVLS - 1,\n\t\t\t\t&desc_buf[PWR_DESC_ACTIVE_LVLS_VCC_0]);\n\n\tif (hba->vreg_info.vccq->max_uA)\n\t\ticc_level = ufshcd_get_max_icc_level(\n\t\t\t\thba->vreg_info.vccq->max_uA,\n\t\t\t\ticc_level,\n\t\t\t\t&desc_buf[PWR_DESC_ACTIVE_LVLS_VCCQ_0]);\n\n\tif (hba->vreg_info.vccq2->max_uA)\n\t\ticc_level = ufshcd_get_max_icc_level(\n\t\t\t\thba->vreg_info.vccq2->max_uA,\n\t\t\t\ticc_level,\n\t\t\t\t&desc_buf[PWR_DESC_ACTIVE_LVLS_VCCQ2_0]);\nout:\n\treturn icc_level;\n}\n\nstatic void ufshcd_set_active_icc_lvl(struct ufs_hba *hba)\n{\n\tint ret;\n\tu8 *desc_buf;\n\tu32 icc_level;\n\n\tdesc_buf = kzalloc(QUERY_DESC_MAX_SIZE, GFP_KERNEL);\n\tif (!desc_buf)\n\t\treturn;\n\n\tret = ufshcd_read_desc_param(hba, QUERY_DESC_IDN_POWER, 0, 0,\n\t\t\t\t     desc_buf, QUERY_DESC_MAX_SIZE);\n\tif (ret) {\n\t\tdev_err(hba->dev,\n\t\t\t"%s: Failed reading power descriptor ret = %d",\n\t\t\t__func__, ret);\n\t\tgoto out;\n\t}\n\n\ticc_level = ufshcd_find_max_sup_active_icc_level(hba, desc_buf);\n\tdev_dbg(hba->dev, "%s: setting icc_level 0x%x", __func__, icc_level);\n\n\tret = ufshcd_query_attr_retry(hba, UPIU_QUERY_OPCODE_WRITE_ATTR,\n\t\tQUERY_ATTR_IDN_ACTIVE_ICC_LVL, 0, 0, &icc_level);\n\n\tif (ret)\n\t\tdev_err(hba->dev,\n\t\t\t"%s: Failed configuring bActiveICCLevel = %d ret = %d",\n\t\t\t__func__, icc_level, ret);\n\nout:\n\tkfree(desc_buf);\n}\n\nstatic inline void ufshcd_blk_pm_runtime_init(struct scsi_device *sdev)\n{\n\tstruct Scsi_Host *shost = sdev->host;\n\n\tscsi_autopm_get_device(sdev);\n\tblk_pm_runtime_init(sdev->request_queue, &sdev->sdev_gendev);\n\tif (sdev->rpm_autosuspend)\n\t\tpm_runtime_set_autosuspend_delay(&sdev->sdev_gendev,\n\t\t\t\t\t\t shost->rpm_autosuspend_delay);\n\tscsi_autopm_put_device(sdev);\n}\n\n/**\n * ufshcd_scsi_add_wlus - Adds required W-LUs\n * @hba: per-adapter instance\n *\n * UFS device specification requires the UFS devices to support 4 well known\n * logical units:\n *\t"REPORT_LUNS" (address: 01h)\n *\t"UFS Device" (address: 50h)\n *\t"RPMB" (address: 44h)\n *\t"BOOT" (address: 30h)\n * UFS device\'s power management needs to be controlled by "POWER CONDITION"\n * field of SSU (START STOP UNIT) command. But this "power condition" field\n * will take effect only when its sent to "UFS device" well known logical unit\n * hence we require the scsi_device instance to represent this logical unit in\n * order for the UFS host driver to send the SSU command for power management.\n *\n * We also require the scsi_device instance for "RPMB" (Replay Protected Memory\n * Block) LU so user space process can control this LU. User space may also\n * want to have access to BOOT LU.\n *\n * This function adds scsi device instances for each of all well known LUs\n * (except "REPORT LUNS" LU).\n *\n * Return: zero on success (all required W-LUs are added successfully),\n * non-zero error value on failure (if failed to add any of the required W-LU).\n */\nstatic int ufshcd_scsi_add_wlus(struct ufs_hba *hba)\n{\n\tint ret = 0;\n\tstruct scsi_device *sdev_boot, *sdev_rpmb;\n\n\thba->ufs_device_wlun = __scsi_add_device(hba->host, 0, 0,\n\t\tufshcd_upiu_wlun_to_scsi_wlun(UFS_UPIU_UFS_DEVICE_WLUN), NULL);\n\tif (IS_ERR(hba->ufs_device_wlun)) {\n\t\tret = PTR_ERR(hba->ufs_device_wlun);\n\t\thba->ufs_device_wlun = NULL;\n\t\tgoto out;\n\t}\n\tscsi_device_put(hba->ufs_device_wlun);\n\n\tsdev_rpmb = __scsi_add_device(hba->host, 0, 0,\n\t\tufshcd_upiu_wlun_to_scsi_wlun(UFS_UPIU_RPMB_WLUN), NULL);\n\tif (IS_ERR(sdev_rpmb)) {\n\t\tret = PTR_ERR(sdev_rpmb);\n\t\tgoto remove_ufs_device_wlun;\n\t}\n\tufshcd_blk_pm_runtime_init(sdev_rpmb);\n\tscsi_device_put(sdev_rpmb);\n\n\tsdev_boot = __scsi_add_device(hba->host, 0, 0,\n\t\tufshcd_upiu_wlun_to_scsi_wlun(UFS_UPIU_BOOT_WLUN), NULL);\n\tif (IS_ERR(sdev_boot)) {\n\t\tdev_err(hba->dev, "%s: BOOT WLUN not found\\n", __func__);\n\t} else {\n\t\tufshcd_blk_pm_runtime_init(sdev_boot);\n\t\tscsi_device_put(sdev_boot);\n\t}\n\tgoto out;\n\nremove_ufs_device_wlun:\n\tscsi_remove_device(hba->ufs_device_wlun);\nout:\n\treturn ret;\n}\n\nstatic void ufshcd_wb_probe(struct ufs_hba *hba, const u8 *desc_buf)\n{\n\tstruct ufs_dev_info *dev_info = &hba->dev_info;\n\tu8 lun;\n\tu32 d_lu_wb_buf_alloc;\n\tu32 ext_ufs_feature;\n\n\tif (!ufshcd_is_wb_allowed(hba))\n\t\treturn;\n\n\t/*\n\t * Probe WB only for UFS-2.2 and UFS-3.1 (and later) devices or\n\t * UFS devices with quirk UFS_DEVICE_QUIRK_SUPPORT_EXTENDED_FEATURES\n\t * enabled\n\t */\n\tif (!(dev_info->wspecversion >= 0x310 ||\n\t      dev_info->wspecversion == 0x220 ||\n\t     (hba->dev_quirks & UFS_DEVICE_QUIRK_SUPPORT_EXTENDED_FEATURES)))\n\t\tgoto wb_disabled;\n\n\text_ufs_feature = get_unaligned_be32(desc_buf +\n\t\t\t\t\tDEVICE_DESC_PARAM_EXT_UFS_FEATURE_SUP);\n\n\tif (!(ext_ufs_feature & UFS_DEV_WRITE_BOOSTER_SUP))\n\t\tgoto wb_disabled;\n\n\t/*\n\t * WB may be supported but not configured while provisioning. The spec\n\t * says, in dedicated wb buffer mode, a max of 1 lun would have wb\n\t * buffer configured.\n\t */\n\tdev_info->wb_buffer_type = desc_buf[DEVICE_DESC_PARAM_WB_TYPE];\n\n\tdev_info->b_presrv_uspc_en =\n\t\tdesc_buf[DEVICE_DESC_PARAM_WB_PRESRV_USRSPC_EN];\n\n\tif (dev_info->wb_buffer_type == WB_BUF_MODE_SHARED) {\n\t\tif (!get_unaligned_be32(desc_buf +\n\t\t\t\t   DEVICE_DESC_PARAM_WB_SHARED_ALLOC_UNITS))\n\t\t\tgoto wb_disabled;\n\t} else {\n\t\tfor (lun = 0; lun < UFS_UPIU_MAX_WB_LUN_ID; lun++) {\n\t\t\td_lu_wb_buf_alloc = 0;\n\t\t\tufshcd_read_unit_desc_param(hba,\n\t\t\t\t\tlun,\n\t\t\t\t\tUNIT_DESC_PARAM_WB_BUF_ALLOC_UNITS,\n\t\t\t\t\t(u8 *)&d_lu_wb_buf_alloc,\n\t\t\t\t\tsizeof(d_lu_wb_buf_alloc));\n\t\t\tif (d_lu_wb_buf_alloc) {\n\t\t\t\tdev_info->wb_dedicated_lu = lun;\n\t\t\t\tbreak;\n\t\t\t}\n\t\t}\n\n\t\tif (!d_lu_wb_buf_alloc)\n\t\t\tgoto wb_disabled;\n\t}\n\n\tif (!ufshcd_is_wb_buf_lifetime_available(hba))\n\t\tgoto wb_disabled;\n\n\treturn;\n\nwb_disabled:\n\thba->caps &= ~UFSHCD_CAP_WB_EN;\n}\n\nstatic void ufshcd_temp_notif_probe(struct ufs_hba *hba, const u8 *desc_buf)\n{\n\tstruct ufs_dev_info *dev_info = &hba->dev_info;\n\tu32 ext_ufs_feature;\n\tu8 mask = 0;\n\n\tif (!(hba->caps & UFSHCD_CAP_TEMP_NOTIF) || dev_info->wspecversion < 0x300)\n\t\treturn;\n\n\text_ufs_feature = get_unaligned_be32(desc_buf + DEVICE_DESC_PARAM_EXT_UFS_FEATURE_SUP);\n\n\tif (ext_ufs_feature & UFS_DEV_LOW_TEMP_NOTIF)\n\t\tmask |= MASK_EE_TOO_LOW_TEMP;\n\n\tif (ext_ufs_feature & UFS_DEV_HIGH_TEMP_NOTIF)\n\t\tmask |= MASK_EE_TOO_HIGH_TEMP;\n\n\tif (mask) {\n\t\tufshcd_enable_ee(hba, mask);\n\t\tufs_hwmon_probe(hba, mask);\n\t}\n}\n\nstatic void ufshcd_set_rtt(struct ufs_hba *hba)\n{\n\tstruct ufs_dev_info *dev_info = &hba->dev_info;\n\tu32 rtt = 0;\n\tu32 dev_rtt = 0;\n\tint host_rtt_cap = hba->vops && hba->vops->max_num_rtt ?\n\t\t\t   hba->vops->max_num_rtt : hba->nortt;\n\n\t/* RTT override makes sense only for UFS-4.0 and above */\n\tif (dev_info->wspecversion < 0x400)\n\t\treturn;\n\n\tif (ufshcd_query_attr_retry(hba, UPIU_QUERY_OPCODE_READ_ATTR,\n\t\t\t\t    QUERY_ATTR_IDN_MAX_NUM_OF_RTT, 0, 0, &dev_rtt)) {\n\t\tdev_err(hba->dev, "failed reading bMaxNumOfRTT\\n");\n\t\treturn;\n\t}\n\n\t/* do not override if it was already written */\n\tif (dev_rtt != DEFAULT_MAX_NUM_RTT)\n\t\treturn;\n\n\trtt = min_t(int, dev_info->rtt_cap, host_rtt_cap);\n\n\tif (rtt == dev_rtt)\n\t\treturn;\n\n\tif (ufshcd_query_attr_retry(hba, UPIU_QUERY_OPCODE_WRITE_ATTR,\n\t\t\t\t    QUERY_ATTR_IDN_MAX_NUM_OF_RTT, 0, 0, &rtt))\n\t\tdev_err(hba->dev, "failed writing bMaxNumOfRTT\\n");\n}\n\nvoid ufshcd_fixup_dev_quirks(struct ufs_hba *hba,\n\t\t\t     const struct ufs_dev_quirk *fixups)\n{\n\tconst struct ufs_dev_quirk *f;\n\tstruct ufs_dev_info *dev_info = &hba->dev_info;\n\n\tif (!fixups)\n\t\treturn;\n\n\tfor (f = fixups; f->quirk; f++) {\n\t\tif ((f->wmanufacturerid == dev_info->wmanufacturerid ||\n\t\t     f->wmanufacturerid == UFS_ANY_VENDOR) &&\n\t\t     ((dev_info->model &&\n\t\t       STR_PRFX_EQUAL(f->model, dev_info->model)) ||\n\t\t      !strcmp(f->model, UFS_ANY_MODEL)))\n\t\t\thba->dev_quirks |= f->quirk;\n\t}\n}\nEXPORT_SYMBOL_GPL(ufshcd_fixup_dev_quirks);\n\nstatic void ufs_fixup_device_setup(struct ufs_hba *hba)\n{\n\t/* fix by general quirk table */\n\tufshcd_fixup_dev_quirks(hba, ufs_fixups);\n\n\t/* allow vendors to fix quirks */\n\tufshcd_vops_fixup_dev_quirks(hba);\n}\n\nstatic void ufshcd_update_rtc(struct ufs_hba *hba)\n{\n\tstruct timespec64 ts64;\n\tint err;\n\tu32 val;\n\n\tktime_get_real_ts64(&ts64);\n\n\tif (ts64.tv_sec < hba->dev_info.rtc_time_baseline) {\n\t\tdev_warn_once(hba->dev, "%s: Current time precedes previous setting!\\n", __func__);\n\t\treturn;\n\t}\n\n\t/*\n\t * The Absolute RTC mode has a 136-year limit, spanning from 2010 to 2146. If a time beyond\n\t * 2146 is required, it is recommended to choose the relative RTC mode.\n\t */\n\tval = ts64.tv_sec - hba->dev_info.rtc_time_baseline;\n\n\t/* Skip update RTC if RPM state is not RPM_ACTIVE */\n\tif (ufshcd_rpm_get_if_active(hba) <= 0)\n\t\treturn;\n\n\terr = ufshcd_query_attr(hba, UPIU_QUERY_OPCODE_WRITE_ATTR, QUERY_ATTR_IDN_SECONDS_PASSED,\n\t\t\t\t0, 0, &val);\n\tufshcd_rpm_put(hba);\n\n\tif (err)\n\t\tdev_err(hba->dev, "%s: Failed to update rtc %d\\n", __func__, err);\n\telse if (hba->dev_info.rtc_type == UFS_RTC_RELATIVE)\n\t\thba->dev_info.rtc_time_baseline = ts64.tv_sec;\n}\n\nstatic void ufshcd_rtc_work(struct work_struct *work)\n{\n\tstruct ufs_hba *hba;\n\n\thba = container_of(to_delayed_work(work), struct ufs_hba, ufs_rtc_update_work);\n\n\t /* Update RTC only when there are no requests in progress and UFSHCI is operational */\n\tif (!ufshcd_is_ufs_dev_busy(hba) &&\n\t    hba->ufshcd_state == UFSHCD_STATE_OPERATIONAL &&\n\t    !hba->clk_gating.active_reqs)\n\t\tufshcd_update_rtc(hba);\n\n\tif (ufshcd_is_ufs_dev_active(hba) && hba->dev_info.rtc_update_period)\n\t\tschedule_delayed_work(&hba->ufs_rtc_update_work,\n\t\t\t\t      msecs_to_jiffies(hba->dev_info.rtc_update_period));\n}\n\nstatic void ufs_init_rtc(struct ufs_hba *hba, u8 *desc_buf)\n{\n\tu16 periodic_rtc_update = get_unaligned_be16(&desc_buf[DEVICE_DESC_PARAM_FRQ_RTC]);\n\tstruct ufs_dev_info *dev_info = &hba->dev_info;\n\n\tif (periodic_rtc_update & UFS_RTC_TIME_BASELINE) {\n\t\tdev_info->rtc_type = UFS_RTC_ABSOLUTE;\n\n\t\t/*\n\t\t * The concept of measuring time in Linux as the number of seconds elapsed since\n\t\t * 00:00:00 UTC on January 1, 1970, and UFS ABS RTC is elapsed from January 1st\n\t\t * 2010 00:00, here we need to adjust ABS baseline.\n\t\t */\n\t\tdev_info->rtc_time_baseline = mktime64(2010, 1, 1, 0, 0, 0) -\n\t\t\t\t\t\t\tmktime64(1970, 1, 1, 0, 0, 0);\n\t} else {\n\t\tdev_info->rtc_type = UFS_RTC_RELATIVE;\n\t\tdev_info->rtc_time_baseline = 0;\n\t}\n\n\t/*\n\t * We ignore TIME_PERIOD defined in wPeriodicRTCUpdate because Spec does not clearly state\n\t * how to calculate the specific update period for each time unit. And we disable periodic\n\t * RTC update work, let user configure by sysfs node according to specific circumstance.\n\t */\n\tdev_info->rtc_update_period = 0;\n}\n\nstatic int ufs_get_device_desc(struct ufs_hba *hba)\n{\n\tint err;\n\tu8 model_index;\n\tu8 *desc_buf;\n\tstruct ufs_dev_info *dev_info = &hba->dev_info;\n\n\tdesc_buf = kzalloc(QUERY_DESC_MAX_SIZE, GFP_KERNEL);\n\tif (!desc_buf) {\n\t\terr = -ENOMEM;\n\t\tgoto out;\n\t}\n\n\terr = ufshcd_read_desc_param(hba, QUERY_DESC_IDN_DEVICE, 0, 0, desc_buf,\n\t\t\t\t     QUERY_DESC_MAX_SIZE);\n\tif (err) {\n\t\tdev_err(hba->dev, "%s: Failed reading Device Desc. err = %d\\n",\n\t\t\t__func__, err);\n\t\tgoto out;\n\t}\n\n\t/*\n\t * getting vendor (manufacturerID) and Bank Index in big endian\n\t * format\n\t */\n\tdev_info->wmanufacturerid = desc_buf[DEVICE_DESC_PARAM_MANF_ID] << 8 |\n\t\t\t\t     desc_buf[DEVICE_DESC_PARAM_MANF_ID + 1];\n\n\t/* getting Specification Version in big endian format */\n\tdev_info->wspecversion = desc_buf[DEVICE_DESC_PARAM_SPEC_VER] << 8 |\n\t\t\t\t      desc_buf[DEVICE_DESC_PARAM_SPEC_VER + 1];\n\tdev_info->bqueuedepth = desc_buf[DEVICE_DESC_PARAM_Q_DPTH];\n\n\tdev_info->rtt_cap = desc_buf[DEVICE_DESC_PARAM_RTT_CAP];\n\n\tmodel_index = desc_buf[DEVICE_DESC_PARAM_PRDCT_NAME];\n\n\terr = ufshcd_read_string_desc(hba, model_index,\n\t\t\t\t      &dev_info->model, SD_ASCII_STD);\n\tif (err < 0) {\n\t\tdev_err(hba->dev, "%s: Failed reading Product Name. err = %d\\n",\n\t\t\t__func__, err);\n\t\tgoto out;\n\t}\n\n\thba->luns_avail = desc_buf[DEVICE_DESC_PARAM_NUM_LU] +\n\t\tdesc_buf[DEVICE_DESC_PARAM_NUM_WLU];\n\n\tufs_fixup_device_setup(hba);\n\n\tufshcd_wb_probe(hba, desc_buf);\n\n\tufshcd_temp_notif_probe(hba, desc_buf);\n\n\tufs_init_rtc(hba, desc_buf);\n\n\t/*\n\t * ufshcd_read_string_desc returns size of the string\n\t * reset the error value\n\t */\n\terr = 0;\n\nout:\n\tkfree(desc_buf);\n\treturn err;\n}\n\nstatic void ufs_put_device_desc(struct ufs_hba *hba)\n{\n\tstruct ufs_dev_info *dev_info = &hba->dev_info;\n\n\tkfree(dev_info->model);\n\tdev_info->model = NULL;\n}\n\n/**\n * ufshcd_quirk_tune_host_pa_tactivate - Ensures that host PA_TACTIVATE is\n * less than device PA_TACTIVATE time.\n * @hba: per-adapter instance\n *\n * Some UFS devices require host PA_TACTIVATE to be lower than device\n * PA_TACTIVATE, we need to enable UFS_DEVICE_QUIRK_HOST_PA_TACTIVATE quirk\n * for such devices.\n *\n * Return: zero on success, non-zero error value on failure.\n */\nstatic int ufshcd_quirk_tune_host_pa_tactivate(struct ufs_hba *hba)\n{\n\tint ret = 0;\n\tu32 granularity, peer_granularity;\n\tu32 pa_tactivate, peer_pa_tactivate;\n\tu32 pa_tactivate_us, peer_pa_tactivate_us;\n\tstatic const u8 gran_to_us_table[] = {1, 4, 8, 16, 32, 100};\n\n\tret = ufshcd_dme_get(hba, UIC_ARG_MIB(PA_GRANULARITY),\n\t\t\t\t  &granularity);\n\tif (ret)\n\t\tgoto out;\n\n\tret = ufshcd_dme_peer_get(hba, UIC_ARG_MIB(PA_GRANULARITY),\n\t\t\t\t  &peer_granularity);\n\tif (ret)\n\t\tgoto out;\n\n\tif ((granularity < PA_GRANULARITY_MIN_VAL) ||\n\t    (granularity > PA_GRANULARITY_MAX_VAL)) {\n\t\tdev_err(hba->dev, "%s: invalid host PA_GRANULARITY %d",\n\t\t\t__func__, granularity);\n\t\treturn -EINVAL;\n\t}\n\n\tif ((peer_granularity < PA_GRANULARITY_MIN_VAL) ||\n\t    (peer_granularity > PA_GRANULARITY_MAX_VAL)) {\n\t\tdev_err(hba->dev, "%s: invalid device PA_GRANULARITY %d",\n\t\t\t__func__, peer_granularity);\n\t\treturn -EINVAL;\n\t}\n\n\tret = ufshcd_dme_get(hba, UIC_ARG_MIB(PA_TACTIVATE), &pa_tactivate);\n\tif (ret)\n\t\tgoto out;\n\n\tret = ufshcd_dme_peer_get(hba, UIC_ARG_MIB(PA_TACTIVATE),\n\t\t\t\t  &peer_pa_tactivate);\n\tif (ret)\n\t\tgoto out;\n\n\tpa_tactivate_us = pa_tactivate * gran_to_us_table[granularity - 1];\n\tpeer_pa_tactivate_us = peer_pa_tactivate *\n\t\t\t     gran_to_us_table[peer_granularity - 1];\n\n\tif (pa_tactivate_us >= peer_pa_tactivate_us) {\n\t\tu32 new_peer_pa_tactivate;\n\n\t\tnew_peer_pa_tactivate = pa_tactivate_us /\n\t\t\t\t      gran_to_us_table[peer_granularity - 1];\n\t\tnew_peer_pa_tactivate++;\n\t\tret = ufshcd_dme_peer_set(hba, UIC_ARG_MIB(PA_TACTIVATE),\n\t\t\t\t\t  new_peer_pa_tactivate);\n\t}\n\nout:\n\treturn ret;\n}\n\nstatic void ufshcd_tune_unipro_params(struct ufs_hba *hba)\n{\n\tufshcd_vops_apply_dev_quirks(hba);\n\n\tif (hba->dev_quirks & UFS_DEVICE_QUIRK_PA_TACTIVATE)\n\t\t/* set 1ms timeout for PA_TACTIVATE */\n\t\tufshcd_dme_set(hba, UIC_ARG_MIB(PA_TACTIVATE), 10);\n\n\tif (hba->dev_quirks & UFS_DEVICE_QUIRK_HOST_PA_TACTIVATE)\n\t\tufshcd_quirk_tune_host_pa_tactivate(hba);\n}\n\nstatic void ufshcd_clear_dbg_ufs_stats(struct ufs_hba *hba)\n{\n\thba->ufs_stats.hibern8_exit_cnt = 0;\n\thba->ufs_stats.last_hibern8_exit_tstamp = ktime_set(0, 0);\n\thba->req_abort_count = 0;\n}\n\nstatic int ufshcd_device_geo_params_init(struct ufs_hba *hba)\n{\n\tint err;\n\tu8 *desc_buf;\n\n\tdesc_buf = kzalloc(QUERY_DESC_MAX_SIZE, GFP_KERNEL);\n\tif (!desc_buf) {\n\t\terr = -ENOMEM;\n\t\tgoto out;\n\t}\n\n\terr = ufshcd_read_desc_param(hba, QUERY_DESC_IDN_GEOMETRY, 0, 0,\n\t\t\t\t     desc_buf, QUERY_DESC_MAX_SIZE);\n\tif (err) {\n\t\tdev_err(hba->dev, "%s: Failed reading Geometry Desc. err = %d\\n",\n\t\t\t\t__func__, err);\n\t\tgoto out;\n\t}\n\n\tif (desc_buf[GEOMETRY_DESC_PARAM_MAX_NUM_LUN] == 1)\n\t\thba->dev_info.max_lu_supported = 32;\n\telse if (desc_buf[GEOMETRY_DESC_PARAM_MAX_NUM_LUN] == 0)\n\t\thba->dev_info.max_lu_supported = 8;\n\nout:\n\tkfree(desc_buf);\n\treturn err;\n}\n\nstruct ufs_ref_clk {\n\tunsigned long freq_hz;\n\tenum ufs_ref_clk_freq val;\n};\n\nstatic const struct ufs_ref_clk ufs_ref_clk_freqs[] = {\n\t{19200000, REF_CLK_FREQ_19_2_MHZ},\n\t{26000000, REF_CLK_FREQ_26_MHZ},\n\t{38400000, REF_CLK_FREQ_38_4_MHZ},\n\t{52000000, REF_CLK_FREQ_52_MHZ},\n\t{0, REF_CLK_FREQ_INVAL},\n};\n\nstatic enum ufs_ref_clk_freq\nufs_get_bref_clk_from_hz(unsigned long freq)\n{\n\tint i;\n\n\tfor (i = 0; ufs_ref_clk_freqs[i].freq_hz; i++)\n\t\tif (ufs_ref_clk_freqs[i].freq_hz == freq)\n\t\t\treturn ufs_ref_clk_freqs[i].val;\n\n\treturn REF_CLK_FREQ_INVAL;\n}\n\nvoid ufshcd_parse_dev_ref_clk_freq(struct ufs_hba *hba, struct clk *refclk)\n{\n\tunsigned long freq;\n\n\tfreq = clk_get_rate(refclk);\n\n\thba->dev_ref_clk_freq =\n\t\tufs_get_bref_clk_from_hz(freq);\n\n\tif (hba->dev_ref_clk_freq == REF_CLK_FREQ_INVAL)\n\t\tdev_err(hba->dev,\n\t\t"invalid ref_clk setting = %ld\\n", freq);\n}\n\nstatic int ufshcd_set_dev_ref_clk(struct ufs_hba *hba)\n{\n\tint err;\n\tu32 ref_clk;\n\tu32 freq = hba->dev_ref_clk_freq;\n\n\terr = ufshcd_query_attr_retry(hba, UPIU_QUERY_OPCODE_READ_ATTR,\n\t\t\tQUERY_ATTR_IDN_REF_CLK_FREQ, 0, 0, &ref_clk);\n\n\tif (err) {\n\t\tdev_err(hba->dev, "failed reading bRefClkFreq. err = %d\\n",\n\t\t\terr);\n\t\tgoto out;\n\t}\n\n\tif (ref_clk == freq)\n\t\tgoto out; /* nothing to update */\n\n\terr = ufshcd_query_attr_retry(hba, UPIU_QUERY_OPCODE_WRITE_ATTR,\n\t\t\tQUERY_ATTR_IDN_REF_CLK_FREQ, 0, 0, &freq);\n\n\tif (err) {\n\t\tdev_err(hba->dev, "bRefClkFreq setting to %lu Hz failed\\n",\n\t\t\tufs_ref_clk_freqs[freq].freq_hz);\n\t\tgoto out;\n\t}\n\n\tdev_dbg(hba->dev, "bRefClkFreq setting to %lu Hz succeeded\\n",\n\t\t\tufs_ref_clk_freqs[freq].freq_hz);\n\nout:\n\treturn err;\n}\n\nstatic int ufshcd_device_params_init(struct ufs_hba *hba)\n{\n\tbool flag;\n\tint ret;\n\n\t/* Init UFS geometry descriptor related parameters */\n\tret = ufshcd_device_geo_params_init(hba);\n\tif (ret)\n\t\tgoto out;\n\n\t/* Check and apply UFS device quirks */\n\tret = ufs_get_device_desc(hba);\n\tif (ret) {\n\t\tdev_err(hba->dev, "%s: Failed getting device info. err = %d\\n",\n\t\t\t__func__, ret);\n\t\tgoto out;\n\t}\n\n\tufshcd_set_rtt(hba);\n\n\tufshcd_get_ref_clk_gating_wait(hba);\n\n\tif (!ufshcd_query_flag_retry(hba, UPIU_QUERY_OPCODE_READ_FLAG,\n\t\t\tQUERY_FLAG_IDN_PWR_ON_WPE, 0, &flag))\n\t\thba->dev_info.f_power_on_wp_en = flag;\n\n\t/* Probe maximum power mode co-supported by both UFS host and device */\n\tif (ufshcd_get_max_pwr_mode(hba))\n\t\tdev_err(hba->dev,\n\t\t\t"%s: Failed getting max supported power mode\\n",\n\t\t\t__func__);\nout:\n\treturn ret;\n}\n\nstatic void ufshcd_set_timestamp_attr(struct ufs_hba *hba)\n{\n\tint err;\n\tstruct ufs_query_req *request = NULL;\n\tstruct ufs_query_res *response = NULL;\n\tstruct ufs_dev_info *dev_info = &hba->dev_info;\n\tstruct utp_upiu_query_v4_0 *upiu_data;\n\n\tif (dev_info->wspecversion < 0x400)\n\t\treturn;\n\n\tufshcd_dev_man_lock(hba);\n\n\tufshcd_init_query(hba, &request, &response,\n\t\t\t  UPIU_QUERY_OPCODE_WRITE_ATTR,\n\t\t\t  QUERY_ATTR_IDN_TIMESTAMP, 0, 0);\n\n\trequest->query_func = UPIU_QUERY_FUNC_STANDARD_WRITE_REQUEST;\n\n\tupiu_data = (struct utp_upiu_query_v4_0 *)&request->upiu_req;\n\n\tput_unaligned_be64(ktime_get_real_ns(), &upiu_data->osf3);\n\n\terr = ufshcd_exec_dev_cmd(hba, DEV_CMD_TYPE_QUERY, QUERY_REQ_TIMEOUT);\n\n\tif (err)\n\t\tdev_err(hba->dev, "%s: failed to set timestamp %d\\n",\n\t\t\t__func__, err);\n\n\tufshcd_dev_man_unlock(hba);\n}\n\n/**\n * ufshcd_add_lus - probe and add UFS logical units\n * @hba: per-adapter instance\n *\n * Return: 0 upon success; < 0 upon failure.\n */\nstatic int ufshcd_add_lus(struct ufs_hba *hba)\n{\n\tint ret;\n\n\t/* Add required well known logical units to scsi mid layer */\n\tret = ufshcd_scsi_add_wlus(hba);\n\tif (ret)\n\t\tgoto out;\n\n\t/* Initialize devfreq after UFS device is detected */\n\tif (ufshcd_is_clkscaling_supported(hba)) {\n\t\tmemcpy(&hba->clk_scaling.saved_pwr_info,\n\t\t\t&hba->pwr_info,\n\t\t\tsizeof(struct ufs_pa_layer_attr));\n\t\thba->clk_scaling.is_allowed = true;\n\n\t\tret = ufshcd_devfreq_init(hba);\n\t\tif (ret)\n\t\t\tgoto out;\n\n\t\thba->clk_scaling.is_enabled = true;\n\t\tufshcd_init_clk_scaling_sysfs(hba);\n\t}\n\n\t/*\n\t * The RTC update code accesses the hba->ufs_device_wlun->sdev_gendev\n\t * pointer and hence must only be started after the WLUN pointer has\n\t * been initialized by ufshcd_scsi_add_wlus().\n\t */\n\tschedule_delayed_work(&hba->ufs_rtc_update_work,\n\t\t\t      msecs_to_jiffies(UFS_RTC_UPDATE_INTERVAL_MS));\n\n\tufs_bsg_probe(hba);\n\tscsi_scan_host(hba->host);\n\nout:\n\treturn ret;\n}\n\n/* SDB - Single Doorbell */\nstatic void ufshcd_release_sdb_queue(struct ufs_hba *hba, int nutrs)\n{\n\tsize_t ucdl_size, utrdl_size;\n\n\tucdl_size = ufshcd_get_ucd_size(hba) * nutrs;\n\tdmam_free_coherent(hba->dev, ucdl_size, hba->ucdl_base_addr,\n\t\t\t   hba->ucdl_dma_addr);\n\n\tutrdl_size = sizeof(struct utp_transfer_req_desc) * nutrs;\n\tdmam_free_coherent(hba->dev, utrdl_size, hba->utrdl_base_addr,\n\t\t\t   hba->utrdl_dma_addr);\n\n\tdevm_kfree(hba->dev, hba->lrb);\n}\n\nstatic int ufshcd_alloc_mcq(struct ufs_hba *hba)\n{\n\tint ret;\n\tint old_nutrs = hba->nutrs;\n\n\tret = ufshcd_mcq_decide_queue_depth(hba);\n\tif (ret < 0)\n\t\treturn ret;\n\n\thba->nutrs = ret;\n\tret = ufshcd_mcq_init(hba);\n\tif (ret)\n\t\tgoto err;\n\n\t/*\n\t * Previously allocated memory for nutrs may not be enough in MCQ mode.\n\t * Number of supported tags in MCQ mode may be larger than SDB mode.\n\t */\n\tif (hba->nutrs != old_nutrs) {\n\t\tufshcd_release_sdb_queue(hba, old_nutrs);\n\t\tret = ufshcd_memory_alloc(hba);\n\t\tif (ret)\n\t\t\tgoto err;\n\t\tufshcd_host_memory_configure(hba);\n\t}\n\n\tret = ufshcd_mcq_memory_alloc(hba);\n\tif (ret)\n\t\tgoto err;\n\n\thba->host->can_queue = hba->nutrs - UFSHCD_NUM_RESERVED;\n\thba->reserved_slot = hba->nutrs - UFSHCD_NUM_RESERVED;\n\n\treturn 0;\nerr:\n\thba->nutrs = old_nutrs;\n\treturn ret;\n}\n\nstatic void ufshcd_config_mcq(struct ufs_hba *hba)\n{\n\tint ret;\n\tu32 intrs;\n\n\tret = ufshcd_mcq_vops_config_esi(hba);\n\tdev_info(hba->dev, "ESI %sconfigured\\n", ret ? "is not " : "");\n\n\tintrs = UFSHCD_ENABLE_MCQ_INTRS;\n\tif (hba->quirks & UFSHCD_QUIRK_MCQ_BROKEN_INTR)\n\t\tintrs &= ~MCQ_CQ_EVENT_STATUS;\n\tufshcd_enable_intr(hba, intrs);\n\tufshcd_mcq_make_queues_operational(hba);\n\tufshcd_mcq_config_mac(hba, hba->nutrs);\n\n\tdev_info(hba->dev, "MCQ configured, nr_queues=%d, io_queues=%d, read_queue=%d, poll_queues=%d, queue_depth=%d\\n",\n\t\t hba->nr_hw_queues, hba->nr_queues[HCTX_TYPE_DEFAULT],\n\t\t hba->nr_queues[HCTX_TYPE_READ], hba->nr_queues[HCTX_TYPE_POLL],\n\t\t hba->nutrs);\n}\n\nstatic int ufshcd_post_device_init(struct ufs_hba *hba)\n{\n\tint ret;\n\n\tufshcd_tune_unipro_params(hba);\n\n\t/* UFS device is also active now */\n\tufshcd_set_ufs_dev_active(hba);\n\tufshcd_force_reset_auto_bkops(hba);\n\n\tufshcd_set_timestamp_attr(hba);\n\n\tif (!hba->max_pwr_info.is_valid)\n\t\treturn 0;\n\n\t/*\n\t * Set the right value to bRefClkFreq before attempting to\n\t * switch to HS gears.\n\t */\n\tif (hba->dev_ref_clk_freq != REF_CLK_FREQ_INVAL)\n\t\tufshcd_set_dev_ref_clk(hba);\n\t/* Gear up to HS gear. */\n\tret = ufshcd_config_pwr_mode(hba, &hba->max_pwr_info.info);\n\tif (ret) {\n\t\tdev_err(hba->dev, "%s: Failed setting power mode, err = %d\\n",\n\t\t\t__func__, ret);\n\t\treturn ret;\n\t}\n\n\treturn 0;\n}\n\nstatic int ufshcd_device_init(struct ufs_hba *hba, bool init_dev_params)\n{\n\tint ret;\n\n\tWARN_ON_ONCE(!hba->scsi_host_added);\n\n\thba->ufshcd_state = UFSHCD_STATE_RESET;\n\n\tret = ufshcd_link_startup(hba);\n\tif (ret)\n\t\treturn ret;\n\n\tif (hba->quirks & UFSHCD_QUIRK_SKIP_PH_CONFIGURATION)\n\t\treturn ret;\n\n\t/* Debug counters initialization */\n\tufshcd_clear_dbg_ufs_stats(hba);\n\n\t/* UniPro link is active now */\n\tufshcd_set_link_active(hba);\n\n\t/* Reconfigure MCQ upon reset */\n\tif (hba->mcq_enabled && !init_dev_params) {\n\t\tufshcd_config_mcq(hba);\n\t\tufshcd_mcq_enable(hba);\n\t}\n\n\t/* Verify device initialization by sending NOP OUT UPIU */\n\tret = ufshcd_verify_dev_init(hba);\n\tif (ret)\n\t\treturn ret;\n\n\t/* Initiate UFS initialization, and waiting until completion */\n\tret = ufshcd_complete_dev_init(hba);\n\tif (ret)\n\t\treturn ret;\n\n\t/*\n\t * Initialize UFS device parameters used by driver, these\n\t * parameters are associated with UFS descriptors.\n\t */\n\tif (init_dev_params) {\n\t\tret = ufshcd_device_params_init(hba);\n\t\tif (ret)\n\t\t\treturn ret;\n\t\tif (is_mcq_supported(hba) &&\n\t\t    hba->quirks & UFSHCD_QUIRK_REINIT_AFTER_MAX_GEAR_SWITCH) {\n\t\t\tufshcd_config_mcq(hba);\n\t\t\tufshcd_mcq_enable(hba);\n\t\t}\n\t}\n\n\treturn ufshcd_post_device_init(hba);\n}\n\n/**\n * ufshcd_probe_hba - probe hba to detect device and initialize it\n * @hba: per-adapter instance\n * @init_dev_params: whether or not to call ufshcd_device_params_init().\n *\n * Execute link-startup and verify device initialization\n *\n * Return: 0 upon success; < 0 upon failure.\n */\nstatic int ufshcd_probe_hba(struct ufs_hba *hba, bool init_dev_params)\n{\n\tint ret;\n\n\tif (!hba->pm_op_in_progress &&\n\t    (hba->quirks & UFSHCD_QUIRK_REINIT_AFTER_MAX_GEAR_SWITCH)) {\n\t\t/* Reset the device and controller before doing reinit */\n\t\tufshcd_device_reset(hba);\n\t\tufs_put_device_desc(hba);\n\t\tufshcd_hba_stop(hba);\n\t\tret = ufshcd_hba_enable(hba);\n\t\tif (ret) {\n\t\t\tdev_err(hba->dev, "Host controller enable failed\\n");\n\t\t\tufshcd_print_evt_hist(hba);\n\t\t\tufshcd_print_host_state(hba);\n\t\t\treturn ret;\n\t\t}\n\n\t\t/* Reinit the device */\n\t\tret = ufshcd_device_init(hba, init_dev_params);\n\t\tif (ret)\n\t\t\treturn ret;\n\t}\n\n\tufshcd_print_pwr_info(hba);\n\n\t/*\n\t * bActiveICCLevel is volatile for UFS device (as per latest v2.1 spec)\n\t * and for removable UFS card as well, hence always set the parameter.\n\t * Note: Error handler may issue the device reset hence resetting\n\t * bActiveICCLevel as well so it is always safe to set this here.\n\t */\n\tufshcd_set_active_icc_lvl(hba);\n\n\t/* Enable UFS Write Booster if supported */\n\tufshcd_configure_wb(hba);\n\n\tif (hba->ee_usr_mask)\n\t\tufshcd_write_ee_control(hba);\n\tufshcd_configure_auto_hibern8(hba);\n\n\treturn 0;\n}\n\n/**\n * ufshcd_async_scan - asynchronous execution for probing hba\n * @data: data pointer to pass to this function\n * @cookie: cookie data\n */\nstatic void ufshcd_async_scan(void *data, async_cookie_t cookie)\n{\n\tstruct ufs_hba *hba = (struct ufs_hba *)data;\n\tktime_t probe_start;\n\tint ret;\n\n\tdown(&hba->host_sem);\n\t/* Initialize hba, detect and initialize UFS device */\n\tprobe_start = ktime_get();\n\tret = ufshcd_probe_hba(hba, true);\n\tufshcd_process_probe_result(hba, probe_start, ret);\n\tup(&hba->host_sem);\n\tif (ret)\n\t\tgoto out;\n\n\t/* Probe and add UFS logical units  */\n\tret = ufshcd_add_lus(hba);\n\nout:\n\tpm_runtime_put_sync(hba->dev);\n\n\tif (ret)\n\t\tdev_err(hba->dev, "%s failed: %d\\n", __func__, ret);\n}\n\nstatic enum scsi_timeout_action ufshcd_eh_timed_out(struct scsi_cmnd *scmd)\n{\n\tstruct ufs_hba *hba = shost_priv(scmd->device->host);\n\n\tif (!hba->system_suspending) {\n\t\t/* Activate the error handler in the SCSI core. */\n\t\treturn SCSI_EH_NOT_HANDLED;\n\t}\n\n\t/*\n\t * If we get here we know that no TMFs are outstanding and also that\n\t * the only pending command is a START STOP UNIT command. Handle the\n\t * timeout of that command directly to prevent a deadlock between\n\t * ufshcd_set_dev_pwr_mode() and ufshcd_err_handler().\n\t */\n\tufshcd_link_recovery(hba);\n\tdev_info(hba->dev, "%s() finished; outstanding_tasks = %#lx.\\n",\n\t\t __func__, hba->outstanding_tasks);\n\n\treturn hba->outstanding_reqs ? SCSI_EH_RESET_TIMER : SCSI_EH_DONE;\n}\n\nstatic const struct attribute_group *ufshcd_driver_groups[] = {\n\t&ufs_sysfs_unit_descriptor_group,\n\t&ufs_sysfs_lun_attributes_group,\n\tNULL,\n};\n\nstatic struct ufs_hba_variant_params ufs_hba_vps = {\n\t.hba_enable_delay_us\t\t= 1000,\n\t.wb_flush_threshold\t\t= UFS_WB_BUF_REMAIN_PERCENT(40),\n\t.devfreq_profile.polling_ms\t= 100,\n\t.devfreq_profile.target\t\t= ufshcd_devfreq_target,\n\t.devfreq_profile.get_dev_status\t= ufshcd_devfreq_get_dev_status,\n\t.ondemand_data.upthreshold\t= 70,\n\t.ondemand_data.downdifferential\t= 5,\n};\n\nstatic const struct scsi_host_template ufshcd_driver_template = {\n\t.module\t\t\t= THIS_MODULE,\n\t.name\t\t\t= UFSHCD,\n\t.proc_name\t\t= UFSHCD,\n\t.map_queues\t\t= ufshcd_map_queues,\n\t.queuecommand\t\t= ufshcd_queuecommand,\n\t.mq_poll\t\t= ufshcd_poll,\n\t.sdev_init\t\t= ufshcd_sdev_init,\n\t.sdev_configure\t\t= ufshcd_sdev_configure,\n\t.sdev_destroy\t\t= ufshcd_sdev_destroy,\n\t.change_queue_depth\t= ufshcd_change_queue_depth,\n\t.eh_abort_handler\t= ufshcd_abort,\n\t.eh_device_reset_handler = ufshcd_eh_device_reset_handler,\n\t.eh_host_reset_handler   = ufshcd_eh_host_reset_handler,\n\t.eh_timed_out\t\t= ufshcd_eh_timed_out,\n\t.this_id\t\t= -1,\n\t.sg_tablesize\t\t= SG_ALL,\n\t.max_segment_size\t= PRDT_DATA_BYTE_COUNT_MAX,\n\t.max_sectors\t\t= SZ_1M / SECTOR_SIZE,\n\t.max_host_blocked\t= 1,\n\t.track_queue_depth\t= 1,\n\t.skip_settle_delay\t= 1,\n\t.sdev_groups\t\t= ufshcd_driver_groups,\n};\n\nstatic int ufshcd_config_vreg_load(struct device *dev, struct ufs_vreg *vreg,\n\t\t\t\t   int ua)\n{\n\tint ret;\n\n\tif (!vreg)\n\t\treturn 0;\n\n\t/*\n\t * "set_load" operation shall be required on those regulators\n\t * which specifically configured current limitation. Otherwise\n\t * zero max_uA may cause unexpected behavior when regulator is\n\t * enabled or set as high power mode.\n\t */\n\tif (!vreg->max_uA)\n\t\treturn 0;\n\n\tret = regulator_set_load(vreg->reg, ua);\n\tif (ret < 0) {\n\t\tdev_err(dev, "%s: %s set load (ua=%d) failed, err=%d\\n",\n\t\t\t\t__func__, vreg->name, ua, ret);\n\t}\n\n\treturn ret;\n}\n\nstatic inline int ufshcd_config_vreg_lpm(struct ufs_hba *hba,\n\t\t\t\t\t struct ufs_vreg *vreg)\n{\n\treturn ufshcd_config_vreg_load(hba->dev, vreg, UFS_VREG_LPM_LOAD_UA);\n}\n\nstatic inline int ufshcd_config_vreg_hpm(struct ufs_hba *hba,\n\t\t\t\t\t struct ufs_vreg *vreg)\n{\n\tif (!vreg)\n\t\treturn 0;\n\n\treturn ufshcd_config_vreg_load(hba->dev, vreg, vreg->max_uA);\n}\n\nstatic int ufshcd_config_vreg(struct device *dev,\n\t\tstruct ufs_vreg *vreg, bool on)\n{\n\tif (regulator_count_voltages(vreg->reg) <= 0)\n\t\treturn 0;\n\n\treturn ufshcd_config_vreg_load(dev, vreg, on ? vreg->max_uA : 0);\n}\n\nstatic int ufshcd_enable_vreg(struct device *dev, struct ufs_vreg *vreg)\n{\n\tint ret = 0;\n\n\tif (!vreg || vreg->enabled)\n\t\tgoto out;\n\n\tret = ufshcd_config_vreg(dev, vreg, true);\n\tif (!ret)\n\t\tret = regulator_enable(vreg->reg);\n\n\tif (!ret)\n\t\tvreg->enabled = true;\n\telse\n\t\tdev_err(dev, "%s: %s enable failed, err=%d\\n",\n\t\t\t\t__func__, vreg->name, ret);\nout:\n\treturn ret;\n}\n\nstatic int ufshcd_disable_vreg(struct device *dev, struct ufs_vreg *vreg)\n{\n\tint ret = 0;\n\n\tif (!vreg || !vreg->enabled || vreg->always_on)\n\t\tgoto out;\n\n\tret = regulator_disable(vreg->reg);\n\n\tif (!ret) {\n\t\t/* ignore errors on applying disable config */\n\t\tufshcd_config_vreg(dev, vreg, false);\n\t\tvreg->enabled = false;\n\t} else {\n\t\tdev_err(dev, "%s: %s disable failed, err=%d\\n",\n\t\t\t\t__func__, vreg->name, ret);\n\t}\nout:\n\treturn ret;\n}\n\nstatic int ufshcd_setup_vreg(struct ufs_hba *hba, bool on)\n{\n\tint ret = 0;\n\tstruct device *dev = hba->dev;\n\tstruct ufs_vreg_info *info = &hba->vreg_info;\n\n\tret = ufshcd_toggle_vreg(dev, info->vcc, on);\n\tif (ret)\n\t\tgoto out;\n\n\tret = ufshcd_toggle_vreg(dev, info->vccq, on);\n\tif (ret)\n\t\tgoto out;\n\n\tret = ufshcd_toggle_vreg(dev, info->vccq2, on);\n\nout:\n\tif (ret) {\n\t\tufshcd_toggle_vreg(dev, info->vccq2, false);\n\t\tufshcd_toggle_vreg(dev, info->vccq, false);\n\t\tufshcd_toggle_vreg(dev, info->vcc, false);\n\t}\n\treturn ret;\n}\n\nstatic int ufshcd_setup_hba_vreg(struct ufs_hba *hba, bool on)\n{\n\tstruct ufs_vreg_info *info = &hba->vreg_info;\n\n\treturn ufshcd_toggle_vreg(hba->dev, info->vdd_hba, on);\n}\n\nint ufshcd_get_vreg(struct device *dev, struct ufs_vreg *vreg)\n{\n\tint ret = 0;\n\n\tif (!vreg)\n\t\tgoto out;\n\n\tvreg->reg = devm_regulator_get(dev, vreg->name);\n\tif (IS_ERR(vreg->reg)) {\n\t\tret = PTR_ERR(vreg->reg);\n\t\tdev_err(dev, "%s: %s get failed, err=%d\\n",\n\t\t\t\t__func__, vreg->name, ret);\n\t}\nout:\n\treturn ret;\n}\nEXPORT_SYMBOL_GPL(ufshcd_get_vreg);\n\nstatic int ufshcd_init_vreg(struct ufs_hba *hba)\n{\n\tint ret = 0;\n\tstruct device *dev = hba->dev;\n\tstruct ufs_vreg_info *info = &hba->vreg_info;\n\n\tret = ufshcd_get_vreg(dev, info->vcc);\n\tif (ret)\n\t\tgoto out;\n\n\tret = ufshcd_get_vreg(dev, info->vccq);\n\tif (!ret)\n\t\tret = ufshcd_get_vreg(dev, info->vccq2);\nout:\n\treturn ret;\n}\n\nstatic int ufshcd_init_hba_vreg(struct ufs_hba *hba)\n{\n\tstruct ufs_vreg_info *info = &hba->vreg_info;\n\n\treturn ufshcd_get_vreg(hba->dev, info->vdd_hba);\n}\n\nstatic int ufshcd_setup_clocks(struct ufs_hba *hba, bool on)\n{\n\tint ret = 0;\n\tstruct ufs_clk_info *clki;\n\tstruct list_head *head = &hba->clk_list_head;\n\tktime_t start = ktime_get();\n\tbool clk_state_changed = false;\n\n\tif (list_empty(head))\n\t\tgoto out;\n\n\tret = ufshcd_vops_setup_clocks(hba, on, PRE_CHANGE);\n\tif (ret)\n\t\treturn ret;\n\n\tlist_for_each_entry(clki, head, list) {\n\t\tif (!IS_ERR_OR_NULL(clki->clk)) {\n\t\t\t/*\n\t\t\t * Don\'t disable clocks which are needed\n\t\t\t * to keep the link active.\n\t\t\t */\n\t\t\tif (ufshcd_is_link_active(hba) &&\n\t\t\t    clki->keep_link_active)\n\t\t\t\tcontinue;\n\n\t\t\tclk_state_changed = on ^ clki->enabled;\n\t\t\tif (on && !clki->enabled) {\n\t\t\t\tret = clk_prepare_enable(clki->clk);\n\t\t\t\tif (ret) {\n\t\t\t\t\tdev_err(hba->dev, "%s: %s prepare enable failed, %d\\n",\n\t\t\t\t\t\t__func__, clki->name, ret);\n\t\t\t\t\tgoto out;\n\t\t\t\t}\n\t\t\t} else if (!on && clki->enabled) {\n\t\t\t\tclk_disable_unprepare(clki->clk);\n\t\t\t}\n\t\t\tclki->enabled = on;\n\t\t\tdev_dbg(hba->dev, "%s: clk: %s %sabled\\n", __func__,\n\t\t\t\t\tclki->name, on ? "en" : "dis");\n\t\t}\n\t}\n\n\tret = ufshcd_vops_setup_clocks(hba, on, POST_CHANGE);\n\tif (ret)\n\t\treturn ret;\n\n\tif (!ufshcd_is_clkscaling_supported(hba))\n\t\tufshcd_pm_qos_update(hba, on);\nout:\n\tif (ret) {\n\t\tlist_for_each_entry(clki, head, list) {\n\t\t\tif (!IS_ERR_OR_NULL(clki->clk) && clki->enabled)\n\t\t\t\tclk_disable_unprepare(clki->clk);\n\t\t}\n\t} else if (!ret && on && hba->clk_gating.is_initialized) {\n\t\tscoped_guard(spinlock_irqsave, &hba->clk_gating.lock)\n\t\t\thba->clk_gating.state = CLKS_ON;\n\t\ttrace_ufshcd_clk_gating(dev_name(hba->dev),\n\t\t\t\t\thba->clk_gating.state);\n\t}\n\n\tif (clk_state_changed)\n\t\ttrace_ufshcd_profile_clk_gating(dev_name(hba->dev),\n\t\t\t(on ? "on" : "off"),\n\t\t\tktime_to_us(ktime_sub(ktime_get(), start)), ret);\n\treturn ret;\n}\n\nstatic enum ufs_ref_clk_freq ufshcd_parse_ref_clk_property(struct ufs_hba *hba)\n{\n\tu32 freq;\n\tint ret = device_property_read_u32(hba->dev, "ref-clk-freq", &freq);\n\n\tif (ret) {\n\t\tdev_dbg(hba->dev, "Cannot query \'ref-clk-freq\' property = %d", ret);\n\t\treturn REF_CLK_FREQ_INVAL;\n\t}\n\n\treturn ufs_get_bref_clk_from_hz(freq);\n}\n\nstatic int ufshcd_init_clocks(struct ufs_hba *hba)\n{\n\tint ret = 0;\n\tstruct ufs_clk_info *clki;\n\tstruct device *dev = hba->dev;\n\tstruct list_head *head = &hba->clk_list_head;\n\n\tif (list_empty(head))\n\t\tgoto out;\n\n\tlist_for_each_entry(clki, head, list) {\n\t\tif (!clki->name)\n\t\t\tcontinue;\n\n\t\tclki->clk = devm_clk_get(dev, clki->name);\n\t\tif (IS_ERR(clki->clk)) {\n\t\t\tret = PTR_ERR(clki->clk);\n\t\t\tdev_err(dev, "%s: %s clk get failed, %d\\n",\n\t\t\t\t\t__func__, clki->name, ret);\n\t\t\tgoto out;\n\t\t}\n\n\t\t/*\n\t\t * Parse device ref clk freq as per device tree "ref_clk".\n\t\t * Default dev_ref_clk_freq is set to REF_CLK_FREQ_INVAL\n\t\t * in ufshcd_alloc_host().\n\t\t */\n\t\tif (!strcmp(clki->name, "ref_clk"))\n\t\t\tufshcd_parse_dev_ref_clk_freq(hba, clki->clk);\n\n\t\tif (clki->max_freq) {\n\t\t\tret = clk_set_rate(clki->clk, clki->max_freq);\n\t\t\tif (ret) {\n\t\t\t\tdev_err(hba->dev, "%s: %s clk set rate(%dHz) failed, %d\\n",\n\t\t\t\t\t__func__, clki->name,\n\t\t\t\t\tclki->max_freq, ret);\n\t\t\t\tgoto out;\n\t\t\t}\n\t\t\tclki->curr_freq = clki->max_freq;\n\t\t}\n\t\tdev_dbg(dev, "%s: clk: %s, rate: %lu\\n", __func__,\n\t\t\t\tclki->name, clk_get_rate(clki->clk));\n\t}\n\n\t/* Set Max. frequency for all clocks */\n\tif (hba->use_pm_opp) {\n\t\tret = ufshcd_opp_set_rate(hba, ULONG_MAX);\n\t\tif (ret) {\n\t\t\tdev_err(hba->dev, "%s: failed to set OPP: %d", __func__,\n\t\t\t\tret);\n\t\t\tgoto out;\n\t\t}\n\t}\n\nout:\n\treturn ret;\n}\n\nstatic int ufshcd_variant_hba_init(struct ufs_hba *hba)\n{\n\tint err = 0;\n\n\tif (!hba->vops)\n\t\tgoto out;\n\n\terr = ufshcd_vops_init(hba);\n\tif (err)\n\t\tdev_err_probe(hba->dev, err,\n\t\t\t      "%s: variant %s init failed with err %d\\n",\n\t\t\t      __func__, ufshcd_get_var_name(hba), err);\nout:\n\treturn err;\n}\n\nstatic void ufshcd_variant_hba_exit(struct ufs_hba *hba)\n{\n\tif (!hba->vops)\n\t\treturn;\n\n\tufshcd_vops_exit(hba);\n}\n\nstatic int ufshcd_hba_init(struct ufs_hba *hba)\n{\n\tint err;\n\n\t/*\n\t * Handle host controller power separately from the UFS device power\n\t * rails as it will help controlling the UFS host controller power\n\t * collapse easily which is different than UFS device power collapse.\n\t * Also, enable the host controller power before we go ahead with rest\n\t * of the initialization here.\n\t */\n\terr = ufshcd_init_hba_vreg(hba);\n\tif (err)\n\t\tgoto out;\n\n\terr = ufshcd_setup_hba_vreg(hba, true);\n\tif (err)\n\t\tgoto out;\n\n\terr = ufshcd_init_clocks(hba);\n\tif (err)\n\t\tgoto out_disable_hba_vreg;\n\n\tif (hba->dev_ref_clk_freq == REF_CLK_FREQ_INVAL)\n\t\thba->dev_ref_clk_freq = ufshcd_parse_ref_clk_property(hba);\n\n\terr = ufshcd_setup_clocks(hba, true);\n\tif (err)\n\t\tgoto out_disable_hba_vreg;\n\n\terr = ufshcd_init_vreg(hba);\n\tif (err)\n\t\tgoto out_disable_clks;\n\n\terr = ufshcd_setup_vreg(hba, true);\n\tif (err)\n\t\tgoto out_disable_clks;\n\n\terr = ufshcd_variant_hba_init(hba);\n\tif (err)\n\t\tgoto out_disable_vreg;\n\n\tufs_debugfs_hba_init(hba);\n\tufs_fault_inject_hba_init(hba);\n\n\thba->is_powered = true;\n\tgoto out;\n\nout_disable_vreg:\n\tufshcd_setup_vreg(hba, false);\nout_disable_clks:\n\tufshcd_setup_clocks(hba, false);\nout_disable_hba_vreg:\n\tufshcd_setup_hba_vreg(hba, false);\nout:\n\treturn err;\n}\n\nstatic void ufshcd_hba_exit(struct ufs_hba *hba)\n{\n\tif (hba->is_powered) {\n\t\tufshcd_pm_qos_exit(hba);\n\t\tufshcd_exit_clk_scaling(hba);\n\t\tufshcd_exit_clk_gating(hba);\n\t\tif (hba->eh_wq)\n\t\t\tdestroy_workqueue(hba->eh_wq);\n\t\tufs_debugfs_hba_exit(hba);\n\t\tufshcd_variant_hba_exit(hba);\n\t\tufshcd_setup_vreg(hba, false);\n\t\tufshcd_setup_clocks(hba, false);\n\t\tufshcd_setup_hba_vreg(hba, false);\n\t\thba->is_powered = false;\n\t\tufs_put_device_desc(hba);\n\t}\n}\n\nstatic int ufshcd_execute_start_stop(struct scsi_device *sdev,\n\t\t\t\t     enum ufs_dev_pwr_mode pwr_mode,\n\t\t\t\t     struct scsi_sense_hdr *sshdr)\n{\n\tconst unsigned char cdb[6] = { START_STOP, 0, 0, 0, pwr_mode << 4, 0 };\n\tstruct scsi_failure failure_defs[] = {\n\t\t{\n\t\t\t.allowed = 2,\n\t\t\t.result = SCMD_FAILURE_RESULT_ANY,\n\t\t},\n\t};\n\tstruct scsi_failures failures = {\n\t\t.failure_definitions = failure_defs,\n\t};\n\tconst struct scsi_exec_args args = {\n\t\t.failures = &failures,\n\t\t.sshdr = sshdr,\n\t\t.req_flags = BLK_MQ_REQ_PM,\n\t\t.scmd_flags = SCMD_FAIL_IF_RECOVERING,\n\t};\n\n\treturn scsi_execute_cmd(sdev, cdb, REQ_OP_DRV_IN, /*buffer=*/NULL,\n\t\t\t/*bufflen=*/0, /*timeout=*/10 * HZ, /*retries=*/0,\n\t\t\t&args);\n}\n\n/**\n * ufshcd_set_dev_pwr_mode - sends START STOP UNIT command to set device\n *\t\t\t     power mode\n * @hba: per adapter instance\n * @pwr_mode: device power mode to set\n *\n * Return: 0 if requested power mode is set successfully;\n *         < 0 if failed to set the requested power mode.\n */\nstatic int ufshcd_set_dev_pwr_mode(struct ufs_hba *hba,\n\t\t\t\t     enum ufs_dev_pwr_mode pwr_mode)\n{\n\tstruct scsi_sense_hdr sshdr;\n\tstruct scsi_device *sdp;\n\tunsigned long flags;\n\tint ret;\n\n\tspin_lock_irqsave(hba->host->host_lock, flags);\n\tsdp = hba->ufs_device_wlun;\n\tif (sdp && scsi_device_online(sdp))\n\t\tret = scsi_device_get(sdp);\n\telse\n\t\tret = -ENODEV;\n\tspin_unlock_irqrestore(hba->host->host_lock, flags);\n\n\tif (ret)\n\t\treturn ret;\n\n\t/*\n\t * If scsi commands fail, the scsi mid-layer schedules scsi error-\n\t * handling, which would wait for host to be resumed. Since we know\n\t * we are functional while we are here, skip host resume in error\n\t * handling context.\n\t */\n\thba->host->eh_noresume = 1;\n\n\t/*\n\t * Current function would be generally called from the power management\n\t * callbacks hence set the RQF_PM flag so that it doesn\'t resume the\n\t * already suspended childs.\n\t */\n\tret = ufshcd_execute_start_stop(sdp, pwr_mode, &sshdr);\n\tif (ret) {\n\t\tsdev_printk(KERN_WARNING, sdp,\n\t\t\t    "START_STOP failed for power mode: %d, result %x\\n",\n\t\t\t    pwr_mode, ret);\n\t\tif (ret > 0) {\n\t\t\tif (scsi_sense_valid(&sshdr))\n\t\t\t\tscsi_print_sense_hdr(sdp, NULL, &sshdr);\n\t\t\tret = -EIO;\n\t\t}\n\t} else {\n\t\thba->curr_dev_pwr_mode = pwr_mode;\n\t}\n\n\tscsi_device_put(sdp);\n\thba->host->eh_noresume = 0;\n\treturn ret;\n}\n\nstatic int ufshcd_link_state_transition(struct ufs_hba *hba,\n\t\t\t\t\tenum uic_link_state req_link_state,\n\t\t\t\t\tbool check_for_bkops)\n{\n\tint ret = 0;\n\n\tif (req_link_state == hba->uic_link_state)\n\t\treturn 0;\n\n\tif (req_link_state == UIC_LINK_HIBERN8_STATE) {\n\t\tret = ufshcd_uic_hibern8_enter(hba);\n\t\tif (!ret) {\n\t\t\tufshcd_set_link_hibern8(hba);\n\t\t} else {\n\t\t\tdev_err(hba->dev, "%s: hibern8 enter failed %d\\n",\n\t\t\t\t\t__func__, ret);\n\t\t\tgoto out;\n\t\t}\n\t}\n\t/*\n\t * If autobkops is enabled, link can\'t be turned off because\n\t * turning off the link would also turn off the device, except in the\n\t * case of DeepSleep where the device is expected to remain powered.\n\t */\n\telse if ((req_link_state == UIC_LINK_OFF_STATE) &&\n\t\t (!check_for_bkops || !hba->auto_bkops_enabled)) {\n\t\t/*\n\t\t * Let\'s make sure that link is in low power mode, we are doing\n\t\t * this currently by putting the link in Hibern8. Otherway to\n\t\t * put the link in low power mode is to send the DME end point\n\t\t * to device and then send the DME reset command to local\n\t\t * unipro. But putting the link in hibern8 is much faster.\n\t\t *\n\t\t * Note also that putting the link in Hibern8 is a requirement\n\t\t * for entering DeepSleep.\n\t\t */\n\t\tret = ufshcd_uic_hibern8_enter(hba);\n\t\tif (ret) {\n\t\t\tdev_err(hba->dev, "%s: hibern8 enter failed %d\\n",\n\t\t\t\t\t__func__, ret);\n\t\t\tgoto out;\n\t\t}\n\t\t/*\n\t\t * Change controller state to "reset state" which\n\t\t * should also put the link in off/reset state\n\t\t */\n\t\tufshcd_hba_stop(hba);\n\t\t/*\n\t\t * TODO: Check if we need any delay to make sure that\n\t\t * controller is reset\n\t\t */\n\t\tufshcd_set_link_off(hba);\n\t}\n\nout:\n\treturn ret;\n}\n\nstatic void ufshcd_vreg_set_lpm(struct ufs_hba *hba)\n{\n\tbool vcc_off = false;\n\n\t/*\n\t * It seems some UFS devices may keep drawing more than sleep current\n\t * (atleast for 500us) from UFS rails (especially from VCCQ rail).\n\t * To avoid this situation, add 2ms delay before putting these UFS\n\t * rails in LPM mode.\n\t */\n\tif (!ufshcd_is_link_active(hba) &&\n\t    hba->dev_quirks & UFS_DEVICE_QUIRK_DELAY_BEFORE_LPM)\n\t\tusleep_range(2000, 2100);\n\n\t/*\n\t * If UFS device is either in UFS_Sleep turn off VCC rail to save some\n\t * power.\n\t *\n\t * If UFS device and link is in OFF state, all power supplies (VCC,\n\t * VCCQ, VCCQ2) can be turned off if power on write protect is not\n\t * required. If UFS link is inactive (Hibern8 or OFF state) and device\n\t * is in sleep state, put VCCQ & VCCQ2 rails in LPM mode.\n\t *\n\t * Ignore the error returned by ufshcd_toggle_vreg() as device is anyway\n\t * in low power state which would save some power.\n\t *\n\t * If Write Booster is enabled and the device needs to flush the WB\n\t * buffer OR if bkops status is urgent for WB, keep Vcc on.\n\t */\n\tif (ufshcd_is_ufs_dev_poweroff(hba) && ufshcd_is_link_off(hba) &&\n\t    !hba->dev_info.is_lu_power_on_wp) {\n\t\tufshcd_setup_vreg(hba, false);\n\t\tvcc_off = true;\n\t} else if (!ufshcd_is_ufs_dev_active(hba)) {\n\t\tufshcd_toggle_vreg(hba->dev, hba->vreg_info.vcc, false);\n\t\tvcc_off = true;\n\t\tif (ufshcd_is_link_hibern8(hba) || ufshcd_is_link_off(hba)) {\n\t\t\tufshcd_config_vreg_lpm(hba, hba->vreg_info.vccq);\n\t\t\tufshcd_config_vreg_lpm(hba, hba->vreg_info.vccq2);\n\t\t}\n\t}\n\n\t/*\n\t * Some UFS devices require delay after VCC power rail is turned-off.\n\t */\n\tif (vcc_off && hba->vreg_info.vcc &&\n\t\thba->dev_quirks & UFS_DEVICE_QUIRK_DELAY_AFTER_LPM)\n\t\tusleep_range(5000, 5100);\n}\n\n#ifdef CONFIG_PM\nstatic int ufshcd_vreg_set_hpm(struct ufs_hba *hba)\n{\n\tint ret = 0;\n\n\tif (ufshcd_is_ufs_dev_poweroff(hba) && ufshcd_is_link_off(hba) &&\n\t    !hba->dev_info.is_lu_power_on_wp) {\n\t\tret = ufshcd_setup_vreg(hba, true);\n\t} else if (!ufshcd_is_ufs_dev_active(hba)) {\n\t\tif (!ufshcd_is_link_active(hba)) {\n\t\t\tret = ufshcd_config_vreg_hpm(hba, hba->vreg_info.vccq);\n\t\t\tif (ret)\n\t\t\t\tgoto vcc_disable;\n\t\t\tret = ufshcd_config_vreg_hpm(hba, hba->vreg_info.vccq2);\n\t\t\tif (ret)\n\t\t\t\tgoto vccq_lpm;\n\t\t}\n\t\tret = ufshcd_toggle_vreg(hba->dev, hba->vreg_info.vcc, true);\n\t}\n\tgoto out;\n\nvccq_lpm:\n\tufshcd_config_vreg_lpm(hba, hba->vreg_info.vccq);\nvcc_disable:\n\tufshcd_toggle_vreg(hba->dev, hba->vreg_info.vcc, false);\nout:\n\treturn ret;\n}\n#endif /* CONFIG_PM */\n\nstatic void ufshcd_hba_vreg_set_lpm(struct ufs_hba *hba)\n{\n\tif (ufshcd_is_link_off(hba) || ufshcd_can_aggressive_pc(hba))\n\t\tufshcd_setup_hba_vreg(hba, false);\n}\n\nstatic void ufshcd_hba_vreg_set_hpm(struct ufs_hba *hba)\n{\n\tif (ufshcd_is_link_off(hba) || ufshcd_can_aggressive_pc(hba))\n\t\tufshcd_setup_hba_vreg(hba, true);\n}\n\nstatic int __ufshcd_wl_suspend(struct ufs_hba *hba, enum ufs_pm_op pm_op)\n{\n\tint ret = 0;\n\tbool check_for_bkops;\n\tenum ufs_pm_level pm_lvl;\n\tenum ufs_dev_pwr_mode req_dev_pwr_mode;\n\tenum uic_link_state req_link_state;\n\n\thba->pm_op_in_progress = true;\n\tif (pm_op != UFS_SHUTDOWN_PM) {\n\t\tpm_lvl = pm_op == UFS_RUNTIME_PM ?\n\t\t\t hba->rpm_lvl : hba->spm_lvl;\n\t\treq_dev_pwr_mode = ufs_get_pm_lvl_to_dev_pwr_mode(pm_lvl);\n\t\treq_link_state = ufs_get_pm_lvl_to_link_pwr_state(pm_lvl);\n\t} else {\n\t\treq_dev_pwr_mode = UFS_POWERDOWN_PWR_MODE;\n\t\treq_link_state = UIC_LINK_OFF_STATE;\n\t}\n\n\t/*\n\t * If we can\'t transition into any of the low power modes\n\t * just gate the clocks.\n\t */\n\tufshcd_hold(hba);\n\thba->clk_gating.is_suspended = true;\n\n\tif (ufshcd_is_clkscaling_supported(hba))\n\t\tufshcd_clk_scaling_suspend(hba, true);\n\n\tif (req_dev_pwr_mode == UFS_ACTIVE_PWR_MODE &&\n\t\t\treq_link_state == UIC_LINK_ACTIVE_STATE) {\n\t\tgoto vops_suspend;\n\t}\n\n\tif ((req_dev_pwr_mode == hba->curr_dev_pwr_mode) &&\n\t    (req_link_state == hba->uic_link_state))\n\t\tgoto enable_scaling;\n\n\t/* UFS device & link must be active before we enter in this function */\n\tif (!ufshcd_is_ufs_dev_active(hba) || !ufshcd_is_link_active(hba)) {\n\t\t/*  Wait err handler finish or trigger err recovery */\n\t\tif (!ufshcd_eh_in_progress(hba))\n\t\t\tufshcd_force_error_recovery(hba);\n\t\tret = -EBUSY;\n\t\tgoto enable_scaling;\n\t}\n\n\tif (pm_op == UFS_RUNTIME_PM) {\n\t\tif (ufshcd_can_autobkops_during_suspend(hba)) {\n\t\t\t/*\n\t\t\t * The device is idle with no requests in the queue,\n\t\t\t * allow background operations if bkops status shows\n\t\t\t * that performance might be impacted.\n\t\t\t */\n\t\t\tret = ufshcd_bkops_ctrl(hba);\n\t\t\tif (ret) {\n\t\t\t\t/*\n\t\t\t\t * If return err in suspend flow, IO will hang.\n\t\t\t\t * Trigger error handler and break suspend for\n\t\t\t\t * error recovery.\n\t\t\t\t */\n\t\t\t\tufshcd_force_error_recovery(hba);\n\t\t\t\tret = -EBUSY;\n\t\t\t\tgoto enable_scaling;\n\t\t\t}\n\t\t} else {\n\t\t\t/* make sure that auto bkops is disabled */\n\t\t\tufshcd_disable_auto_bkops(hba);\n\t\t}\n\t\t/*\n\t\t * If device needs to do BKOP or WB buffer flush during\n\t\t * Hibern8, keep device power mode as "active power mode"\n\t\t * and VCC supply.\n\t\t */\n\t\thba->dev_info.b_rpm_dev_flush_capable =\n\t\t\thba->auto_bkops_enabled ||\n\t\t\t(((req_link_state == UIC_LINK_HIBERN8_STATE) ||\n\t\t\t((req_link_state == UIC_LINK_ACTIVE_STATE) &&\n\t\t\tufshcd_is_auto_hibern8_enabled(hba))) &&\n\t\t\tufshcd_wb_need_flush(hba));\n\t}\n\n\tflush_work(&hba->eeh_work);\n\n\tret = ufshcd_vops_suspend(hba, pm_op, PRE_CHANGE);\n\tif (ret)\n\t\tgoto enable_scaling;\n\n\tif (req_dev_pwr_mode != hba->curr_dev_pwr_mode) {\n\t\tif (pm_op != UFS_RUNTIME_PM)\n\t\t\t/* ensure that bkops is disabled */\n\t\t\tufshcd_disable_auto_bkops(hba);\n\n\t\tif (!hba->dev_info.b_rpm_dev_flush_capable) {\n\t\t\tret = ufshcd_set_dev_pwr_mode(hba, req_dev_pwr_mode);\n\t\t\tif (ret && pm_op != UFS_SHUTDOWN_PM) {\n\t\t\t\t/*\n\t\t\t\t * If return err in suspend flow, IO will hang.\n\t\t\t\t * Trigger error handler and break suspend for\n\t\t\t\t * error recovery.\n\t\t\t\t */\n\t\t\t\tufshcd_force_error_recovery(hba);\n\t\t\t\tret = -EBUSY;\n\t\t\t}\n\t\t\tif (ret)\n\t\t\t\tgoto enable_scaling;\n\t\t}\n\t}\n\n\t/*\n\t * In the case of DeepSleep, the device is expected to remain powered\n\t * with the link off, so do not check for bkops.\n\t */\n\tcheck_for_bkops = !ufshcd_is_ufs_dev_deepsleep(hba);\n\tret = ufshcd_link_state_transition(hba, req_link_state, check_for_bkops);\n\tif (ret && pm_op != UFS_SHUTDOWN_PM) {\n\t\t/*\n\t\t * If return err in suspend flow, IO will hang.\n\t\t * Trigger error handler and break suspend for\n\t\t * error recovery.\n\t\t */\n\t\tufshcd_force_error_recovery(hba);\n\t\tret = -EBUSY;\n\t}\n\tif (ret)\n\t\tgoto set_dev_active;\n\nvops_suspend:\n\t/*\n\t * Call vendor specific suspend callback. As these callbacks may access\n\t * vendor specific host controller register space call them before the\n\t * host clocks are ON.\n\t */\n\tret = ufshcd_vops_suspend(hba, pm_op, POST_CHANGE);\n\tif (ret)\n\t\tgoto set_link_active;\n\n\tcancel_delayed_work_sync(&hba->ufs_rtc_update_work);\n\tgoto out;\n\nset_link_active:\n\t/*\n\t * Device hardware reset is required to exit DeepSleep. Also, for\n\t * DeepSleep, the link is off so host reset and restore will be done\n\t * further below.\n\t */\n\tif (ufshcd_is_ufs_dev_deepsleep(hba)) {\n\t\tufshcd_device_reset(hba);\n\t\tWARN_ON(!ufshcd_is_link_off(hba));\n\t}\n\tif (ufshcd_is_link_hibern8(hba) && !ufshcd_uic_hibern8_exit(hba))\n\t\tufshcd_set_link_active(hba);\n\telse if (ufshcd_is_link_off(hba))\n\t\tufshcd_host_reset_and_restore(hba);\nset_dev_active:\n\t/* Can also get here needing to exit DeepSleep */\n\tif (ufshcd_is_ufs_dev_deepsleep(hba)) {\n\t\tufshcd_device_reset(hba);\n\t\tufshcd_host_reset_and_restore(hba);\n\t}\n\tif (!ufshcd_set_dev_pwr_mode(hba, UFS_ACTIVE_PWR_MODE))\n\t\tufshcd_disable_auto_bkops(hba);\nenable_scaling:\n\tif (ufshcd_is_clkscaling_supported(hba))\n\t\tufshcd_clk_scaling_suspend(hba, false);\n\n\thba->dev_info.b_rpm_dev_flush_capable = false;\nout:\n\tif (hba->dev_info.b_rpm_dev_flush_capable) {\n\t\tschedule_delayed_work(&hba->rpm_dev_flush_recheck_work,\n\t\t\tmsecs_to_jiffies(RPM_DEV_FLUSH_RECHECK_WORK_DELAY_MS));\n\t}\n\n\tif (ret) {\n\t\tufshcd_update_evt_hist(hba, UFS_EVT_WL_SUSP_ERR, (u32)ret);\n\t\thba->clk_gating.is_suspended = false;\n\t\tufshcd_release(hba);\n\t}\n\thba->pm_op_in_progress = false;\n\treturn ret;\n}\n\n#ifdef CONFIG_PM\nstatic int __ufshcd_wl_resume(struct ufs_hba *hba, enum ufs_pm_op pm_op)\n{\n\tint ret;\n\tenum uic_link_state old_link_state = hba->uic_link_state;\n\n\thba->pm_op_in_progress = true;\n\n\t/*\n\t * Call vendor specific resume callback. As these callbacks may access\n\t * vendor specific host controller register space call them when the\n\t * host clocks are ON.\n\t */\n\tret = ufshcd_vops_resume(hba, pm_op);\n\tif (ret)\n\t\tgoto out;\n\n\t/* For DeepSleep, the only supported option is to have the link off */\n\tWARN_ON(ufshcd_is_ufs_dev_deepsleep(hba) && !ufshcd_is_link_off(hba));\n\n\tif (ufshcd_is_link_hibern8(hba)) {\n\t\tret = ufshcd_uic_hibern8_exit(hba);\n\t\tif (!ret) {\n\t\t\tufshcd_set_link_active(hba);\n\t\t} else {\n\t\t\tdev_err(hba->dev, "%s: hibern8 exit failed %d\\n",\n\t\t\t\t\t__func__, ret);\n\t\t\tgoto vendor_suspend;\n\t\t}\n\t} else if (ufshcd_is_link_off(hba)) {\n\t\t/*\n\t\t * A full initialization of the host and the device is\n\t\t * required since the link was put to off during suspend.\n\t\t * Note, in the case of DeepSleep, the device will exit\n\t\t * DeepSleep due to device reset.\n\t\t */\n\t\tret = ufshcd_reset_and_restore(hba);\n\t\t/*\n\t\t * ufshcd_reset_and_restore() should have already\n\t\t * set the link state as active\n\t\t */\n\t\tif (ret || !ufshcd_is_link_active(hba))\n\t\t\tgoto vendor_suspend;\n\t}\n\n\tif (!ufshcd_is_ufs_dev_active(hba)) {\n\t\tret = ufshcd_set_dev_pwr_mode(hba, UFS_ACTIVE_PWR_MODE);\n\t\tif (ret)\n\t\t\tgoto set_old_link_state;\n\t\tufshcd_set_timestamp_attr(hba);\n\t\tschedule_delayed_work(&hba->ufs_rtc_update_work,\n\t\t\t\t      msecs_to_jiffies(UFS_RTC_UPDATE_INTERVAL_MS));\n\t}\n\n\tif (ufshcd_keep_autobkops_enabled_except_suspend(hba))\n\t\tufshcd_enable_auto_bkops(hba);\n\telse\n\t\t/*\n\t\t * If BKOPs operations are urgently needed at this moment then\n\t\t * keep auto-bkops enabled or else disable it.\n\t\t */\n\t\tufshcd_bkops_ctrl(hba);\n\n\tif (hba->ee_usr_mask)\n\t\tufshcd_write_ee_control(hba);\n\n\tif (ufshcd_is_clkscaling_supported(hba))\n\t\tufshcd_clk_scaling_suspend(hba, false);\n\n\tif (hba->dev_info.b_rpm_dev_flush_capable) {\n\t\thba->dev_info.b_rpm_dev_flush_capable = false;\n\t\tcancel_delayed_work(&hba->rpm_dev_flush_recheck_work);\n\t}\n\n\tufshcd_configure_auto_hibern8(hba);\n\n\tgoto out;\n\nset_old_link_state:\n\tufshcd_link_state_transition(hba, old_link_state, 0);\nvendor_suspend:\n\tufshcd_vops_suspend(hba, pm_op, PRE_CHANGE);\n\tufshcd_vops_suspend(hba, pm_op, POST_CHANGE);\nout:\n\tif (ret)\n\t\tufshcd_update_evt_hist(hba, UFS_EVT_WL_RES_ERR, (u32)ret);\n\thba->clk_gating.is_suspended = false;\n\tufshcd_release(hba);\n\thba->pm_op_in_progress = false;\n\treturn ret;\n}\n\nstatic int ufshcd_wl_runtime_suspend(struct device *dev)\n{\n\tstruct scsi_device *sdev = to_scsi_device(dev);\n\tstruct ufs_hba *hba;\n\tint ret;\n\tktime_t start = ktime_get();\n\n\thba = shost_priv(sdev->host);\n\n\tret = __ufshcd_wl_suspend(hba, UFS_RUNTIME_PM);\n\tif (ret)\n\t\tdev_err(&sdev->sdev_gendev, "%s failed: %d\\n", __func__, ret);\n\n\ttrace_ufshcd_wl_runtime_suspend(dev_name(dev), ret,\n\t\tktime_to_us(ktime_sub(ktime_get(), start)),\n\t\thba->curr_dev_pwr_mode, hba->uic_link_state);\n\n\treturn ret;\n}\n\nstatic int ufshcd_wl_runtime_resume(struct device *dev)\n{\n\tstruct scsi_device *sdev = to_scsi_device(dev);\n\tstruct ufs_hba *hba;\n\tint ret = 0;\n\tktime_t start = ktime_get();\n\n\thba = shost_priv(sdev->host);\n\n\tret = __ufshcd_wl_resume(hba, UFS_RUNTIME_PM);\n\tif (ret)\n\t\tdev_err(&sdev->sdev_gendev, "%s failed: %d\\n", __func__, ret);\n\n\ttrace_ufshcd_wl_runtime_resume(dev_name(dev), ret,\n\t\tktime_to_us(ktime_sub(ktime_get(), start)),\n\t\thba->curr_dev_pwr_mode, hba->uic_link_state);\n\n\treturn ret;\n}\n#endif\n\n#ifdef CONFIG_PM_SLEEP\nstatic int ufshcd_wl_suspend(struct device *dev)\n{\n\tstruct scsi_device *sdev = to_scsi_device(dev);\n\tstruct ufs_hba *hba;\n\tint ret = 0;\n\tktime_t start = ktime_get();\n\n\thba = shost_priv(sdev->host);\n\tdown(&hba->host_sem);\n\thba->system_suspending = true;\n\n\tif (pm_runtime_suspended(dev))\n\t\tgoto out;\n\n\tret = __ufshcd_wl_suspend(hba, UFS_SYSTEM_PM);\n\tif (ret) {\n\t\tdev_err(&sdev->sdev_gendev, "%s failed: %d\\n", __func__,  ret);\n\t\tup(&hba->host_sem);\n\t}\n\nout:\n\tif (!ret)\n\t\thba->is_sys_suspended = true;\n\ttrace_ufshcd_wl_suspend(dev_name(dev), ret,\n\t\tktime_to_us(ktime_sub(ktime_get(), start)),\n\t\thba->curr_dev_pwr_mode, hba->uic_link_state);\n\n\treturn ret;\n}\n\nstatic int ufshcd_wl_resume(struct device *dev)\n{\n\tstruct scsi_device *sdev = to_scsi_device(dev);\n\tstruct ufs_hba *hba;\n\tint ret = 0;\n\tktime_t start = ktime_get();\n\n\thba = shost_priv(sdev->host);\n\n\tif (pm_runtime_suspended(dev))\n\t\tgoto out;\n\n\tret = __ufshcd_wl_resume(hba, UFS_SYSTEM_PM);\n\tif (ret)\n\t\tdev_err(&sdev->sdev_gendev, "%s failed: %d\\n", __func__, ret);\nout:\n\ttrace_ufshcd_wl_resume(dev_name(dev), ret,\n\t\tktime_to_us(ktime_sub(ktime_get(), start)),\n\t\thba->curr_dev_pwr_mode, hba->uic_link_state);\n\tif (!ret)\n\t\thba->is_sys_suspended = false;\n\thba->system_suspending = false;\n\tup(&hba->host_sem);\n\treturn ret;\n}\n#endif\n\n/**\n * ufshcd_suspend - helper function for suspend operations\n * @hba: per adapter instance\n *\n * This function will put disable irqs, turn off clocks\n * and set vreg and hba-vreg in lpm mode.\n *\n * Return: 0 upon success; < 0 upon failure.\n */\nstatic int ufshcd_suspend(struct ufs_hba *hba)\n{\n\tint ret;\n\n\tif (!hba->is_powered)\n\t\treturn 0;\n\t/*\n\t * Disable the host irq as host controller as there won\'t be any\n\t * host controller transaction expected till resume.\n\t */\n\tufshcd_disable_irq(hba);\n\tret = ufshcd_setup_clocks(hba, false);\n\tif (ret) {\n\t\tufshcd_enable_irq(hba);\n\t\treturn ret;\n\t}\n\tif (ufshcd_is_clkgating_allowed(hba)) {\n\t\thba->clk_gating.state = CLKS_OFF;\n\t\ttrace_ufshcd_clk_gating(dev_name(hba->dev),\n\t\t\t\t\thba->clk_gating.state);\n\t}\n\n\tufshcd_vreg_set_lpm(hba);\n\t/* Put the host controller in low power mode if possible */\n\tufshcd_hba_vreg_set_lpm(hba);\n\tufshcd_pm_qos_update(hba, false);\n\treturn ret;\n}\n\n#ifdef CONFIG_PM\n/**\n * ufshcd_resume - helper function for resume operations\n * @hba: per adapter instance\n *\n * This function basically turns on the regulators, clocks and\n * irqs of the hba.\n *\n * Return: 0 for success and non-zero for failure.\n */\nstatic int ufshcd_resume(struct ufs_hba *hba)\n{\n\tint ret;\n\n\tif (!hba->is_powered)\n\t\treturn 0;\n\n\tufshcd_hba_vreg_set_hpm(hba);\n\tret = ufshcd_vreg_set_hpm(hba);\n\tif (ret)\n\t\tgoto out;\n\n\t/* Make sure clocks are enabled before accessing controller */\n\tret = ufshcd_setup_clocks(hba, true);\n\tif (ret)\n\t\tgoto disable_vreg;\n\n\t/* enable the host irq as host controller would be active soon */\n\tufshcd_enable_irq(hba);\n\n\tgoto out;\n\ndisable_vreg:\n\tufshcd_vreg_set_lpm(hba);\nout:\n\tif (ret)\n\t\tufshcd_update_evt_hist(hba, UFS_EVT_RESUME_ERR, (u32)ret);\n\treturn ret;\n}\n#endif /* CONFIG_PM */\n\n#ifdef CONFIG_PM_SLEEP\n/**\n * ufshcd_system_suspend - system suspend callback\n * @dev: Device associated with the UFS controller.\n *\n * Executed before putting the system into a sleep state in which the contents\n * of main memory are preserved.\n *\n * Return: 0 for success and non-zero for failure.\n */\nint ufshcd_system_suspend(struct device *dev)\n{\n\tstruct ufs_hba *hba = dev_get_drvdata(dev);\n\tint ret = 0;\n\tktime_t start = ktime_get();\n\n\tif (pm_runtime_suspended(hba->dev))\n\t\tgoto out;\n\n\tret = ufshcd_suspend(hba);\nout:\n\ttrace_ufshcd_system_suspend(dev_name(hba->dev), ret,\n\t\tktime_to_us(ktime_sub(ktime_get(), start)),\n\t\thba->curr_dev_pwr_mode, hba->uic_link_state);\n\treturn ret;\n}\nEXPORT_SYMBOL(ufshcd_system_suspend);\n\n/**\n * ufshcd_system_resume - system resume callback\n * @dev: Device associated with the UFS controller.\n *\n * Executed after waking the system up from a sleep state in which the contents\n * of main memory were preserved.\n *\n * Return: 0 for success and non-zero for failure.\n */\nint ufshcd_system_resume(struct device *dev)\n{\n\tstruct ufs_hba *hba = dev_get_drvdata(dev);\n\tktime_t start = ktime_get();\n\tint ret = 0;\n\n\tif (pm_runtime_suspended(hba->dev))\n\t\tgoto out;\n\n\tret = ufshcd_resume(hba);\n\nout:\n\ttrace_ufshcd_system_resume(dev_name(hba->dev), ret,\n\t\tktime_to_us(ktime_sub(ktime_get(), start)),\n\t\thba->curr_dev_pwr_mode, hba->uic_link_state);\n\n\treturn ret;\n}\nEXPORT_SYMBOL(ufshcd_system_resume);\n#endif /* CONFIG_PM_SLEEP */\n\n#ifdef CONFIG_PM\n/**\n * ufshcd_runtime_suspend - runtime suspend callback\n * @dev: Device associated with the UFS controller.\n *\n * Check the description of ufshcd_suspend() function for more details.\n *\n * Return: 0 for success and non-zero for failure.\n */\nint ufshcd_runtime_suspend(struct device *dev)\n{\n\tstruct ufs_hba *hba = dev_get_drvdata(dev);\n\tint ret;\n\tktime_t start = ktime_get();\n\n\tret = ufshcd_suspend(hba);\n\n\ttrace_ufshcd_runtime_suspend(dev_name(hba->dev), ret,\n\t\tktime_to_us(ktime_sub(ktime_get(), start)),\n\t\thba->curr_dev_pwr_mode, hba->uic_link_state);\n\treturn ret;\n}\nEXPORT_SYMBOL(ufshcd_runtime_suspend);\n\n/**\n * ufshcd_runtime_resume - runtime resume routine\n * @dev: Device associated with the UFS controller.\n *\n * This function basically brings controller\n * to active state. Following operations are done in this function:\n *\n * 1. Turn on all the controller related clocks\n * 2. Turn ON VCC rail\n *\n * Return: 0 upon success; < 0 upon failure.\n */\nint ufshcd_runtime_resume(struct device *dev)\n{\n\tstruct ufs_hba *hba = dev_get_drvdata(dev);\n\tint ret;\n\tktime_t start = ktime_get();\n\n\tret = ufshcd_resume(hba);\n\n\ttrace_ufshcd_runtime_resume(dev_name(hba->dev), ret,\n\t\tktime_to_us(ktime_sub(ktime_get(), start)),\n\t\thba->curr_dev_pwr_mode, hba->uic_link_state);\n\treturn ret;\n}\nEXPORT_SYMBOL(ufshcd_runtime_resume);\n#endif /* CONFIG_PM */\n\nstatic void ufshcd_wl_shutdown(struct device *dev)\n{\n\tstruct scsi_device *sdev = to_scsi_device(dev);\n\tstruct ufs_hba *hba = shost_priv(sdev->host);\n\n\tdown(&hba->host_sem);\n\thba->shutting_down = true;\n\tup(&hba->host_sem);\n\n\t/* Turn on everything while shutting down */\n\tufshcd_rpm_get_sync(hba);\n\tscsi_device_quiesce(sdev);\n\tshost_for_each_device(sdev, hba->host) {\n\t\tif (sdev == hba->ufs_device_wlun)\n\t\t\tcontinue;\n\t\tmutex_lock(&sdev->state_mutex);\n\t\tscsi_device_set_state(sdev, SDEV_OFFLINE);\n\t\tmutex_unlock(&sdev->state_mutex);\n\t}\n\t__ufshcd_wl_suspend(hba, UFS_SHUTDOWN_PM);\n\n\t/*\n\t * Next, turn off the UFS controller and the UFS regulators. Disable\n\t * clocks.\n\t */\n\tif (ufshcd_is_ufs_dev_poweroff(hba) && ufshcd_is_link_off(hba))\n\t\tufshcd_suspend(hba);\n\n\thba->is_powered = false;\n}\n\n/**\n * ufshcd_remove - de-allocate SCSI host and host memory space\n *\t\tdata structure memory\n * @hba: per adapter instance\n */\nvoid ufshcd_remove(struct ufs_hba *hba)\n{\n\tif (hba->ufs_device_wlun)\n\t\tufshcd_rpm_get_sync(hba);\n\tufs_hwmon_remove(hba);\n\tufs_bsg_remove(hba);\n\tufs_sysfs_remove_nodes(hba->dev);\n\tcancel_delayed_work_sync(&hba->ufs_rtc_update_work);\n\tblk_mq_destroy_queue(hba->tmf_queue);\n\tblk_put_queue(hba->tmf_queue);\n\tblk_mq_free_tag_set(&hba->tmf_tag_set);\n\tif (hba->scsi_host_added)\n\t\tscsi_remove_host(hba->host);\n\t/* disable interrupts */\n\tufshcd_disable_intr(hba, hba->intr_mask);\n\tufshcd_hba_stop(hba);\n\tufshcd_hba_exit(hba);\n}\nEXPORT_SYMBOL_GPL(ufshcd_remove);\n\n#ifdef CONFIG_PM_SLEEP\nint ufshcd_system_freeze(struct device *dev)\n{\n\n\treturn ufshcd_system_suspend(dev);\n\n}\nEXPORT_SYMBOL_GPL(ufshcd_system_freeze);\n\nint ufshcd_system_restore(struct device *dev)\n{\n\n\tstruct ufs_hba *hba = dev_get_drvdata(dev);\n\tint ret;\n\n\tret = ufshcd_system_resume(dev);\n\tif (ret)\n\t\treturn ret;\n\n\t/* Configure UTRL and UTMRL base address registers */\n\tufshcd_writel(hba, lower_32_bits(hba->utrdl_dma_addr),\n\t\t\tREG_UTP_TRANSFER_REQ_LIST_BASE_L);\n\tufshcd_writel(hba, upper_32_bits(hba->utrdl_dma_addr),\n\t\t\tREG_UTP_TRANSFER_REQ_LIST_BASE_H);\n\tufshcd_writel(hba, lower_32_bits(hba->utmrdl_dma_addr),\n\t\t\tREG_UTP_TASK_REQ_LIST_BASE_L);\n\tufshcd_writel(hba, upper_32_bits(hba->utmrdl_dma_addr),\n\t\t\tREG_UTP_TASK_REQ_LIST_BASE_H);\n\t/*\n\t * Make sure that UTRL and UTMRL base address registers\n\t * are updated with the latest queue addresses. Only after\n\t * updating these addresses, we can queue the new commands.\n\t */\n\tufshcd_readl(hba, REG_UTP_TASK_REQ_LIST_BASE_H);\n\n\treturn 0;\n\n}\nEXPORT_SYMBOL_GPL(ufshcd_system_restore);\n\nint ufshcd_system_thaw(struct device *dev)\n{\n\treturn ufshcd_system_resume(dev);\n}\nEXPORT_SYMBOL_GPL(ufshcd_system_thaw);\n#endif /* CONFIG_PM_SLEEP  */\n\n/**\n * ufshcd_dealloc_host - deallocate Host Bus Adapter (HBA)\n * @hba: pointer to Host Bus Adapter (HBA)\n */\nvoid ufshcd_dealloc_host(struct ufs_hba *hba)\n{\n\tscsi_host_put(hba->host);\n}\nEXPORT_SYMBOL_GPL(ufshcd_dealloc_host);\n\n/**\n * ufshcd_set_dma_mask - Set dma mask based on the controller\n *\t\t\t addressing capability\n * @hba: per adapter instance\n *\n * Return: 0 for success, non-zero for failure.\n */\nstatic int ufshcd_set_dma_mask(struct ufs_hba *hba)\n{\n\tif (hba->vops && hba->vops->set_dma_mask)\n\t\treturn hba->vops->set_dma_mask(hba);\n\tif (hba->capabilities & MASK_64_ADDRESSING_SUPPORT) {\n\t\tif (!dma_set_mask_and_coherent(hba->dev, DMA_BIT_MASK(64)))\n\t\t\treturn 0;\n\t}\n\treturn dma_set_mask_and_coherent(hba->dev, DMA_BIT_MASK(32));\n}\n\n/**\n * ufshcd_alloc_host - allocate Host Bus Adapter (HBA)\n * @dev: pointer to device handle\n * @hba_handle: driver private handle\n *\n * Return: 0 on success, non-zero value on failure.\n */\nint ufshcd_alloc_host(struct device *dev, struct ufs_hba **hba_handle)\n{\n\tstruct Scsi_Host *host;\n\tstruct ufs_hba *hba;\n\tint err = 0;\n\n\tif (!dev) {\n\t\tdev_err(dev,\n\t\t"Invalid memory reference for dev is NULL\\n");\n\t\terr = -ENODEV;\n\t\tgoto out_error;\n\t}\n\n\thost = scsi_host_alloc(&ufshcd_driver_template,\n\t\t\t\tsizeof(struct ufs_hba));\n\tif (!host) {\n\t\tdev_err(dev, "scsi_host_alloc failed\\n");\n\t\terr = -ENOMEM;\n\t\tgoto out_error;\n\t}\n\thost->nr_maps = HCTX_TYPE_POLL + 1;\n\thba = shost_priv(host);\n\thba->host = host;\n\thba->dev = dev;\n\thba->dev_ref_clk_freq = REF_CLK_FREQ_INVAL;\n\thba->nop_out_timeout = NOP_OUT_TIMEOUT;\n\tufshcd_set_sg_entry_size(hba, sizeof(struct ufshcd_sg_entry));\n\tINIT_LIST_HEAD(&hba->clk_list_head);\n\tspin_lock_init(&hba->outstanding_lock);\n\n\t*hba_handle = hba;\n\nout_error:\n\treturn err;\n}\nEXPORT_SYMBOL(ufshcd_alloc_host);\n\n/* This function exists because blk_mq_alloc_tag_set() requires this. */\nstatic blk_status_t ufshcd_queue_tmf(struct blk_mq_hw_ctx *hctx,\n\t\t\t\t     const struct blk_mq_queue_data *qd)\n{\n\tWARN_ON_ONCE(true);\n\treturn BLK_STS_NOTSUPP;\n}\n\nstatic const struct blk_mq_ops ufshcd_tmf_ops = {\n\t.queue_rq = ufshcd_queue_tmf,\n};\n\nstatic int ufshcd_add_scsi_host(struct ufs_hba *hba)\n{\n\tint err;\n\n\tif (is_mcq_supported(hba)) {\n\t\tufshcd_mcq_enable(hba);\n\t\terr = ufshcd_alloc_mcq(hba);\n\t\tif (!err) {\n\t\t\tufshcd_config_mcq(hba);\n\t\t} else {\n\t\t\t/* Continue with SDB mode */\n\t\t\tufshcd_mcq_disable(hba);\n\t\t\tuse_mcq_mode = false;\n\t\t\tdev_err(hba->dev, "MCQ mode is disabled, err=%d\\n",\n\t\t\t\terr);\n\t\t}\n\t}\n\tif (!is_mcq_supported(hba) && !hba->lsdb_sup) {\n\t\tdev_err(hba->dev,\n\t\t\t"%s: failed to initialize (legacy doorbell mode not supported)\\n",\n\t\t\t__func__);\n\t\treturn -EINVAL;\n\t}\n\n\terr = scsi_add_host(hba->host, hba->dev);\n\tif (err) {\n\t\tdev_err(hba->dev, "scsi_add_host failed\\n");\n\t\treturn err;\n\t}\n\thba->scsi_host_added = true;\n\n\thba->tmf_tag_set = (struct blk_mq_tag_set) {\n\t\t.nr_hw_queues\t= 1,\n\t\t.queue_depth\t= hba->nutmrs,\n\t\t.ops\t\t= &ufshcd_tmf_ops,\n\t};\n\terr = blk_mq_alloc_tag_set(&hba->tmf_tag_set);\n\tif (err < 0)\n\t\tgoto remove_scsi_host;\n\thba->tmf_queue = blk_mq_alloc_queue(&hba->tmf_tag_set, NULL, NULL);\n\tif (IS_ERR(hba->tmf_queue)) {\n\t\terr = PTR_ERR(hba->tmf_queue);\n\t\tgoto free_tmf_tag_set;\n\t}\n\thba->tmf_rqs = devm_kcalloc(hba->dev, hba->nutmrs,\n\t\t\t\t    sizeof(*hba->tmf_rqs), GFP_KERNEL);\n\tif (!hba->tmf_rqs) {\n\t\terr = -ENOMEM;\n\t\tgoto free_tmf_queue;\n\t}\n\n\treturn 0;\n\nfree_tmf_queue:\n\tblk_mq_destroy_queue(hba->tmf_queue);\n\tblk_put_queue(hba->tmf_queue);\n\nfree_tmf_tag_set:\n\tblk_mq_free_tag_set(&hba->tmf_tag_set);\n\nremove_scsi_host:\n\tif (hba->scsi_host_added)\n\t\tscsi_remove_host(hba->host);\n\n\treturn err;\n}\n\n/**\n * ufshcd_init - Driver initialization routine\n * @hba: per-adapter instance\n * @mmio_base: base register address\n * @irq: Interrupt line of device\n *\n * Return: 0 on success, non-zero value on failure.\n */\nint ufshcd_init(struct ufs_hba *hba, void __iomem *mmio_base, unsigned int irq)\n{\n\tint err;\n\tstruct Scsi_Host *host = hba->host;\n\tstruct device *dev = hba->dev;\n\n\t/*\n\t * dev_set_drvdata() must be called before any callbacks are registered\n\t * that use dev_get_drvdata() (frequency scaling, clock scaling, hwmon,\n\t * sysfs).\n\t */\n\tdev_set_drvdata(dev, hba);\n\n\tif (!mmio_base) {\n\t\tdev_err(hba->dev,\n\t\t"Invalid memory reference for mmio_base is NULL\\n");\n\t\terr = -ENODEV;\n\t\tgoto out_error;\n\t}\n\n\thba->mmio_base = mmio_base;\n\thba->irq = irq;\n\thba->vps = &ufs_hba_vps;\n\n\t/*\n\t * Initialize clk_gating.lock early since it is being used in\n\t * ufshcd_setup_clocks()\n\t */\n\tspin_lock_init(&hba->clk_gating.lock);\n\n\terr = ufshcd_hba_init(hba);\n\tif (err)\n\t\tgoto out_error;\n\n\t/* Read capabilities registers */\n\terr = ufshcd_hba_capabilities(hba);\n\tif (err)\n\t\tgoto out_disable;\n\n\t/* Get UFS version supported by the controller */\n\thba->ufs_version = ufshcd_get_ufs_version(hba);\n\n\t/* Get Interrupt bit mask per version */\n\thba->intr_mask = ufshcd_get_intr_mask(hba);\n\n\terr = ufshcd_set_dma_mask(hba);\n\tif (err) {\n\t\tdev_err(hba->dev, "set dma mask failed\\n");\n\t\tgoto out_disable;\n\t}\n\n\t/* Allocate memory for host memory space */\n\terr = ufshcd_memory_alloc(hba);\n\tif (err) {\n\t\tdev_err(hba->dev, "Memory allocation failed\\n");\n\t\tgoto out_disable;\n\t}\n\n\t/* Configure LRB */\n\tufshcd_host_memory_configure(hba);\n\n\thost->can_queue = hba->nutrs - UFSHCD_NUM_RESERVED;\n\thost->cmd_per_lun = hba->nutrs - UFSHCD_NUM_RESERVED;\n\thost->max_id = UFSHCD_MAX_ID;\n\thost->max_lun = UFS_MAX_LUNS;\n\thost->max_channel = UFSHCD_MAX_CHANNEL;\n\thost->unique_id = host->host_no;\n\thost->max_cmd_len = UFS_CDB_SIZE;\n\thost->queuecommand_may_block = !!(hba->caps & UFSHCD_CAP_CLK_GATING);\n\n\t/* Use default RPM delay if host not set */\n\tif (host->rpm_autosuspend_delay == 0)\n\t\thost->rpm_autosuspend_delay = RPM_AUTOSUSPEND_DELAY_MS;\n\n\thba->max_pwr_info.is_valid = false;\n\n\t/* Initialize work queues */\n\thba->eh_wq = alloc_ordered_workqueue("ufs_eh_wq_%d", WQ_MEM_RECLAIM,\n\t\t\t\t\t     hba->host->host_no);\n\tif (!hba->eh_wq) {\n\t\tdev_err(hba->dev, "%s: failed to create eh workqueue\\n",\n\t\t\t__func__);\n\t\terr = -ENOMEM;\n\t\tgoto out_disable;\n\t}\n\tINIT_WORK(&hba->eh_work, ufshcd_err_handler);\n\tINIT_WORK(&hba->eeh_work, ufshcd_exception_event_handler);\n\n\tsema_init(&hba->host_sem, 1);\n\n\t/* Initialize UIC command mutex */\n\tmutex_init(&hba->uic_cmd_mutex);\n\n\t/* Initialize mutex for device management commands */\n\tmutex_init(&hba->dev_cmd.lock);\n\n\t/* Initialize mutex for exception event control */\n\tmutex_init(&hba->ee_ctrl_mutex);\n\n\tmutex_init(&hba->wb_mutex);\n\tinit_rwsem(&hba->clk_scaling_lock);\n\n\tufshcd_init_clk_gating(hba);\n\n\tufshcd_init_clk_scaling(hba);\n\n\t/*\n\t * In order to avoid any spurious interrupt immediately after\n\t * registering UFS controller interrupt handler, clear any pending UFS\n\t * interrupt status and disable all the UFS interrupts.\n\t */\n\tufshcd_writel(hba, ufshcd_readl(hba, REG_INTERRUPT_STATUS),\n\t\t      REG_INTERRUPT_STATUS);\n\tufshcd_writel(hba, 0, REG_INTERRUPT_ENABLE);\n\t/*\n\t * Make sure that UFS interrupts are disabled and any pending interrupt\n\t * status is cleared before registering UFS interrupt handler.\n\t */\n\tufshcd_readl(hba, REG_INTERRUPT_ENABLE);\n\n\t/* IRQ registration */\n\terr = devm_request_irq(dev, irq, ufshcd_intr, IRQF_SHARED, UFSHCD, hba);\n\tif (err) {\n\t\tdev_err(hba->dev, "request irq failed\\n");\n\t\tgoto out_disable;\n\t} else {\n\t\thba->is_irq_enabled = true;\n\t}\n\n\t/* Reset the attached device */\n\tufshcd_device_reset(hba);\n\n\tufshcd_init_crypto(hba);\n\n\t/* Host controller enable */\n\terr = ufshcd_hba_enable(hba);\n\tif (err) {\n\t\tdev_err(hba->dev, "Host controller enable failed\\n");\n\t\tufshcd_print_evt_hist(hba);\n\t\tufshcd_print_host_state(hba);\n\t\tgoto out_disable;\n\t}\n\n\t/*\n\t * Set the default power management level for runtime and system PM if\n\t * not set by the host controller drivers.\n\t * Default power saving mode is to keep UFS link in Hibern8 state\n\t * and UFS device in sleep state.\n\t */\n\tif (!hba->rpm_lvl)\n\t\thba->rpm_lvl = ufs_get_desired_pm_lvl_for_dev_link_state(\n\t\t\t\t\t\tUFS_SLEEP_PWR_MODE,\n\t\t\t\t\t\tUIC_LINK_HIBERN8_STATE);\n\tif (!hba->spm_lvl)\n\t\thba->spm_lvl = ufs_get_desired_pm_lvl_for_dev_link_state(\n\t\t\t\t\t\tUFS_SLEEP_PWR_MODE,\n\t\t\t\t\t\tUIC_LINK_HIBERN8_STATE);\n\n\tINIT_DELAYED_WORK(&hba->rpm_dev_flush_recheck_work, ufshcd_rpm_dev_flush_recheck_work);\n\tINIT_DELAYED_WORK(&hba->ufs_rtc_update_work, ufshcd_rtc_work);\n\n\t/* Set the default auto-hiberate idle timer value to 150 ms */\n\tif (ufshcd_is_auto_hibern8_supported(hba) && !hba->ahit) {\n\t\thba->ahit = FIELD_PREP(UFSHCI_AHIBERN8_TIMER_MASK, 150) |\n\t\t\t    FIELD_PREP(UFSHCI_AHIBERN8_SCALE_MASK, 3);\n\t}\n\n\t/* Hold auto suspend until async scan completes */\n\tpm_runtime_get_sync(dev);\n\n\t/*\n\t * We are assuming that device wasn\'t put in sleep/power-down\n\t * state exclusively during the boot stage before kernel.\n\t * This assumption helps avoid doing link startup twice during\n\t * ufshcd_probe_hba().\n\t */\n\tufshcd_set_ufs_dev_active(hba);\n\n\t/* Initialize hba, detect and initialize UFS device */\n\tktime_t probe_start = ktime_get();\n\n\thba->ufshcd_state = UFSHCD_STATE_RESET;\n\n\terr = ufshcd_link_startup(hba);\n\tif (err)\n\t\tgoto out_disable;\n\n\tif (hba->quirks & UFSHCD_QUIRK_SKIP_PH_CONFIGURATION)\n\t\tgoto initialized;\n\n\t/* Debug counters initialization */\n\tufshcd_clear_dbg_ufs_stats(hba);\n\n\t/* UniPro link is active now */\n\tufshcd_set_link_active(hba);\n\n\t/* Verify device initialization by sending NOP OUT UPIU */\n\terr = ufshcd_verify_dev_init(hba);\n\tif (err)\n\t\tgoto out_disable;\n\n\t/* Initiate UFS initialization, and waiting until completion */\n\terr = ufshcd_complete_dev_init(hba);\n\tif (err)\n\t\tgoto out_disable;\n\n\terr = ufshcd_device_params_init(hba);\n\tif (err)\n\t\tgoto out_disable;\n\n\terr = ufshcd_post_device_init(hba);\n\ninitialized:\n\tufshcd_process_probe_result(hba, probe_start, err);\n\tif (err)\n\t\tgoto out_disable;\n\n\terr = ufshcd_add_scsi_host(hba);\n\tif (err)\n\t\tgoto out_disable;\n\n\tasync_schedule(ufshcd_async_scan, hba);\n\tufs_sysfs_add_nodes(hba->dev);\n\n\tdevice_enable_async_suspend(dev);\n\tufshcd_pm_qos_init(hba);\n\treturn 0;\n\nout_disable:\n\thba->is_irq_enabled = false;\n\tufshcd_hba_exit(hba);\nout_error:\n\treturn err;\n}\nEXPORT_SYMBOL_GPL(ufshcd_init);\n\nvoid ufshcd_resume_complete(struct device *dev)\n{\n\tstruct ufs_hba *hba = dev_get_drvdata(dev);\n\n\tif (hba->complete_put) {\n\t\tufshcd_rpm_put(hba);\n\t\thba->complete_put = false;\n\t}\n}\nEXPORT_SYMBOL_GPL(ufshcd_resume_complete);\n\nstatic bool ufshcd_rpm_ok_for_spm(struct ufs_hba *hba)\n{\n\tstruct device *dev = &hba->ufs_device_wlun->sdev_gendev;\n\tenum ufs_dev_pwr_mode dev_pwr_mode;\n\tenum uic_link_state link_state;\n\tunsigned long flags;\n\tbool res;\n\n\tspin_lock_irqsave(&dev->power.lock, flags);\n\tdev_pwr_mode = ufs_get_pm_lvl_to_dev_pwr_mode(hba->spm_lvl);\n\tlink_state = ufs_get_pm_lvl_to_link_pwr_state(hba->spm_lvl);\n\tres = pm_runtime_suspended(dev) &&\n\t      hba->curr_dev_pwr_mode == dev_pwr_mode &&\n\t      hba->uic_link_state == link_state &&\n\t      !hba->dev_info.b_rpm_dev_flush_capable;\n\tspin_unlock_irqrestore(&dev->power.lock, flags);\n\n\treturn res;\n}\n\nint __ufshcd_suspend_prepare(struct device *dev, bool rpm_ok_for_spm)\n{\n\tstruct ufs_hba *hba = dev_get_drvdata(dev);\n\tint ret;\n\n\t/*\n\t * SCSI assumes that runtime-pm and system-pm for scsi drivers\n\t * are same. And it doesn\'t wake up the device for system-suspend\n\t * if it\'s runtime suspended. But ufs doesn\'t follow that.\n\t * Refer ufshcd_resume_complete()\n\t */\n\tif (hba->ufs_device_wlun) {\n\t\t/* Prevent runtime suspend */\n\t\tufshcd_rpm_get_noresume(hba);\n\t\t/*\n\t\t * Check if already runtime suspended in same state as system\n\t\t * suspend would be.\n\t\t */\n\t\tif (!rpm_ok_for_spm || !ufshcd_rpm_ok_for_spm(hba)) {\n\t\t\t/* RPM state is not ok for SPM, so runtime resume */\n\t\t\tret = ufshcd_rpm_resume(hba);\n\t\t\tif (ret < 0 && ret != -EACCES) {\n\t\t\t\tufshcd_rpm_put(hba);\n\t\t\t\treturn ret;\n\t\t\t}\n\t\t}\n\t\thba->complete_put = true;\n\t}\n\treturn 0;\n}\nEXPORT_SYMBOL_GPL(__ufshcd_suspend_prepare);\n\nint ufshcd_suspend_prepare(struct device *dev)\n{\n\treturn __ufshcd_suspend_prepare(dev, true);\n}\nEXPORT_SYMBOL_GPL(ufshcd_suspend_prepare);\n\n#ifdef CONFIG_PM_SLEEP\nstatic int ufshcd_wl_poweroff(struct device *dev)\n{\n\tstruct scsi_device *sdev = to_scsi_device(dev);\n\tstruct ufs_hba *hba = shost_priv(sdev->host);\n\n\t__ufshcd_wl_suspend(hba, UFS_SHUTDOWN_PM);\n\treturn 0;\n}\n#endif\n\nstatic int ufshcd_wl_probe(struct device *dev)\n{\n\tstruct scsi_device *sdev = to_scsi_device(dev);\n\n\tif (!is_device_wlun(sdev))\n\t\treturn -ENODEV;\n\n\tblk_pm_runtime_init(sdev->request_queue, dev);\n\tpm_runtime_set_autosuspend_delay(dev, 0);\n\tpm_runtime_allow(dev);\n\n\treturn  0;\n}\n\nstatic int ufshcd_wl_remove(struct device *dev)\n{\n\tpm_runtime_forbid(dev);\n\treturn 0;\n}\n\nstatic const struct dev_pm_ops ufshcd_wl_pm_ops = {\n#ifdef CONFIG_PM_SLEEP\n\t.suspend = ufshcd_wl_suspend,\n\t.resume = ufshcd_wl_resume,\n\t.freeze = ufshcd_wl_suspend,\n\t.thaw = ufshcd_wl_resume,\n\t.poweroff = ufshcd_wl_poweroff,\n\t.restore = ufshcd_wl_resume,\n#endif\n\tSET_RUNTIME_PM_OPS(ufshcd_wl_runtime_suspend, ufshcd_wl_runtime_resume, NULL)\n};\n\nstatic void ufshcd_check_header_layout(void)\n{\n\t/*\n\t * gcc compilers before version 10 cannot do constant-folding for\n\t * sub-byte bitfields. Hence skip the layout checks for gcc 9 and\n\t * before.\n\t */\n\tif (IS_ENABLED(CONFIG_CC_IS_GCC) && CONFIG_GCC_VERSION < 100000)\n\t\treturn;\n\n\tBUILD_BUG_ON(((u8 *)&(struct request_desc_header){\n\t\t\t\t.cci = 3})[0] != 3);\n\n\tBUILD_BUG_ON(((u8 *)&(struct request_desc_header){\n\t\t\t\t.ehs_length = 2})[1] != 2);\n\n\tBUILD_BUG_ON(((u8 *)&(struct request_desc_header){\n\t\t\t\t.enable_crypto = 1})[2]\n\t\t     != 0x80);\n\n\tBUILD_BUG_ON((((u8 *)&(struct request_desc_header){\n\t\t\t\t\t.command_type = 5,\n\t\t\t\t\t.data_direction = 3,\n\t\t\t\t\t.interrupt = 1,\n\t\t\t\t})[3]) != ((5 << 4) | (3 << 1) | 1));\n\n\tBUILD_BUG_ON(((__le32 *)&(struct request_desc_header){\n\t\t\t\t.dunl = cpu_to_le32(0xdeadbeef)})[1] !=\n\t\tcpu_to_le32(0xdeadbeef));\n\n\tBUILD_BUG_ON(((u8 *)&(struct request_desc_header){\n\t\t\t\t.ocs = 4})[8] != 4);\n\n\tBUILD_BUG_ON(((u8 *)&(struct request_desc_header){\n\t\t\t\t.cds = 5})[9] != 5);\n\n\tBUILD_BUG_ON(((__le32 *)&(struct request_desc_header){\n\t\t\t\t.dunu = cpu_to_le32(0xbadcafe)})[3] !=\n\t\tcpu_to_le32(0xbadcafe));\n\n\tBUILD_BUG_ON(((u8 *)&(struct utp_upiu_header){\n\t\t\t     .iid = 0xf })[4] != 0xf0);\n\n\tBUILD_BUG_ON(((u8 *)&(struct utp_upiu_header){\n\t\t\t     .command_set_type = 0xf })[4] != 0xf);\n}\n\n/*\n * ufs_dev_wlun_template - describes ufs device wlun\n * ufs-device wlun - used to send pm commands\n * All luns are consumers of ufs-device wlun.\n *\n * Currently, no sd driver is present for wluns.\n * Hence the no specific pm operations are performed.\n * With ufs design, SSU should be sent to ufs-device wlun.\n * Hence register a scsi driver for ufs wluns only.\n */\nstatic struct scsi_driver ufs_dev_wlun_template = {\n\t.gendrv = {\n\t\t.name = "ufs_device_wlun",\n\t\t.probe = ufshcd_wl_probe,\n\t\t.remove = ufshcd_wl_remove,\n\t\t.pm = &ufshcd_wl_pm_ops,\n\t\t.shutdown = ufshcd_wl_shutdown,\n\t},\n};\n\nstatic int __init ufshcd_core_init(void)\n{\n\tint ret;\n\n\tufshcd_check_header_layout();\n\n\tufs_debugfs_init();\n\n\tret = scsi_register_driver(&ufs_dev_wlun_template.gendrv);\n\tif (ret)\n\t\tufs_debugfs_exit();\n\treturn ret;\n}\n\nstatic void __exit ufshcd_core_exit(void)\n{\n\tufs_debugfs_exit();\n\tscsi_unregister_driver(&ufs_dev_wlun_template.gendrv);\n}\n\nmodule_init(ufshcd_core_init);\nmodule_exit(ufshcd_core_exit);\n\nMODULE_AUTHOR("Santosh Yaragnavi <santosh.sy@samsung.com>");\nMODULE_AUTHOR("Vinayak Holikatti <h.vinayak@samsung.com>");\nMODULE_DESCRIPTION("Generic UFS host controller driver Core");\nMODULE_SOFTDEP("pre: governor_simpleondemand");\nMODULE_LICENSE("GPL");\n', 'sha': None}, {'filename': 'drivers/ufs/host/ufshcd-pci.c', 'content': '// SPDX-License-Identifier: GPL-2.0-or-later\n/*\n * Universal Flash Storage Host controller PCI glue driver\n *\n * Copyright (C) 2011-2013 Samsung India Software Operations\n *\n * Authors:\n *\tSantosh Yaraganavi <santosh.sy@samsung.com>\n *\tVinayak Holikatti <h.vinayak@samsung.com>\n */\n\n#include <ufs/ufshcd.h>\n#include <linux/delay.h>\n#include <linux/module.h>\n#include <linux/pci.h>\n#include <linux/pm_runtime.h>\n#include <linux/pm_qos.h>\n#include <linux/debugfs.h>\n#include <linux/uuid.h>\n#include <linux/acpi.h>\n#include <linux/gpio/consumer.h>\n\n#define MAX_SUPP_MAC 64\n\nstruct ufs_host {\n\tvoid (*late_init)(struct ufs_hba *hba);\n};\n\nenum intel_ufs_dsm_func_id {\n\tINTEL_DSM_FNS\t\t=  0,\n\tINTEL_DSM_RESET\t\t=  1,\n};\n\nstruct intel_host {\n\tstruct ufs_host ufs_host;\n\tu32\t\tdsm_fns;\n\tu32\t\tactive_ltr;\n\tu32\t\tidle_ltr;\n\tstruct dentry\t*debugfs_root;\n\tstruct gpio_desc *reset_gpio;\n};\n\nstatic const guid_t intel_dsm_guid =\n\tGUID_INIT(0x1A4832A0, 0x7D03, 0x43CA,\n\t\t  0xB0, 0x20, 0xF6, 0xDC, 0xD1, 0x2A, 0x19, 0x50);\n\nstatic bool __intel_dsm_supported(struct intel_host *host,\n\t\t\t\t  enum intel_ufs_dsm_func_id fn)\n{\n\treturn fn < 32 && fn >= 0 && (host->dsm_fns & (1u << fn));\n}\n\n#define INTEL_DSM_SUPPORTED(host, name) \\\n\t__intel_dsm_supported(host, INTEL_DSM_##name)\n\nstatic int __intel_dsm(struct intel_host *intel_host, struct device *dev,\n\t\t       unsigned int fn, u32 *result)\n{\n\tunion acpi_object *obj;\n\tint err = 0;\n\tsize_t len;\n\n\tobj = acpi_evaluate_dsm_typed(ACPI_HANDLE(dev), &intel_dsm_guid, 0, fn, NULL,\n\t\t\t\t      ACPI_TYPE_BUFFER);\n\tif (!obj)\n\t\treturn -EOPNOTSUPP;\n\n\tif (obj->buffer.length < 1) {\n\t\terr = -EINVAL;\n\t\tgoto out;\n\t}\n\n\tlen = min_t(size_t, obj->buffer.length, 4);\n\n\t*result = 0;\n\tmemcpy(result, obj->buffer.pointer, len);\nout:\n\tACPI_FREE(obj);\n\n\treturn err;\n}\n\nstatic int intel_dsm(struct intel_host *intel_host, struct device *dev,\n\t\t     unsigned int fn, u32 *result)\n{\n\tif (!__intel_dsm_supported(intel_host, fn))\n\t\treturn -EOPNOTSUPP;\n\n\treturn __intel_dsm(intel_host, dev, fn, result);\n}\n\nstatic void intel_dsm_init(struct intel_host *intel_host, struct device *dev)\n{\n\tint err;\n\n\terr = __intel_dsm(intel_host, dev, INTEL_DSM_FNS, &intel_host->dsm_fns);\n\tdev_dbg(dev, "DSM fns %#x, error %d\\n", intel_host->dsm_fns, err);\n}\n\nstatic int ufs_intel_hce_enable_notify(struct ufs_hba *hba,\n\t\t\t\t       enum ufs_notify_change_status status)\n{\n\t/* Cannot enable ICE until after HC enable */\n\tif (status == POST_CHANGE && hba->caps & UFSHCD_CAP_CRYPTO) {\n\t\tu32 hce = ufshcd_readl(hba, REG_CONTROLLER_ENABLE);\n\n\t\thce |= CRYPTO_GENERAL_ENABLE;\n\t\tufshcd_writel(hba, hce, REG_CONTROLLER_ENABLE);\n\t}\n\n\treturn 0;\n}\n\nstatic int ufs_intel_disable_lcc(struct ufs_hba *hba)\n{\n\tu32 attr = UIC_ARG_MIB(PA_LOCAL_TX_LCC_ENABLE);\n\tu32 lcc_enable = 0;\n\n\tufshcd_dme_get(hba, attr, &lcc_enable);\n\tif (lcc_enable)\n\t\tufshcd_disable_host_tx_lcc(hba);\n\n\treturn 0;\n}\n\nstatic int ufs_intel_link_startup_notify(struct ufs_hba *hba,\n\t\t\t\t\t enum ufs_notify_change_status status)\n{\n\tint err = 0;\n\n\tswitch (status) {\n\tcase PRE_CHANGE:\n\t\terr = ufs_intel_disable_lcc(hba);\n\t\tbreak;\n\tcase POST_CHANGE:\n\t\tbreak;\n\tdefault:\n\t\tbreak;\n\t}\n\n\treturn err;\n}\n\nstatic int ufs_intel_set_lanes(struct ufs_hba *hba, u32 lanes)\n{\n\tstruct ufs_pa_layer_attr pwr_info = hba->pwr_info;\n\tint ret;\n\n\tpwr_info.lane_rx = lanes;\n\tpwr_info.lane_tx = lanes;\n\tret = ufshcd_config_pwr_mode(hba, &pwr_info);\n\tif (ret)\n\t\tdev_err(hba->dev, "%s: Setting %u lanes, err = %d\\n",\n\t\t\t__func__, lanes, ret);\n\treturn ret;\n}\n\nstatic int ufs_intel_lkf_pwr_change_notify(struct ufs_hba *hba,\n\t\t\t\tenum ufs_notify_change_status status,\n\t\t\t\tstruct ufs_pa_layer_attr *dev_max_params,\n\t\t\t\tstruct ufs_pa_layer_attr *dev_req_params)\n{\n\tint err = 0;\n\n\tswitch (status) {\n\tcase PRE_CHANGE:\n\t\tif (ufshcd_is_hs_mode(dev_max_params) &&\n\t\t    (hba->pwr_info.lane_rx != 2 || hba->pwr_info.lane_tx != 2))\n\t\t\tufs_intel_set_lanes(hba, 2);\n\t\tmemcpy(dev_req_params, dev_max_params, sizeof(*dev_req_params));\n\t\tbreak;\n\tcase POST_CHANGE:\n\t\tif (ufshcd_is_hs_mode(dev_req_params)) {\n\t\t\tu32 peer_granularity;\n\n\t\t\tusleep_range(1000, 1250);\n\t\t\terr = ufshcd_dme_peer_get(hba, UIC_ARG_MIB(PA_GRANULARITY),\n\t\t\t\t\t\t  &peer_granularity);\n\t\t}\n\t\tbreak;\n\tdefault:\n\t\tbreak;\n\t}\n\n\treturn err;\n}\n\nstatic int ufs_intel_lkf_apply_dev_quirks(struct ufs_hba *hba)\n{\n\tu32 granularity, peer_granularity;\n\tu32 pa_tactivate, peer_pa_tactivate;\n\tint ret;\n\n\tret = ufshcd_dme_get(hba, UIC_ARG_MIB(PA_GRANULARITY), &granularity);\n\tif (ret)\n\t\tgoto out;\n\n\tret = ufshcd_dme_peer_get(hba, UIC_ARG_MIB(PA_GRANULARITY), &peer_granularity);\n\tif (ret)\n\t\tgoto out;\n\n\tret = ufshcd_dme_get(hba, UIC_ARG_MIB(PA_TACTIVATE), &pa_tactivate);\n\tif (ret)\n\t\tgoto out;\n\n\tret = ufshcd_dme_peer_get(hba, UIC_ARG_MIB(PA_TACTIVATE), &peer_pa_tactivate);\n\tif (ret)\n\t\tgoto out;\n\n\tif (granularity == peer_granularity) {\n\t\tu32 new_peer_pa_tactivate = pa_tactivate + 2;\n\n\t\tret = ufshcd_dme_peer_set(hba, UIC_ARG_MIB(PA_TACTIVATE), new_peer_pa_tactivate);\n\t}\nout:\n\treturn ret;\n}\n\n#define INTEL_ACTIVELTR\t\t0x804\n#define INTEL_IDLELTR\t\t0x808\n\n#define INTEL_LTR_REQ\t\tBIT(15)\n#define INTEL_LTR_SCALE_MASK\tGENMASK(11, 10)\n#define INTEL_LTR_SCALE_1US\t(2 << 10)\n#define INTEL_LTR_SCALE_32US\t(3 << 10)\n#define INTEL_LTR_VALUE_MASK\tGENMASK(9, 0)\n\nstatic void intel_cache_ltr(struct ufs_hba *hba)\n{\n\tstruct intel_host *host = ufshcd_get_variant(hba);\n\n\thost->active_ltr = readl(hba->mmio_base + INTEL_ACTIVELTR);\n\thost->idle_ltr = readl(hba->mmio_base + INTEL_IDLELTR);\n}\n\nstatic void intel_ltr_set(struct device *dev, s32 val)\n{\n\tstruct ufs_hba *hba = dev_get_drvdata(dev);\n\tstruct intel_host *host = ufshcd_get_variant(hba);\n\tu32 ltr;\n\n\tpm_runtime_get_sync(dev);\n\n\t/*\n\t * Program latency tolerance (LTR) accordingly what has been asked\n\t * by the PM QoS layer or disable it in case we were passed\n\t * negative value or PM_QOS_LATENCY_ANY.\n\t */\n\tltr = readl(hba->mmio_base + INTEL_ACTIVELTR);\n\n\tif (val == PM_QOS_LATENCY_ANY || val < 0) {\n\t\tltr &= ~INTEL_LTR_REQ;\n\t} else {\n\t\tltr |= INTEL_LTR_REQ;\n\t\tltr &= ~INTEL_LTR_SCALE_MASK;\n\t\tltr &= ~INTEL_LTR_VALUE_MASK;\n\n\t\tif (val > INTEL_LTR_VALUE_MASK) {\n\t\t\tval >>= 5;\n\t\t\tif (val > INTEL_LTR_VALUE_MASK)\n\t\t\t\tval = INTEL_LTR_VALUE_MASK;\n\t\t\tltr |= INTEL_LTR_SCALE_32US | val;\n\t\t} else {\n\t\t\tltr |= INTEL_LTR_SCALE_1US | val;\n\t\t}\n\t}\n\n\tif (ltr == host->active_ltr)\n\t\tgoto out;\n\n\twritel(ltr, hba->mmio_base + INTEL_ACTIVELTR);\n\twritel(ltr, hba->mmio_base + INTEL_IDLELTR);\n\n\t/* Cache the values into intel_host structure */\n\tintel_cache_ltr(hba);\nout:\n\tpm_runtime_put(dev);\n}\n\nstatic void intel_ltr_expose(struct device *dev)\n{\n\tdev->power.set_latency_tolerance = intel_ltr_set;\n\tdev_pm_qos_expose_latency_tolerance(dev);\n}\n\nstatic void intel_ltr_hide(struct device *dev)\n{\n\tdev_pm_qos_hide_latency_tolerance(dev);\n\tdev->power.set_latency_tolerance = NULL;\n}\n\nstatic void intel_add_debugfs(struct ufs_hba *hba)\n{\n\tstruct dentry *dir = debugfs_create_dir(dev_name(hba->dev), NULL);\n\tstruct intel_host *host = ufshcd_get_variant(hba);\n\n\tintel_cache_ltr(hba);\n\n\thost->debugfs_root = dir;\n\tdebugfs_create_x32("active_ltr", 0444, dir, &host->active_ltr);\n\tdebugfs_create_x32("idle_ltr", 0444, dir, &host->idle_ltr);\n}\n\nstatic void intel_remove_debugfs(struct ufs_hba *hba)\n{\n\tstruct intel_host *host = ufshcd_get_variant(hba);\n\n\tdebugfs_remove_recursive(host->debugfs_root);\n}\n\nstatic int ufs_intel_device_reset(struct ufs_hba *hba)\n{\n\tstruct intel_host *host = ufshcd_get_variant(hba);\n\n\tif (INTEL_DSM_SUPPORTED(host, RESET)) {\n\t\tu32 result = 0;\n\t\tint err;\n\n\t\terr = intel_dsm(host, hba->dev, INTEL_DSM_RESET, &result);\n\t\tif (!err && !result)\n\t\t\terr = -EIO;\n\t\tif (err)\n\t\t\tdev_err(hba->dev, "%s: DSM error %d result %u\\n",\n\t\t\t\t__func__, err, result);\n\t\treturn err;\n\t}\n\n\tif (!host->reset_gpio)\n\t\treturn -EOPNOTSUPP;\n\n\tgpiod_set_value_cansleep(host->reset_gpio, 1);\n\tusleep_range(10, 15);\n\n\tgpiod_set_value_cansleep(host->reset_gpio, 0);\n\tusleep_range(10, 15);\n\n\treturn 0;\n}\n\nstatic struct gpio_desc *ufs_intel_get_reset_gpio(struct device *dev)\n{\n\t/* GPIO in _DSD has active low setting */\n\treturn devm_gpiod_get_optional(dev, "reset", GPIOD_OUT_LOW);\n}\n\nstatic int ufs_intel_common_init(struct ufs_hba *hba)\n{\n\tstruct intel_host *host;\n\n\thba->caps |= UFSHCD_CAP_RPM_AUTOSUSPEND;\n\n\thost = devm_kzalloc(hba->dev, sizeof(*host), GFP_KERNEL);\n\tif (!host)\n\t\treturn -ENOMEM;\n\tufshcd_set_variant(hba, host);\n\tintel_dsm_init(host, hba->dev);\n\tif (INTEL_DSM_SUPPORTED(host, RESET)) {\n\t\tif (hba->vops->device_reset)\n\t\t\thba->caps |= UFSHCD_CAP_DEEPSLEEP;\n\t} else {\n\t\tif (hba->vops->device_reset)\n\t\t\thost->reset_gpio = ufs_intel_get_reset_gpio(hba->dev);\n\t\tif (IS_ERR(host->reset_gpio)) {\n\t\t\tdev_err(hba->dev, "%s: failed to get reset GPIO, error %ld\\n",\n\t\t\t\t__func__, PTR_ERR(host->reset_gpio));\n\t\t\thost->reset_gpio = NULL;\n\t\t}\n\t\tif (host->reset_gpio) {\n\t\t\tgpiod_set_value_cansleep(host->reset_gpio, 0);\n\t\t\thba->caps |= UFSHCD_CAP_DEEPSLEEP;\n\t\t}\n\t}\n\tintel_ltr_expose(hba->dev);\n\tintel_add_debugfs(hba);\n\treturn 0;\n}\n\nstatic void ufs_intel_common_exit(struct ufs_hba *hba)\n{\n\tintel_remove_debugfs(hba);\n\tintel_ltr_hide(hba->dev);\n}\n\nstatic int ufs_intel_resume(struct ufs_hba *hba, enum ufs_pm_op op)\n{\n\tif (ufshcd_is_link_hibern8(hba)) {\n\t\tint ret = ufshcd_uic_hibern8_exit(hba);\n\n\t\tif (!ret) {\n\t\t\tufshcd_set_link_active(hba);\n\t\t} else {\n\t\t\tdev_err(hba->dev, "%s: hibern8 exit failed %d\\n",\n\t\t\t\t__func__, ret);\n\t\t\t/*\n\t\t\t * Force reset and restore. Any other actions can lead\n\t\t\t * to an unrecoverable state.\n\t\t\t */\n\t\t\tufshcd_set_link_off(hba);\n\t\t}\n\t}\n\n\treturn 0;\n}\n\nstatic int ufs_intel_ehl_init(struct ufs_hba *hba)\n{\n\thba->quirks |= UFSHCD_QUIRK_BROKEN_AUTO_HIBERN8;\n\treturn ufs_intel_common_init(hba);\n}\n\nstatic void ufs_intel_lkf_late_init(struct ufs_hba *hba)\n{\n\t/* LKF always needs a full reset, so set PM accordingly */\n\tif (hba->caps & UFSHCD_CAP_DEEPSLEEP) {\n\t\thba->spm_lvl = UFS_PM_LVL_6;\n\t\thba->rpm_lvl = UFS_PM_LVL_6;\n\t} else {\n\t\thba->spm_lvl = UFS_PM_LVL_5;\n\t\thba->rpm_lvl = UFS_PM_LVL_5;\n\t}\n}\n\nstatic int ufs_intel_lkf_init(struct ufs_hba *hba)\n{\n\tstruct ufs_host *ufs_host;\n\tint err;\n\n\thba->nop_out_timeout = 200;\n\thba->quirks |= UFSHCD_QUIRK_BROKEN_AUTO_HIBERN8;\n\thba->caps |= UFSHCD_CAP_CRYPTO;\n\terr = ufs_intel_common_init(hba);\n\tufs_host = ufshcd_get_variant(hba);\n\tufs_host->late_init = ufs_intel_lkf_late_init;\n\treturn err;\n}\n\nstatic int ufs_intel_adl_init(struct ufs_hba *hba)\n{\n\thba->nop_out_timeout = 200;\n\thba->quirks |= UFSHCD_QUIRK_BROKEN_AUTO_HIBERN8;\n\thba->caps |= UFSHCD_CAP_WB_EN;\n\treturn ufs_intel_common_init(hba);\n}\n\nstatic int ufs_intel_mtl_init(struct ufs_hba *hba)\n{\n\thba->caps |= UFSHCD_CAP_CRYPTO | UFSHCD_CAP_WB_EN;\n\treturn ufs_intel_common_init(hba);\n}\n\nstatic int ufs_qemu_get_hba_mac(struct ufs_hba *hba)\n{\n\treturn MAX_SUPP_MAC;\n}\n\nstatic int ufs_qemu_mcq_config_resource(struct ufs_hba *hba)\n{\n\thba->mcq_base = hba->mmio_base + ufshcd_mcq_queue_cfg_addr(hba);\n\n\treturn 0;\n}\n\nstatic int ufs_qemu_op_runtime_config(struct ufs_hba *hba)\n{\n\tstruct ufshcd_mcq_opr_info_t *opr;\n\tint i;\n\n\tu32 sqdao = ufsmcq_readl(hba, ufshcd_mcq_cfg_offset(REG_SQDAO, 0));\n\tu32 sqisao = ufsmcq_readl(hba, ufshcd_mcq_cfg_offset(REG_SQISAO, 0));\n\tu32 cqdao = ufsmcq_readl(hba, ufshcd_mcq_cfg_offset(REG_CQDAO, 0));\n\tu32 cqisao = ufsmcq_readl(hba, ufshcd_mcq_cfg_offset(REG_CQISAO, 0));\n\n\thba->mcq_opr[OPR_SQD].offset = sqdao;\n\thba->mcq_opr[OPR_SQIS].offset = sqisao;\n\thba->mcq_opr[OPR_CQD].offset = cqdao;\n\thba->mcq_opr[OPR_CQIS].offset = cqisao;\n\n\tfor (i = 0; i < OPR_MAX; i++) {\n\t\topr = &hba->mcq_opr[i];\n\t\topr->stride = 48;\n\t\topr->base = hba->mmio_base + opr->offset;\n\t}\n\n\treturn 0;\n}\n\nstatic struct ufs_hba_variant_ops ufs_qemu_hba_vops = {\n\t.name                   = "qemu-pci",\n\t.get_hba_mac\t\t= ufs_qemu_get_hba_mac,\n\t.mcq_config_resource\t= ufs_qemu_mcq_config_resource,\n\t.op_runtime_config\t= ufs_qemu_op_runtime_config,\n};\n\nstatic struct ufs_hba_variant_ops ufs_intel_cnl_hba_vops = {\n\t.name                   = "intel-pci",\n\t.init\t\t\t= ufs_intel_common_init,\n\t.exit\t\t\t= ufs_intel_common_exit,\n\t.link_startup_notify\t= ufs_intel_link_startup_notify,\n\t.resume\t\t\t= ufs_intel_resume,\n};\n\nstatic struct ufs_hba_variant_ops ufs_intel_ehl_hba_vops = {\n\t.name                   = "intel-pci",\n\t.init\t\t\t= ufs_intel_ehl_init,\n\t.exit\t\t\t= ufs_intel_common_exit,\n\t.link_startup_notify\t= ufs_intel_link_startup_notify,\n\t.resume\t\t\t= ufs_intel_resume,\n};\n\nstatic struct ufs_hba_variant_ops ufs_intel_lkf_hba_vops = {\n\t.name                   = "intel-pci",\n\t.init\t\t\t= ufs_intel_lkf_init,\n\t.exit\t\t\t= ufs_intel_common_exit,\n\t.hce_enable_notify\t= ufs_intel_hce_enable_notify,\n\t.link_startup_notify\t= ufs_intel_link_startup_notify,\n\t.pwr_change_notify\t= ufs_intel_lkf_pwr_change_notify,\n\t.apply_dev_quirks\t= ufs_intel_lkf_apply_dev_quirks,\n\t.resume\t\t\t= ufs_intel_resume,\n\t.device_reset\t\t= ufs_intel_device_reset,\n};\n\nstatic struct ufs_hba_variant_ops ufs_intel_adl_hba_vops = {\n\t.name\t\t\t= "intel-pci",\n\t.init\t\t\t= ufs_intel_adl_init,\n\t.exit\t\t\t= ufs_intel_common_exit,\n\t.link_startup_notify\t= ufs_intel_link_startup_notify,\n\t.resume\t\t\t= ufs_intel_resume,\n\t.device_reset\t\t= ufs_intel_device_reset,\n};\n\nstatic struct ufs_hba_variant_ops ufs_intel_mtl_hba_vops = {\n\t.name                   = "intel-pci",\n\t.init\t\t\t= ufs_intel_mtl_init,\n\t.exit\t\t\t= ufs_intel_common_exit,\n\t.hce_enable_notify\t= ufs_intel_hce_enable_notify,\n\t.link_startup_notify\t= ufs_intel_link_startup_notify,\n\t.resume\t\t\t= ufs_intel_resume,\n\t.device_reset\t\t= ufs_intel_device_reset,\n};\n\n#ifdef CONFIG_PM_SLEEP\nstatic int ufshcd_pci_restore(struct device *dev)\n{\n\tstruct ufs_hba *hba = dev_get_drvdata(dev);\n\n\t/* Force a full reset and restore */\n\tufshcd_set_link_off(hba);\n\n\treturn ufshcd_system_resume(dev);\n}\n#endif\n\n/**\n * ufshcd_pci_remove - de-allocate PCI/SCSI host and host memory space\n *\t\tdata structure memory\n * @pdev: pointer to PCI handle\n */\nstatic void ufshcd_pci_remove(struct pci_dev *pdev)\n{\n\tstruct ufs_hba *hba = pci_get_drvdata(pdev);\n\n\tpm_runtime_forbid(&pdev->dev);\n\tpm_runtime_get_noresume(&pdev->dev);\n\tufshcd_remove(hba);\n\tufshcd_dealloc_host(hba);\n}\n\n/**\n * ufshcd_pci_probe - probe routine of the driver\n * @pdev: pointer to PCI device handle\n * @id: PCI device id\n *\n * Return: 0 on success, non-zero value on failure.\n */\nstatic int\nufshcd_pci_probe(struct pci_dev *pdev, const struct pci_device_id *id)\n{\n\tstruct ufs_host *ufs_host;\n\tstruct ufs_hba *hba;\n\tvoid __iomem *mmio_base;\n\tint err;\n\n\terr = pcim_enable_device(pdev);\n\tif (err) {\n\t\tdev_err(&pdev->dev, "pcim_enable_device failed\\n");\n\t\treturn err;\n\t}\n\n\tpci_set_master(pdev);\n\n\tmmio_base = pcim_iomap_region(pdev, 0, UFSHCD);\n\tif (IS_ERR(mmio_base)) {\n\t\tdev_err(&pdev->dev, "request and iomap failed\\n");\n\t\treturn PTR_ERR(mmio_base);\n\t}\n\n\terr = ufshcd_alloc_host(&pdev->dev, &hba);\n\tif (err) {\n\t\tdev_err(&pdev->dev, "Allocation failed\\n");\n\t\treturn err;\n\t}\n\n\thba->vops = (struct ufs_hba_variant_ops *)id->driver_data;\n\n\terr = ufshcd_init(hba, mmio_base, pdev->irq);\n\tif (err) {\n\t\tdev_err(&pdev->dev, "Initialization failed\\n");\n\t\tufshcd_dealloc_host(hba);\n\t\treturn err;\n\t}\n\n\tufs_host = ufshcd_get_variant(hba);\n\tif (ufs_host && ufs_host->late_init)\n\t\tufs_host->late_init(hba);\n\n\tpm_runtime_put_noidle(&pdev->dev);\n\tpm_runtime_allow(&pdev->dev);\n\n\treturn 0;\n}\n\nstatic const struct dev_pm_ops ufshcd_pci_pm_ops = {\n\tSET_RUNTIME_PM_OPS(ufshcd_runtime_suspend, ufshcd_runtime_resume, NULL)\n#ifdef CONFIG_PM_SLEEP\n\t.suspend\t= ufshcd_system_suspend,\n\t.resume\t\t= ufshcd_system_resume,\n\t.freeze\t\t= ufshcd_system_suspend,\n\t.thaw\t\t= ufshcd_system_resume,\n\t.poweroff\t= ufshcd_system_suspend,\n\t.restore\t= ufshcd_pci_restore,\n\t.prepare\t= ufshcd_suspend_prepare,\n\t.complete\t= ufshcd_resume_complete,\n#endif\n};\n\nstatic const struct pci_device_id ufshcd_pci_tbl[] = {\n\t{ PCI_VENDOR_ID_REDHAT, 0x0013, PCI_ANY_ID, PCI_ANY_ID, 0, 0,\n\t\t(kernel_ulong_t)&ufs_qemu_hba_vops },\n\t{ PCI_VENDOR_ID_SAMSUNG, 0xC00C, PCI_ANY_ID, PCI_ANY_ID, 0, 0, 0 },\n\t{ PCI_VDEVICE(INTEL, 0x9DFA), (kernel_ulong_t)&ufs_intel_cnl_hba_vops },\n\t{ PCI_VDEVICE(INTEL, 0x4B41), (kernel_ulong_t)&ufs_intel_ehl_hba_vops },\n\t{ PCI_VDEVICE(INTEL, 0x4B43), (kernel_ulong_t)&ufs_intel_ehl_hba_vops },\n\t{ PCI_VDEVICE(INTEL, 0x98FA), (kernel_ulong_t)&ufs_intel_lkf_hba_vops },\n\t{ PCI_VDEVICE(INTEL, 0x51FF), (kernel_ulong_t)&ufs_intel_adl_hba_vops },\n\t{ PCI_VDEVICE(INTEL, 0x54FF), (kernel_ulong_t)&ufs_intel_adl_hba_vops },\n\t{ PCI_VDEVICE(INTEL, 0x7E47), (kernel_ulong_t)&ufs_intel_mtl_hba_vops },\n\t{ PCI_VDEVICE(INTEL, 0xA847), (kernel_ulong_t)&ufs_intel_mtl_hba_vops },\n\t{ PCI_VDEVICE(INTEL, 0x7747), (kernel_ulong_t)&ufs_intel_mtl_hba_vops },\n\t{ PCI_VDEVICE(INTEL, 0xE447), (kernel_ulong_t)&ufs_intel_mtl_hba_vops },\n\t{ }\t/* terminate list */\n};\n\nMODULE_DEVICE_TABLE(pci, ufshcd_pci_tbl);\n\nstatic struct pci_driver ufshcd_pci_driver = {\n\t.name = UFSHCD,\n\t.id_table = ufshcd_pci_tbl,\n\t.probe = ufshcd_pci_probe,\n\t.remove = ufshcd_pci_remove,\n\t.driver = {\n\t\t.pm = &ufshcd_pci_pm_ops\n\t},\n};\n\nmodule_pci_driver(ufshcd_pci_driver);\n\nMODULE_AUTHOR("Santosh Yaragnavi <santosh.sy@samsung.com>");\nMODULE_AUTHOR("Vinayak Holikatti <h.vinayak@samsung.com>");\nMODULE_DESCRIPTION("UFS host controller PCI glue driver");\nMODULE_LICENSE("GPL");\n', 'sha': None}, {'filename': 'drivers/ufs/host/ufshcd-pltfrm.c', 'content': '// SPDX-License-Identifier: GPL-2.0-or-later\n/*\n * Universal Flash Storage Host controller Platform bus based glue driver\n * Copyright (C) 2011-2013 Samsung India Software Operations\n *\n * Authors:\n *\tSantosh Yaraganavi <santosh.sy@samsung.com>\n *\tVinayak Holikatti <h.vinayak@samsung.com>\n */\n\n#include <linux/clk.h>\n#include <linux/module.h>\n#include <linux/platform_device.h>\n#include <linux/pm_opp.h>\n#include <linux/pm_runtime.h>\n#include <linux/of.h>\n\n#include <ufs/ufshcd.h>\n#include "ufshcd-pltfrm.h"\n#include <ufs/unipro.h>\n\n#define UFSHCD_DEFAULT_LANES_PER_DIRECTION\t\t2\n\nstatic int ufshcd_parse_clock_info(struct ufs_hba *hba)\n{\n\tint ret = 0;\n\tint cnt;\n\tint i;\n\tstruct device *dev = hba->dev;\n\tstruct device_node *np = dev->of_node;\n\tconst char *name;\n\tu32 *clkfreq = NULL;\n\tstruct ufs_clk_info *clki;\n\tssize_t sz = 0;\n\n\tif (!np)\n\t\tgoto out;\n\n\tcnt = of_property_count_strings(np, "clock-names");\n\tif (!cnt || (cnt == -EINVAL)) {\n\t\tdev_info(dev, "%s: Unable to find clocks, assuming enabled\\n",\n\t\t\t\t__func__);\n\t} else if (cnt < 0) {\n\t\tdev_err(dev, "%s: count clock strings failed, err %d\\n",\n\t\t\t\t__func__, cnt);\n\t\tret = cnt;\n\t}\n\n\tif (cnt <= 0)\n\t\tgoto out;\n\n\tsz = of_property_count_u32_elems(np, "freq-table-hz");\n\tif (sz <= 0) {\n\t\tdev_info(dev, "freq-table-hz property not specified\\n");\n\t\tgoto out;\n\t}\n\n\tif (sz != 2 * cnt) {\n\t\tdev_err(dev, "%s len mismatch\\n", "freq-table-hz");\n\t\tret = -EINVAL;\n\t\tgoto out;\n\t}\n\n\tclkfreq = devm_kcalloc(dev, sz, sizeof(*clkfreq),\n\t\t\t       GFP_KERNEL);\n\tif (!clkfreq) {\n\t\tret = -ENOMEM;\n\t\tgoto out;\n\t}\n\n\tret = of_property_read_u32_array(np, "freq-table-hz",\n\t\t\tclkfreq, sz);\n\tif (ret && (ret != -EINVAL)) {\n\t\tdev_err(dev, "%s: error reading array %d\\n",\n\t\t\t\t"freq-table-hz", ret);\n\t\treturn ret;\n\t}\n\n\tfor (i = 0; i < sz; i += 2) {\n\t\tret = of_property_read_string_index(np,\t"clock-names", i/2,\n\t\t\t\t\t\t    &name);\n\t\tif (ret)\n\t\t\tgoto out;\n\n\t\tclki = devm_kzalloc(dev, sizeof(*clki), GFP_KERNEL);\n\t\tif (!clki) {\n\t\t\tret = -ENOMEM;\n\t\t\tgoto out;\n\t\t}\n\n\t\tclki->min_freq = clkfreq[i];\n\t\tclki->max_freq = clkfreq[i+1];\n\t\tclki->name = devm_kstrdup(dev, name, GFP_KERNEL);\n\t\tif (!clki->name) {\n\t\t\tret = -ENOMEM;\n\t\t\tgoto out;\n\t\t}\n\n\t\tif (!strcmp(name, "ref_clk"))\n\t\t\tclki->keep_link_active = true;\n\t\tdev_dbg(dev, "%s: min %u max %u name %s\\n", "freq-table-hz",\n\t\t\t\tclki->min_freq, clki->max_freq, clki->name);\n\t\tlist_add_tail(&clki->list, &hba->clk_list_head);\n\t}\nout:\n\treturn ret;\n}\n\nstatic bool phandle_exists(const struct device_node *np,\n\t\t\t   const char *phandle_name, int index)\n{\n\tstruct device_node *parse_np = of_parse_phandle(np, phandle_name, index);\n\n\tif (parse_np)\n\t\tof_node_put(parse_np);\n\n\treturn parse_np != NULL;\n}\n\n#define MAX_PROP_SIZE 32\nint ufshcd_populate_vreg(struct device *dev, const char *name,\n\t\t\t struct ufs_vreg **out_vreg, bool skip_current)\n{\n\tchar prop_name[MAX_PROP_SIZE];\n\tstruct ufs_vreg *vreg = NULL;\n\tstruct device_node *np = dev->of_node;\n\n\tif (!np) {\n\t\tdev_err(dev, "%s: non DT initialization\\n", __func__);\n\t\tgoto out;\n\t}\n\n\tsnprintf(prop_name, MAX_PROP_SIZE, "%s-supply", name);\n\tif (!phandle_exists(np, prop_name, 0)) {\n\t\tdev_info(dev, "%s: Unable to find %s regulator, assuming enabled\\n",\n\t\t\t\t__func__, prop_name);\n\t\tgoto out;\n\t}\n\n\tvreg = devm_kzalloc(dev, sizeof(*vreg), GFP_KERNEL);\n\tif (!vreg)\n\t\treturn -ENOMEM;\n\n\tvreg->name = devm_kstrdup(dev, name, GFP_KERNEL);\n\tif (!vreg->name)\n\t\treturn -ENOMEM;\n\n\tif (skip_current) {\n\t\tvreg->max_uA = 0;\n\t\tgoto out;\n\t}\n\n\tsnprintf(prop_name, MAX_PROP_SIZE, "%s-max-microamp", name);\n\tif (of_property_read_u32(np, prop_name, &vreg->max_uA)) {\n\t\tdev_info(dev, "%s: unable to find %s\\n", __func__, prop_name);\n\t\tvreg->max_uA = 0;\n\t}\nout:\n\t*out_vreg = vreg;\n\treturn 0;\n}\nEXPORT_SYMBOL_GPL(ufshcd_populate_vreg);\n\n/**\n * ufshcd_parse_regulator_info - get regulator info from device tree\n * @hba: per adapter instance\n *\n * Get regulator info from device tree for vcc, vccq, vccq2 power supplies.\n * If any of the supplies are not defined it is assumed that they are always-on\n * and hence return zero. If the property is defined but parsing is failed\n * then return corresponding error.\n *\n * Return: 0 upon success; < 0 upon failure.\n */\nstatic int ufshcd_parse_regulator_info(struct ufs_hba *hba)\n{\n\tint err;\n\tstruct device *dev = hba->dev;\n\tstruct ufs_vreg_info *info = &hba->vreg_info;\n\n\terr = ufshcd_populate_vreg(dev, "vdd-hba", &info->vdd_hba, true);\n\tif (err)\n\t\tgoto out;\n\n\terr = ufshcd_populate_vreg(dev, "vcc", &info->vcc, false);\n\tif (err)\n\t\tgoto out;\n\n\terr = ufshcd_populate_vreg(dev, "vccq", &info->vccq, false);\n\tif (err)\n\t\tgoto out;\n\n\terr = ufshcd_populate_vreg(dev, "vccq2", &info->vccq2, false);\nout:\n\treturn err;\n}\n\nstatic void ufshcd_init_lanes_per_dir(struct ufs_hba *hba)\n{\n\tstruct device *dev = hba->dev;\n\tint ret;\n\n\tret = of_property_read_u32(dev->of_node, "lanes-per-direction",\n\t\t&hba->lanes_per_direction);\n\tif (ret) {\n\t\tdev_dbg(hba->dev,\n\t\t\t"%s: failed to read lanes-per-direction, ret=%d\\n",\n\t\t\t__func__, ret);\n\t\thba->lanes_per_direction = UFSHCD_DEFAULT_LANES_PER_DIRECTION;\n\t}\n}\n\n/**\n * ufshcd_parse_clock_min_max_freq  - Parse MIN and MAX clocks freq\n * @hba: per adapter instance\n *\n * This function parses MIN and MAX frequencies of all clocks required\n * by the host drivers.\n *\n * Returns 0 for success and non-zero for failure\n */\nstatic int ufshcd_parse_clock_min_max_freq(struct ufs_hba *hba)\n{\n\tstruct list_head *head = &hba->clk_list_head;\n\tstruct ufs_clk_info *clki;\n\tstruct dev_pm_opp *opp;\n\tunsigned long freq;\n\tu8 idx = 0;\n\n\tlist_for_each_entry(clki, head, list) {\n\t\tif (!clki->name)\n\t\t\tcontinue;\n\n\t\tclki->clk = devm_clk_get(hba->dev, clki->name);\n\t\tif (IS_ERR(clki->clk))\n\t\t\tcontinue;\n\n\t\t/* Find Max Freq */\n\t\tfreq = ULONG_MAX;\n\t\topp = dev_pm_opp_find_freq_floor_indexed(hba->dev, &freq, idx);\n\t\tif (IS_ERR(opp)) {\n\t\t\tdev_err(hba->dev, "Failed to find OPP for MAX frequency\\n");\n\t\t\treturn PTR_ERR(opp);\n\t\t}\n\t\tclki->max_freq = dev_pm_opp_get_freq_indexed(opp, idx);\n\t\tdev_pm_opp_put(opp);\n\n\t\t/* Find Min Freq */\n\t\tfreq = 0;\n\t\topp = dev_pm_opp_find_freq_ceil_indexed(hba->dev, &freq, idx);\n\t\tif (IS_ERR(opp)) {\n\t\t\tdev_err(hba->dev, "Failed to find OPP for MIN frequency\\n");\n\t\t\treturn PTR_ERR(opp);\n\t\t}\n\t\tclki->min_freq = dev_pm_opp_get_freq_indexed(opp, idx++);\n\t\tdev_pm_opp_put(opp);\n\t}\n\n\treturn 0;\n}\n\nstatic int ufshcd_parse_operating_points(struct ufs_hba *hba)\n{\n\tstruct device *dev = hba->dev;\n\tstruct device_node *np = dev->of_node;\n\tstruct dev_pm_opp_config config = {};\n\tstruct ufs_clk_info *clki;\n\tconst char **clk_names;\n\tint cnt, i, ret;\n\n\tif (!of_property_present(np, "operating-points-v2"))\n\t\treturn 0;\n\n\tif (of_property_present(np, "freq-table-hz")) {\n\t\tdev_err(dev, "%s: operating-points and freq-table-hz are incompatible\\n",\n\t\t\t __func__);\n\t\treturn -EINVAL;\n\t}\n\n\tcnt = of_property_count_strings(np, "clock-names");\n\tif (cnt <= 0) {\n\t\tdev_err(dev, "%s: Missing clock-names\\n",  __func__);\n\t\treturn -ENODEV;\n\t}\n\n\t/* OPP expects clk_names to be NULL terminated */\n\tclk_names = devm_kcalloc(dev, cnt + 1, sizeof(*clk_names), GFP_KERNEL);\n\tif (!clk_names)\n\t\treturn -ENOMEM;\n\n\t/*\n\t * We still need to get reference to all clocks as the UFS core uses\n\t * them separately.\n\t */\n\tfor (i = 0; i < cnt; i++) {\n\t\tret = of_property_read_string_index(np, "clock-names", i,\n\t\t\t\t\t\t    &clk_names[i]);\n\t\tif (ret)\n\t\t\treturn ret;\n\n\t\tclki = devm_kzalloc(dev, sizeof(*clki), GFP_KERNEL);\n\t\tif (!clki)\n\t\t\treturn -ENOMEM;\n\n\t\tclki->name = devm_kstrdup(dev, clk_names[i], GFP_KERNEL);\n\t\tif (!clki->name)\n\t\t\treturn -ENOMEM;\n\n\t\tif (!strcmp(clk_names[i], "ref_clk"))\n\t\t\tclki->keep_link_active = true;\n\n\t\tlist_add_tail(&clki->list, &hba->clk_list_head);\n\t}\n\n\tconfig.clk_names = clk_names,\n\tconfig.config_clks = ufshcd_opp_config_clks;\n\n\tret = devm_pm_opp_set_config(dev, &config);\n\tif (ret)\n\t\treturn ret;\n\n\tret = devm_pm_opp_of_add_table(dev);\n\tif (ret) {\n\t\tdev_err(dev, "Failed to add OPP table: %d\\n", ret);\n\t\treturn ret;\n\t}\n\n\tret = ufshcd_parse_clock_min_max_freq(hba);\n\tif (ret)\n\t\treturn ret;\n\n\thba->use_pm_opp = true;\n\n\treturn 0;\n}\n\n/**\n * ufshcd_negotiate_pwr_params - find power mode settings that are supported by\n *\t\t\t\t both the controller and the device\n * @host_params: pointer to host parameters\n * @dev_max: pointer to device attributes\n * @agreed_pwr: returned agreed attributes\n *\n * Return: 0 on success, non-zero value on failure.\n */\nint ufshcd_negotiate_pwr_params(const struct ufs_host_params *host_params,\n\t\t\t\tconst struct ufs_pa_layer_attr *dev_max,\n\t\t\t\tstruct ufs_pa_layer_attr *agreed_pwr)\n{\n\tint min_host_gear;\n\tint min_dev_gear;\n\tbool is_dev_sup_hs = false;\n\tbool is_host_max_hs = false;\n\n\tif (dev_max->pwr_rx == FAST_MODE)\n\t\tis_dev_sup_hs = true;\n\n\tif (host_params->desired_working_mode == UFS_HS_MODE) {\n\t\tis_host_max_hs = true;\n\t\tmin_host_gear = min_t(u32, host_params->hs_rx_gear,\n\t\t\t\t\thost_params->hs_tx_gear);\n\t} else {\n\t\tmin_host_gear = min_t(u32, host_params->pwm_rx_gear,\n\t\t\t\t\thost_params->pwm_tx_gear);\n\t}\n\n\t/*\n\t * device doesn\'t support HS but host_params->desired_working_mode is HS,\n\t * thus device and host_params don\'t agree\n\t */\n\tif (!is_dev_sup_hs && is_host_max_hs) {\n\t\tpr_info("%s: device doesn\'t support HS\\n",\n\t\t\t__func__);\n\t\treturn -ENOTSUPP;\n\t} else if (is_dev_sup_hs && is_host_max_hs) {\n\t\t/*\n\t\t * since device supports HS, it supports FAST_MODE.\n\t\t * since host_params->desired_working_mode is also HS\n\t\t * then final decision (FAST/FASTAUTO) is done according\n\t\t * to pltfrm_params as it is the restricting factor\n\t\t */\n\t\tagreed_pwr->pwr_rx = host_params->rx_pwr_hs;\n\t\tagreed_pwr->pwr_tx = agreed_pwr->pwr_rx;\n\t} else {\n\t\t/*\n\t\t * here host_params->desired_working_mode is PWM.\n\t\t * it doesn\'t matter whether device supports HS or PWM,\n\t\t * in both cases host_params->desired_working_mode will\n\t\t * determine the mode\n\t\t */\n\t\tagreed_pwr->pwr_rx = host_params->rx_pwr_pwm;\n\t\tagreed_pwr->pwr_tx = agreed_pwr->pwr_rx;\n\t}\n\n\t/*\n\t * we would like tx to work in the minimum number of lanes\n\t * between device capability and vendor preferences.\n\t * the same decision will be made for rx\n\t */\n\tagreed_pwr->lane_tx = min_t(u32, dev_max->lane_tx,\n\t\t\t\t    host_params->tx_lanes);\n\tagreed_pwr->lane_rx = min_t(u32, dev_max->lane_rx,\n\t\t\t\t    host_params->rx_lanes);\n\n\t/* device maximum gear is the minimum between device rx and tx gears */\n\tmin_dev_gear = min_t(u32, dev_max->gear_rx, dev_max->gear_tx);\n\n\t/*\n\t * if both device capabilities and vendor pre-defined preferences are\n\t * both HS or both PWM then set the minimum gear to be the chosen\n\t * working gear.\n\t * if one is PWM and one is HS then the one that is PWM get to decide\n\t * what is the gear, as it is the one that also decided previously what\n\t * pwr the device will be configured to.\n\t */\n\tif ((is_dev_sup_hs && is_host_max_hs) ||\n\t    (!is_dev_sup_hs && !is_host_max_hs)) {\n\t\tagreed_pwr->gear_rx =\n\t\t\tmin_t(u32, min_dev_gear, min_host_gear);\n\t} else if (!is_dev_sup_hs) {\n\t\tagreed_pwr->gear_rx = min_dev_gear;\n\t} else {\n\t\tagreed_pwr->gear_rx = min_host_gear;\n\t}\n\tagreed_pwr->gear_tx = agreed_pwr->gear_rx;\n\n\tagreed_pwr->hs_rate = host_params->hs_rate;\n\n\treturn 0;\n}\nEXPORT_SYMBOL_GPL(ufshcd_negotiate_pwr_params);\n\nvoid ufshcd_init_host_params(struct ufs_host_params *host_params)\n{\n\t*host_params = (struct ufs_host_params){\n\t\t.tx_lanes = UFS_LANE_2,\n\t\t.rx_lanes = UFS_LANE_2,\n\t\t.hs_rx_gear = UFS_HS_G3,\n\t\t.hs_tx_gear = UFS_HS_G3,\n\t\t.pwm_rx_gear = UFS_PWM_G4,\n\t\t.pwm_tx_gear = UFS_PWM_G4,\n\t\t.rx_pwr_pwm = SLOW_MODE,\n\t\t.tx_pwr_pwm = SLOW_MODE,\n\t\t.rx_pwr_hs = FAST_MODE,\n\t\t.tx_pwr_hs = FAST_MODE,\n\t\t.hs_rate = PA_HS_MODE_B,\n\t\t.desired_working_mode = UFS_HS_MODE,\n\t};\n}\nEXPORT_SYMBOL_GPL(ufshcd_init_host_params);\n\n/**\n * ufshcd_pltfrm_init - probe routine of the driver\n * @pdev: pointer to Platform device handle\n * @vops: pointer to variant ops\n *\n * Return: 0 on success, non-zero value on failure.\n */\nint ufshcd_pltfrm_init(struct platform_device *pdev,\n\t\t       const struct ufs_hba_variant_ops *vops)\n{\n\tstruct ufs_hba *hba;\n\tvoid __iomem *mmio_base;\n\tint irq, err;\n\tstruct device *dev = &pdev->dev;\n\n\tmmio_base = devm_platform_ioremap_resource(pdev, 0);\n\tif (IS_ERR(mmio_base)) {\n\t\terr = PTR_ERR(mmio_base);\n\t\tgoto out;\n\t}\n\n\tirq = platform_get_irq(pdev, 0);\n\tif (irq < 0) {\n\t\terr = irq;\n\t\tgoto out;\n\t}\n\n\terr = ufshcd_alloc_host(dev, &hba);\n\tif (err) {\n\t\tdev_err(dev, "Allocation failed\\n");\n\t\tgoto out;\n\t}\n\n\thba->vops = vops;\n\n\terr = ufshcd_parse_clock_info(hba);\n\tif (err) {\n\t\tdev_err(dev, "%s: clock parse failed %d\\n",\n\t\t\t\t__func__, err);\n\t\tgoto dealloc_host;\n\t}\n\terr = ufshcd_parse_regulator_info(hba);\n\tif (err) {\n\t\tdev_err(dev, "%s: regulator init failed %d\\n",\n\t\t\t\t__func__, err);\n\t\tgoto dealloc_host;\n\t}\n\n\tufshcd_init_lanes_per_dir(hba);\n\n\terr = ufshcd_parse_operating_points(hba);\n\tif (err) {\n\t\tdev_err(dev, "%s: OPP parse failed %d\\n", __func__, err);\n\t\tgoto dealloc_host;\n\t}\n\n\terr = ufshcd_init(hba, mmio_base, irq);\n\tif (err) {\n\t\tdev_err_probe(dev, err, "Initialization failed with error %d\\n",\n\t\t\t      err);\n\t\tgoto dealloc_host;\n\t}\n\n\tpm_runtime_set_active(dev);\n\tpm_runtime_enable(dev);\n\n\treturn 0;\n\ndealloc_host:\n\tufshcd_dealloc_host(hba);\nout:\n\treturn err;\n}\nEXPORT_SYMBOL_GPL(ufshcd_pltfrm_init);\n\n/**\n * ufshcd_pltfrm_remove - Remove ufshcd platform\n * @pdev: pointer to Platform device handle\n */\nvoid ufshcd_pltfrm_remove(struct platform_device *pdev)\n{\n\tstruct ufs_hba *hba =  platform_get_drvdata(pdev);\n\n\tpm_runtime_get_sync(&pdev->dev);\n\tufshcd_remove(hba);\n\tufshcd_dealloc_host(hba);\n\tpm_runtime_disable(&pdev->dev);\n\tpm_runtime_put_noidle(&pdev->dev);\n}\nEXPORT_SYMBOL_GPL(ufshcd_pltfrm_remove);\n\nMODULE_AUTHOR("Santosh Yaragnavi <santosh.sy@samsung.com>");\nMODULE_AUTHOR("Vinayak Holikatti <h.vinayak@samsung.com>");\nMODULE_DESCRIPTION("UFS host controller Platform bus based glue driver");\nMODULE_LICENSE("GPL");\n', 'sha': None}, {'filename': 'include/ufs/ufshcd.h', 'content': '/* SPDX-License-Identifier: GPL-2.0-or-later */\n/*\n * Universal Flash Storage Host controller driver\n * Copyright (C) 2011-2013 Samsung India Software Operations\n * Copyright (c) 2013-2016, The Linux Foundation. All rights reserved.\n *\n * Authors:\n *\tSantosh Yaraganavi <santosh.sy@samsung.com>\n *\tVinayak Holikatti <h.vinayak@samsung.com>\n */\n\n#ifndef _UFSHCD_H\n#define _UFSHCD_H\n\n#include <linux/bitfield.h>\n#include <linux/blk-crypto-profile.h>\n#include <linux/blk-mq.h>\n#include <linux/devfreq.h>\n#include <linux/fault-inject.h>\n#include <linux/debugfs.h>\n#include <linux/msi.h>\n#include <linux/pm_runtime.h>\n#include <linux/dma-direction.h>\n#include <scsi/scsi_device.h>\n#include <scsi/scsi_host.h>\n#include <ufs/unipro.h>\n#include <ufs/ufs.h>\n#include <ufs/ufs_quirks.h>\n#include <ufs/ufshci.h>\n\n#define UFSHCD "ufshcd"\n\nstruct scsi_device;\nstruct ufs_hba;\n\nenum dev_cmd_type {\n\tDEV_CMD_TYPE_NOP\t\t= 0x0,\n\tDEV_CMD_TYPE_QUERY\t\t= 0x1,\n\tDEV_CMD_TYPE_RPMB\t\t= 0x2,\n};\n\nenum ufs_event_type {\n\t/* uic specific errors */\n\tUFS_EVT_PA_ERR = 0,\n\tUFS_EVT_DL_ERR,\n\tUFS_EVT_NL_ERR,\n\tUFS_EVT_TL_ERR,\n\tUFS_EVT_DME_ERR,\n\n\t/* fatal errors */\n\tUFS_EVT_AUTO_HIBERN8_ERR,\n\tUFS_EVT_FATAL_ERR,\n\tUFS_EVT_LINK_STARTUP_FAIL,\n\tUFS_EVT_RESUME_ERR,\n\tUFS_EVT_SUSPEND_ERR,\n\tUFS_EVT_WL_SUSP_ERR,\n\tUFS_EVT_WL_RES_ERR,\n\n\t/* abnormal events */\n\tUFS_EVT_DEV_RESET,\n\tUFS_EVT_HOST_RESET,\n\tUFS_EVT_ABORT,\n\n\tUFS_EVT_CNT,\n};\n\n/**\n * struct uic_command - UIC command structure\n * @command: UIC command\n * @argument1: UIC command argument 1\n * @argument2: UIC command argument 2\n * @argument3: UIC command argument 3\n * @cmd_active: Indicate if UIC command is outstanding\n * @done: UIC command completion\n */\nstruct uic_command {\n\tconst u32 command;\n\tconst u32 argument1;\n\tu32 argument2;\n\tu32 argument3;\n\tint cmd_active;\n\tstruct completion done;\n};\n\n/* Used to differentiate the power management options */\nenum ufs_pm_op {\n\tUFS_RUNTIME_PM,\n\tUFS_SYSTEM_PM,\n\tUFS_SHUTDOWN_PM,\n};\n\n/* Host <-> Device UniPro Link state */\nenum uic_link_state {\n\tUIC_LINK_OFF_STATE\t= 0, /* Link powered down or disabled */\n\tUIC_LINK_ACTIVE_STATE\t= 1, /* Link is in Fast/Slow/Sleep state */\n\tUIC_LINK_HIBERN8_STATE\t= 2, /* Link is in Hibernate state */\n\tUIC_LINK_BROKEN_STATE\t= 3, /* Link is in broken state */\n};\n\n#define ufshcd_is_link_off(hba) ((hba)->uic_link_state == UIC_LINK_OFF_STATE)\n#define ufshcd_is_link_active(hba) ((hba)->uic_link_state == \\\n\t\t\t\t    UIC_LINK_ACTIVE_STATE)\n#define ufshcd_is_link_hibern8(hba) ((hba)->uic_link_state == \\\n\t\t\t\t    UIC_LINK_HIBERN8_STATE)\n#define ufshcd_is_link_broken(hba) ((hba)->uic_link_state == \\\n\t\t\t\t   UIC_LINK_BROKEN_STATE)\n#define ufshcd_set_link_off(hba) ((hba)->uic_link_state = UIC_LINK_OFF_STATE)\n#define ufshcd_set_link_active(hba) ((hba)->uic_link_state = \\\n\t\t\t\t    UIC_LINK_ACTIVE_STATE)\n#define ufshcd_set_link_hibern8(hba) ((hba)->uic_link_state = \\\n\t\t\t\t    UIC_LINK_HIBERN8_STATE)\n#define ufshcd_set_link_broken(hba) ((hba)->uic_link_state = \\\n\t\t\t\t    UIC_LINK_BROKEN_STATE)\n\n#define ufshcd_set_ufs_dev_active(h) \\\n\t((h)->curr_dev_pwr_mode = UFS_ACTIVE_PWR_MODE)\n#define ufshcd_set_ufs_dev_sleep(h) \\\n\t((h)->curr_dev_pwr_mode = UFS_SLEEP_PWR_MODE)\n#define ufshcd_set_ufs_dev_poweroff(h) \\\n\t((h)->curr_dev_pwr_mode = UFS_POWERDOWN_PWR_MODE)\n#define ufshcd_set_ufs_dev_deepsleep(h) \\\n\t((h)->curr_dev_pwr_mode = UFS_DEEPSLEEP_PWR_MODE)\n#define ufshcd_is_ufs_dev_active(h) \\\n\t((h)->curr_dev_pwr_mode == UFS_ACTIVE_PWR_MODE)\n#define ufshcd_is_ufs_dev_sleep(h) \\\n\t((h)->curr_dev_pwr_mode == UFS_SLEEP_PWR_MODE)\n#define ufshcd_is_ufs_dev_poweroff(h) \\\n\t((h)->curr_dev_pwr_mode == UFS_POWERDOWN_PWR_MODE)\n#define ufshcd_is_ufs_dev_deepsleep(h) \\\n\t((h)->curr_dev_pwr_mode == UFS_DEEPSLEEP_PWR_MODE)\n\n/*\n * UFS Power management levels.\n * Each level is in increasing order of power savings, except DeepSleep\n * which is lower than PowerDown with power on but not PowerDown with\n * power off.\n */\nenum ufs_pm_level {\n\tUFS_PM_LVL_0,\n\tUFS_PM_LVL_1,\n\tUFS_PM_LVL_2,\n\tUFS_PM_LVL_3,\n\tUFS_PM_LVL_4,\n\tUFS_PM_LVL_5,\n\tUFS_PM_LVL_6,\n\tUFS_PM_LVL_MAX\n};\n\nstruct ufs_pm_lvl_states {\n\tenum ufs_dev_pwr_mode dev_state;\n\tenum uic_link_state link_state;\n};\n\n/**\n * struct ufshcd_lrb - local reference block\n * @utr_descriptor_ptr: UTRD address of the command\n * @ucd_req_ptr: UCD address of the command\n * @ucd_rsp_ptr: Response UPIU address for this command\n * @ucd_prdt_ptr: PRDT address of the command\n * @utrd_dma_addr: UTRD dma address for debug\n * @ucd_prdt_dma_addr: PRDT dma address for debug\n * @ucd_rsp_dma_addr: UPIU response dma address for debug\n * @ucd_req_dma_addr: UPIU request dma address for debug\n * @cmd: pointer to SCSI command\n * @scsi_status: SCSI status of the command\n * @command_type: SCSI, UFS, Query.\n * @task_tag: Task tag of the command\n * @lun: LUN of the command\n * @intr_cmd: Interrupt command (doesn\'t participate in interrupt aggregation)\n * @issue_time_stamp: time stamp for debug purposes (CLOCK_MONOTONIC)\n * @issue_time_stamp_local_clock: time stamp for debug purposes (local_clock)\n * @compl_time_stamp: time stamp for statistics (CLOCK_MONOTONIC)\n * @compl_time_stamp_local_clock: time stamp for debug purposes (local_clock)\n * @crypto_key_slot: the key slot to use for inline crypto (-1 if none)\n * @data_unit_num: the data unit number for the first block for inline crypto\n * @req_abort_skip: skip request abort task flag\n */\nstruct ufshcd_lrb {\n\tstruct utp_transfer_req_desc *utr_descriptor_ptr;\n\tstruct utp_upiu_req *ucd_req_ptr;\n\tstruct utp_upiu_rsp *ucd_rsp_ptr;\n\tstruct ufshcd_sg_entry *ucd_prdt_ptr;\n\n\tdma_addr_t utrd_dma_addr;\n\tdma_addr_t ucd_req_dma_addr;\n\tdma_addr_t ucd_rsp_dma_addr;\n\tdma_addr_t ucd_prdt_dma_addr;\n\n\tstruct scsi_cmnd *cmd;\n\tint scsi_status;\n\n\tint command_type;\n\tint task_tag;\n\tu8 lun; /* UPIU LUN id field is only 8-bit wide */\n\tbool intr_cmd;\n\tktime_t issue_time_stamp;\n\tu64 issue_time_stamp_local_clock;\n\tktime_t compl_time_stamp;\n\tu64 compl_time_stamp_local_clock;\n#ifdef CONFIG_SCSI_UFS_CRYPTO\n\tint crypto_key_slot;\n\tu64 data_unit_num;\n#endif\n\n\tbool req_abort_skip;\n};\n\n/**\n * struct ufs_query_req - parameters for building a query request\n * @query_func: UPIU header query function\n * @upiu_req: the query request data\n */\nstruct ufs_query_req {\n\tu8 query_func;\n\tstruct utp_upiu_query upiu_req;\n};\n\n/**\n * struct ufs_query_resp - UPIU QUERY\n * @response: device response code\n * @upiu_res: query response data\n */\nstruct ufs_query_res {\n\tstruct utp_upiu_query upiu_res;\n};\n\n/**\n * struct ufs_query - holds relevant data structures for query request\n * @request: request upiu and function\n * @descriptor: buffer for sending/receiving descriptor\n * @response: response upiu and response\n */\nstruct ufs_query {\n\tstruct ufs_query_req request;\n\tu8 *descriptor;\n\tstruct ufs_query_res response;\n};\n\n/**\n * struct ufs_dev_cmd - all assosiated fields with device management commands\n * @type: device management command type - Query, NOP OUT\n * @lock: lock to allow one command at a time\n * @complete: internal commands completion\n * @query: Device management query information\n */\nstruct ufs_dev_cmd {\n\tenum dev_cmd_type type;\n\tstruct mutex lock;\n\tstruct completion *complete;\n\tstruct ufs_query query;\n};\n\n/**\n * struct ufs_clk_info - UFS clock related info\n * @list: list headed by hba->clk_list_head\n * @clk: clock node\n * @name: clock name\n * @max_freq: maximum frequency supported by the clock\n * @min_freq: min frequency that can be used for clock scaling\n * @curr_freq: indicates the current frequency that it is set to\n * @keep_link_active: indicates that the clk should not be disabled if\n *\t\t      link is active\n * @enabled: variable to check against multiple enable/disable\n */\nstruct ufs_clk_info {\n\tstruct list_head list;\n\tstruct clk *clk;\n\tconst char *name;\n\tu32 max_freq;\n\tu32 min_freq;\n\tu32 curr_freq;\n\tbool keep_link_active;\n\tbool enabled;\n};\n\nenum ufs_notify_change_status {\n\tPRE_CHANGE,\n\tPOST_CHANGE,\n};\n\nstruct ufs_pa_layer_attr {\n\tu32 gear_rx;\n\tu32 gear_tx;\n\tu32 lane_rx;\n\tu32 lane_tx;\n\tu32 pwr_rx;\n\tu32 pwr_tx;\n\tu32 hs_rate;\n};\n\nstruct ufs_pwr_mode_info {\n\tbool is_valid;\n\tstruct ufs_pa_layer_attr info;\n};\n\n/**\n * struct ufs_hba_variant_ops - variant specific callbacks\n * @name: variant name\n * @max_num_rtt: maximum RTT supported by the host\n * @init: called when the driver is initialized\n * @exit: called to cleanup everything done in init\n * @set_dma_mask: For setting another DMA mask than indicated by the 64AS\n *\tcapability bit.\n * @get_ufs_hci_version: called to get UFS HCI version\n * @clk_scale_notify: notifies that clks are scaled up/down\n * @setup_clocks: called before touching any of the controller registers\n * @hce_enable_notify: called before and after HCE enable bit is set to allow\n *                     variant specific Uni-Pro initialization.\n * @link_startup_notify: called before and after Link startup is carried out\n *                       to allow variant specific Uni-Pro initialization.\n * @pwr_change_notify: called before and after a power mode change\n *\t\t\tis carried out to allow vendor spesific capabilities\n *\t\t\tto be set. PRE_CHANGE can modify final_params based\n *\t\t\ton desired_pwr_mode, but POST_CHANGE must not alter\n *\t\t\tthe final_params parameter\n * @setup_xfer_req: called before any transfer request is issued\n *                  to set some things\n * @setup_task_mgmt: called before any task management request is issued\n *                  to set some things\n * @hibern8_notify: called around hibern8 enter/exit\n * @apply_dev_quirks: called to apply device specific quirks\n * @fixup_dev_quirks: called to modify device specific quirks\n * @suspend: called during host controller PM callback\n * @resume: called during host controller PM callback\n * @dbg_register_dump: used to dump controller debug information\n * @phy_initialization: used to initialize phys\n * @device_reset: called to issue a reset pulse on the UFS device\n * @config_scaling_param: called to configure clock scaling parameters\n * @fill_crypto_prdt: initialize crypto-related fields in the PRDT\n * @event_notify: called to notify important events\n * @mcq_config_resource: called to configure MCQ platform resources\n * @get_hba_mac: reports maximum number of outstanding commands supported by\n *\tthe controller. Should be implemented for UFSHCI 4.0 or later\n *\tcontrollers that are not compliant with the UFSHCI 4.0 specification.\n * @op_runtime_config: called to config Operation and runtime regs Pointers\n * @get_outstanding_cqs: called to get outstanding completion queues\n * @config_esi: called to config Event Specific Interrupt\n * @config_scsi_dev: called to configure SCSI device parameters\n */\nstruct ufs_hba_variant_ops {\n\tconst char *name;\n\tint\tmax_num_rtt;\n\tint\t(*init)(struct ufs_hba *);\n\tvoid    (*exit)(struct ufs_hba *);\n\tu32\t(*get_ufs_hci_version)(struct ufs_hba *);\n\tint\t(*set_dma_mask)(struct ufs_hba *);\n\tint\t(*clk_scale_notify)(struct ufs_hba *, bool,\n\t\t\t\t    enum ufs_notify_change_status);\n\tint\t(*setup_clocks)(struct ufs_hba *, bool,\n\t\t\t\tenum ufs_notify_change_status);\n\tint\t(*hce_enable_notify)(struct ufs_hba *,\n\t\t\t\t     enum ufs_notify_change_status);\n\tint\t(*link_startup_notify)(struct ufs_hba *,\n\t\t\t\t       enum ufs_notify_change_status);\n\tint\t(*pwr_change_notify)(struct ufs_hba *,\n\t\t\t\tenum ufs_notify_change_status status,\n\t\t\t\tstruct ufs_pa_layer_attr *desired_pwr_mode,\n\t\t\t\tstruct ufs_pa_layer_attr *final_params);\n\tvoid\t(*setup_xfer_req)(struct ufs_hba *hba, int tag,\n\t\t\t\t  bool is_scsi_cmd);\n\tvoid\t(*setup_task_mgmt)(struct ufs_hba *, int, u8);\n\tvoid    (*hibern8_notify)(struct ufs_hba *, enum uic_cmd_dme,\n\t\t\t\t\tenum ufs_notify_change_status);\n\tint\t(*apply_dev_quirks)(struct ufs_hba *hba);\n\tvoid\t(*fixup_dev_quirks)(struct ufs_hba *hba);\n\tint     (*suspend)(struct ufs_hba *, enum ufs_pm_op,\n\t\t\t\t\tenum ufs_notify_change_status);\n\tint     (*resume)(struct ufs_hba *, enum ufs_pm_op);\n\tvoid\t(*dbg_register_dump)(struct ufs_hba *hba);\n\tint\t(*phy_initialization)(struct ufs_hba *);\n\tint\t(*device_reset)(struct ufs_hba *hba);\n\tvoid\t(*config_scaling_param)(struct ufs_hba *hba,\n\t\t\t\tstruct devfreq_dev_profile *profile,\n\t\t\t\tstruct devfreq_simple_ondemand_data *data);\n\tint\t(*fill_crypto_prdt)(struct ufs_hba *hba,\n\t\t\t\t    const struct bio_crypt_ctx *crypt_ctx,\n\t\t\t\t    void *prdt, unsigned int num_segments);\n\tvoid\t(*event_notify)(struct ufs_hba *hba,\n\t\t\t\tenum ufs_event_type evt, void *data);\n\tint\t(*mcq_config_resource)(struct ufs_hba *hba);\n\tint\t(*get_hba_mac)(struct ufs_hba *hba);\n\tint\t(*op_runtime_config)(struct ufs_hba *hba);\n\tint\t(*get_outstanding_cqs)(struct ufs_hba *hba,\n\t\t\t\t       unsigned long *ocqs);\n\tint\t(*config_esi)(struct ufs_hba *hba);\n\tvoid\t(*config_scsi_dev)(struct scsi_device *sdev);\n};\n\n/* clock gating state  */\nenum clk_gating_state {\n\tCLKS_OFF,\n\tCLKS_ON,\n\tREQ_CLKS_OFF,\n\tREQ_CLKS_ON,\n};\n\n/**\n * struct ufs_clk_gating - UFS clock gating related info\n * @gate_work: worker to turn off clocks after some delay as specified in\n * delay_ms\n * @ungate_work: worker to turn on clocks that will be used in case of\n * interrupt context\n * @clk_gating_workq: workqueue for clock gating work.\n * @lock: serialize access to some struct ufs_clk_gating members. An outer lock\n * relative to the host lock\n * @state: the current clocks state\n * @delay_ms: gating delay in ms\n * @is_suspended: clk gating is suspended when set to 1 which can be used\n * during suspend/resume\n * @delay_attr: sysfs attribute to control delay_attr\n * @enable_attr: sysfs attribute to enable/disable clock gating\n * @is_enabled: Indicates the current status of clock gating\n * @is_initialized: Indicates whether clock gating is initialized or not\n * @active_reqs: number of requests that are pending and should be waited for\n * completion before gating clocks.\n */\nstruct ufs_clk_gating {\n\tstruct delayed_work gate_work;\n\tstruct work_struct ungate_work;\n\tstruct workqueue_struct *clk_gating_workq;\n\n\tspinlock_t lock;\n\n\tenum clk_gating_state state;\n\tunsigned long delay_ms;\n\tbool is_suspended;\n\tstruct device_attribute delay_attr;\n\tstruct device_attribute enable_attr;\n\tbool is_enabled;\n\tbool is_initialized;\n\tint active_reqs;\n};\n\n/**\n * struct ufs_clk_scaling - UFS clock scaling related data\n * @workq: workqueue to schedule devfreq suspend/resume work\n * @suspend_work: worker to suspend devfreq\n * @resume_work: worker to resume devfreq\n * @lock: serialize access to some struct ufs_clk_scaling members\n * @active_reqs: number of requests that are pending. If this is zero when\n * devfreq ->target() function is called then schedule "suspend_work" to\n * suspend devfreq.\n * @tot_busy_t: Total busy time in current polling window\n * @window_start_t: Start time (in jiffies) of the current polling window\n * @busy_start_t: Start time of current busy period\n * @enable_attr: sysfs attribute to enable/disable clock scaling\n * @saved_pwr_info: UFS power mode may also be changed during scaling and this\n * one keeps track of previous power mode.\n * @target_freq: frequency requested by devfreq framework\n * @min_gear: lowest HS gear to scale down to\n * @is_enabled: tracks if scaling is currently enabled or not, controlled by\n *\t\tclkscale_enable sysfs node\n * @is_allowed: tracks if scaling is currently allowed or not, used to block\n *\t\tclock scaling which is not invoked from devfreq governor\n * @is_initialized: Indicates whether clock scaling is initialized or not\n * @is_busy_started: tracks if busy period has started or not\n * @is_suspended: tracks if devfreq is suspended or not\n */\nstruct ufs_clk_scaling {\n\tstruct workqueue_struct *workq;\n\tstruct work_struct suspend_work;\n\tstruct work_struct resume_work;\n\n\tspinlock_t lock;\n\n\tint active_reqs;\n\tunsigned long tot_busy_t;\n\tktime_t window_start_t;\n\tktime_t busy_start_t;\n\tstruct device_attribute enable_attr;\n\tstruct ufs_pa_layer_attr saved_pwr_info;\n\tunsigned long target_freq;\n\tu32 min_gear;\n\tbool is_enabled;\n\tbool is_allowed;\n\tbool is_initialized;\n\tbool is_busy_started;\n\tbool is_suspended;\n\tbool suspend_on_no_request;\n};\n\n#define UFS_EVENT_HIST_LENGTH 8\n/**\n * struct ufs_event_hist - keeps history of errors\n * @pos: index to indicate cyclic buffer position\n * @val: cyclic buffer for registers value\n * @tstamp: cyclic buffer for time stamp\n * @cnt: error counter\n */\nstruct ufs_event_hist {\n\tint pos;\n\tu32 val[UFS_EVENT_HIST_LENGTH];\n\tu64 tstamp[UFS_EVENT_HIST_LENGTH];\n\tunsigned long long cnt;\n};\n\n/**\n * struct ufs_stats - keeps usage/err statistics\n * @last_intr_status: record the last interrupt status.\n * @last_intr_ts: record the last interrupt timestamp.\n * @hibern8_exit_cnt: Counter to keep track of number of exits,\n *\t\treset this after link-startup.\n * @last_hibern8_exit_tstamp: Set time after the hibern8 exit.\n *\t\tClear after the first successful command completion.\n * @event: array with event history.\n */\nstruct ufs_stats {\n\tu32 last_intr_status;\n\tu64 last_intr_ts;\n\n\tu32 hibern8_exit_cnt;\n\tu64 last_hibern8_exit_tstamp;\n\tstruct ufs_event_hist event[UFS_EVT_CNT];\n};\n\n/**\n * enum ufshcd_state - UFS host controller state\n * @UFSHCD_STATE_RESET: Link is not operational. Postpone SCSI command\n *\tprocessing.\n * @UFSHCD_STATE_OPERATIONAL: The host controller is operational and can process\n *\tSCSI commands.\n * @UFSHCD_STATE_EH_SCHEDULED_NON_FATAL: The error handler has been scheduled.\n *\tSCSI commands may be submitted to the controller.\n * @UFSHCD_STATE_EH_SCHEDULED_FATAL: The error handler has been scheduled. Fail\n *\tnewly submitted SCSI commands with error code DID_BAD_TARGET.\n * @UFSHCD_STATE_ERROR: An unrecoverable error occurred, e.g. link recovery\n *\tfailed. Fail all SCSI commands with error code DID_ERROR.\n */\nenum ufshcd_state {\n\tUFSHCD_STATE_RESET,\n\tUFSHCD_STATE_OPERATIONAL,\n\tUFSHCD_STATE_EH_SCHEDULED_NON_FATAL,\n\tUFSHCD_STATE_EH_SCHEDULED_FATAL,\n\tUFSHCD_STATE_ERROR,\n};\n\nenum ufshcd_quirks {\n\t/* Interrupt aggregation support is broken */\n\tUFSHCD_QUIRK_BROKEN_INTR_AGGR\t\t\t= 1 << 0,\n\n\t/*\n\t * delay before each dme command is required as the unipro\n\t * layer has shown instabilities\n\t */\n\tUFSHCD_QUIRK_DELAY_BEFORE_DME_CMDS\t\t= 1 << 1,\n\n\t/*\n\t * If UFS host controller is having issue in processing LCC (Line\n\t * Control Command) coming from device then enable this quirk.\n\t * When this quirk is enabled, host controller driver should disable\n\t * the LCC transmission on UFS device (by clearing TX_LCC_ENABLE\n\t * attribute of device to 0).\n\t */\n\tUFSHCD_QUIRK_BROKEN_LCC\t\t\t\t= 1 << 2,\n\n\t/*\n\t * The attribute PA_RXHSUNTERMCAP specifies whether or not the\n\t * inbound Link supports unterminated line in HS mode. Setting this\n\t * attribute to 1 fixes moving to HS gear.\n\t */\n\tUFSHCD_QUIRK_BROKEN_PA_RXHSUNTERMCAP\t\t= 1 << 3,\n\n\t/*\n\t * This quirk needs to be enabled if the host controller only allows\n\t * accessing the peer dme attributes in AUTO mode (FAST AUTO or\n\t * SLOW AUTO).\n\t */\n\tUFSHCD_QUIRK_DME_PEER_ACCESS_AUTO_MODE\t\t= 1 << 4,\n\n\t/*\n\t * This quirk needs to be enabled if the host controller doesn\'t\n\t * advertise the correct version in UFS_VER register. If this quirk\n\t * is enabled, standard UFS host driver will call the vendor specific\n\t * ops (get_ufs_hci_version) to get the correct version.\n\t */\n\tUFSHCD_QUIRK_BROKEN_UFS_HCI_VERSION\t\t= 1 << 5,\n\n\t/*\n\t * Clear handling for transfer/task request list is just opposite.\n\t */\n\tUFSHCI_QUIRK_BROKEN_REQ_LIST_CLR\t\t= 1 << 6,\n\n\t/*\n\t * This quirk needs to be enabled if host controller doesn\'t allow\n\t * that the interrupt aggregation timer and counter are reset by s/w.\n\t */\n\tUFSHCI_QUIRK_SKIP_RESET_INTR_AGGR\t\t= 1 << 7,\n\n\t/*\n\t * This quirks needs to be enabled if host controller cannot be\n\t * enabled via HCE register.\n\t */\n\tUFSHCI_QUIRK_BROKEN_HCE\t\t\t\t= 1 << 8,\n\n\t/*\n\t * This quirk needs to be enabled if the host controller regards\n\t * resolution of the values of PRDTO and PRDTL in UTRD as byte.\n\t */\n\tUFSHCD_QUIRK_PRDT_BYTE_GRAN\t\t\t= 1 << 9,\n\n\t/*\n\t * This quirk needs to be enabled if the host controller reports\n\t * OCS FATAL ERROR with device error through sense data\n\t */\n\tUFSHCD_QUIRK_BROKEN_OCS_FATAL_ERROR\t\t= 1 << 10,\n\n\t/*\n\t * This quirk needs to be enabled if the host controller has\n\t * auto-hibernate capability but it doesn\'t work.\n\t */\n\tUFSHCD_QUIRK_BROKEN_AUTO_HIBERN8\t\t= 1 << 11,\n\n\t/*\n\t * This quirk needs to disable manual flush for write booster\n\t */\n\tUFSHCI_QUIRK_SKIP_MANUAL_WB_FLUSH_CTRL\t\t= 1 << 12,\n\n\t/*\n\t * This quirk needs to disable unipro timeout values\n\t * before power mode change\n\t */\n\tUFSHCD_QUIRK_SKIP_DEF_UNIPRO_TIMEOUT_SETTING = 1 << 13,\n\n\t/*\n\t * This quirk needs to be enabled if the host controller does not\n\t * support UIC command\n\t */\n\tUFSHCD_QUIRK_BROKEN_UIC_CMD\t\t\t= 1 << 15,\n\n\t/*\n\t * This quirk needs to be enabled if the host controller cannot\n\t * support physical host configuration.\n\t */\n\tUFSHCD_QUIRK_SKIP_PH_CONFIGURATION\t\t= 1 << 16,\n\n\t/*\n\t * This quirk needs to be enabled if the host controller has\n\t * auto-hibernate capability but it\'s FASTAUTO only.\n\t */\n\tUFSHCD_QUIRK_HIBERN_FASTAUTO\t\t\t= 1 << 18,\n\n\t/*\n\t * This quirk needs to be enabled if the host controller needs\n\t * to reinit the device after switching to maximum gear.\n\t */\n\tUFSHCD_QUIRK_REINIT_AFTER_MAX_GEAR_SWITCH       = 1 << 19,\n\n\t/*\n\t * Some host raises interrupt (per queue) in addition to\n\t * CQES (traditional) when ESI is disabled.\n\t * Enable this quirk will disable CQES and use per queue interrupt.\n\t */\n\tUFSHCD_QUIRK_MCQ_BROKEN_INTR\t\t\t= 1 << 20,\n\n\t/*\n\t * Some host does not implement SQ Run Time Command (SQRTC) register\n\t * thus need this quirk to skip related flow.\n\t */\n\tUFSHCD_QUIRK_MCQ_BROKEN_RTC\t\t\t= 1 << 21,\n\n\t/*\n\t * This quirk needs to be enabled if the host controller supports inline\n\t * encryption but it needs to initialize the crypto capabilities in a\n\t * nonstandard way and/or needs to override blk_crypto_ll_ops.  If\n\t * enabled, the standard code won\'t initialize the blk_crypto_profile;\n\t * ufs_hba_variant_ops::init() must do it instead.\n\t */\n\tUFSHCD_QUIRK_CUSTOM_CRYPTO_PROFILE\t\t= 1 << 22,\n\n\t/*\n\t * This quirk needs to be enabled if the host controller supports inline\n\t * encryption but does not support the CRYPTO_GENERAL_ENABLE bit, i.e.\n\t * host controller initialization fails if that bit is set.\n\t */\n\tUFSHCD_QUIRK_BROKEN_CRYPTO_ENABLE\t\t= 1 << 23,\n\n\t/*\n\t * This quirk needs to be enabled if the host controller driver copies\n\t * cryptographic keys into the PRDT in order to send them to hardware,\n\t * and therefore the PRDT should be zeroized after each request (as per\n\t * the standard best practice for managing keys).\n\t */\n\tUFSHCD_QUIRK_KEYS_IN_PRDT\t\t\t= 1 << 24,\n\n\t/*\n\t * This quirk indicates that the controller reports the value 1 (not\n\t * supported) in the Legacy Single DoorBell Support (LSDBS) bit of the\n\t * Controller Capabilities register although it supports the legacy\n\t * single doorbell mode.\n\t */\n\tUFSHCD_QUIRK_BROKEN_LSDBS_CAP\t\t\t= 1 << 25,\n};\n\nenum ufshcd_caps {\n\t/* Allow dynamic clk gating */\n\tUFSHCD_CAP_CLK_GATING\t\t\t\t= 1 << 0,\n\n\t/* Allow hiberb8 with clk gating */\n\tUFSHCD_CAP_HIBERN8_WITH_CLK_GATING\t\t= 1 << 1,\n\n\t/* Allow dynamic clk scaling */\n\tUFSHCD_CAP_CLK_SCALING\t\t\t\t= 1 << 2,\n\n\t/* Allow auto bkops to enabled during runtime suspend */\n\tUFSHCD_CAP_AUTO_BKOPS_SUSPEND\t\t\t= 1 << 3,\n\n\t/*\n\t * This capability allows host controller driver to use the UFS HCI\'s\n\t * interrupt aggregation capability.\n\t * CAUTION: Enabling this might reduce overall UFS throughput.\n\t */\n\tUFSHCD_CAP_INTR_AGGR\t\t\t\t= 1 << 4,\n\n\t/*\n\t * This capability allows the device auto-bkops to be always enabled\n\t * except during suspend (both runtime and suspend).\n\t * Enabling this capability means that device will always be allowed\n\t * to do background operation when it\'s active but it might degrade\n\t * the performance of ongoing read/write operations.\n\t */\n\tUFSHCD_CAP_KEEP_AUTO_BKOPS_ENABLED_EXCEPT_SUSPEND = 1 << 5,\n\n\t/*\n\t * This capability allows host controller driver to automatically\n\t * enable runtime power management by itself instead of waiting\n\t * for userspace to control the power management.\n\t */\n\tUFSHCD_CAP_RPM_AUTOSUSPEND\t\t\t= 1 << 6,\n\n\t/*\n\t * This capability allows the host controller driver to turn-on\n\t * WriteBooster, if the underlying device supports it and is\n\t * provisioned to be used. This would increase the write performance.\n\t */\n\tUFSHCD_CAP_WB_EN\t\t\t\t= 1 << 7,\n\n\t/*\n\t * This capability allows the host controller driver to use the\n\t * inline crypto engine, if it is present\n\t */\n\tUFSHCD_CAP_CRYPTO\t\t\t\t= 1 << 8,\n\n\t/*\n\t * This capability allows the controller regulators to be put into\n\t * lpm mode aggressively during clock gating.\n\t * This would increase power savings.\n\t */\n\tUFSHCD_CAP_AGGR_POWER_COLLAPSE\t\t\t= 1 << 9,\n\n\t/*\n\t * This capability allows the host controller driver to use DeepSleep,\n\t * if it is supported by the UFS device. The host controller driver must\n\t * support device hardware reset via the hba->device_reset() callback,\n\t * in order to exit DeepSleep state.\n\t */\n\tUFSHCD_CAP_DEEPSLEEP\t\t\t\t= 1 << 10,\n\n\t/*\n\t * This capability allows the host controller driver to use temperature\n\t * notification if it is supported by the UFS device.\n\t */\n\tUFSHCD_CAP_TEMP_NOTIF\t\t\t\t= 1 << 11,\n\n\t/*\n\t * Enable WriteBooster when scaling up the clock and disable\n\t * WriteBooster when scaling the clock down.\n\t */\n\tUFSHCD_CAP_WB_WITH_CLK_SCALING\t\t\t= 1 << 12,\n};\n\nstruct ufs_hba_variant_params {\n\tstruct devfreq_dev_profile devfreq_profile;\n\tstruct devfreq_simple_ondemand_data ondemand_data;\n\tu16 hba_enable_delay_us;\n\tu32 wb_flush_threshold;\n};\n\nstruct ufs_hba_monitor {\n\tunsigned long chunk_size;\n\n\tunsigned long nr_sec_rw[2];\n\tktime_t total_busy[2];\n\n\tunsigned long nr_req[2];\n\t/* latencies*/\n\tktime_t lat_sum[2];\n\tktime_t lat_max[2];\n\tktime_t lat_min[2];\n\n\tu32 nr_queued[2];\n\tktime_t busy_start_ts[2];\n\n\tktime_t enabled_ts;\n\tbool enabled;\n};\n\n/**\n * struct ufshcd_res_info_t - MCQ related resource regions\n *\n * @name: resource name\n * @resource: pointer to resource region\n * @base: register base address\n */\nstruct ufshcd_res_info {\n\tconst char *name;\n\tstruct resource *resource;\n\tvoid __iomem *base;\n};\n\nenum ufshcd_res {\n\tRES_UFS,\n\tRES_MCQ,\n\tRES_MCQ_SQD,\n\tRES_MCQ_SQIS,\n\tRES_MCQ_CQD,\n\tRES_MCQ_CQIS,\n\tRES_MCQ_VS,\n\tRES_MAX,\n};\n\n/**\n * struct ufshcd_mcq_opr_info_t - Operation and Runtime registers\n *\n * @offset: Doorbell Address Offset\n * @stride: Steps proportional to queue [0...31]\n * @base: base address\n */\nstruct ufshcd_mcq_opr_info_t {\n\tunsigned long offset;\n\tunsigned long stride;\n\tvoid __iomem *base;\n};\n\nenum ufshcd_mcq_opr {\n\tOPR_SQD,\n\tOPR_SQIS,\n\tOPR_CQD,\n\tOPR_CQIS,\n\tOPR_MAX,\n};\n\n/**\n * struct ufs_hba - per adapter private structure\n * @mmio_base: UFSHCI base register address\n * @ucdl_base_addr: UFS Command Descriptor base address\n * @utrdl_base_addr: UTP Transfer Request Descriptor base address\n * @utmrdl_base_addr: UTP Task Management Descriptor base address\n * @ucdl_dma_addr: UFS Command Descriptor DMA address\n * @utrdl_dma_addr: UTRDL DMA address\n * @utmrdl_dma_addr: UTMRDL DMA address\n * @host: Scsi_Host instance of the driver\n * @dev: device handle\n * @ufs_device_wlun: WLUN that controls the entire UFS device.\n * @hwmon_device: device instance registered with the hwmon core.\n * @curr_dev_pwr_mode: active UFS device power mode.\n * @uic_link_state: active state of the link to the UFS device.\n * @rpm_lvl: desired UFS power management level during runtime PM.\n * @spm_lvl: desired UFS power management level during system PM.\n * @pm_op_in_progress: whether or not a PM operation is in progress.\n * @ahit: value of Auto-Hibernate Idle Timer register.\n * @lrb: local reference block\n * @outstanding_tasks: Bits representing outstanding task requests\n * @outstanding_lock: Protects @outstanding_reqs.\n * @outstanding_reqs: Bits representing outstanding transfer requests\n * @capabilities: UFS Controller Capabilities\n * @mcq_capabilities: UFS Multi Circular Queue capabilities\n * @nutrs: Transfer Request Queue depth supported by controller\n * @nortt - Max outstanding RTTs supported by controller\n * @nutmrs: Task Management Queue depth supported by controller\n * @reserved_slot: Used to submit device commands. Protected by @dev_cmd.lock.\n * @ufs_version: UFS Version to which controller complies\n * @vops: pointer to variant specific operations\n * @vps: pointer to variant specific parameters\n * @priv: pointer to variant specific private data\n * @sg_entry_size: size of struct ufshcd_sg_entry (may include variant fields)\n * @irq: Irq number of the controller\n * @is_irq_enabled: whether or not the UFS controller interrupt is enabled.\n * @dev_ref_clk_freq: reference clock frequency\n * @quirks: bitmask with information about deviations from the UFSHCI standard.\n * @dev_quirks: bitmask with information about deviations from the UFS standard.\n * @tmf_tag_set: TMF tag set.\n * @tmf_queue: Used to allocate TMF tags.\n * @tmf_rqs: array with pointers to TMF requests while these are in progress.\n * @active_uic_cmd: pointer to active UIC command.\n * @uic_cmd_mutex: mutex used for serializing UIC command processing.\n * @uic_async_done: completion used to wait for power mode or hibernation state\n *\tchanges.\n * @ufshcd_state: UFSHCD state\n * @eh_flags: Error handling flags\n * @intr_mask: Interrupt Mask Bits\n * @ee_ctrl_mask: Exception event control mask\n * @ee_drv_mask: Exception event mask for driver\n * @ee_usr_mask: Exception event mask for user (set via debugfs)\n * @ee_ctrl_mutex: Used to serialize exception event information.\n * @is_powered: flag to check if HBA is powered\n * @shutting_down: flag to check if shutdown has been invoked\n * @host_sem: semaphore used to serialize concurrent contexts\n * @eh_wq: Workqueue that eh_work works on\n * @eh_work: Worker to handle UFS errors that require s/w attention\n * @eeh_work: Worker to handle exception events\n * @errors: HBA errors\n * @uic_error: UFS interconnect layer error status\n * @saved_err: sticky error mask\n * @saved_uic_err: sticky UIC error mask\n * @ufs_stats: various error counters\n * @force_reset: flag to force eh_work perform a full reset\n * @force_pmc: flag to force a power mode change\n * @silence_err_logs: flag to silence error logs\n * @dev_cmd: ufs device management command information\n * @last_dme_cmd_tstamp: time stamp of the last completed DME command\n * @nop_out_timeout: NOP OUT timeout value\n * @dev_info: information about the UFS device\n * @auto_bkops_enabled: to track whether bkops is enabled in device\n * @vreg_info: UFS device voltage regulator information\n * @clk_list_head: UFS host controller clocks list node head\n * @use_pm_opp: Indicates whether OPP based scaling is used or not\n * @req_abort_count: number of times ufshcd_abort() has been called\n * @lanes_per_direction: number of lanes per data direction between the UFS\n *\tcontroller and the UFS device.\n * @pwr_info: holds current power mode\n * @max_pwr_info: keeps the device max valid pwm\n * @clk_gating: information related to clock gating\n * @caps: bitmask with information about UFS controller capabilities\n * @devfreq: frequency scaling information owned by the devfreq core\n * @clk_scaling: frequency scaling information owned by the UFS driver\n * @system_suspending: system suspend has been started and system resume has\n *\tnot yet finished.\n * @is_sys_suspended: UFS device has been suspended because of system suspend\n * @urgent_bkops_lvl: keeps track of urgent bkops level for device\n * @is_urgent_bkops_lvl_checked: keeps track if the urgent bkops level for\n *  device is known or not.\n * @wb_mutex: used to serialize devfreq and sysfs write booster toggling\n * @clk_scaling_lock: used to serialize device commands and clock scaling\n * @desc_size: descriptor sizes reported by device\n * @bsg_dev: struct device associated with the BSG queue\n * @bsg_queue: BSG queue associated with the UFS controller\n * @rpm_dev_flush_recheck_work: used to suspend from RPM (runtime power\n *\tmanagement) after the UFS device has finished a WriteBooster buffer\n *\tflush or auto BKOP.\n * @monitor: statistics about UFS commands\n * @crypto_capabilities: Content of crypto capabilities register (0x100)\n * @crypto_cap_array: Array of crypto capabilities\n * @crypto_cfg_register: Start of the crypto cfg array\n * @crypto_profile: the crypto profile of this hba (if applicable)\n * @debugfs_root: UFS controller debugfs root directory\n * @debugfs_ee_work: used to restore ee_ctrl_mask after a delay\n * @debugfs_ee_rate_limit_ms: user configurable delay after which to restore\n *\tee_ctrl_mask\n * @luns_avail: number of regular and well known LUNs supported by the UFS\n *\tdevice\n * @nr_hw_queues: number of hardware queues configured\n * @nr_queues: number of Queues of different queue types\n * @complete_put: whether or not to call ufshcd_rpm_put() from inside\n *\tufshcd_resume_complete()\n * @mcq_sup: is mcq supported by UFSHC\n * @mcq_enabled: is mcq ready to accept requests\n * @res: array of resource info of MCQ registers\n * @mcq_base: Multi circular queue registers base address\n * @uhq: array of supported hardware queues\n * @dev_cmd_queue: Queue for issuing device management commands\n * @mcq_opr: MCQ operation and runtime registers\n * @ufs_rtc_update_work: A work for UFS RTC periodic update\n * @pm_qos_req: PM QoS request handle\n * @pm_qos_enabled: flag to check if pm qos is enabled\n */\nstruct ufs_hba {\n\tvoid __iomem *mmio_base;\n\n\t/* Virtual memory reference */\n\tstruct utp_transfer_cmd_desc *ucdl_base_addr;\n\tstruct utp_transfer_req_desc *utrdl_base_addr;\n\tstruct utp_task_req_desc *utmrdl_base_addr;\n\n\t/* DMA memory reference */\n\tdma_addr_t ucdl_dma_addr;\n\tdma_addr_t utrdl_dma_addr;\n\tdma_addr_t utmrdl_dma_addr;\n\n\tstruct Scsi_Host *host;\n\tstruct device *dev;\n\tstruct scsi_device *ufs_device_wlun;\n\n#ifdef CONFIG_SCSI_UFS_HWMON\n\tstruct device *hwmon_device;\n#endif\n\n\tenum ufs_dev_pwr_mode curr_dev_pwr_mode;\n\tenum uic_link_state uic_link_state;\n\t/* Desired UFS power management level during runtime PM */\n\tenum ufs_pm_level rpm_lvl;\n\t/* Desired UFS power management level during system PM */\n\tenum ufs_pm_level spm_lvl;\n\tint pm_op_in_progress;\n\n\t/* Auto-Hibernate Idle Timer register value */\n\tu32 ahit;\n\n\tstruct ufshcd_lrb *lrb;\n\n\tunsigned long outstanding_tasks;\n\tspinlock_t outstanding_lock;\n\tunsigned long outstanding_reqs;\n\n\tu32 capabilities;\n\tint nutrs;\n\tint nortt;\n\tu32 mcq_capabilities;\n\tint nutmrs;\n\tu32 reserved_slot;\n\tu32 ufs_version;\n\tconst struct ufs_hba_variant_ops *vops;\n\tstruct ufs_hba_variant_params *vps;\n\tvoid *priv;\n#ifdef CONFIG_SCSI_UFS_VARIABLE_SG_ENTRY_SIZE\n\tsize_t sg_entry_size;\n#endif\n\tunsigned int irq;\n\tbool is_irq_enabled;\n\tenum ufs_ref_clk_freq dev_ref_clk_freq;\n\n\tunsigned int quirks;\t/* Deviations from standard UFSHCI spec. */\n\n\t/* Device deviations from standard UFS device spec. */\n\tunsigned int dev_quirks;\n\n\tstruct blk_mq_tag_set tmf_tag_set;\n\tstruct request_queue *tmf_queue;\n\tstruct request **tmf_rqs;\n\n\tstruct uic_command *active_uic_cmd;\n\tstruct mutex uic_cmd_mutex;\n\tstruct completion *uic_async_done;\n\n\tenum ufshcd_state ufshcd_state;\n\tu32 eh_flags;\n\tu32 intr_mask;\n\tu16 ee_ctrl_mask;\n\tu16 ee_drv_mask;\n\tu16 ee_usr_mask;\n\tstruct mutex ee_ctrl_mutex;\n\tbool is_powered;\n\tbool shutting_down;\n\tstruct semaphore host_sem;\n\n\t/* Work Queues */\n\tstruct workqueue_struct *eh_wq;\n\tstruct work_struct eh_work;\n\tstruct work_struct eeh_work;\n\n\t/* HBA Errors */\n\tu32 errors;\n\tu32 uic_error;\n\tu32 saved_err;\n\tu32 saved_uic_err;\n\tstruct ufs_stats ufs_stats;\n\tbool force_reset;\n\tbool force_pmc;\n\tbool silence_err_logs;\n\n\t/* Device management request data */\n\tstruct ufs_dev_cmd dev_cmd;\n\tktime_t last_dme_cmd_tstamp;\n\tint nop_out_timeout;\n\n\t/* Keeps information of the UFS device connected to this host */\n\tstruct ufs_dev_info dev_info;\n\tbool auto_bkops_enabled;\n\tstruct ufs_vreg_info vreg_info;\n\tstruct list_head clk_list_head;\n\tbool use_pm_opp;\n\n\t/* Number of requests aborts */\n\tint req_abort_count;\n\n\t/* Number of lanes available (1 or 2) for Rx/Tx */\n\tu32 lanes_per_direction;\n\tstruct ufs_pa_layer_attr pwr_info;\n\tstruct ufs_pwr_mode_info max_pwr_info;\n\n\tstruct ufs_clk_gating clk_gating;\n\t/* Control to enable/disable host capabilities */\n\tu32 caps;\n\n\tstruct devfreq *devfreq;\n\tstruct ufs_clk_scaling clk_scaling;\n\tbool system_suspending;\n\tbool is_sys_suspended;\n\n\tenum bkops_status urgent_bkops_lvl;\n\tbool is_urgent_bkops_lvl_checked;\n\n\tstruct mutex wb_mutex;\n\tstruct rw_semaphore clk_scaling_lock;\n\n\tstruct device\t\tbsg_dev;\n\tstruct request_queue\t*bsg_queue;\n\tstruct delayed_work rpm_dev_flush_recheck_work;\n\n\tstruct ufs_hba_monitor\tmonitor;\n\n#ifdef CONFIG_SCSI_UFS_CRYPTO\n\tunion ufs_crypto_capabilities crypto_capabilities;\n\tunion ufs_crypto_cap_entry *crypto_cap_array;\n\tu32 crypto_cfg_register;\n\tstruct blk_crypto_profile crypto_profile;\n#endif\n#ifdef CONFIG_DEBUG_FS\n\tstruct dentry *debugfs_root;\n\tstruct delayed_work debugfs_ee_work;\n\tu32 debugfs_ee_rate_limit_ms;\n#endif\n#ifdef CONFIG_SCSI_UFS_FAULT_INJECTION\n\tstruct fault_attr trigger_eh_attr;\n\tstruct fault_attr timeout_attr;\n#endif\n\tu32 luns_avail;\n\tunsigned int nr_hw_queues;\n\tunsigned int nr_queues[HCTX_MAX_TYPES];\n\tbool complete_put;\n\tbool scsi_host_added;\n\tbool mcq_sup;\n\tbool lsdb_sup;\n\tbool mcq_enabled;\n\tstruct ufshcd_res_info res[RES_MAX];\n\tvoid __iomem *mcq_base;\n\tstruct ufs_hw_queue *uhq;\n\tstruct ufs_hw_queue *dev_cmd_queue;\n\tstruct ufshcd_mcq_opr_info_t mcq_opr[OPR_MAX];\n\n\tstruct delayed_work ufs_rtc_update_work;\n\tstruct pm_qos_request pm_qos_req;\n\tbool pm_qos_enabled;\n};\n\n/**\n * struct ufs_hw_queue - per hardware queue structure\n * @mcq_sq_head: base address of submission queue head pointer\n * @mcq_sq_tail: base address of submission queue tail pointer\n * @mcq_cq_head: base address of completion queue head pointer\n * @mcq_cq_tail: base address of completion queue tail pointer\n * @sqe_base_addr: submission queue entry base address\n * @sqe_dma_addr: submission queue dma address\n * @cqe_base_addr: completion queue base address\n * @cqe_dma_addr: completion queue dma address\n * @max_entries: max number of slots in this hardware queue\n * @id: hardware queue ID\n * @sq_tp_slot: current slot to which SQ tail pointer is pointing\n * @sq_lock: serialize submission queue access\n * @cq_tail_slot: current slot to which CQ tail pointer is pointing\n * @cq_head_slot: current slot to which CQ head pointer is pointing\n * @cq_lock: Synchronize between multiple polling instances\n * @sq_mutex: prevent submission queue concurrent access\n */\nstruct ufs_hw_queue {\n\tvoid __iomem *mcq_sq_head;\n\tvoid __iomem *mcq_sq_tail;\n\tvoid __iomem *mcq_cq_head;\n\tvoid __iomem *mcq_cq_tail;\n\n\tstruct utp_transfer_req_desc *sqe_base_addr;\n\tdma_addr_t sqe_dma_addr;\n\tstruct cq_entry *cqe_base_addr;\n\tdma_addr_t cqe_dma_addr;\n\tu32 max_entries;\n\tu32 id;\n\tu32 sq_tail_slot;\n\tspinlock_t sq_lock;\n\tu32 cq_tail_slot;\n\tu32 cq_head_slot;\n\tspinlock_t cq_lock;\n\t/* prevent concurrent access to submission queue */\n\tstruct mutex sq_mutex;\n};\n\n#define MCQ_QCFG_SIZE\t\t0x40\n\nstatic inline unsigned int ufshcd_mcq_opr_offset(struct ufs_hba *hba,\n\t\tenum ufshcd_mcq_opr opr, int idx)\n{\n\treturn hba->mcq_opr[opr].offset + hba->mcq_opr[opr].stride * idx;\n}\n\nstatic inline unsigned int ufshcd_mcq_cfg_offset(unsigned int reg, int idx)\n{\n\treturn reg + MCQ_QCFG_SIZE * idx;\n}\n\n#ifdef CONFIG_SCSI_UFS_VARIABLE_SG_ENTRY_SIZE\nstatic inline size_t ufshcd_sg_entry_size(const struct ufs_hba *hba)\n{\n\treturn hba->sg_entry_size;\n}\n\nstatic inline void ufshcd_set_sg_entry_size(struct ufs_hba *hba, size_t sg_entry_size)\n{\n\tWARN_ON_ONCE(sg_entry_size < sizeof(struct ufshcd_sg_entry));\n\thba->sg_entry_size = sg_entry_size;\n}\n#else\nstatic inline size_t ufshcd_sg_entry_size(const struct ufs_hba *hba)\n{\n\treturn sizeof(struct ufshcd_sg_entry);\n}\n\n#define ufshcd_set_sg_entry_size(hba, sg_entry_size)                   \\\n\t({ (void)(hba); BUILD_BUG_ON(sg_entry_size != sizeof(struct ufshcd_sg_entry)); })\n#endif\n\n#ifdef CONFIG_SCSI_UFS_CRYPTO\nstatic inline struct ufs_hba *\nufs_hba_from_crypto_profile(struct blk_crypto_profile *profile)\n{\n\treturn container_of(profile, struct ufs_hba, crypto_profile);\n}\n#endif\n\nstatic inline size_t ufshcd_get_ucd_size(const struct ufs_hba *hba)\n{\n\treturn sizeof(struct utp_transfer_cmd_desc) + SG_ALL * ufshcd_sg_entry_size(hba);\n}\n\n/* Returns true if clocks can be gated. Otherwise false */\nstatic inline bool ufshcd_is_clkgating_allowed(struct ufs_hba *hba)\n{\n\treturn hba->caps & UFSHCD_CAP_CLK_GATING;\n}\nstatic inline bool ufshcd_can_hibern8_during_gating(struct ufs_hba *hba)\n{\n\treturn hba->caps & UFSHCD_CAP_HIBERN8_WITH_CLK_GATING;\n}\nstatic inline int ufshcd_is_clkscaling_supported(struct ufs_hba *hba)\n{\n\treturn hba->caps & UFSHCD_CAP_CLK_SCALING;\n}\nstatic inline bool ufshcd_can_autobkops_during_suspend(struct ufs_hba *hba)\n{\n\treturn hba->caps & UFSHCD_CAP_AUTO_BKOPS_SUSPEND;\n}\nstatic inline bool ufshcd_is_rpm_autosuspend_allowed(struct ufs_hba *hba)\n{\n\treturn hba->caps & UFSHCD_CAP_RPM_AUTOSUSPEND;\n}\n\nstatic inline bool ufshcd_is_intr_aggr_allowed(struct ufs_hba *hba)\n{\n\treturn (hba->caps & UFSHCD_CAP_INTR_AGGR) &&\n\t\t!(hba->quirks & UFSHCD_QUIRK_BROKEN_INTR_AGGR);\n}\n\nstatic inline bool ufshcd_can_aggressive_pc(struct ufs_hba *hba)\n{\n\treturn !!(ufshcd_is_link_hibern8(hba) &&\n\t\t  (hba->caps & UFSHCD_CAP_AGGR_POWER_COLLAPSE));\n}\n\nstatic inline bool ufshcd_is_auto_hibern8_supported(struct ufs_hba *hba)\n{\n\treturn (hba->capabilities & MASK_AUTO_HIBERN8_SUPPORT) &&\n\t\t!(hba->quirks & UFSHCD_QUIRK_BROKEN_AUTO_HIBERN8);\n}\n\nstatic inline bool ufshcd_is_auto_hibern8_enabled(struct ufs_hba *hba)\n{\n\treturn FIELD_GET(UFSHCI_AHIBERN8_TIMER_MASK, hba->ahit);\n}\n\nstatic inline bool ufshcd_is_wb_allowed(struct ufs_hba *hba)\n{\n\treturn hba->caps & UFSHCD_CAP_WB_EN;\n}\n\nstatic inline bool ufshcd_enable_wb_if_scaling_up(struct ufs_hba *hba)\n{\n\treturn hba->caps & UFSHCD_CAP_WB_WITH_CLK_SCALING;\n}\n\n#define ufsmcq_writel(hba, val, reg)\t\\\n\twritel((val), (hba)->mcq_base + (reg))\n#define ufsmcq_readl(hba, reg)\t\\\n\treadl((hba)->mcq_base + (reg))\n\n#define ufsmcq_writelx(hba, val, reg)\t\\\n\twritel_relaxed((val), (hba)->mcq_base + (reg))\n#define ufsmcq_readlx(hba, reg)\t\\\n\treadl_relaxed((hba)->mcq_base + (reg))\n\n#define ufshcd_writel(hba, val, reg)\t\\\n\twritel((val), (hba)->mmio_base + (reg))\n#define ufshcd_readl(hba, reg)\t\\\n\treadl((hba)->mmio_base + (reg))\n\n/**\n * ufshcd_rmwl - perform read/modify/write for a controller register\n * @hba: per adapter instance\n * @mask: mask to apply on read value\n * @val: actual value to write\n * @reg: register address\n */\nstatic inline void ufshcd_rmwl(struct ufs_hba *hba, u32 mask, u32 val, u32 reg)\n{\n\tu32 tmp;\n\n\ttmp = ufshcd_readl(hba, reg);\n\ttmp &= ~mask;\n\ttmp |= (val & mask);\n\tufshcd_writel(hba, tmp, reg);\n}\n\nvoid ufshcd_enable_irq(struct ufs_hba *hba);\nvoid ufshcd_disable_irq(struct ufs_hba *hba);\nint ufshcd_alloc_host(struct device *, struct ufs_hba **);\nvoid ufshcd_dealloc_host(struct ufs_hba *);\nint ufshcd_hba_enable(struct ufs_hba *hba);\nint ufshcd_init(struct ufs_hba *, void __iomem *, unsigned int);\nint ufshcd_link_recovery(struct ufs_hba *hba);\nint ufshcd_make_hba_operational(struct ufs_hba *hba);\nvoid ufshcd_remove(struct ufs_hba *);\nint ufshcd_uic_hibern8_enter(struct ufs_hba *hba);\nint ufshcd_uic_hibern8_exit(struct ufs_hba *hba);\nvoid ufshcd_delay_us(unsigned long us, unsigned long tolerance);\nvoid ufshcd_parse_dev_ref_clk_freq(struct ufs_hba *hba, struct clk *refclk);\nvoid ufshcd_update_evt_hist(struct ufs_hba *hba, u32 id, u32 val);\nvoid ufshcd_hba_stop(struct ufs_hba *hba);\nvoid ufshcd_schedule_eh_work(struct ufs_hba *hba);\nvoid ufshcd_mcq_config_mac(struct ufs_hba *hba, u32 max_active_cmds);\nunsigned int ufshcd_mcq_queue_cfg_addr(struct ufs_hba *hba);\nu32 ufshcd_mcq_read_cqis(struct ufs_hba *hba, int i);\nvoid ufshcd_mcq_write_cqis(struct ufs_hba *hba, u32 val, int i);\nunsigned long ufshcd_mcq_poll_cqe_lock(struct ufs_hba *hba,\n\t\t\t\t\t struct ufs_hw_queue *hwq);\nvoid ufshcd_mcq_make_queues_operational(struct ufs_hba *hba);\nvoid ufshcd_mcq_enable(struct ufs_hba *hba);\nvoid ufshcd_mcq_enable_esi(struct ufs_hba *hba);\nvoid ufshcd_mcq_config_esi(struct ufs_hba *hba, struct msi_msg *msg);\n\nint ufshcd_opp_config_clks(struct device *dev, struct opp_table *opp_table,\n\t\t\t   struct dev_pm_opp *opp, void *data,\n\t\t\t   bool scaling_down);\n/**\n * ufshcd_set_variant - set variant specific data to the hba\n * @hba: per adapter instance\n * @variant: pointer to variant specific data\n */\nstatic inline void ufshcd_set_variant(struct ufs_hba *hba, void *variant)\n{\n\tBUG_ON(!hba);\n\thba->priv = variant;\n}\n\n/**\n * ufshcd_get_variant - get variant specific data from the hba\n * @hba: per adapter instance\n */\nstatic inline void *ufshcd_get_variant(struct ufs_hba *hba)\n{\n\tBUG_ON(!hba);\n\treturn hba->priv;\n}\n\n#ifdef CONFIG_PM\nextern int ufshcd_runtime_suspend(struct device *dev);\nextern int ufshcd_runtime_resume(struct device *dev);\n#endif\n#ifdef CONFIG_PM_SLEEP\nextern int ufshcd_system_suspend(struct device *dev);\nextern int ufshcd_system_resume(struct device *dev);\nextern int ufshcd_system_freeze(struct device *dev);\nextern int ufshcd_system_thaw(struct device *dev);\nextern int ufshcd_system_restore(struct device *dev);\n#endif\n\nextern int ufshcd_dme_configure_adapt(struct ufs_hba *hba,\n\t\t\t\t      int agreed_gear,\n\t\t\t\t      int adapt_val);\nextern int ufshcd_dme_set_attr(struct ufs_hba *hba, u32 attr_sel,\n\t\t\t       u8 attr_set, u32 mib_val, u8 peer);\nextern int ufshcd_dme_get_attr(struct ufs_hba *hba, u32 attr_sel,\n\t\t\t       u32 *mib_val, u8 peer);\nextern int ufshcd_config_pwr_mode(struct ufs_hba *hba,\n\t\t\tstruct ufs_pa_layer_attr *desired_pwr_mode);\nextern int ufshcd_uic_change_pwr_mode(struct ufs_hba *hba, u8 mode);\n\n/* UIC command interfaces for DME primitives */\n#define DME_LOCAL\t0\n#define DME_PEER\t1\n#define ATTR_SET_NOR\t0\t/* NORMAL */\n#define ATTR_SET_ST\t1\t/* STATIC */\n\nstatic inline int ufshcd_dme_set(struct ufs_hba *hba, u32 attr_sel,\n\t\t\t\t u32 mib_val)\n{\n\treturn ufshcd_dme_set_attr(hba, attr_sel, ATTR_SET_NOR,\n\t\t\t\t   mib_val, DME_LOCAL);\n}\n\nstatic inline int ufshcd_dme_st_set(struct ufs_hba *hba, u32 attr_sel,\n\t\t\t\t    u32 mib_val)\n{\n\treturn ufshcd_dme_set_attr(hba, attr_sel, ATTR_SET_ST,\n\t\t\t\t   mib_val, DME_LOCAL);\n}\n\nstatic inline int ufshcd_dme_peer_set(struct ufs_hba *hba, u32 attr_sel,\n\t\t\t\t      u32 mib_val)\n{\n\treturn ufshcd_dme_set_attr(hba, attr_sel, ATTR_SET_NOR,\n\t\t\t\t   mib_val, DME_PEER);\n}\n\nstatic inline int ufshcd_dme_peer_st_set(struct ufs_hba *hba, u32 attr_sel,\n\t\t\t\t\t u32 mib_val)\n{\n\treturn ufshcd_dme_set_attr(hba, attr_sel, ATTR_SET_ST,\n\t\t\t\t   mib_val, DME_PEER);\n}\n\nstatic inline int ufshcd_dme_get(struct ufs_hba *hba,\n\t\t\t\t u32 attr_sel, u32 *mib_val)\n{\n\treturn ufshcd_dme_get_attr(hba, attr_sel, mib_val, DME_LOCAL);\n}\n\nstatic inline int ufshcd_dme_peer_get(struct ufs_hba *hba,\n\t\t\t\t      u32 attr_sel, u32 *mib_val)\n{\n\treturn ufshcd_dme_get_attr(hba, attr_sel, mib_val, DME_PEER);\n}\n\nstatic inline bool ufshcd_is_hs_mode(struct ufs_pa_layer_attr *pwr_info)\n{\n\treturn (pwr_info->pwr_rx == FAST_MODE ||\n\t\tpwr_info->pwr_rx == FASTAUTO_MODE) &&\n\t\t(pwr_info->pwr_tx == FAST_MODE ||\n\t\tpwr_info->pwr_tx == FASTAUTO_MODE);\n}\n\nstatic inline int ufshcd_disable_host_tx_lcc(struct ufs_hba *hba)\n{\n\treturn ufshcd_dme_set(hba, UIC_ARG_MIB(PA_LOCAL_TX_LCC_ENABLE), 0);\n}\n\nvoid ufshcd_auto_hibern8_update(struct ufs_hba *hba, u32 ahit);\nvoid ufshcd_fixup_dev_quirks(struct ufs_hba *hba,\n\t\t\t     const struct ufs_dev_quirk *fixups);\n#define SD_ASCII_STD true\n#define SD_RAW false\nint ufshcd_read_string_desc(struct ufs_hba *hba, u8 desc_index,\n\t\t\t    u8 **buf, bool ascii);\n\nvoid ufshcd_hold(struct ufs_hba *hba);\nvoid ufshcd_release(struct ufs_hba *hba);\n\nvoid ufshcd_clkgate_delay_set(struct device *dev, unsigned long value);\n\nint ufshcd_get_vreg(struct device *dev, struct ufs_vreg *vreg);\n\nint ufshcd_send_uic_cmd(struct ufs_hba *hba, struct uic_command *uic_cmd);\n\nint ufshcd_advanced_rpmb_req_handler(struct ufs_hba *hba, struct utp_upiu_req *req_upiu,\n\t\t\t\t     struct utp_upiu_req *rsp_upiu, struct ufs_ehs *ehs_req,\n\t\t\t\t     struct ufs_ehs *ehs_rsp, int sg_cnt,\n\t\t\t\t     struct scatterlist *sg_list, enum dma_data_direction dir);\nint ufshcd_wb_toggle(struct ufs_hba *hba, bool enable);\nint ufshcd_wb_toggle_buf_flush(struct ufs_hba *hba, bool enable);\nint ufshcd_suspend_prepare(struct device *dev);\nint __ufshcd_suspend_prepare(struct device *dev, bool rpm_ok_for_spm);\nvoid ufshcd_resume_complete(struct device *dev);\nbool ufshcd_is_hba_active(struct ufs_hba *hba);\nvoid ufshcd_pm_qos_init(struct ufs_hba *hba);\nvoid ufshcd_pm_qos_exit(struct ufs_hba *hba);\n\n/* Wrapper functions for safely calling variant operations */\nstatic inline int ufshcd_vops_init(struct ufs_hba *hba)\n{\n\tif (hba->vops && hba->vops->init)\n\t\treturn hba->vops->init(hba);\n\n\treturn 0;\n}\n\nstatic inline int ufshcd_vops_phy_initialization(struct ufs_hba *hba)\n{\n\tif (hba->vops && hba->vops->phy_initialization)\n\t\treturn hba->vops->phy_initialization(hba);\n\n\treturn 0;\n}\n\nextern const struct ufs_pm_lvl_states ufs_pm_lvl_states[];\n\nint ufshcd_dump_regs(struct ufs_hba *hba, size_t offset, size_t len,\n\t\t     const char *prefix);\n\nint __ufshcd_write_ee_control(struct ufs_hba *hba, u32 ee_ctrl_mask);\nint ufshcd_write_ee_control(struct ufs_hba *hba);\nint ufshcd_update_ee_control(struct ufs_hba *hba, u16 *mask,\n\t\t\t     const u16 *other_mask, u16 set, u16 clr);\n\n#endif /* End of Header */\n', 'sha': None}]
2025-06-12 16:01:18.971 | INFO     | git_operations:get_file_contents_from_ref:264 - 获取内容中：['drivers/ufs/core/ufshcd.c', 'drivers/ufs/host/ufshcd-pci.c', 'drivers/ufs/host/ufshcd-pltfrm.c', 'include/ufs/ufshcd.h']
2025-06-12 16:01:18.971 | INFO     | git_operations:_get_file_contents_local:280 - 正在从本地仓库获取文件 drivers/ufs/core/ufshcd.c 在 v6.12-rc7 的内容
2025-06-12 16:01:18.986 | INFO     | git_operations:_get_file_contents_local:280 - 正在从本地仓库获取文件 drivers/ufs/host/ufshcd-pci.c 在 v6.12-rc7 的内容
2025-06-12 16:01:18.990 | INFO     | git_operations:_get_file_contents_local:280 - 正在从本地仓库获取文件 drivers/ufs/host/ufshcd-pltfrm.c 在 v6.12-rc7 的内容
2025-06-12 16:01:18.996 | INFO     | git_operations:_get_file_contents_local:280 - 正在从本地仓库获取文件 include/ufs/ufshcd.h 在 v6.12-rc7 的内容
2025-06-12 16:01:19.005 | INFO     | git_operations:_get_file_contents_local:300 - 本地获取文件内容为: [{'filename': 'drivers/ufs/core/ufshcd.c', 'content': '// SPDX-License-Identifier: GPL-2.0-or-later\n/*\n * Universal Flash Storage Host controller driver Core\n * Copyright (C) 2011-2013 Samsung India Software Operations\n * Copyright (c) 2013-2016, The Linux Foundation. All rights reserved.\n *\n * Authors:\n *\tSantosh Yaraganavi <santosh.sy@samsung.com>\n *\tVinayak Holikatti <h.vinayak@samsung.com>\n */\n\n#include <linux/async.h>\n#include <linux/devfreq.h>\n#include <linux/nls.h>\n#include <linux/of.h>\n#include <linux/bitfield.h>\n#include <linux/blk-pm.h>\n#include <linux/blkdev.h>\n#include <linux/clk.h>\n#include <linux/delay.h>\n#include <linux/interrupt.h>\n#include <linux/module.h>\n#include <linux/pm_opp.h>\n#include <linux/regulator/consumer.h>\n#include <linux/sched/clock.h>\n#include <linux/iopoll.h>\n#include <scsi/scsi_cmnd.h>\n#include <scsi/scsi_dbg.h>\n#include <scsi/scsi_driver.h>\n#include <scsi/scsi_eh.h>\n#include "ufshcd-priv.h"\n#include <ufs/ufs_quirks.h>\n#include <ufs/unipro.h>\n#include "ufs-sysfs.h"\n#include "ufs-debugfs.h"\n#include "ufs-fault-injection.h"\n#include "ufs_bsg.h"\n#include "ufshcd-crypto.h"\n#include <linux/unaligned.h>\n\n#define CREATE_TRACE_POINTS\n#include "ufs_trace.h"\n\n#define UFSHCD_ENABLE_INTRS\t(UTP_TRANSFER_REQ_COMPL |\\\n\t\t\t\t UTP_TASK_REQ_COMPL |\\\n\t\t\t\t UFSHCD_ERROR_MASK)\n\n#define UFSHCD_ENABLE_MCQ_INTRS\t(UTP_TASK_REQ_COMPL |\\\n\t\t\t\t UFSHCD_ERROR_MASK |\\\n\t\t\t\t MCQ_CQ_EVENT_STATUS)\n\n\n/* UIC command timeout, unit: ms */\nenum {\n\tUIC_CMD_TIMEOUT_DEFAULT\t= 500,\n\tUIC_CMD_TIMEOUT_MAX\t= 2000,\n};\n/* NOP OUT retries waiting for NOP IN response */\n#define NOP_OUT_RETRIES    10\n/* Timeout after 50 msecs if NOP OUT hangs without response */\n#define NOP_OUT_TIMEOUT    50 /* msecs */\n\n/* Query request retries */\n#define QUERY_REQ_RETRIES 3\n/* Query request timeout */\n#define QUERY_REQ_TIMEOUT 1500 /* 1.5 seconds */\n\n/* Advanced RPMB request timeout */\n#define ADVANCED_RPMB_REQ_TIMEOUT  3000 /* 3 seconds */\n\n/* Task management command timeout */\n#define TM_CMD_TIMEOUT\t100 /* msecs */\n\n/* maximum number of retries for a general UIC command  */\n#define UFS_UIC_COMMAND_RETRIES 3\n\n/* maximum number of link-startup retries */\n#define DME_LINKSTARTUP_RETRIES 3\n\n/* maximum number of reset retries before giving up */\n#define MAX_HOST_RESET_RETRIES 5\n\n/* Maximum number of error handler retries before giving up */\n#define MAX_ERR_HANDLER_RETRIES 5\n\n/* Expose the flag value from utp_upiu_query.value */\n#define MASK_QUERY_UPIU_FLAG_LOC 0xFF\n\n/* Interrupt aggregation default timeout, unit: 40us */\n#define INT_AGGR_DEF_TO\t0x02\n\n/* default delay of autosuspend: 2000 ms */\n#define RPM_AUTOSUSPEND_DELAY_MS 2000\n\n/* Default delay of RPM device flush delayed work */\n#define RPM_DEV_FLUSH_RECHECK_WORK_DELAY_MS 5000\n\n/* Default value of wait time before gating device ref clock */\n#define UFSHCD_REF_CLK_GATING_WAIT_US 0xFF /* microsecs */\n\n/* Polling time to wait for fDeviceInit */\n#define FDEVICEINIT_COMPL_TIMEOUT 1500 /* millisecs */\n\n/* Default RTC update every 10 seconds */\n#define UFS_RTC_UPDATE_INTERVAL_MS (10 * MSEC_PER_SEC)\n\n/* bMaxNumOfRTT is equal to two after device manufacturing */\n#define DEFAULT_MAX_NUM_RTT 2\n\n/* UFSHC 4.0 compliant HC support this mode. */\nstatic bool use_mcq_mode = true;\n\nstatic bool is_mcq_supported(struct ufs_hba *hba)\n{\n\treturn hba->mcq_sup && use_mcq_mode;\n}\n\nmodule_param(use_mcq_mode, bool, 0644);\nMODULE_PARM_DESC(use_mcq_mode, "Control MCQ mode for controllers starting from UFSHCI 4.0. 1 - enable MCQ, 0 - disable MCQ. MCQ is enabled by default");\n\nstatic unsigned int uic_cmd_timeout = UIC_CMD_TIMEOUT_DEFAULT;\n\nstatic int uic_cmd_timeout_set(const char *val, const struct kernel_param *kp)\n{\n\treturn param_set_uint_minmax(val, kp, UIC_CMD_TIMEOUT_DEFAULT,\n\t\t\t\t     UIC_CMD_TIMEOUT_MAX);\n}\n\nstatic const struct kernel_param_ops uic_cmd_timeout_ops = {\n\t.set = uic_cmd_timeout_set,\n\t.get = param_get_uint,\n};\n\nmodule_param_cb(uic_cmd_timeout, &uic_cmd_timeout_ops, &uic_cmd_timeout, 0644);\nMODULE_PARM_DESC(uic_cmd_timeout,\n\t\t "UFS UIC command timeout in milliseconds. Defaults to 500ms. Supported values range from 500ms to 2 seconds inclusively");\n\n#define ufshcd_toggle_vreg(_dev, _vreg, _on)\t\t\t\t\\\n\t({                                                              \\\n\t\tint _ret;                                               \\\n\t\tif (_on)                                                \\\n\t\t\t_ret = ufshcd_enable_vreg(_dev, _vreg);         \\\n\t\telse                                                    \\\n\t\t\t_ret = ufshcd_disable_vreg(_dev, _vreg);        \\\n\t\t_ret;                                                   \\\n\t})\n\n#define ufshcd_hex_dump(prefix_str, buf, len) do {                       \\\n\tsize_t __len = (len);                                            \\\n\tprint_hex_dump(KERN_ERR, prefix_str,                             \\\n\t\t       __len > 4 ? DUMP_PREFIX_OFFSET : DUMP_PREFIX_NONE,\\\n\t\t       16, 4, buf, __len, false);                        \\\n} while (0)\n\nint ufshcd_dump_regs(struct ufs_hba *hba, size_t offset, size_t len,\n\t\t     const char *prefix)\n{\n\tu32 *regs;\n\tsize_t pos;\n\n\tif (offset % 4 != 0 || len % 4 != 0) /* keep readl happy */\n\t\treturn -EINVAL;\n\n\tregs = kzalloc(len, GFP_ATOMIC);\n\tif (!regs)\n\t\treturn -ENOMEM;\n\n\tfor (pos = 0; pos < len; pos += 4) {\n\t\tif (offset == 0 &&\n\t\t    pos >= REG_UIC_ERROR_CODE_PHY_ADAPTER_LAYER &&\n\t\t    pos <= REG_UIC_ERROR_CODE_DME)\n\t\t\tcontinue;\n\t\tregs[pos / 4] = ufshcd_readl(hba, offset + pos);\n\t}\n\n\tufshcd_hex_dump(prefix, regs, len);\n\tkfree(regs);\n\n\treturn 0;\n}\nEXPORT_SYMBOL_GPL(ufshcd_dump_regs);\n\nenum {\n\tUFSHCD_MAX_CHANNEL\t= 0,\n\tUFSHCD_MAX_ID\t\t= 1,\n};\n\nstatic const char *const ufshcd_state_name[] = {\n\t[UFSHCD_STATE_RESET]\t\t\t= "reset",\n\t[UFSHCD_STATE_OPERATIONAL]\t\t= "operational",\n\t[UFSHCD_STATE_ERROR]\t\t\t= "error",\n\t[UFSHCD_STATE_EH_SCHEDULED_FATAL]\t= "eh_fatal",\n\t[UFSHCD_STATE_EH_SCHEDULED_NON_FATAL]\t= "eh_non_fatal",\n};\n\n/* UFSHCD error handling flags */\nenum {\n\tUFSHCD_EH_IN_PROGRESS = (1 << 0),\n};\n\n/* UFSHCD UIC layer error flags */\nenum {\n\tUFSHCD_UIC_DL_PA_INIT_ERROR = (1 << 0), /* Data link layer error */\n\tUFSHCD_UIC_DL_NAC_RECEIVED_ERROR = (1 << 1), /* Data link layer error */\n\tUFSHCD_UIC_DL_TCx_REPLAY_ERROR = (1 << 2), /* Data link layer error */\n\tUFSHCD_UIC_NL_ERROR = (1 << 3), /* Network layer error */\n\tUFSHCD_UIC_TL_ERROR = (1 << 4), /* Transport Layer error */\n\tUFSHCD_UIC_DME_ERROR = (1 << 5), /* DME error */\n\tUFSHCD_UIC_PA_GENERIC_ERROR = (1 << 6), /* Generic PA error */\n};\n\n#define ufshcd_set_eh_in_progress(h) \\\n\t((h)->eh_flags |= UFSHCD_EH_IN_PROGRESS)\n#define ufshcd_eh_in_progress(h) \\\n\t((h)->eh_flags & UFSHCD_EH_IN_PROGRESS)\n#define ufshcd_clear_eh_in_progress(h) \\\n\t((h)->eh_flags &= ~UFSHCD_EH_IN_PROGRESS)\n\nconst struct ufs_pm_lvl_states ufs_pm_lvl_states[] = {\n\t[UFS_PM_LVL_0] = {UFS_ACTIVE_PWR_MODE, UIC_LINK_ACTIVE_STATE},\n\t[UFS_PM_LVL_1] = {UFS_ACTIVE_PWR_MODE, UIC_LINK_HIBERN8_STATE},\n\t[UFS_PM_LVL_2] = {UFS_SLEEP_PWR_MODE, UIC_LINK_ACTIVE_STATE},\n\t[UFS_PM_LVL_3] = {UFS_SLEEP_PWR_MODE, UIC_LINK_HIBERN8_STATE},\n\t[UFS_PM_LVL_4] = {UFS_POWERDOWN_PWR_MODE, UIC_LINK_HIBERN8_STATE},\n\t[UFS_PM_LVL_5] = {UFS_POWERDOWN_PWR_MODE, UIC_LINK_OFF_STATE},\n\t/*\n\t * For DeepSleep, the link is first put in hibern8 and then off.\n\t * Leaving the link in hibern8 is not supported.\n\t */\n\t[UFS_PM_LVL_6] = {UFS_DEEPSLEEP_PWR_MODE, UIC_LINK_OFF_STATE},\n};\n\nstatic inline enum ufs_dev_pwr_mode\nufs_get_pm_lvl_to_dev_pwr_mode(enum ufs_pm_level lvl)\n{\n\treturn ufs_pm_lvl_states[lvl].dev_state;\n}\n\nstatic inline enum uic_link_state\nufs_get_pm_lvl_to_link_pwr_state(enum ufs_pm_level lvl)\n{\n\treturn ufs_pm_lvl_states[lvl].link_state;\n}\n\nstatic inline enum ufs_pm_level\nufs_get_desired_pm_lvl_for_dev_link_state(enum ufs_dev_pwr_mode dev_state,\n\t\t\t\t\tenum uic_link_state link_state)\n{\n\tenum ufs_pm_level lvl;\n\n\tfor (lvl = UFS_PM_LVL_0; lvl < UFS_PM_LVL_MAX; lvl++) {\n\t\tif ((ufs_pm_lvl_states[lvl].dev_state == dev_state) &&\n\t\t\t(ufs_pm_lvl_states[lvl].link_state == link_state))\n\t\t\treturn lvl;\n\t}\n\n\t/* if no match found, return the level 0 */\n\treturn UFS_PM_LVL_0;\n}\n\nstatic bool ufshcd_is_ufs_dev_busy(struct ufs_hba *hba)\n{\n\treturn (hba->clk_gating.active_reqs || hba->outstanding_reqs || hba->outstanding_tasks ||\n\t\thba->active_uic_cmd || hba->uic_async_done);\n}\n\nstatic const struct ufs_dev_quirk ufs_fixups[] = {\n\t/* UFS cards deviations table */\n\t{ .wmanufacturerid = UFS_VENDOR_MICRON,\n\t  .model = UFS_ANY_MODEL,\n\t  .quirk = UFS_DEVICE_QUIRK_DELAY_BEFORE_LPM },\n\t{ .wmanufacturerid = UFS_VENDOR_SAMSUNG,\n\t  .model = UFS_ANY_MODEL,\n\t  .quirk = UFS_DEVICE_QUIRK_DELAY_BEFORE_LPM |\n\t\t   UFS_DEVICE_QUIRK_HOST_PA_TACTIVATE |\n\t\t   UFS_DEVICE_QUIRK_RECOVERY_FROM_DL_NAC_ERRORS },\n\t{ .wmanufacturerid = UFS_VENDOR_SKHYNIX,\n\t  .model = UFS_ANY_MODEL,\n\t  .quirk = UFS_DEVICE_QUIRK_HOST_PA_SAVECONFIGTIME },\n\t{ .wmanufacturerid = UFS_VENDOR_SKHYNIX,\n\t  .model = "hB8aL1" /*H28U62301AMR*/,\n\t  .quirk = UFS_DEVICE_QUIRK_HOST_VS_DEBUGSAVECONFIGTIME },\n\t{ .wmanufacturerid = UFS_VENDOR_TOSHIBA,\n\t  .model = UFS_ANY_MODEL,\n\t  .quirk = UFS_DEVICE_QUIRK_DELAY_BEFORE_LPM },\n\t{ .wmanufacturerid = UFS_VENDOR_TOSHIBA,\n\t  .model = "THGLF2G9C8KBADG",\n\t  .quirk = UFS_DEVICE_QUIRK_PA_TACTIVATE },\n\t{ .wmanufacturerid = UFS_VENDOR_TOSHIBA,\n\t  .model = "THGLF2G9D8KBADG",\n\t  .quirk = UFS_DEVICE_QUIRK_PA_TACTIVATE },\n\t{}\n};\n\nstatic irqreturn_t ufshcd_tmc_handler(struct ufs_hba *hba);\nstatic void ufshcd_async_scan(void *data, async_cookie_t cookie);\nstatic int ufshcd_reset_and_restore(struct ufs_hba *hba);\nstatic int ufshcd_eh_host_reset_handler(struct scsi_cmnd *cmd);\nstatic int ufshcd_clear_tm_cmd(struct ufs_hba *hba, int tag);\nstatic void ufshcd_hba_exit(struct ufs_hba *hba);\nstatic int ufshcd_probe_hba(struct ufs_hba *hba, bool init_dev_params);\nstatic int ufshcd_setup_clocks(struct ufs_hba *hba, bool on);\nstatic inline void ufshcd_add_delay_before_dme_cmd(struct ufs_hba *hba);\nstatic int ufshcd_host_reset_and_restore(struct ufs_hba *hba);\nstatic void ufshcd_resume_clkscaling(struct ufs_hba *hba);\nstatic void ufshcd_suspend_clkscaling(struct ufs_hba *hba);\nstatic int ufshcd_scale_clks(struct ufs_hba *hba, unsigned long freq,\n\t\t\t     bool scale_up);\nstatic irqreturn_t ufshcd_intr(int irq, void *__hba);\nstatic int ufshcd_change_power_mode(struct ufs_hba *hba,\n\t\t\t     struct ufs_pa_layer_attr *pwr_mode);\nstatic int ufshcd_setup_hba_vreg(struct ufs_hba *hba, bool on);\nstatic int ufshcd_setup_vreg(struct ufs_hba *hba, bool on);\nstatic inline int ufshcd_config_vreg_hpm(struct ufs_hba *hba,\n\t\t\t\t\t struct ufs_vreg *vreg);\nstatic void ufshcd_wb_toggle_buf_flush_during_h8(struct ufs_hba *hba,\n\t\t\t\t\t\t bool enable);\nstatic void ufshcd_hba_vreg_set_lpm(struct ufs_hba *hba);\nstatic void ufshcd_hba_vreg_set_hpm(struct ufs_hba *hba);\n\nvoid ufshcd_enable_irq(struct ufs_hba *hba)\n{\n\tif (!hba->is_irq_enabled) {\n\t\tenable_irq(hba->irq);\n\t\thba->is_irq_enabled = true;\n\t}\n}\nEXPORT_SYMBOL_GPL(ufshcd_enable_irq);\n\nvoid ufshcd_disable_irq(struct ufs_hba *hba)\n{\n\tif (hba->is_irq_enabled) {\n\t\tdisable_irq(hba->irq);\n\t\thba->is_irq_enabled = false;\n\t}\n}\nEXPORT_SYMBOL_GPL(ufshcd_disable_irq);\n\nstatic void ufshcd_configure_wb(struct ufs_hba *hba)\n{\n\tif (!ufshcd_is_wb_allowed(hba))\n\t\treturn;\n\n\tufshcd_wb_toggle(hba, true);\n\n\tufshcd_wb_toggle_buf_flush_during_h8(hba, true);\n\n\tif (ufshcd_is_wb_buf_flush_allowed(hba))\n\t\tufshcd_wb_toggle_buf_flush(hba, true);\n}\n\nstatic void ufshcd_scsi_unblock_requests(struct ufs_hba *hba)\n{\n\tif (atomic_dec_and_test(&hba->scsi_block_reqs_cnt))\n\t\tscsi_unblock_requests(hba->host);\n}\n\nstatic void ufshcd_scsi_block_requests(struct ufs_hba *hba)\n{\n\tif (atomic_inc_return(&hba->scsi_block_reqs_cnt) == 1)\n\t\tscsi_block_requests(hba->host);\n}\n\nstatic void ufshcd_add_cmd_upiu_trace(struct ufs_hba *hba, unsigned int tag,\n\t\t\t\t      enum ufs_trace_str_t str_t)\n{\n\tstruct utp_upiu_req *rq = hba->lrb[tag].ucd_req_ptr;\n\tstruct utp_upiu_header *header;\n\n\tif (!trace_ufshcd_upiu_enabled())\n\t\treturn;\n\n\tif (str_t == UFS_CMD_SEND)\n\t\theader = &rq->header;\n\telse\n\t\theader = &hba->lrb[tag].ucd_rsp_ptr->header;\n\n\ttrace_ufshcd_upiu(dev_name(hba->dev), str_t, header, &rq->sc.cdb,\n\t\t\t  UFS_TSF_CDB);\n}\n\nstatic void ufshcd_add_query_upiu_trace(struct ufs_hba *hba,\n\t\t\t\t\tenum ufs_trace_str_t str_t,\n\t\t\t\t\tstruct utp_upiu_req *rq_rsp)\n{\n\tif (!trace_ufshcd_upiu_enabled())\n\t\treturn;\n\n\ttrace_ufshcd_upiu(dev_name(hba->dev), str_t, &rq_rsp->header,\n\t\t\t  &rq_rsp->qr, UFS_TSF_OSF);\n}\n\nstatic void ufshcd_add_tm_upiu_trace(struct ufs_hba *hba, unsigned int tag,\n\t\t\t\t     enum ufs_trace_str_t str_t)\n{\n\tstruct utp_task_req_desc *descp = &hba->utmrdl_base_addr[tag];\n\n\tif (!trace_ufshcd_upiu_enabled())\n\t\treturn;\n\n\tif (str_t == UFS_TM_SEND)\n\t\ttrace_ufshcd_upiu(dev_name(hba->dev), str_t,\n\t\t\t\t  &descp->upiu_req.req_header,\n\t\t\t\t  &descp->upiu_req.input_param1,\n\t\t\t\t  UFS_TSF_TM_INPUT);\n\telse\n\t\ttrace_ufshcd_upiu(dev_name(hba->dev), str_t,\n\t\t\t\t  &descp->upiu_rsp.rsp_header,\n\t\t\t\t  &descp->upiu_rsp.output_param1,\n\t\t\t\t  UFS_TSF_TM_OUTPUT);\n}\n\nstatic void ufshcd_add_uic_command_trace(struct ufs_hba *hba,\n\t\t\t\t\t const struct uic_command *ucmd,\n\t\t\t\t\t enum ufs_trace_str_t str_t)\n{\n\tu32 cmd;\n\n\tif (!trace_ufshcd_uic_command_enabled())\n\t\treturn;\n\n\tif (str_t == UFS_CMD_SEND)\n\t\tcmd = ucmd->command;\n\telse\n\t\tcmd = ufshcd_readl(hba, REG_UIC_COMMAND);\n\n\ttrace_ufshcd_uic_command(dev_name(hba->dev), str_t, cmd,\n\t\t\t\t ufshcd_readl(hba, REG_UIC_COMMAND_ARG_1),\n\t\t\t\t ufshcd_readl(hba, REG_UIC_COMMAND_ARG_2),\n\t\t\t\t ufshcd_readl(hba, REG_UIC_COMMAND_ARG_3));\n}\n\nstatic void ufshcd_add_command_trace(struct ufs_hba *hba, unsigned int tag,\n\t\t\t\t     enum ufs_trace_str_t str_t)\n{\n\tu64 lba = 0;\n\tu8 opcode = 0, group_id = 0;\n\tu32 doorbell = 0;\n\tu32 intr;\n\tint hwq_id = -1;\n\tstruct ufshcd_lrb *lrbp = &hba->lrb[tag];\n\tstruct scsi_cmnd *cmd = lrbp->cmd;\n\tstruct request *rq = scsi_cmd_to_rq(cmd);\n\tint transfer_len = -1;\n\n\tif (!cmd)\n\t\treturn;\n\n\t/* trace UPIU also */\n\tufshcd_add_cmd_upiu_trace(hba, tag, str_t);\n\tif (!trace_ufshcd_command_enabled())\n\t\treturn;\n\n\topcode = cmd->cmnd[0];\n\n\tif (opcode == READ_10 || opcode == WRITE_10) {\n\t\t/*\n\t\t * Currently we only fully trace read(10) and write(10) commands\n\t\t */\n\t\ttransfer_len =\n\t\t       be32_to_cpu(lrbp->ucd_req_ptr->sc.exp_data_transfer_len);\n\t\tlba = scsi_get_lba(cmd);\n\t\tif (opcode == WRITE_10)\n\t\t\tgroup_id = lrbp->cmd->cmnd[6];\n\t} else if (opcode == UNMAP) {\n\t\t/*\n\t\t * The number of Bytes to be unmapped beginning with the lba.\n\t\t */\n\t\ttransfer_len = blk_rq_bytes(rq);\n\t\tlba = scsi_get_lba(cmd);\n\t}\n\n\tintr = ufshcd_readl(hba, REG_INTERRUPT_STATUS);\n\n\tif (hba->mcq_enabled) {\n\t\tstruct ufs_hw_queue *hwq = ufshcd_mcq_req_to_hwq(hba, rq);\n\n\t\thwq_id = hwq->id;\n\t} else {\n\t\tdoorbell = ufshcd_readl(hba, REG_UTP_TRANSFER_REQ_DOOR_BELL);\n\t}\n\ttrace_ufshcd_command(cmd->device, str_t, tag, doorbell, hwq_id,\n\t\t\t     transfer_len, intr, lba, opcode, group_id);\n}\n\nstatic void ufshcd_print_clk_freqs(struct ufs_hba *hba)\n{\n\tstruct ufs_clk_info *clki;\n\tstruct list_head *head = &hba->clk_list_head;\n\n\tif (list_empty(head))\n\t\treturn;\n\n\tlist_for_each_entry(clki, head, list) {\n\t\tif (!IS_ERR_OR_NULL(clki->clk) && clki->min_freq &&\n\t\t\t\tclki->max_freq)\n\t\t\tdev_err(hba->dev, "clk: %s, rate: %u\\n",\n\t\t\t\t\tclki->name, clki->curr_freq);\n\t}\n}\n\nstatic void ufshcd_print_evt(struct ufs_hba *hba, u32 id,\n\t\t\t     const char *err_name)\n{\n\tint i;\n\tbool found = false;\n\tconst struct ufs_event_hist *e;\n\n\tif (id >= UFS_EVT_CNT)\n\t\treturn;\n\n\te = &hba->ufs_stats.event[id];\n\n\tfor (i = 0; i < UFS_EVENT_HIST_LENGTH; i++) {\n\t\tint p = (i + e->pos) % UFS_EVENT_HIST_LENGTH;\n\n\t\tif (e->tstamp[p] == 0)\n\t\t\tcontinue;\n\t\tdev_err(hba->dev, "%s[%d] = 0x%x at %lld us\\n", err_name, p,\n\t\t\te->val[p], div_u64(e->tstamp[p], 1000));\n\t\tfound = true;\n\t}\n\n\tif (!found)\n\t\tdev_err(hba->dev, "No record of %s\\n", err_name);\n\telse\n\t\tdev_err(hba->dev, "%s: total cnt=%llu\\n", err_name, e->cnt);\n}\n\nstatic void ufshcd_print_evt_hist(struct ufs_hba *hba)\n{\n\tufshcd_dump_regs(hba, 0, UFSHCI_REG_SPACE_SIZE, "host_regs: ");\n\n\tufshcd_print_evt(hba, UFS_EVT_PA_ERR, "pa_err");\n\tufshcd_print_evt(hba, UFS_EVT_DL_ERR, "dl_err");\n\tufshcd_print_evt(hba, UFS_EVT_NL_ERR, "nl_err");\n\tufshcd_print_evt(hba, UFS_EVT_TL_ERR, "tl_err");\n\tufshcd_print_evt(hba, UFS_EVT_DME_ERR, "dme_err");\n\tufshcd_print_evt(hba, UFS_EVT_AUTO_HIBERN8_ERR,\n\t\t\t "auto_hibern8_err");\n\tufshcd_print_evt(hba, UFS_EVT_FATAL_ERR, "fatal_err");\n\tufshcd_print_evt(hba, UFS_EVT_LINK_STARTUP_FAIL,\n\t\t\t "link_startup_fail");\n\tufshcd_print_evt(hba, UFS_EVT_RESUME_ERR, "resume_fail");\n\tufshcd_print_evt(hba, UFS_EVT_SUSPEND_ERR,\n\t\t\t "suspend_fail");\n\tufshcd_print_evt(hba, UFS_EVT_WL_RES_ERR, "wlun resume_fail");\n\tufshcd_print_evt(hba, UFS_EVT_WL_SUSP_ERR,\n\t\t\t "wlun suspend_fail");\n\tufshcd_print_evt(hba, UFS_EVT_DEV_RESET, "dev_reset");\n\tufshcd_print_evt(hba, UFS_EVT_HOST_RESET, "host_reset");\n\tufshcd_print_evt(hba, UFS_EVT_ABORT, "task_abort");\n\n\tufshcd_vops_dbg_register_dump(hba);\n}\n\nstatic\nvoid ufshcd_print_tr(struct ufs_hba *hba, int tag, bool pr_prdt)\n{\n\tconst struct ufshcd_lrb *lrbp;\n\tint prdt_length;\n\n\tlrbp = &hba->lrb[tag];\n\n\tdev_err(hba->dev, "UPIU[%d] - issue time %lld us\\n",\n\t\t\ttag, div_u64(lrbp->issue_time_stamp_local_clock, 1000));\n\tdev_err(hba->dev, "UPIU[%d] - complete time %lld us\\n",\n\t\t\ttag, div_u64(lrbp->compl_time_stamp_local_clock, 1000));\n\tdev_err(hba->dev,\n\t\t"UPIU[%d] - Transfer Request Descriptor phys@0x%llx\\n",\n\t\ttag, (u64)lrbp->utrd_dma_addr);\n\n\tufshcd_hex_dump("UPIU TRD: ", lrbp->utr_descriptor_ptr,\n\t\t\tsizeof(struct utp_transfer_req_desc));\n\tdev_err(hba->dev, "UPIU[%d] - Request UPIU phys@0x%llx\\n", tag,\n\t\t(u64)lrbp->ucd_req_dma_addr);\n\tufshcd_hex_dump("UPIU REQ: ", lrbp->ucd_req_ptr,\n\t\t\tsizeof(struct utp_upiu_req));\n\tdev_err(hba->dev, "UPIU[%d] - Response UPIU phys@0x%llx\\n", tag,\n\t\t(u64)lrbp->ucd_rsp_dma_addr);\n\tufshcd_hex_dump("UPIU RSP: ", lrbp->ucd_rsp_ptr,\n\t\t\tsizeof(struct utp_upiu_rsp));\n\n\tprdt_length = le16_to_cpu(\n\t\tlrbp->utr_descriptor_ptr->prd_table_length);\n\tif (hba->quirks & UFSHCD_QUIRK_PRDT_BYTE_GRAN)\n\t\tprdt_length /= ufshcd_sg_entry_size(hba);\n\n\tdev_err(hba->dev,\n\t\t"UPIU[%d] - PRDT - %d entries  phys@0x%llx\\n",\n\t\ttag, prdt_length,\n\t\t(u64)lrbp->ucd_prdt_dma_addr);\n\n\tif (pr_prdt)\n\t\tufshcd_hex_dump("UPIU PRDT: ", lrbp->ucd_prdt_ptr,\n\t\t\tufshcd_sg_entry_size(hba) * prdt_length);\n}\n\nstatic bool ufshcd_print_tr_iter(struct request *req, void *priv)\n{\n\tstruct scsi_device *sdev = req->q->queuedata;\n\tstruct Scsi_Host *shost = sdev->host;\n\tstruct ufs_hba *hba = shost_priv(shost);\n\n\tufshcd_print_tr(hba, req->tag, *(bool *)priv);\n\n\treturn true;\n}\n\n/**\n * ufshcd_print_trs_all - print trs for all started requests.\n * @hba: per-adapter instance.\n * @pr_prdt: need to print prdt or not.\n */\nstatic void ufshcd_print_trs_all(struct ufs_hba *hba, bool pr_prdt)\n{\n\tblk_mq_tagset_busy_iter(&hba->host->tag_set, ufshcd_print_tr_iter, &pr_prdt);\n}\n\nstatic void ufshcd_print_tmrs(struct ufs_hba *hba, unsigned long bitmap)\n{\n\tint tag;\n\n\tfor_each_set_bit(tag, &bitmap, hba->nutmrs) {\n\t\tstruct utp_task_req_desc *tmrdp = &hba->utmrdl_base_addr[tag];\n\n\t\tdev_err(hba->dev, "TM[%d] - Task Management Header\\n", tag);\n\t\tufshcd_hex_dump("", tmrdp, sizeof(*tmrdp));\n\t}\n}\n\nstatic void ufshcd_print_host_state(struct ufs_hba *hba)\n{\n\tconst struct scsi_device *sdev_ufs = hba->ufs_device_wlun;\n\n\tdev_err(hba->dev, "UFS Host state=%d\\n", hba->ufshcd_state);\n\tdev_err(hba->dev, "outstanding reqs=0x%lx tasks=0x%lx\\n",\n\t\thba->outstanding_reqs, hba->outstanding_tasks);\n\tdev_err(hba->dev, "saved_err=0x%x, saved_uic_err=0x%x\\n",\n\t\thba->saved_err, hba->saved_uic_err);\n\tdev_err(hba->dev, "Device power mode=%d, UIC link state=%d\\n",\n\t\thba->curr_dev_pwr_mode, hba->uic_link_state);\n\tdev_err(hba->dev, "PM in progress=%d, sys. suspended=%d\\n",\n\t\thba->pm_op_in_progress, hba->is_sys_suspended);\n\tdev_err(hba->dev, "Auto BKOPS=%d, Host self-block=%d\\n",\n\t\thba->auto_bkops_enabled, hba->host->host_self_blocked);\n\tdev_err(hba->dev, "Clk gate=%d\\n", hba->clk_gating.state);\n\tdev_err(hba->dev,\n\t\t"last_hibern8_exit_tstamp at %lld us, hibern8_exit_cnt=%d\\n",\n\t\tdiv_u64(hba->ufs_stats.last_hibern8_exit_tstamp, 1000),\n\t\thba->ufs_stats.hibern8_exit_cnt);\n\tdev_err(hba->dev, "last intr at %lld us, last intr status=0x%x\\n",\n\t\tdiv_u64(hba->ufs_stats.last_intr_ts, 1000),\n\t\thba->ufs_stats.last_intr_status);\n\tdev_err(hba->dev, "error handling flags=0x%x, req. abort count=%d\\n",\n\t\thba->eh_flags, hba->req_abort_count);\n\tdev_err(hba->dev, "hba->ufs_version=0x%x, Host capabilities=0x%x, caps=0x%x\\n",\n\t\thba->ufs_version, hba->capabilities, hba->caps);\n\tdev_err(hba->dev, "quirks=0x%x, dev. quirks=0x%x\\n", hba->quirks,\n\t\thba->dev_quirks);\n\tif (sdev_ufs)\n\t\tdev_err(hba->dev, "UFS dev info: %.8s %.16s rev %.4s\\n",\n\t\t\tsdev_ufs->vendor, sdev_ufs->model, sdev_ufs->rev);\n\n\tufshcd_print_clk_freqs(hba);\n}\n\n/**\n * ufshcd_print_pwr_info - print power params as saved in hba\n * power info\n * @hba: per-adapter instance\n */\nstatic void ufshcd_print_pwr_info(struct ufs_hba *hba)\n{\n\tstatic const char * const names[] = {\n\t\t"INVALID MODE",\n\t\t"FAST MODE",\n\t\t"SLOW_MODE",\n\t\t"INVALID MODE",\n\t\t"FASTAUTO_MODE",\n\t\t"SLOWAUTO_MODE",\n\t\t"INVALID MODE",\n\t};\n\n\t/*\n\t * Using dev_dbg to avoid messages during runtime PM to avoid\n\t * never-ending cycles of messages written back to storage by user space\n\t * causing runtime resume, causing more messages and so on.\n\t */\n\tdev_dbg(hba->dev, "%s:[RX, TX]: gear=[%d, %d], lane[%d, %d], pwr[%s, %s], rate = %d\\n",\n\t\t __func__,\n\t\t hba->pwr_info.gear_rx, hba->pwr_info.gear_tx,\n\t\t hba->pwr_info.lane_rx, hba->pwr_info.lane_tx,\n\t\t names[hba->pwr_info.pwr_rx],\n\t\t names[hba->pwr_info.pwr_tx],\n\t\t hba->pwr_info.hs_rate);\n}\n\nstatic void ufshcd_device_reset(struct ufs_hba *hba)\n{\n\tint err;\n\n\terr = ufshcd_vops_device_reset(hba);\n\n\tif (!err) {\n\t\tufshcd_set_ufs_dev_active(hba);\n\t\tif (ufshcd_is_wb_allowed(hba)) {\n\t\t\thba->dev_info.wb_enabled = false;\n\t\t\thba->dev_info.wb_buf_flush_enabled = false;\n\t\t}\n\t\tif (hba->dev_info.rtc_type == UFS_RTC_RELATIVE)\n\t\t\thba->dev_info.rtc_time_baseline = 0;\n\t}\n\tif (err != -EOPNOTSUPP)\n\t\tufshcd_update_evt_hist(hba, UFS_EVT_DEV_RESET, err);\n}\n\nvoid ufshcd_delay_us(unsigned long us, unsigned long tolerance)\n{\n\tif (!us)\n\t\treturn;\n\n\tif (us < 10)\n\t\tudelay(us);\n\telse\n\t\tusleep_range(us, us + tolerance);\n}\nEXPORT_SYMBOL_GPL(ufshcd_delay_us);\n\n/**\n * ufshcd_wait_for_register - wait for register value to change\n * @hba: per-adapter interface\n * @reg: mmio register offset\n * @mask: mask to apply to the read register value\n * @val: value to wait for\n * @interval_us: polling interval in microseconds\n * @timeout_ms: timeout in milliseconds\n *\n * Return: -ETIMEDOUT on error, zero on success.\n */\nstatic int ufshcd_wait_for_register(struct ufs_hba *hba, u32 reg, u32 mask,\n\t\t\t\tu32 val, unsigned long interval_us,\n\t\t\t\tunsigned long timeout_ms)\n{\n\tint err = 0;\n\tunsigned long timeout = jiffies + msecs_to_jiffies(timeout_ms);\n\n\t/* ignore bits that we don\'t intend to wait on */\n\tval = val & mask;\n\n\twhile ((ufshcd_readl(hba, reg) & mask) != val) {\n\t\tusleep_range(interval_us, interval_us + 50);\n\t\tif (time_after(jiffies, timeout)) {\n\t\t\tif ((ufshcd_readl(hba, reg) & mask) != val)\n\t\t\t\terr = -ETIMEDOUT;\n\t\t\tbreak;\n\t\t}\n\t}\n\n\treturn err;\n}\n\n/**\n * ufshcd_get_intr_mask - Get the interrupt bit mask\n * @hba: Pointer to adapter instance\n *\n * Return: interrupt bit mask per version\n */\nstatic inline u32 ufshcd_get_intr_mask(struct ufs_hba *hba)\n{\n\tif (hba->ufs_version <= ufshci_version(2, 0))\n\t\treturn INTERRUPT_MASK_ALL_VER_11;\n\n\treturn INTERRUPT_MASK_ALL_VER_21;\n}\n\n/**\n * ufshcd_get_ufs_version - Get the UFS version supported by the HBA\n * @hba: Pointer to adapter instance\n *\n * Return: UFSHCI version supported by the controller\n */\nstatic inline u32 ufshcd_get_ufs_version(struct ufs_hba *hba)\n{\n\tu32 ufshci_ver;\n\n\tif (hba->quirks & UFSHCD_QUIRK_BROKEN_UFS_HCI_VERSION)\n\t\tufshci_ver = ufshcd_vops_get_ufs_hci_version(hba);\n\telse\n\t\tufshci_ver = ufshcd_readl(hba, REG_UFS_VERSION);\n\n\t/*\n\t * UFSHCI v1.x uses a different version scheme, in order\n\t * to allow the use of comparisons with the ufshci_version\n\t * function, we convert it to the same scheme as ufs 2.0+.\n\t */\n\tif (ufshci_ver & 0x00010000)\n\t\treturn ufshci_version(1, ufshci_ver & 0x00000100);\n\n\treturn ufshci_ver;\n}\n\n/**\n * ufshcd_is_device_present - Check if any device connected to\n *\t\t\t      the host controller\n * @hba: pointer to adapter instance\n *\n * Return: true if device present, false if no device detected\n */\nstatic inline bool ufshcd_is_device_present(struct ufs_hba *hba)\n{\n\treturn ufshcd_readl(hba, REG_CONTROLLER_STATUS) & DEVICE_PRESENT;\n}\n\n/**\n * ufshcd_get_tr_ocs - Get the UTRD Overall Command Status\n * @lrbp: pointer to local command reference block\n * @cqe: pointer to the completion queue entry\n *\n * This function is used to get the OCS field from UTRD\n *\n * Return: the OCS field in the UTRD.\n */\nstatic enum utp_ocs ufshcd_get_tr_ocs(struct ufshcd_lrb *lrbp,\n\t\t\t\t      struct cq_entry *cqe)\n{\n\tif (cqe)\n\t\treturn le32_to_cpu(cqe->status) & MASK_OCS;\n\n\treturn lrbp->utr_descriptor_ptr->header.ocs & MASK_OCS;\n}\n\n/**\n * ufshcd_utrl_clear() - Clear requests from the controller request list.\n * @hba: per adapter instance\n * @mask: mask with one bit set for each request to be cleared\n */\nstatic inline void ufshcd_utrl_clear(struct ufs_hba *hba, u32 mask)\n{\n\tif (hba->quirks & UFSHCI_QUIRK_BROKEN_REQ_LIST_CLR)\n\t\tmask = ~mask;\n\t/*\n\t * From the UFSHCI specification: "UTP Transfer Request List CLear\n\t * Register (UTRLCLR): This field is bit significant. Each bit\n\t * corresponds to a slot in the UTP Transfer Request List, where bit 0\n\t * corresponds to request slot 0. A bit in this field is set to ‘0’\n\t * by host software to indicate to the host controller that a transfer\n\t * request slot is cleared. The host controller\n\t * shall free up any resources associated to the request slot\n\t * immediately, and shall set the associated bit in UTRLDBR to ‘0’. The\n\t * host software indicates no change to request slots by setting the\n\t * associated bits in this field to ‘1’. Bits in this field shall only\n\t * be set ‘1’ or ‘0’ by host software when UTRLRSR is set to ‘1’."\n\t */\n\tufshcd_writel(hba, ~mask, REG_UTP_TRANSFER_REQ_LIST_CLEAR);\n}\n\n/**\n * ufshcd_utmrl_clear - Clear a bit in UTMRLCLR register\n * @hba: per adapter instance\n * @pos: position of the bit to be cleared\n */\nstatic inline void ufshcd_utmrl_clear(struct ufs_hba *hba, u32 pos)\n{\n\tif (hba->quirks & UFSHCI_QUIRK_BROKEN_REQ_LIST_CLR)\n\t\tufshcd_writel(hba, (1 << pos), REG_UTP_TASK_REQ_LIST_CLEAR);\n\telse\n\t\tufshcd_writel(hba, ~(1 << pos), REG_UTP_TASK_REQ_LIST_CLEAR);\n}\n\n/**\n * ufshcd_get_lists_status - Check UCRDY, UTRLRDY and UTMRLRDY\n * @reg: Register value of host controller status\n *\n * Return: 0 on success; a positive value if failed.\n */\nstatic inline int ufshcd_get_lists_status(u32 reg)\n{\n\treturn !((reg & UFSHCD_STATUS_READY) == UFSHCD_STATUS_READY);\n}\n\n/**\n * ufshcd_get_uic_cmd_result - Get the UIC command result\n * @hba: Pointer to adapter instance\n *\n * This function gets the result of UIC command completion\n *\n * Return: 0 on success; non-zero value on error.\n */\nstatic inline int ufshcd_get_uic_cmd_result(struct ufs_hba *hba)\n{\n\treturn ufshcd_readl(hba, REG_UIC_COMMAND_ARG_2) &\n\t       MASK_UIC_COMMAND_RESULT;\n}\n\n/**\n * ufshcd_get_dme_attr_val - Get the value of attribute returned by UIC command\n * @hba: Pointer to adapter instance\n *\n * This function gets UIC command argument3\n *\n * Return: 0 on success; non-zero value on error.\n */\nstatic inline u32 ufshcd_get_dme_attr_val(struct ufs_hba *hba)\n{\n\treturn ufshcd_readl(hba, REG_UIC_COMMAND_ARG_3);\n}\n\n/**\n * ufshcd_get_req_rsp - returns the TR response transaction type\n * @ucd_rsp_ptr: pointer to response UPIU\n *\n * Return: UPIU type.\n */\nstatic inline enum upiu_response_transaction\nufshcd_get_req_rsp(struct utp_upiu_rsp *ucd_rsp_ptr)\n{\n\treturn ucd_rsp_ptr->header.transaction_code;\n}\n\n/**\n * ufshcd_is_exception_event - Check if the device raised an exception event\n * @ucd_rsp_ptr: pointer to response UPIU\n *\n * The function checks if the device raised an exception event indicated in\n * the Device Information field of response UPIU.\n *\n * Return: true if exception is raised, false otherwise.\n */\nstatic inline bool ufshcd_is_exception_event(struct utp_upiu_rsp *ucd_rsp_ptr)\n{\n\treturn ucd_rsp_ptr->header.device_information & 1;\n}\n\n/**\n * ufshcd_reset_intr_aggr - Reset interrupt aggregation values.\n * @hba: per adapter instance\n */\nstatic inline void\nufshcd_reset_intr_aggr(struct ufs_hba *hba)\n{\n\tufshcd_writel(hba, INT_AGGR_ENABLE |\n\t\t      INT_AGGR_COUNTER_AND_TIMER_RESET,\n\t\t      REG_UTP_TRANSFER_REQ_INT_AGG_CONTROL);\n}\n\n/**\n * ufshcd_config_intr_aggr - Configure interrupt aggregation values.\n * @hba: per adapter instance\n * @cnt: Interrupt aggregation counter threshold\n * @tmout: Interrupt aggregation timeout value\n */\nstatic inline void\nufshcd_config_intr_aggr(struct ufs_hba *hba, u8 cnt, u8 tmout)\n{\n\tufshcd_writel(hba, INT_AGGR_ENABLE | INT_AGGR_PARAM_WRITE |\n\t\t      INT_AGGR_COUNTER_THLD_VAL(cnt) |\n\t\t      INT_AGGR_TIMEOUT_VAL(tmout),\n\t\t      REG_UTP_TRANSFER_REQ_INT_AGG_CONTROL);\n}\n\n/**\n * ufshcd_disable_intr_aggr - Disables interrupt aggregation.\n * @hba: per adapter instance\n */\nstatic inline void ufshcd_disable_intr_aggr(struct ufs_hba *hba)\n{\n\tufshcd_writel(hba, 0, REG_UTP_TRANSFER_REQ_INT_AGG_CONTROL);\n}\n\n/**\n * ufshcd_enable_run_stop_reg - Enable run-stop registers,\n *\t\t\tWhen run-stop registers are set to 1, it indicates the\n *\t\t\thost controller that it can process the requests\n * @hba: per adapter instance\n */\nstatic void ufshcd_enable_run_stop_reg(struct ufs_hba *hba)\n{\n\tufshcd_writel(hba, UTP_TASK_REQ_LIST_RUN_STOP_BIT,\n\t\t      REG_UTP_TASK_REQ_LIST_RUN_STOP);\n\tufshcd_writel(hba, UTP_TRANSFER_REQ_LIST_RUN_STOP_BIT,\n\t\t      REG_UTP_TRANSFER_REQ_LIST_RUN_STOP);\n}\n\n/**\n * ufshcd_hba_start - Start controller initialization sequence\n * @hba: per adapter instance\n */\nstatic inline void ufshcd_hba_start(struct ufs_hba *hba)\n{\n\tu32 val = CONTROLLER_ENABLE;\n\n\tif (ufshcd_crypto_enable(hba))\n\t\tval |= CRYPTO_GENERAL_ENABLE;\n\n\tufshcd_writel(hba, val, REG_CONTROLLER_ENABLE);\n}\n\n/**\n * ufshcd_is_hba_active - Get controller state\n * @hba: per adapter instance\n *\n * Return: true if and only if the controller is active.\n */\nbool ufshcd_is_hba_active(struct ufs_hba *hba)\n{\n\treturn ufshcd_readl(hba, REG_CONTROLLER_ENABLE) & CONTROLLER_ENABLE;\n}\nEXPORT_SYMBOL_GPL(ufshcd_is_hba_active);\n\n/**\n * ufshcd_pm_qos_init - initialize PM QoS request\n * @hba: per adapter instance\n */\nvoid ufshcd_pm_qos_init(struct ufs_hba *hba)\n{\n\n\tif (hba->pm_qos_enabled)\n\t\treturn;\n\n\tcpu_latency_qos_add_request(&hba->pm_qos_req, PM_QOS_DEFAULT_VALUE);\n\n\tif (cpu_latency_qos_request_active(&hba->pm_qos_req))\n\t\thba->pm_qos_enabled = true;\n}\n\n/**\n * ufshcd_pm_qos_exit - remove request from PM QoS\n * @hba: per adapter instance\n */\nvoid ufshcd_pm_qos_exit(struct ufs_hba *hba)\n{\n\tif (!hba->pm_qos_enabled)\n\t\treturn;\n\n\tcpu_latency_qos_remove_request(&hba->pm_qos_req);\n\thba->pm_qos_enabled = false;\n}\n\n/**\n * ufshcd_pm_qos_update - update PM QoS request\n * @hba: per adapter instance\n * @on: If True, vote for perf PM QoS mode otherwise power save mode\n */\nstatic void ufshcd_pm_qos_update(struct ufs_hba *hba, bool on)\n{\n\tif (!hba->pm_qos_enabled)\n\t\treturn;\n\n\tcpu_latency_qos_update_request(&hba->pm_qos_req, on ? 0 : PM_QOS_DEFAULT_VALUE);\n}\n\n/**\n * ufshcd_set_clk_freq - set UFS controller clock frequencies\n * @hba: per adapter instance\n * @scale_up: If True, set max possible frequency othewise set low frequency\n *\n * Return: 0 if successful; < 0 upon failure.\n */\nstatic int ufshcd_set_clk_freq(struct ufs_hba *hba, bool scale_up)\n{\n\tint ret = 0;\n\tstruct ufs_clk_info *clki;\n\tstruct list_head *head = &hba->clk_list_head;\n\n\tif (list_empty(head))\n\t\tgoto out;\n\n\tlist_for_each_entry(clki, head, list) {\n\t\tif (!IS_ERR_OR_NULL(clki->clk)) {\n\t\t\tif (scale_up && clki->max_freq) {\n\t\t\t\tif (clki->curr_freq == clki->max_freq)\n\t\t\t\t\tcontinue;\n\n\t\t\t\tret = clk_set_rate(clki->clk, clki->max_freq);\n\t\t\t\tif (ret) {\n\t\t\t\t\tdev_err(hba->dev, "%s: %s clk set rate(%dHz) failed, %d\\n",\n\t\t\t\t\t\t__func__, clki->name,\n\t\t\t\t\t\tclki->max_freq, ret);\n\t\t\t\t\tbreak;\n\t\t\t\t}\n\t\t\t\ttrace_ufshcd_clk_scaling(dev_name(hba->dev),\n\t\t\t\t\t\t"scaled up", clki->name,\n\t\t\t\t\t\tclki->curr_freq,\n\t\t\t\t\t\tclki->max_freq);\n\n\t\t\t\tclki->curr_freq = clki->max_freq;\n\n\t\t\t} else if (!scale_up && clki->min_freq) {\n\t\t\t\tif (clki->curr_freq == clki->min_freq)\n\t\t\t\t\tcontinue;\n\n\t\t\t\tret = clk_set_rate(clki->clk, clki->min_freq);\n\t\t\t\tif (ret) {\n\t\t\t\t\tdev_err(hba->dev, "%s: %s clk set rate(%dHz) failed, %d\\n",\n\t\t\t\t\t\t__func__, clki->name,\n\t\t\t\t\t\tclki->min_freq, ret);\n\t\t\t\t\tbreak;\n\t\t\t\t}\n\t\t\t\ttrace_ufshcd_clk_scaling(dev_name(hba->dev),\n\t\t\t\t\t\t"scaled down", clki->name,\n\t\t\t\t\t\tclki->curr_freq,\n\t\t\t\t\t\tclki->min_freq);\n\t\t\t\tclki->curr_freq = clki->min_freq;\n\t\t\t}\n\t\t}\n\t\tdev_dbg(hba->dev, "%s: clk: %s, rate: %lu\\n", __func__,\n\t\t\t\tclki->name, clk_get_rate(clki->clk));\n\t}\n\nout:\n\treturn ret;\n}\n\nint ufshcd_opp_config_clks(struct device *dev, struct opp_table *opp_table,\n\t\t\t   struct dev_pm_opp *opp, void *data,\n\t\t\t   bool scaling_down)\n{\n\tstruct ufs_hba *hba = dev_get_drvdata(dev);\n\tstruct list_head *head = &hba->clk_list_head;\n\tstruct ufs_clk_info *clki;\n\tunsigned long freq;\n\tu8 idx = 0;\n\tint ret;\n\n\tlist_for_each_entry(clki, head, list) {\n\t\tif (!IS_ERR_OR_NULL(clki->clk)) {\n\t\t\tfreq = dev_pm_opp_get_freq_indexed(opp, idx++);\n\n\t\t\t/* Do not set rate for clocks having frequency as 0 */\n\t\t\tif (!freq)\n\t\t\t\tcontinue;\n\n\t\t\tret = clk_set_rate(clki->clk, freq);\n\t\t\tif (ret) {\n\t\t\t\tdev_err(dev, "%s: %s clk set rate(%ldHz) failed, %d\\n",\n\t\t\t\t\t__func__, clki->name, freq, ret);\n\t\t\t\treturn ret;\n\t\t\t}\n\n\t\t\ttrace_ufshcd_clk_scaling(dev_name(dev),\n\t\t\t\t(scaling_down ? "scaled down" : "scaled up"),\n\t\t\t\tclki->name, hba->clk_scaling.target_freq, freq);\n\t\t}\n\t}\n\n\treturn 0;\n}\nEXPORT_SYMBOL_GPL(ufshcd_opp_config_clks);\n\nstatic int ufshcd_opp_set_rate(struct ufs_hba *hba, unsigned long freq)\n{\n\tstruct dev_pm_opp *opp;\n\tint ret;\n\n\topp = dev_pm_opp_find_freq_floor_indexed(hba->dev,\n\t\t\t\t\t\t &freq, 0);\n\tif (IS_ERR(opp))\n\t\treturn PTR_ERR(opp);\n\n\tret = dev_pm_opp_set_opp(hba->dev, opp);\n\tdev_pm_opp_put(opp);\n\n\treturn ret;\n}\n\n/**\n * ufshcd_scale_clks - scale up or scale down UFS controller clocks\n * @hba: per adapter instance\n * @freq: frequency to scale\n * @scale_up: True if scaling up and false if scaling down\n *\n * Return: 0 if successful; < 0 upon failure.\n */\nstatic int ufshcd_scale_clks(struct ufs_hba *hba, unsigned long freq,\n\t\t\t     bool scale_up)\n{\n\tint ret = 0;\n\tktime_t start = ktime_get();\n\n\tret = ufshcd_vops_clk_scale_notify(hba, scale_up, PRE_CHANGE);\n\tif (ret)\n\t\tgoto out;\n\n\tif (hba->use_pm_opp)\n\t\tret = ufshcd_opp_set_rate(hba, freq);\n\telse\n\t\tret = ufshcd_set_clk_freq(hba, scale_up);\n\tif (ret)\n\t\tgoto out;\n\n\tret = ufshcd_vops_clk_scale_notify(hba, scale_up, POST_CHANGE);\n\tif (ret) {\n\t\tif (hba->use_pm_opp)\n\t\t\tufshcd_opp_set_rate(hba,\n\t\t\t\t\t    hba->devfreq->previous_freq);\n\t\telse\n\t\t\tufshcd_set_clk_freq(hba, !scale_up);\n\t\tgoto out;\n\t}\n\n\tufshcd_pm_qos_update(hba, scale_up);\n\nout:\n\ttrace_ufshcd_profile_clk_scaling(dev_name(hba->dev),\n\t\t\t(scale_up ? "up" : "down"),\n\t\t\tktime_to_us(ktime_sub(ktime_get(), start)), ret);\n\treturn ret;\n}\n\n/**\n * ufshcd_is_devfreq_scaling_required - check if scaling is required or not\n * @hba: per adapter instance\n * @freq: frequency to scale\n * @scale_up: True if scaling up and false if scaling down\n *\n * Return: true if scaling is required, false otherwise.\n */\nstatic bool ufshcd_is_devfreq_scaling_required(struct ufs_hba *hba,\n\t\t\t\t\t       unsigned long freq, bool scale_up)\n{\n\tstruct ufs_clk_info *clki;\n\tstruct list_head *head = &hba->clk_list_head;\n\n\tif (list_empty(head))\n\t\treturn false;\n\n\tif (hba->use_pm_opp)\n\t\treturn freq != hba->clk_scaling.target_freq;\n\n\tlist_for_each_entry(clki, head, list) {\n\t\tif (!IS_ERR_OR_NULL(clki->clk)) {\n\t\t\tif (scale_up && clki->max_freq) {\n\t\t\t\tif (clki->curr_freq == clki->max_freq)\n\t\t\t\t\tcontinue;\n\t\t\t\treturn true;\n\t\t\t} else if (!scale_up && clki->min_freq) {\n\t\t\t\tif (clki->curr_freq == clki->min_freq)\n\t\t\t\t\tcontinue;\n\t\t\t\treturn true;\n\t\t\t}\n\t\t}\n\t}\n\n\treturn false;\n}\n\n/*\n * Determine the number of pending commands by counting the bits in the SCSI\n * device budget maps. This approach has been selected because a bit is set in\n * the budget map before scsi_host_queue_ready() checks the host_self_blocked\n * flag. The host_self_blocked flag can be modified by calling\n * scsi_block_requests() or scsi_unblock_requests().\n */\nstatic u32 ufshcd_pending_cmds(struct ufs_hba *hba)\n{\n\tconst struct scsi_device *sdev;\n\tu32 pending = 0;\n\n\tlockdep_assert_held(hba->host->host_lock);\n\t__shost_for_each_device(sdev, hba->host)\n\t\tpending += sbitmap_weight(&sdev->budget_map);\n\n\treturn pending;\n}\n\n/*\n * Wait until all pending SCSI commands and TMFs have finished or the timeout\n * has expired.\n *\n * Return: 0 upon success; -EBUSY upon timeout.\n */\nstatic int ufshcd_wait_for_doorbell_clr(struct ufs_hba *hba,\n\t\t\t\t\tu64 wait_timeout_us)\n{\n\tunsigned long flags;\n\tint ret = 0;\n\tu32 tm_doorbell;\n\tu32 tr_pending;\n\tbool timeout = false, do_last_check = false;\n\tktime_t start;\n\n\tufshcd_hold(hba);\n\tspin_lock_irqsave(hba->host->host_lock, flags);\n\t/*\n\t * Wait for all the outstanding tasks/transfer requests.\n\t * Verify by checking the doorbell registers are clear.\n\t */\n\tstart = ktime_get();\n\tdo {\n\t\tif (hba->ufshcd_state != UFSHCD_STATE_OPERATIONAL) {\n\t\t\tret = -EBUSY;\n\t\t\tgoto out;\n\t\t}\n\n\t\ttm_doorbell = ufshcd_readl(hba, REG_UTP_TASK_REQ_DOOR_BELL);\n\t\ttr_pending = ufshcd_pending_cmds(hba);\n\t\tif (!tm_doorbell && !tr_pending) {\n\t\t\ttimeout = false;\n\t\t\tbreak;\n\t\t} else if (do_last_check) {\n\t\t\tbreak;\n\t\t}\n\n\t\tspin_unlock_irqrestore(hba->host->host_lock, flags);\n\t\tio_schedule_timeout(msecs_to_jiffies(20));\n\t\tif (ktime_to_us(ktime_sub(ktime_get(), start)) >\n\t\t    wait_timeout_us) {\n\t\t\ttimeout = true;\n\t\t\t/*\n\t\t\t * We might have scheduled out for long time so make\n\t\t\t * sure to check if doorbells are cleared by this time\n\t\t\t * or not.\n\t\t\t */\n\t\t\tdo_last_check = true;\n\t\t}\n\t\tspin_lock_irqsave(hba->host->host_lock, flags);\n\t} while (tm_doorbell || tr_pending);\n\n\tif (timeout) {\n\t\tdev_err(hba->dev,\n\t\t\t"%s: timedout waiting for doorbell to clear (tm=0x%x, tr=0x%x)\\n",\n\t\t\t__func__, tm_doorbell, tr_pending);\n\t\tret = -EBUSY;\n\t}\nout:\n\tspin_unlock_irqrestore(hba->host->host_lock, flags);\n\tufshcd_release(hba);\n\treturn ret;\n}\n\n/**\n * ufshcd_scale_gear - scale up/down UFS gear\n * @hba: per adapter instance\n * @scale_up: True for scaling up gear and false for scaling down\n *\n * Return: 0 for success; -EBUSY if scaling can\'t happen at this time;\n * non-zero for any other errors.\n */\nstatic int ufshcd_scale_gear(struct ufs_hba *hba, bool scale_up)\n{\n\tint ret = 0;\n\tstruct ufs_pa_layer_attr new_pwr_info;\n\n\tif (scale_up) {\n\t\tmemcpy(&new_pwr_info, &hba->clk_scaling.saved_pwr_info,\n\t\t       sizeof(struct ufs_pa_layer_attr));\n\t} else {\n\t\tmemcpy(&new_pwr_info, &hba->pwr_info,\n\t\t       sizeof(struct ufs_pa_layer_attr));\n\n\t\tif (hba->pwr_info.gear_tx > hba->clk_scaling.min_gear ||\n\t\t    hba->pwr_info.gear_rx > hba->clk_scaling.min_gear) {\n\t\t\t/* save the current power mode */\n\t\t\tmemcpy(&hba->clk_scaling.saved_pwr_info,\n\t\t\t\t&hba->pwr_info,\n\t\t\t\tsizeof(struct ufs_pa_layer_attr));\n\n\t\t\t/* scale down gear */\n\t\t\tnew_pwr_info.gear_tx = hba->clk_scaling.min_gear;\n\t\t\tnew_pwr_info.gear_rx = hba->clk_scaling.min_gear;\n\t\t}\n\t}\n\n\t/* check if the power mode needs to be changed or not? */\n\tret = ufshcd_config_pwr_mode(hba, &new_pwr_info);\n\tif (ret)\n\t\tdev_err(hba->dev, "%s: failed err %d, old gear: (tx %d rx %d), new gear: (tx %d rx %d)",\n\t\t\t__func__, ret,\n\t\t\thba->pwr_info.gear_tx, hba->pwr_info.gear_rx,\n\t\t\tnew_pwr_info.gear_tx, new_pwr_info.gear_rx);\n\n\treturn ret;\n}\n\n/*\n * Wait until all pending SCSI commands and TMFs have finished or the timeout\n * has expired.\n *\n * Return: 0 upon success; -EBUSY upon timeout.\n */\nstatic int ufshcd_clock_scaling_prepare(struct ufs_hba *hba, u64 timeout_us)\n{\n\tint ret = 0;\n\t/*\n\t * make sure that there are no outstanding requests when\n\t * clock scaling is in progress\n\t */\n\tblk_mq_quiesce_tagset(&hba->host->tag_set);\n\tmutex_lock(&hba->wb_mutex);\n\tdown_write(&hba->clk_scaling_lock);\n\n\tif (!hba->clk_scaling.is_allowed ||\n\t    ufshcd_wait_for_doorbell_clr(hba, timeout_us)) {\n\t\tret = -EBUSY;\n\t\tup_write(&hba->clk_scaling_lock);\n\t\tmutex_unlock(&hba->wb_mutex);\n\t\tblk_mq_unquiesce_tagset(&hba->host->tag_set);\n\t\tgoto out;\n\t}\n\n\t/* let\'s not get into low power until clock scaling is completed */\n\tufshcd_hold(hba);\n\nout:\n\treturn ret;\n}\n\nstatic void ufshcd_clock_scaling_unprepare(struct ufs_hba *hba, int err, bool scale_up)\n{\n\tup_write(&hba->clk_scaling_lock);\n\n\t/* Enable Write Booster if we have scaled up else disable it */\n\tif (ufshcd_enable_wb_if_scaling_up(hba) && !err)\n\t\tufshcd_wb_toggle(hba, scale_up);\n\n\tmutex_unlock(&hba->wb_mutex);\n\n\tblk_mq_unquiesce_tagset(&hba->host->tag_set);\n\tufshcd_release(hba);\n}\n\n/**\n * ufshcd_devfreq_scale - scale up/down UFS clocks and gear\n * @hba: per adapter instance\n * @freq: frequency to scale\n * @scale_up: True for scaling up and false for scalin down\n *\n * Return: 0 for success; -EBUSY if scaling can\'t happen at this time; non-zero\n * for any other errors.\n */\nstatic int ufshcd_devfreq_scale(struct ufs_hba *hba, unsigned long freq,\n\t\t\t\tbool scale_up)\n{\n\tint ret = 0;\n\n\tret = ufshcd_clock_scaling_prepare(hba, 1 * USEC_PER_SEC);\n\tif (ret)\n\t\treturn ret;\n\n\t/* scale down the gear before scaling down clocks */\n\tif (!scale_up) {\n\t\tret = ufshcd_scale_gear(hba, false);\n\t\tif (ret)\n\t\t\tgoto out_unprepare;\n\t}\n\n\tret = ufshcd_scale_clks(hba, freq, scale_up);\n\tif (ret) {\n\t\tif (!scale_up)\n\t\t\tufshcd_scale_gear(hba, true);\n\t\tgoto out_unprepare;\n\t}\n\n\t/* scale up the gear after scaling up clocks */\n\tif (scale_up) {\n\t\tret = ufshcd_scale_gear(hba, true);\n\t\tif (ret) {\n\t\t\tufshcd_scale_clks(hba, hba->devfreq->previous_freq,\n\t\t\t\t\t  false);\n\t\t\tgoto out_unprepare;\n\t\t}\n\t}\n\nout_unprepare:\n\tufshcd_clock_scaling_unprepare(hba, ret, scale_up);\n\treturn ret;\n}\n\nstatic void ufshcd_clk_scaling_suspend_work(struct work_struct *work)\n{\n\tstruct ufs_hba *hba = container_of(work, struct ufs_hba,\n\t\t\t\t\t   clk_scaling.suspend_work);\n\tunsigned long irq_flags;\n\n\tspin_lock_irqsave(hba->host->host_lock, irq_flags);\n\tif (hba->clk_scaling.active_reqs || hba->clk_scaling.is_suspended) {\n\t\tspin_unlock_irqrestore(hba->host->host_lock, irq_flags);\n\t\treturn;\n\t}\n\thba->clk_scaling.is_suspended = true;\n\thba->clk_scaling.window_start_t = 0;\n\tspin_unlock_irqrestore(hba->host->host_lock, irq_flags);\n\n\tdevfreq_suspend_device(hba->devfreq);\n}\n\nstatic void ufshcd_clk_scaling_resume_work(struct work_struct *work)\n{\n\tstruct ufs_hba *hba = container_of(work, struct ufs_hba,\n\t\t\t\t\t   clk_scaling.resume_work);\n\tunsigned long irq_flags;\n\n\tspin_lock_irqsave(hba->host->host_lock, irq_flags);\n\tif (!hba->clk_scaling.is_suspended) {\n\t\tspin_unlock_irqrestore(hba->host->host_lock, irq_flags);\n\t\treturn;\n\t}\n\thba->clk_scaling.is_suspended = false;\n\tspin_unlock_irqrestore(hba->host->host_lock, irq_flags);\n\n\tdevfreq_resume_device(hba->devfreq);\n}\n\nstatic int ufshcd_devfreq_target(struct device *dev,\n\t\t\t\tunsigned long *freq, u32 flags)\n{\n\tint ret = 0;\n\tstruct ufs_hba *hba = dev_get_drvdata(dev);\n\tktime_t start;\n\tbool scale_up = false, sched_clk_scaling_suspend_work = false;\n\tstruct list_head *clk_list = &hba->clk_list_head;\n\tstruct ufs_clk_info *clki;\n\tunsigned long irq_flags;\n\n\tif (!ufshcd_is_clkscaling_supported(hba))\n\t\treturn -EINVAL;\n\n\tif (hba->use_pm_opp) {\n\t\tstruct dev_pm_opp *opp;\n\n\t\t/* Get the recommended frequency from OPP framework */\n\t\topp = devfreq_recommended_opp(dev, freq, flags);\n\t\tif (IS_ERR(opp))\n\t\t\treturn PTR_ERR(opp);\n\n\t\tdev_pm_opp_put(opp);\n\t} else {\n\t\t/* Override with the closest supported frequency */\n\t\tclki = list_first_entry(&hba->clk_list_head, struct ufs_clk_info,\n\t\t\t\t\tlist);\n\t\t*freq =\t(unsigned long) clk_round_rate(clki->clk, *freq);\n\t}\n\n\tspin_lock_irqsave(hba->host->host_lock, irq_flags);\n\tif (ufshcd_eh_in_progress(hba)) {\n\t\tspin_unlock_irqrestore(hba->host->host_lock, irq_flags);\n\t\treturn 0;\n\t}\n\n\t/* Skip scaling clock when clock scaling is suspended */\n\tif (hba->clk_scaling.is_suspended) {\n\t\tspin_unlock_irqrestore(hba->host->host_lock, irq_flags);\n\t\tdev_warn(hba->dev, "clock scaling is suspended, skip");\n\t\treturn 0;\n\t}\n\n\tif (!hba->clk_scaling.active_reqs)\n\t\tsched_clk_scaling_suspend_work = true;\n\n\tif (list_empty(clk_list)) {\n\t\tspin_unlock_irqrestore(hba->host->host_lock, irq_flags);\n\t\tgoto out;\n\t}\n\n\t/* Decide based on the target or rounded-off frequency and update */\n\tif (hba->use_pm_opp)\n\t\tscale_up = *freq > hba->clk_scaling.target_freq;\n\telse\n\t\tscale_up = *freq == clki->max_freq;\n\n\tif (!hba->use_pm_opp && !scale_up)\n\t\t*freq = clki->min_freq;\n\n\t/* Update the frequency */\n\tif (!ufshcd_is_devfreq_scaling_required(hba, *freq, scale_up)) {\n\t\tspin_unlock_irqrestore(hba->host->host_lock, irq_flags);\n\t\tret = 0;\n\t\tgoto out; /* no state change required */\n\t}\n\tspin_unlock_irqrestore(hba->host->host_lock, irq_flags);\n\n\tstart = ktime_get();\n\tret = ufshcd_devfreq_scale(hba, *freq, scale_up);\n\tif (!ret)\n\t\thba->clk_scaling.target_freq = *freq;\n\n\ttrace_ufshcd_profile_clk_scaling(dev_name(hba->dev),\n\t\t(scale_up ? "up" : "down"),\n\t\tktime_to_us(ktime_sub(ktime_get(), start)), ret);\n\nout:\n\tif (sched_clk_scaling_suspend_work &&\n\t\t\t(!scale_up || hba->clk_scaling.suspend_on_no_request))\n\t\tqueue_work(hba->clk_scaling.workq,\n\t\t\t   &hba->clk_scaling.suspend_work);\n\n\treturn ret;\n}\n\nstatic int ufshcd_devfreq_get_dev_status(struct device *dev,\n\t\tstruct devfreq_dev_status *stat)\n{\n\tstruct ufs_hba *hba = dev_get_drvdata(dev);\n\tstruct ufs_clk_scaling *scaling = &hba->clk_scaling;\n\tunsigned long flags;\n\tktime_t curr_t;\n\n\tif (!ufshcd_is_clkscaling_supported(hba))\n\t\treturn -EINVAL;\n\n\tmemset(stat, 0, sizeof(*stat));\n\n\tspin_lock_irqsave(hba->host->host_lock, flags);\n\tcurr_t = ktime_get();\n\tif (!scaling->window_start_t)\n\t\tgoto start_window;\n\n\t/*\n\t * If current frequency is 0, then the ondemand governor considers\n\t * there\'s no initial frequency set. And it always requests to set\n\t * to max. frequency.\n\t */\n\tif (hba->use_pm_opp) {\n\t\tstat->current_frequency = hba->clk_scaling.target_freq;\n\t} else {\n\t\tstruct list_head *clk_list = &hba->clk_list_head;\n\t\tstruct ufs_clk_info *clki;\n\n\t\tclki = list_first_entry(clk_list, struct ufs_clk_info, list);\n\t\tstat->current_frequency = clki->curr_freq;\n\t}\n\n\tif (scaling->is_busy_started)\n\t\tscaling->tot_busy_t += ktime_us_delta(curr_t,\n\t\t\t\tscaling->busy_start_t);\n\tstat->total_time = ktime_us_delta(curr_t, scaling->window_start_t);\n\tstat->busy_time = scaling->tot_busy_t;\nstart_window:\n\tscaling->window_start_t = curr_t;\n\tscaling->tot_busy_t = 0;\n\n\tif (scaling->active_reqs) {\n\t\tscaling->busy_start_t = curr_t;\n\t\tscaling->is_busy_started = true;\n\t} else {\n\t\tscaling->busy_start_t = 0;\n\t\tscaling->is_busy_started = false;\n\t}\n\tspin_unlock_irqrestore(hba->host->host_lock, flags);\n\treturn 0;\n}\n\nstatic int ufshcd_devfreq_init(struct ufs_hba *hba)\n{\n\tstruct list_head *clk_list = &hba->clk_list_head;\n\tstruct ufs_clk_info *clki;\n\tstruct devfreq *devfreq;\n\tint ret;\n\n\t/* Skip devfreq if we don\'t have any clocks in the list */\n\tif (list_empty(clk_list))\n\t\treturn 0;\n\n\tif (!hba->use_pm_opp) {\n\t\tclki = list_first_entry(clk_list, struct ufs_clk_info, list);\n\t\tdev_pm_opp_add(hba->dev, clki->min_freq, 0);\n\t\tdev_pm_opp_add(hba->dev, clki->max_freq, 0);\n\t}\n\n\tufshcd_vops_config_scaling_param(hba, &hba->vps->devfreq_profile,\n\t\t\t\t\t &hba->vps->ondemand_data);\n\tdevfreq = devfreq_add_device(hba->dev,\n\t\t\t&hba->vps->devfreq_profile,\n\t\t\tDEVFREQ_GOV_SIMPLE_ONDEMAND,\n\t\t\t&hba->vps->ondemand_data);\n\tif (IS_ERR(devfreq)) {\n\t\tret = PTR_ERR(devfreq);\n\t\tdev_err(hba->dev, "Unable to register with devfreq %d\\n", ret);\n\n\t\tif (!hba->use_pm_opp) {\n\t\t\tdev_pm_opp_remove(hba->dev, clki->min_freq);\n\t\t\tdev_pm_opp_remove(hba->dev, clki->max_freq);\n\t\t}\n\t\treturn ret;\n\t}\n\n\thba->devfreq = devfreq;\n\n\treturn 0;\n}\n\nstatic void ufshcd_devfreq_remove(struct ufs_hba *hba)\n{\n\tstruct list_head *clk_list = &hba->clk_list_head;\n\n\tif (!hba->devfreq)\n\t\treturn;\n\n\tdevfreq_remove_device(hba->devfreq);\n\thba->devfreq = NULL;\n\n\tif (!hba->use_pm_opp) {\n\t\tstruct ufs_clk_info *clki;\n\n\t\tclki = list_first_entry(clk_list, struct ufs_clk_info, list);\n\t\tdev_pm_opp_remove(hba->dev, clki->min_freq);\n\t\tdev_pm_opp_remove(hba->dev, clki->max_freq);\n\t}\n}\n\nstatic void ufshcd_suspend_clkscaling(struct ufs_hba *hba)\n{\n\tunsigned long flags;\n\tbool suspend = false;\n\n\tcancel_work_sync(&hba->clk_scaling.suspend_work);\n\tcancel_work_sync(&hba->clk_scaling.resume_work);\n\n\tspin_lock_irqsave(hba->host->host_lock, flags);\n\tif (!hba->clk_scaling.is_suspended) {\n\t\tsuspend = true;\n\t\thba->clk_scaling.is_suspended = true;\n\t\thba->clk_scaling.window_start_t = 0;\n\t}\n\tspin_unlock_irqrestore(hba->host->host_lock, flags);\n\n\tif (suspend)\n\t\tdevfreq_suspend_device(hba->devfreq);\n}\n\nstatic void ufshcd_resume_clkscaling(struct ufs_hba *hba)\n{\n\tunsigned long flags;\n\tbool resume = false;\n\n\tspin_lock_irqsave(hba->host->host_lock, flags);\n\tif (hba->clk_scaling.is_suspended) {\n\t\tresume = true;\n\t\thba->clk_scaling.is_suspended = false;\n\t}\n\tspin_unlock_irqrestore(hba->host->host_lock, flags);\n\n\tif (resume)\n\t\tdevfreq_resume_device(hba->devfreq);\n}\n\nstatic ssize_t ufshcd_clkscale_enable_show(struct device *dev,\n\t\tstruct device_attribute *attr, char *buf)\n{\n\tstruct ufs_hba *hba = dev_get_drvdata(dev);\n\n\treturn sysfs_emit(buf, "%d\\n", hba->clk_scaling.is_enabled);\n}\n\nstatic ssize_t ufshcd_clkscale_enable_store(struct device *dev,\n\t\tstruct device_attribute *attr, const char *buf, size_t count)\n{\n\tstruct ufs_hba *hba = dev_get_drvdata(dev);\n\tu32 value;\n\tint err = 0;\n\n\tif (kstrtou32(buf, 0, &value))\n\t\treturn -EINVAL;\n\n\tdown(&hba->host_sem);\n\tif (!ufshcd_is_user_access_allowed(hba)) {\n\t\terr = -EBUSY;\n\t\tgoto out;\n\t}\n\n\tvalue = !!value;\n\tif (value == hba->clk_scaling.is_enabled)\n\t\tgoto out;\n\n\tufshcd_rpm_get_sync(hba);\n\tufshcd_hold(hba);\n\n\thba->clk_scaling.is_enabled = value;\n\n\tif (value) {\n\t\tufshcd_resume_clkscaling(hba);\n\t} else {\n\t\tufshcd_suspend_clkscaling(hba);\n\t\terr = ufshcd_devfreq_scale(hba, ULONG_MAX, true);\n\t\tif (err)\n\t\t\tdev_err(hba->dev, "%s: failed to scale clocks up %d\\n",\n\t\t\t\t\t__func__, err);\n\t}\n\n\tufshcd_release(hba);\n\tufshcd_rpm_put_sync(hba);\nout:\n\tup(&hba->host_sem);\n\treturn err ? err : count;\n}\n\nstatic void ufshcd_init_clk_scaling_sysfs(struct ufs_hba *hba)\n{\n\thba->clk_scaling.enable_attr.show = ufshcd_clkscale_enable_show;\n\thba->clk_scaling.enable_attr.store = ufshcd_clkscale_enable_store;\n\tsysfs_attr_init(&hba->clk_scaling.enable_attr.attr);\n\thba->clk_scaling.enable_attr.attr.name = "clkscale_enable";\n\thba->clk_scaling.enable_attr.attr.mode = 0644;\n\tif (device_create_file(hba->dev, &hba->clk_scaling.enable_attr))\n\t\tdev_err(hba->dev, "Failed to create sysfs for clkscale_enable\\n");\n}\n\nstatic void ufshcd_remove_clk_scaling_sysfs(struct ufs_hba *hba)\n{\n\tif (hba->clk_scaling.enable_attr.attr.name)\n\t\tdevice_remove_file(hba->dev, &hba->clk_scaling.enable_attr);\n}\n\nstatic void ufshcd_init_clk_scaling(struct ufs_hba *hba)\n{\n\tif (!ufshcd_is_clkscaling_supported(hba))\n\t\treturn;\n\n\tif (!hba->clk_scaling.min_gear)\n\t\thba->clk_scaling.min_gear = UFS_HS_G1;\n\n\tINIT_WORK(&hba->clk_scaling.suspend_work,\n\t\t  ufshcd_clk_scaling_suspend_work);\n\tINIT_WORK(&hba->clk_scaling.resume_work,\n\t\t  ufshcd_clk_scaling_resume_work);\n\n\thba->clk_scaling.workq = alloc_ordered_workqueue(\n\t\t"ufs_clkscaling_%d", WQ_MEM_RECLAIM, hba->host->host_no);\n\n\thba->clk_scaling.is_initialized = true;\n}\n\nstatic void ufshcd_exit_clk_scaling(struct ufs_hba *hba)\n{\n\tif (!hba->clk_scaling.is_initialized)\n\t\treturn;\n\n\tufshcd_remove_clk_scaling_sysfs(hba);\n\tdestroy_workqueue(hba->clk_scaling.workq);\n\tufshcd_devfreq_remove(hba);\n\thba->clk_scaling.is_initialized = false;\n}\n\nstatic void ufshcd_ungate_work(struct work_struct *work)\n{\n\tint ret;\n\tunsigned long flags;\n\tstruct ufs_hba *hba = container_of(work, struct ufs_hba,\n\t\t\tclk_gating.ungate_work);\n\n\tcancel_delayed_work_sync(&hba->clk_gating.gate_work);\n\n\tspin_lock_irqsave(hba->host->host_lock, flags);\n\tif (hba->clk_gating.state == CLKS_ON) {\n\t\tspin_unlock_irqrestore(hba->host->host_lock, flags);\n\t\treturn;\n\t}\n\n\tspin_unlock_irqrestore(hba->host->host_lock, flags);\n\tufshcd_hba_vreg_set_hpm(hba);\n\tufshcd_setup_clocks(hba, true);\n\n\tufshcd_enable_irq(hba);\n\n\t/* Exit from hibern8 */\n\tif (ufshcd_can_hibern8_during_gating(hba)) {\n\t\t/* Prevent gating in this path */\n\t\thba->clk_gating.is_suspended = true;\n\t\tif (ufshcd_is_link_hibern8(hba)) {\n\t\t\tret = ufshcd_uic_hibern8_exit(hba);\n\t\t\tif (ret)\n\t\t\t\tdev_err(hba->dev, "%s: hibern8 exit failed %d\\n",\n\t\t\t\t\t__func__, ret);\n\t\t\telse\n\t\t\t\tufshcd_set_link_active(hba);\n\t\t}\n\t\thba->clk_gating.is_suspended = false;\n\t}\n}\n\n/**\n * ufshcd_hold - Enable clocks that were gated earlier due to ufshcd_release.\n * Also, exit from hibern8 mode and set the link as active.\n * @hba: per adapter instance\n */\nvoid ufshcd_hold(struct ufs_hba *hba)\n{\n\tbool flush_result;\n\tunsigned long flags;\n\n\tif (!ufshcd_is_clkgating_allowed(hba) ||\n\t    !hba->clk_gating.is_initialized)\n\t\treturn;\n\tspin_lock_irqsave(hba->host->host_lock, flags);\n\thba->clk_gating.active_reqs++;\n\nstart:\n\tswitch (hba->clk_gating.state) {\n\tcase CLKS_ON:\n\t\t/*\n\t\t * Wait for the ungate work to complete if in progress.\n\t\t * Though the clocks may be in ON state, the link could\n\t\t * still be in hibner8 state if hibern8 is allowed\n\t\t * during clock gating.\n\t\t * Make sure we exit hibern8 state also in addition to\n\t\t * clocks being ON.\n\t\t */\n\t\tif (ufshcd_can_hibern8_during_gating(hba) &&\n\t\t    ufshcd_is_link_hibern8(hba)) {\n\t\t\tspin_unlock_irqrestore(hba->host->host_lock, flags);\n\t\t\tflush_result = flush_work(&hba->clk_gating.ungate_work);\n\t\t\tif (hba->clk_gating.is_suspended && !flush_result)\n\t\t\t\treturn;\n\t\t\tspin_lock_irqsave(hba->host->host_lock, flags);\n\t\t\tgoto start;\n\t\t}\n\t\tbreak;\n\tcase REQ_CLKS_OFF:\n\t\tif (cancel_delayed_work(&hba->clk_gating.gate_work)) {\n\t\t\thba->clk_gating.state = CLKS_ON;\n\t\t\ttrace_ufshcd_clk_gating(dev_name(hba->dev),\n\t\t\t\t\t\thba->clk_gating.state);\n\t\t\tbreak;\n\t\t}\n\t\t/*\n\t\t * If we are here, it means gating work is either done or\n\t\t * currently running. Hence, fall through to cancel gating\n\t\t * work and to enable clocks.\n\t\t */\n\t\tfallthrough;\n\tcase CLKS_OFF:\n\t\thba->clk_gating.state = REQ_CLKS_ON;\n\t\ttrace_ufshcd_clk_gating(dev_name(hba->dev),\n\t\t\t\t\thba->clk_gating.state);\n\t\tqueue_work(hba->clk_gating.clk_gating_workq,\n\t\t\t   &hba->clk_gating.ungate_work);\n\t\t/*\n\t\t * fall through to check if we should wait for this\n\t\t * work to be done or not.\n\t\t */\n\t\tfallthrough;\n\tcase REQ_CLKS_ON:\n\t\tspin_unlock_irqrestore(hba->host->host_lock, flags);\n\t\tflush_work(&hba->clk_gating.ungate_work);\n\t\t/* Make sure state is CLKS_ON before returning */\n\t\tspin_lock_irqsave(hba->host->host_lock, flags);\n\t\tgoto start;\n\tdefault:\n\t\tdev_err(hba->dev, "%s: clk gating is in invalid state %d\\n",\n\t\t\t\t__func__, hba->clk_gating.state);\n\t\tbreak;\n\t}\n\tspin_unlock_irqrestore(hba->host->host_lock, flags);\n}\nEXPORT_SYMBOL_GPL(ufshcd_hold);\n\nstatic void ufshcd_gate_work(struct work_struct *work)\n{\n\tstruct ufs_hba *hba = container_of(work, struct ufs_hba,\n\t\t\tclk_gating.gate_work.work);\n\tunsigned long flags;\n\tint ret;\n\n\tspin_lock_irqsave(hba->host->host_lock, flags);\n\t/*\n\t * In case you are here to cancel this work the gating state\n\t * would be marked as REQ_CLKS_ON. In this case save time by\n\t * skipping the gating work and exit after changing the clock\n\t * state to CLKS_ON.\n\t */\n\tif (hba->clk_gating.is_suspended ||\n\t\t(hba->clk_gating.state != REQ_CLKS_OFF)) {\n\t\thba->clk_gating.state = CLKS_ON;\n\t\ttrace_ufshcd_clk_gating(dev_name(hba->dev),\n\t\t\t\t\thba->clk_gating.state);\n\t\tgoto rel_lock;\n\t}\n\n\tif (ufshcd_is_ufs_dev_busy(hba) || hba->ufshcd_state != UFSHCD_STATE_OPERATIONAL)\n\t\tgoto rel_lock;\n\n\tspin_unlock_irqrestore(hba->host->host_lock, flags);\n\n\t/* put the link into hibern8 mode before turning off clocks */\n\tif (ufshcd_can_hibern8_during_gating(hba)) {\n\t\tret = ufshcd_uic_hibern8_enter(hba);\n\t\tif (ret) {\n\t\t\thba->clk_gating.state = CLKS_ON;\n\t\t\tdev_err(hba->dev, "%s: hibern8 enter failed %d\\n",\n\t\t\t\t\t__func__, ret);\n\t\t\ttrace_ufshcd_clk_gating(dev_name(hba->dev),\n\t\t\t\t\t\thba->clk_gating.state);\n\t\t\tgoto out;\n\t\t}\n\t\tufshcd_set_link_hibern8(hba);\n\t}\n\n\tufshcd_disable_irq(hba);\n\n\tufshcd_setup_clocks(hba, false);\n\n\t/* Put the host controller in low power mode if possible */\n\tufshcd_hba_vreg_set_lpm(hba);\n\t/*\n\t * In case you are here to cancel this work the gating state\n\t * would be marked as REQ_CLKS_ON. In this case keep the state\n\t * as REQ_CLKS_ON which would anyway imply that clocks are off\n\t * and a request to turn them on is pending. By doing this way,\n\t * we keep the state machine in tact and this would ultimately\n\t * prevent from doing cancel work multiple times when there are\n\t * new requests arriving before the current cancel work is done.\n\t */\n\tspin_lock_irqsave(hba->host->host_lock, flags);\n\tif (hba->clk_gating.state == REQ_CLKS_OFF) {\n\t\thba->clk_gating.state = CLKS_OFF;\n\t\ttrace_ufshcd_clk_gating(dev_name(hba->dev),\n\t\t\t\t\thba->clk_gating.state);\n\t}\nrel_lock:\n\tspin_unlock_irqrestore(hba->host->host_lock, flags);\nout:\n\treturn;\n}\n\n/* host lock must be held before calling this variant */\nstatic void __ufshcd_release(struct ufs_hba *hba)\n{\n\tif (!ufshcd_is_clkgating_allowed(hba))\n\t\treturn;\n\n\thba->clk_gating.active_reqs--;\n\n\tif (hba->clk_gating.active_reqs || hba->clk_gating.is_suspended ||\n\t    hba->ufshcd_state != UFSHCD_STATE_OPERATIONAL ||\n\t    hba->outstanding_tasks || !hba->clk_gating.is_initialized ||\n\t    hba->active_uic_cmd || hba->uic_async_done ||\n\t    hba->clk_gating.state == CLKS_OFF)\n\t\treturn;\n\n\thba->clk_gating.state = REQ_CLKS_OFF;\n\ttrace_ufshcd_clk_gating(dev_name(hba->dev), hba->clk_gating.state);\n\tqueue_delayed_work(hba->clk_gating.clk_gating_workq,\n\t\t\t   &hba->clk_gating.gate_work,\n\t\t\t   msecs_to_jiffies(hba->clk_gating.delay_ms));\n}\n\nvoid ufshcd_release(struct ufs_hba *hba)\n{\n\tunsigned long flags;\n\n\tspin_lock_irqsave(hba->host->host_lock, flags);\n\t__ufshcd_release(hba);\n\tspin_unlock_irqrestore(hba->host->host_lock, flags);\n}\nEXPORT_SYMBOL_GPL(ufshcd_release);\n\nstatic ssize_t ufshcd_clkgate_delay_show(struct device *dev,\n\t\tstruct device_attribute *attr, char *buf)\n{\n\tstruct ufs_hba *hba = dev_get_drvdata(dev);\n\n\treturn sysfs_emit(buf, "%lu\\n", hba->clk_gating.delay_ms);\n}\n\nvoid ufshcd_clkgate_delay_set(struct device *dev, unsigned long value)\n{\n\tstruct ufs_hba *hba = dev_get_drvdata(dev);\n\tunsigned long flags;\n\n\tspin_lock_irqsave(hba->host->host_lock, flags);\n\thba->clk_gating.delay_ms = value;\n\tspin_unlock_irqrestore(hba->host->host_lock, flags);\n}\nEXPORT_SYMBOL_GPL(ufshcd_clkgate_delay_set);\n\nstatic ssize_t ufshcd_clkgate_delay_store(struct device *dev,\n\t\tstruct device_attribute *attr, const char *buf, size_t count)\n{\n\tunsigned long value;\n\n\tif (kstrtoul(buf, 0, &value))\n\t\treturn -EINVAL;\n\n\tufshcd_clkgate_delay_set(dev, value);\n\treturn count;\n}\n\nstatic ssize_t ufshcd_clkgate_enable_show(struct device *dev,\n\t\tstruct device_attribute *attr, char *buf)\n{\n\tstruct ufs_hba *hba = dev_get_drvdata(dev);\n\n\treturn sysfs_emit(buf, "%d\\n", hba->clk_gating.is_enabled);\n}\n\nstatic ssize_t ufshcd_clkgate_enable_store(struct device *dev,\n\t\tstruct device_attribute *attr, const char *buf, size_t count)\n{\n\tstruct ufs_hba *hba = dev_get_drvdata(dev);\n\tunsigned long flags;\n\tu32 value;\n\n\tif (kstrtou32(buf, 0, &value))\n\t\treturn -EINVAL;\n\n\tvalue = !!value;\n\n\tspin_lock_irqsave(hba->host->host_lock, flags);\n\tif (value == hba->clk_gating.is_enabled)\n\t\tgoto out;\n\n\tif (value)\n\t\t__ufshcd_release(hba);\n\telse\n\t\thba->clk_gating.active_reqs++;\n\n\thba->clk_gating.is_enabled = value;\nout:\n\tspin_unlock_irqrestore(hba->host->host_lock, flags);\n\treturn count;\n}\n\nstatic void ufshcd_init_clk_gating_sysfs(struct ufs_hba *hba)\n{\n\thba->clk_gating.delay_attr.show = ufshcd_clkgate_delay_show;\n\thba->clk_gating.delay_attr.store = ufshcd_clkgate_delay_store;\n\tsysfs_attr_init(&hba->clk_gating.delay_attr.attr);\n\thba->clk_gating.delay_attr.attr.name = "clkgate_delay_ms";\n\thba->clk_gating.delay_attr.attr.mode = 0644;\n\tif (device_create_file(hba->dev, &hba->clk_gating.delay_attr))\n\t\tdev_err(hba->dev, "Failed to create sysfs for clkgate_delay\\n");\n\n\thba->clk_gating.enable_attr.show = ufshcd_clkgate_enable_show;\n\thba->clk_gating.enable_attr.store = ufshcd_clkgate_enable_store;\n\tsysfs_attr_init(&hba->clk_gating.enable_attr.attr);\n\thba->clk_gating.enable_attr.attr.name = "clkgate_enable";\n\thba->clk_gating.enable_attr.attr.mode = 0644;\n\tif (device_create_file(hba->dev, &hba->clk_gating.enable_attr))\n\t\tdev_err(hba->dev, "Failed to create sysfs for clkgate_enable\\n");\n}\n\nstatic void ufshcd_remove_clk_gating_sysfs(struct ufs_hba *hba)\n{\n\tif (hba->clk_gating.delay_attr.attr.name)\n\t\tdevice_remove_file(hba->dev, &hba->clk_gating.delay_attr);\n\tif (hba->clk_gating.enable_attr.attr.name)\n\t\tdevice_remove_file(hba->dev, &hba->clk_gating.enable_attr);\n}\n\nstatic void ufshcd_init_clk_gating(struct ufs_hba *hba)\n{\n\tif (!ufshcd_is_clkgating_allowed(hba))\n\t\treturn;\n\n\thba->clk_gating.state = CLKS_ON;\n\n\thba->clk_gating.delay_ms = 150;\n\tINIT_DELAYED_WORK(&hba->clk_gating.gate_work, ufshcd_gate_work);\n\tINIT_WORK(&hba->clk_gating.ungate_work, ufshcd_ungate_work);\n\n\thba->clk_gating.clk_gating_workq = alloc_ordered_workqueue(\n\t\t"ufs_clk_gating_%d", WQ_MEM_RECLAIM | WQ_HIGHPRI,\n\t\thba->host->host_no);\n\n\tufshcd_init_clk_gating_sysfs(hba);\n\n\thba->clk_gating.is_enabled = true;\n\thba->clk_gating.is_initialized = true;\n}\n\nstatic void ufshcd_exit_clk_gating(struct ufs_hba *hba)\n{\n\tif (!hba->clk_gating.is_initialized)\n\t\treturn;\n\n\tufshcd_remove_clk_gating_sysfs(hba);\n\n\t/* Ungate the clock if necessary. */\n\tufshcd_hold(hba);\n\thba->clk_gating.is_initialized = false;\n\tufshcd_release(hba);\n\n\tdestroy_workqueue(hba->clk_gating.clk_gating_workq);\n}\n\nstatic void ufshcd_clk_scaling_start_busy(struct ufs_hba *hba)\n{\n\tbool queue_resume_work = false;\n\tktime_t curr_t = ktime_get();\n\tunsigned long flags;\n\n\tif (!ufshcd_is_clkscaling_supported(hba))\n\t\treturn;\n\n\tspin_lock_irqsave(hba->host->host_lock, flags);\n\tif (!hba->clk_scaling.active_reqs++)\n\t\tqueue_resume_work = true;\n\n\tif (!hba->clk_scaling.is_enabled || hba->pm_op_in_progress) {\n\t\tspin_unlock_irqrestore(hba->host->host_lock, flags);\n\t\treturn;\n\t}\n\n\tif (queue_resume_work)\n\t\tqueue_work(hba->clk_scaling.workq,\n\t\t\t   &hba->clk_scaling.resume_work);\n\n\tif (!hba->clk_scaling.window_start_t) {\n\t\thba->clk_scaling.window_start_t = curr_t;\n\t\thba->clk_scaling.tot_busy_t = 0;\n\t\thba->clk_scaling.is_busy_started = false;\n\t}\n\n\tif (!hba->clk_scaling.is_busy_started) {\n\t\thba->clk_scaling.busy_start_t = curr_t;\n\t\thba->clk_scaling.is_busy_started = true;\n\t}\n\tspin_unlock_irqrestore(hba->host->host_lock, flags);\n}\n\nstatic void ufshcd_clk_scaling_update_busy(struct ufs_hba *hba)\n{\n\tstruct ufs_clk_scaling *scaling = &hba->clk_scaling;\n\tunsigned long flags;\n\n\tif (!ufshcd_is_clkscaling_supported(hba))\n\t\treturn;\n\n\tspin_lock_irqsave(hba->host->host_lock, flags);\n\thba->clk_scaling.active_reqs--;\n\tif (!scaling->active_reqs && scaling->is_busy_started) {\n\t\tscaling->tot_busy_t += ktime_to_us(ktime_sub(ktime_get(),\n\t\t\t\t\tscaling->busy_start_t));\n\t\tscaling->busy_start_t = 0;\n\t\tscaling->is_busy_started = false;\n\t}\n\tspin_unlock_irqrestore(hba->host->host_lock, flags);\n}\n\nstatic inline int ufshcd_monitor_opcode2dir(u8 opcode)\n{\n\tif (opcode == READ_6 || opcode == READ_10 || opcode == READ_16)\n\t\treturn READ;\n\telse if (opcode == WRITE_6 || opcode == WRITE_10 || opcode == WRITE_16)\n\t\treturn WRITE;\n\telse\n\t\treturn -EINVAL;\n}\n\nstatic inline bool ufshcd_should_inform_monitor(struct ufs_hba *hba,\n\t\t\t\t\t\tstruct ufshcd_lrb *lrbp)\n{\n\tconst struct ufs_hba_monitor *m = &hba->monitor;\n\n\treturn (m->enabled && lrbp && lrbp->cmd &&\n\t\t(!m->chunk_size || m->chunk_size == lrbp->cmd->sdb.length) &&\n\t\tktime_before(hba->monitor.enabled_ts, lrbp->issue_time_stamp));\n}\n\nstatic void ufshcd_start_monitor(struct ufs_hba *hba,\n\t\t\t\t const struct ufshcd_lrb *lrbp)\n{\n\tint dir = ufshcd_monitor_opcode2dir(*lrbp->cmd->cmnd);\n\tunsigned long flags;\n\n\tspin_lock_irqsave(hba->host->host_lock, flags);\n\tif (dir >= 0 && hba->monitor.nr_queued[dir]++ == 0)\n\t\thba->monitor.busy_start_ts[dir] = ktime_get();\n\tspin_unlock_irqrestore(hba->host->host_lock, flags);\n}\n\nstatic void ufshcd_update_monitor(struct ufs_hba *hba, const struct ufshcd_lrb *lrbp)\n{\n\tint dir = ufshcd_monitor_opcode2dir(*lrbp->cmd->cmnd);\n\tunsigned long flags;\n\n\tspin_lock_irqsave(hba->host->host_lock, flags);\n\tif (dir >= 0 && hba->monitor.nr_queued[dir] > 0) {\n\t\tconst struct request *req = scsi_cmd_to_rq(lrbp->cmd);\n\t\tstruct ufs_hba_monitor *m = &hba->monitor;\n\t\tktime_t now, inc, lat;\n\n\t\tnow = lrbp->compl_time_stamp;\n\t\tinc = ktime_sub(now, m->busy_start_ts[dir]);\n\t\tm->total_busy[dir] = ktime_add(m->total_busy[dir], inc);\n\t\tm->nr_sec_rw[dir] += blk_rq_sectors(req);\n\n\t\t/* Update latencies */\n\t\tm->nr_req[dir]++;\n\t\tlat = ktime_sub(now, lrbp->issue_time_stamp);\n\t\tm->lat_sum[dir] += lat;\n\t\tif (m->lat_max[dir] < lat || !m->lat_max[dir])\n\t\t\tm->lat_max[dir] = lat;\n\t\tif (m->lat_min[dir] > lat || !m->lat_min[dir])\n\t\t\tm->lat_min[dir] = lat;\n\n\t\tm->nr_queued[dir]--;\n\t\t/* Push forward the busy start of monitor */\n\t\tm->busy_start_ts[dir] = now;\n\t}\n\tspin_unlock_irqrestore(hba->host->host_lock, flags);\n}\n\n/**\n * ufshcd_send_command - Send SCSI or device management commands\n * @hba: per adapter instance\n * @task_tag: Task tag of the command\n * @hwq: pointer to hardware queue instance\n */\nstatic inline\nvoid ufshcd_send_command(struct ufs_hba *hba, unsigned int task_tag,\n\t\t\t struct ufs_hw_queue *hwq)\n{\n\tstruct ufshcd_lrb *lrbp = &hba->lrb[task_tag];\n\tunsigned long flags;\n\n\tlrbp->issue_time_stamp = ktime_get();\n\tlrbp->issue_time_stamp_local_clock = local_clock();\n\tlrbp->compl_time_stamp = ktime_set(0, 0);\n\tlrbp->compl_time_stamp_local_clock = 0;\n\tufshcd_add_command_trace(hba, task_tag, UFS_CMD_SEND);\n\tif (lrbp->cmd)\n\t\tufshcd_clk_scaling_start_busy(hba);\n\tif (unlikely(ufshcd_should_inform_monitor(hba, lrbp)))\n\t\tufshcd_start_monitor(hba, lrbp);\n\n\tif (hba->mcq_enabled) {\n\t\tint utrd_size = sizeof(struct utp_transfer_req_desc);\n\t\tstruct utp_transfer_req_desc *src = lrbp->utr_descriptor_ptr;\n\t\tstruct utp_transfer_req_desc *dest;\n\n\t\tspin_lock(&hwq->sq_lock);\n\t\tdest = hwq->sqe_base_addr + hwq->sq_tail_slot;\n\t\tmemcpy(dest, src, utrd_size);\n\t\tufshcd_inc_sq_tail(hwq);\n\t\tspin_unlock(&hwq->sq_lock);\n\t} else {\n\t\tspin_lock_irqsave(&hba->outstanding_lock, flags);\n\t\tif (hba->vops && hba->vops->setup_xfer_req)\n\t\t\thba->vops->setup_xfer_req(hba, lrbp->task_tag,\n\t\t\t\t\t\t  !!lrbp->cmd);\n\t\t__set_bit(lrbp->task_tag, &hba->outstanding_reqs);\n\t\tufshcd_writel(hba, 1 << lrbp->task_tag,\n\t\t\t      REG_UTP_TRANSFER_REQ_DOOR_BELL);\n\t\tspin_unlock_irqrestore(&hba->outstanding_lock, flags);\n\t}\n}\n\n/**\n * ufshcd_copy_sense_data - Copy sense data in case of check condition\n * @lrbp: pointer to local reference block\n */\nstatic inline void ufshcd_copy_sense_data(struct ufshcd_lrb *lrbp)\n{\n\tu8 *const sense_buffer = lrbp->cmd->sense_buffer;\n\tu16 resp_len;\n\tint len;\n\n\tresp_len = be16_to_cpu(lrbp->ucd_rsp_ptr->header.data_segment_length);\n\tif (sense_buffer && resp_len) {\n\t\tint len_to_copy;\n\n\t\tlen = be16_to_cpu(lrbp->ucd_rsp_ptr->sr.sense_data_len);\n\t\tlen_to_copy = min_t(int, UFS_SENSE_SIZE, len);\n\n\t\tmemcpy(sense_buffer, lrbp->ucd_rsp_ptr->sr.sense_data,\n\t\t       len_to_copy);\n\t}\n}\n\n/**\n * ufshcd_copy_query_response() - Copy the Query Response and the data\n * descriptor\n * @hba: per adapter instance\n * @lrbp: pointer to local reference block\n *\n * Return: 0 upon success; < 0 upon failure.\n */\nstatic\nint ufshcd_copy_query_response(struct ufs_hba *hba, struct ufshcd_lrb *lrbp)\n{\n\tstruct ufs_query_res *query_res = &hba->dev_cmd.query.response;\n\n\tmemcpy(&query_res->upiu_res, &lrbp->ucd_rsp_ptr->qr, QUERY_OSF_SIZE);\n\n\t/* Get the descriptor */\n\tif (hba->dev_cmd.query.descriptor &&\n\t    lrbp->ucd_rsp_ptr->qr.opcode == UPIU_QUERY_OPCODE_READ_DESC) {\n\t\tu8 *descp = (u8 *)lrbp->ucd_rsp_ptr +\n\t\t\t\tGENERAL_UPIU_REQUEST_SIZE;\n\t\tu16 resp_len;\n\t\tu16 buf_len;\n\n\t\t/* data segment length */\n\t\tresp_len = be16_to_cpu(lrbp->ucd_rsp_ptr->header\n\t\t\t\t       .data_segment_length);\n\t\tbuf_len = be16_to_cpu(\n\t\t\t\thba->dev_cmd.query.request.upiu_req.length);\n\t\tif (likely(buf_len >= resp_len)) {\n\t\t\tmemcpy(hba->dev_cmd.query.descriptor, descp, resp_len);\n\t\t} else {\n\t\t\tdev_warn(hba->dev,\n\t\t\t\t "%s: rsp size %d is bigger than buffer size %d",\n\t\t\t\t __func__, resp_len, buf_len);\n\t\t\treturn -EINVAL;\n\t\t}\n\t}\n\n\treturn 0;\n}\n\n/**\n * ufshcd_hba_capabilities - Read controller capabilities\n * @hba: per adapter instance\n *\n * Return: 0 on success, negative on error.\n */\nstatic inline int ufshcd_hba_capabilities(struct ufs_hba *hba)\n{\n\tint err;\n\n\thba->capabilities = ufshcd_readl(hba, REG_CONTROLLER_CAPABILITIES);\n\tif (hba->quirks & UFSHCD_QUIRK_BROKEN_64BIT_ADDRESS)\n\t\thba->capabilities &= ~MASK_64_ADDRESSING_SUPPORT;\n\n\t/* nutrs and nutmrs are 0 based values */\n\thba->nutrs = (hba->capabilities & MASK_TRANSFER_REQUESTS_SLOTS_SDB) + 1;\n\thba->nutmrs =\n\t((hba->capabilities & MASK_TASK_MANAGEMENT_REQUEST_SLOTS) >> 16) + 1;\n\thba->reserved_slot = hba->nutrs - 1;\n\n\thba->nortt = FIELD_GET(MASK_NUMBER_OUTSTANDING_RTT, hba->capabilities) + 1;\n\n\t/* Read crypto capabilities */\n\terr = ufshcd_hba_init_crypto_capabilities(hba);\n\tif (err) {\n\t\tdev_err(hba->dev, "crypto setup failed\\n");\n\t\treturn err;\n\t}\n\n\t/*\n\t * The UFSHCI 3.0 specification does not define MCQ_SUPPORT and\n\t * LSDB_SUPPORT, but [31:29] as reserved bits with reset value 0s, which\n\t * means we can simply read values regardless of version.\n\t */\n\thba->mcq_sup = FIELD_GET(MASK_MCQ_SUPPORT, hba->capabilities);\n\t/*\n\t * 0h: legacy single doorbell support is available\n\t * 1h: indicate that legacy single doorbell support has been removed\n\t */\n\tif (!(hba->quirks & UFSHCD_QUIRK_BROKEN_LSDBS_CAP))\n\t\thba->lsdb_sup = !FIELD_GET(MASK_LSDB_SUPPORT, hba->capabilities);\n\telse\n\t\thba->lsdb_sup = true;\n\n\tif (!hba->mcq_sup)\n\t\treturn 0;\n\n\thba->mcq_capabilities = ufshcd_readl(hba, REG_MCQCAP);\n\thba->ext_iid_sup = FIELD_GET(MASK_EXT_IID_SUPPORT,\n\t\t\t\t     hba->mcq_capabilities);\n\n\treturn 0;\n}\n\n/**\n * ufshcd_ready_for_uic_cmd - Check if controller is ready\n *                            to accept UIC commands\n * @hba: per adapter instance\n *\n * Return: true on success, else false.\n */\nstatic inline bool ufshcd_ready_for_uic_cmd(struct ufs_hba *hba)\n{\n\tu32 val;\n\tint ret = read_poll_timeout(ufshcd_readl, val, val & UIC_COMMAND_READY,\n\t\t\t\t    500, uic_cmd_timeout * 1000, false, hba,\n\t\t\t\t    REG_CONTROLLER_STATUS);\n\treturn ret == 0;\n}\n\n/**\n * ufshcd_get_upmcrs - Get the power mode change request status\n * @hba: Pointer to adapter instance\n *\n * This function gets the UPMCRS field of HCS register\n *\n * Return: value of UPMCRS field.\n */\nstatic inline u8 ufshcd_get_upmcrs(struct ufs_hba *hba)\n{\n\treturn (ufshcd_readl(hba, REG_CONTROLLER_STATUS) >> 8) & 0x7;\n}\n\n/**\n * ufshcd_dispatch_uic_cmd - Dispatch an UIC command to the Unipro layer\n * @hba: per adapter instance\n * @uic_cmd: UIC command\n */\nstatic inline void\nufshcd_dispatch_uic_cmd(struct ufs_hba *hba, struct uic_command *uic_cmd)\n{\n\tlockdep_assert_held(&hba->uic_cmd_mutex);\n\n\tWARN_ON(hba->active_uic_cmd);\n\n\thba->active_uic_cmd = uic_cmd;\n\n\t/* Write Args */\n\tufshcd_writel(hba, uic_cmd->argument1, REG_UIC_COMMAND_ARG_1);\n\tufshcd_writel(hba, uic_cmd->argument2, REG_UIC_COMMAND_ARG_2);\n\tufshcd_writel(hba, uic_cmd->argument3, REG_UIC_COMMAND_ARG_3);\n\n\tufshcd_add_uic_command_trace(hba, uic_cmd, UFS_CMD_SEND);\n\n\t/* Write UIC Cmd */\n\tufshcd_writel(hba, uic_cmd->command & COMMAND_OPCODE_MASK,\n\t\t      REG_UIC_COMMAND);\n}\n\n/**\n * ufshcd_wait_for_uic_cmd - Wait for completion of an UIC command\n * @hba: per adapter instance\n * @uic_cmd: UIC command\n *\n * Return: 0 only if success.\n */\nstatic int\nufshcd_wait_for_uic_cmd(struct ufs_hba *hba, struct uic_command *uic_cmd)\n{\n\tint ret;\n\tunsigned long flags;\n\n\tlockdep_assert_held(&hba->uic_cmd_mutex);\n\n\tif (wait_for_completion_timeout(&uic_cmd->done,\n\t\t\t\t\tmsecs_to_jiffies(uic_cmd_timeout))) {\n\t\tret = uic_cmd->argument2 & MASK_UIC_COMMAND_RESULT;\n\t} else {\n\t\tret = -ETIMEDOUT;\n\t\tdev_err(hba->dev,\n\t\t\t"uic cmd 0x%x with arg3 0x%x completion timeout\\n",\n\t\t\tuic_cmd->command, uic_cmd->argument3);\n\n\t\tif (!uic_cmd->cmd_active) {\n\t\t\tdev_err(hba->dev, "%s: UIC cmd has been completed, return the result\\n",\n\t\t\t\t__func__);\n\t\t\tret = uic_cmd->argument2 & MASK_UIC_COMMAND_RESULT;\n\t\t}\n\t}\n\n\tspin_lock_irqsave(hba->host->host_lock, flags);\n\thba->active_uic_cmd = NULL;\n\tspin_unlock_irqrestore(hba->host->host_lock, flags);\n\n\treturn ret;\n}\n\n/**\n * __ufshcd_send_uic_cmd - Send UIC commands and retrieve the result\n * @hba: per adapter instance\n * @uic_cmd: UIC command\n * @completion: initialize the completion only if this is set to true\n *\n * Return: 0 only if success.\n */\nstatic int\n__ufshcd_send_uic_cmd(struct ufs_hba *hba, struct uic_command *uic_cmd,\n\t\t      bool completion)\n{\n\tlockdep_assert_held(&hba->uic_cmd_mutex);\n\n\tif (!ufshcd_ready_for_uic_cmd(hba)) {\n\t\tdev_err(hba->dev,\n\t\t\t"Controller not ready to accept UIC commands\\n");\n\t\treturn -EIO;\n\t}\n\n\tif (completion)\n\t\tinit_completion(&uic_cmd->done);\n\n\tuic_cmd->cmd_active = 1;\n\tufshcd_dispatch_uic_cmd(hba, uic_cmd);\n\n\treturn 0;\n}\n\n/**\n * ufshcd_send_uic_cmd - Send UIC commands and retrieve the result\n * @hba: per adapter instance\n * @uic_cmd: UIC command\n *\n * Return: 0 only if success.\n */\nint ufshcd_send_uic_cmd(struct ufs_hba *hba, struct uic_command *uic_cmd)\n{\n\tint ret;\n\n\tif (hba->quirks & UFSHCD_QUIRK_BROKEN_UIC_CMD)\n\t\treturn 0;\n\n\tufshcd_hold(hba);\n\tmutex_lock(&hba->uic_cmd_mutex);\n\tufshcd_add_delay_before_dme_cmd(hba);\n\n\tret = __ufshcd_send_uic_cmd(hba, uic_cmd, true);\n\tif (!ret)\n\t\tret = ufshcd_wait_for_uic_cmd(hba, uic_cmd);\n\n\tmutex_unlock(&hba->uic_cmd_mutex);\n\n\tufshcd_release(hba);\n\treturn ret;\n}\n\n/**\n * ufshcd_sgl_to_prdt - SG list to PRTD (Physical Region Description Table, 4DW format)\n * @hba:\tper-adapter instance\n * @lrbp:\tpointer to local reference block\n * @sg_entries:\tThe number of sg lists actually used\n * @sg_list:\tPointer to SG list\n */\nstatic void ufshcd_sgl_to_prdt(struct ufs_hba *hba, struct ufshcd_lrb *lrbp, int sg_entries,\n\t\t\t       struct scatterlist *sg_list)\n{\n\tstruct ufshcd_sg_entry *prd;\n\tstruct scatterlist *sg;\n\tint i;\n\n\tif (sg_entries) {\n\n\t\tif (hba->quirks & UFSHCD_QUIRK_PRDT_BYTE_GRAN)\n\t\t\tlrbp->utr_descriptor_ptr->prd_table_length =\n\t\t\t\tcpu_to_le16(sg_entries * ufshcd_sg_entry_size(hba));\n\t\telse\n\t\t\tlrbp->utr_descriptor_ptr->prd_table_length = cpu_to_le16(sg_entries);\n\n\t\tprd = lrbp->ucd_prdt_ptr;\n\n\t\tfor_each_sg(sg_list, sg, sg_entries, i) {\n\t\t\tconst unsigned int len = sg_dma_len(sg);\n\n\t\t\t/*\n\t\t\t * From the UFSHCI spec: "Data Byte Count (DBC): A \'0\'\n\t\t\t * based value that indicates the length, in bytes, of\n\t\t\t * the data block. A maximum of length of 256KB may\n\t\t\t * exist for any entry. Bits 1:0 of this field shall be\n\t\t\t * 11b to indicate Dword granularity. A value of \'3\'\n\t\t\t * indicates 4 bytes, \'7\' indicates 8 bytes, etc."\n\t\t\t */\n\t\t\tWARN_ONCE(len > SZ_256K, "len = %#x\\n", len);\n\t\t\tprd->size = cpu_to_le32(len - 1);\n\t\t\tprd->addr = cpu_to_le64(sg->dma_address);\n\t\t\tprd->reserved = 0;\n\t\t\tprd = (void *)prd + ufshcd_sg_entry_size(hba);\n\t\t}\n\t} else {\n\t\tlrbp->utr_descriptor_ptr->prd_table_length = 0;\n\t}\n}\n\n/**\n * ufshcd_map_sg - Map scatter-gather list to prdt\n * @hba: per adapter instance\n * @lrbp: pointer to local reference block\n *\n * Return: 0 in case of success, non-zero value in case of failure.\n */\nstatic int ufshcd_map_sg(struct ufs_hba *hba, struct ufshcd_lrb *lrbp)\n{\n\tstruct scsi_cmnd *cmd = lrbp->cmd;\n\tint sg_segments = scsi_dma_map(cmd);\n\n\tif (sg_segments < 0)\n\t\treturn sg_segments;\n\n\tufshcd_sgl_to_prdt(hba, lrbp, sg_segments, scsi_sglist(cmd));\n\n\treturn ufshcd_crypto_fill_prdt(hba, lrbp);\n}\n\n/**\n * ufshcd_enable_intr - enable interrupts\n * @hba: per adapter instance\n * @intrs: interrupt bits\n */\nstatic void ufshcd_enable_intr(struct ufs_hba *hba, u32 intrs)\n{\n\tu32 set = ufshcd_readl(hba, REG_INTERRUPT_ENABLE);\n\n\tset |= intrs;\n\tufshcd_writel(hba, set, REG_INTERRUPT_ENABLE);\n}\n\n/**\n * ufshcd_disable_intr - disable interrupts\n * @hba: per adapter instance\n * @intrs: interrupt bits\n */\nstatic void ufshcd_disable_intr(struct ufs_hba *hba, u32 intrs)\n{\n\tu32 set = ufshcd_readl(hba, REG_INTERRUPT_ENABLE);\n\n\tset &= ~intrs;\n\tufshcd_writel(hba, set, REG_INTERRUPT_ENABLE);\n}\n\n/**\n * ufshcd_prepare_req_desc_hdr - Fill UTP Transfer request descriptor header according to request\n * descriptor according to request\n * @hba: per adapter instance\n * @lrbp: pointer to local reference block\n * @upiu_flags: flags required in the header\n * @cmd_dir: requests data direction\n * @ehs_length: Total EHS Length (in 32‐bytes units of all Extra Header Segments)\n */\nstatic void\nufshcd_prepare_req_desc_hdr(struct ufs_hba *hba, struct ufshcd_lrb *lrbp,\n\t\t\t    u8 *upiu_flags, enum dma_data_direction cmd_dir,\n\t\t\t    int ehs_length)\n{\n\tstruct utp_transfer_req_desc *req_desc = lrbp->utr_descriptor_ptr;\n\tstruct request_desc_header *h = &req_desc->header;\n\tenum utp_data_direction data_direction;\n\n\tlrbp->command_type = UTP_CMD_TYPE_UFS_STORAGE;\n\n\t*h = (typeof(*h)){ };\n\n\tif (cmd_dir == DMA_FROM_DEVICE) {\n\t\tdata_direction = UTP_DEVICE_TO_HOST;\n\t\t*upiu_flags = UPIU_CMD_FLAGS_READ;\n\t} else if (cmd_dir == DMA_TO_DEVICE) {\n\t\tdata_direction = UTP_HOST_TO_DEVICE;\n\t\t*upiu_flags = UPIU_CMD_FLAGS_WRITE;\n\t} else {\n\t\tdata_direction = UTP_NO_DATA_TRANSFER;\n\t\t*upiu_flags = UPIU_CMD_FLAGS_NONE;\n\t}\n\n\th->command_type = lrbp->command_type;\n\th->data_direction = data_direction;\n\th->ehs_length = ehs_length;\n\n\tif (lrbp->intr_cmd)\n\t\th->interrupt = 1;\n\n\t/* Prepare crypto related dwords */\n\tufshcd_prepare_req_desc_hdr_crypto(lrbp, h);\n\n\t/*\n\t * assigning invalid value for command status. Controller\n\t * updates OCS on command completion, with the command\n\t * status\n\t */\n\th->ocs = OCS_INVALID_COMMAND_STATUS;\n\n\treq_desc->prd_table_length = 0;\n}\n\n/**\n * ufshcd_prepare_utp_scsi_cmd_upiu() - fills the utp_transfer_req_desc,\n * for scsi commands\n * @lrbp: local reference block pointer\n * @upiu_flags: flags\n */\nstatic\nvoid ufshcd_prepare_utp_scsi_cmd_upiu(struct ufshcd_lrb *lrbp, u8 upiu_flags)\n{\n\tstruct scsi_cmnd *cmd = lrbp->cmd;\n\tstruct utp_upiu_req *ucd_req_ptr = lrbp->ucd_req_ptr;\n\tunsigned short cdb_len;\n\n\tucd_req_ptr->header = (struct utp_upiu_header){\n\t\t.transaction_code = UPIU_TRANSACTION_COMMAND,\n\t\t.flags = upiu_flags,\n\t\t.lun = lrbp->lun,\n\t\t.task_tag = lrbp->task_tag,\n\t\t.command_set_type = UPIU_COMMAND_SET_TYPE_SCSI,\n\t};\n\n\tWARN_ON_ONCE(ucd_req_ptr->header.task_tag != lrbp->task_tag);\n\n\tucd_req_ptr->sc.exp_data_transfer_len = cpu_to_be32(cmd->sdb.length);\n\n\tcdb_len = min_t(unsigned short, cmd->cmd_len, UFS_CDB_SIZE);\n\tmemset(ucd_req_ptr->sc.cdb, 0, UFS_CDB_SIZE);\n\tmemcpy(ucd_req_ptr->sc.cdb, cmd->cmnd, cdb_len);\n\n\tmemset(lrbp->ucd_rsp_ptr, 0, sizeof(struct utp_upiu_rsp));\n}\n\n/**\n * ufshcd_prepare_utp_query_req_upiu() - fill the utp_transfer_req_desc for query request\n * @hba: UFS hba\n * @lrbp: local reference block pointer\n * @upiu_flags: flags\n */\nstatic void ufshcd_prepare_utp_query_req_upiu(struct ufs_hba *hba,\n\t\t\t\tstruct ufshcd_lrb *lrbp, u8 upiu_flags)\n{\n\tstruct utp_upiu_req *ucd_req_ptr = lrbp->ucd_req_ptr;\n\tstruct ufs_query *query = &hba->dev_cmd.query;\n\tu16 len = be16_to_cpu(query->request.upiu_req.length);\n\n\t/* Query request header */\n\tucd_req_ptr->header = (struct utp_upiu_header){\n\t\t.transaction_code = UPIU_TRANSACTION_QUERY_REQ,\n\t\t.flags = upiu_flags,\n\t\t.lun = lrbp->lun,\n\t\t.task_tag = lrbp->task_tag,\n\t\t.query_function = query->request.query_func,\n\t\t/* Data segment length only need for WRITE_DESC */\n\t\t.data_segment_length =\n\t\t\tquery->request.upiu_req.opcode ==\n\t\t\t\t\tUPIU_QUERY_OPCODE_WRITE_DESC ?\n\t\t\t\tcpu_to_be16(len) :\n\t\t\t\t0,\n\t};\n\n\t/* Copy the Query Request buffer as is */\n\tmemcpy(&ucd_req_ptr->qr, &query->request.upiu_req,\n\t\t\tQUERY_OSF_SIZE);\n\n\t/* Copy the Descriptor */\n\tif (query->request.upiu_req.opcode == UPIU_QUERY_OPCODE_WRITE_DESC)\n\t\tmemcpy(ucd_req_ptr + 1, query->descriptor, len);\n\n\tmemset(lrbp->ucd_rsp_ptr, 0, sizeof(struct utp_upiu_rsp));\n}\n\nstatic inline void ufshcd_prepare_utp_nop_upiu(struct ufshcd_lrb *lrbp)\n{\n\tstruct utp_upiu_req *ucd_req_ptr = lrbp->ucd_req_ptr;\n\n\tmemset(ucd_req_ptr, 0, sizeof(struct utp_upiu_req));\n\n\tucd_req_ptr->header = (struct utp_upiu_header){\n\t\t.transaction_code = UPIU_TRANSACTION_NOP_OUT,\n\t\t.task_tag = lrbp->task_tag,\n\t};\n\n\tmemset(lrbp->ucd_rsp_ptr, 0, sizeof(struct utp_upiu_rsp));\n}\n\n/**\n * ufshcd_compose_devman_upiu - UFS Protocol Information Unit(UPIU)\n *\t\t\t     for Device Management Purposes\n * @hba: per adapter instance\n * @lrbp: pointer to local reference block\n *\n * Return: 0 upon success; < 0 upon failure.\n */\nstatic int ufshcd_compose_devman_upiu(struct ufs_hba *hba,\n\t\t\t\t      struct ufshcd_lrb *lrbp)\n{\n\tu8 upiu_flags;\n\tint ret = 0;\n\n\tufshcd_prepare_req_desc_hdr(hba, lrbp, &upiu_flags, DMA_NONE, 0);\n\n\tif (hba->dev_cmd.type == DEV_CMD_TYPE_QUERY)\n\t\tufshcd_prepare_utp_query_req_upiu(hba, lrbp, upiu_flags);\n\telse if (hba->dev_cmd.type == DEV_CMD_TYPE_NOP)\n\t\tufshcd_prepare_utp_nop_upiu(lrbp);\n\telse\n\t\tret = -EINVAL;\n\n\treturn ret;\n}\n\n/**\n * ufshcd_comp_scsi_upiu - UFS Protocol Information Unit(UPIU)\n *\t\t\t   for SCSI Purposes\n * @hba: per adapter instance\n * @lrbp: pointer to local reference block\n */\nstatic void ufshcd_comp_scsi_upiu(struct ufs_hba *hba, struct ufshcd_lrb *lrbp)\n{\n\tstruct request *rq = scsi_cmd_to_rq(lrbp->cmd);\n\tunsigned int ioprio_class = IOPRIO_PRIO_CLASS(req_get_ioprio(rq));\n\tu8 upiu_flags;\n\n\tufshcd_prepare_req_desc_hdr(hba, lrbp, &upiu_flags, lrbp->cmd->sc_data_direction, 0);\n\tif (ioprio_class == IOPRIO_CLASS_RT)\n\t\tupiu_flags |= UPIU_CMD_FLAGS_CP;\n\tufshcd_prepare_utp_scsi_cmd_upiu(lrbp, upiu_flags);\n}\n\n/**\n * ufshcd_upiu_wlun_to_scsi_wlun - maps UPIU W-LUN id to SCSI W-LUN ID\n * @upiu_wlun_id: UPIU W-LUN id\n *\n * Return: SCSI W-LUN id.\n */\nstatic inline u16 ufshcd_upiu_wlun_to_scsi_wlun(u8 upiu_wlun_id)\n{\n\treturn (upiu_wlun_id & ~UFS_UPIU_WLUN_ID) | SCSI_W_LUN_BASE;\n}\n\nstatic inline bool is_device_wlun(struct scsi_device *sdev)\n{\n\treturn sdev->lun ==\n\t\tufshcd_upiu_wlun_to_scsi_wlun(UFS_UPIU_UFS_DEVICE_WLUN);\n}\n\n/*\n * Associate the UFS controller queue with the default and poll HCTX types.\n * Initialize the mq_map[] arrays.\n */\nstatic void ufshcd_map_queues(struct Scsi_Host *shost)\n{\n\tstruct ufs_hba *hba = shost_priv(shost);\n\tint i, queue_offset = 0;\n\n\tif (!is_mcq_supported(hba)) {\n\t\thba->nr_queues[HCTX_TYPE_DEFAULT] = 1;\n\t\thba->nr_queues[HCTX_TYPE_READ] = 0;\n\t\thba->nr_queues[HCTX_TYPE_POLL] = 1;\n\t\thba->nr_hw_queues = 1;\n\t}\n\n\tfor (i = 0; i < shost->nr_maps; i++) {\n\t\tstruct blk_mq_queue_map *map = &shost->tag_set.map[i];\n\n\t\tmap->nr_queues = hba->nr_queues[i];\n\t\tif (!map->nr_queues)\n\t\t\tcontinue;\n\t\tmap->queue_offset = queue_offset;\n\t\tif (i == HCTX_TYPE_POLL && !is_mcq_supported(hba))\n\t\t\tmap->queue_offset = 0;\n\n\t\tblk_mq_map_queues(map);\n\t\tqueue_offset += map->nr_queues;\n\t}\n}\n\nstatic void ufshcd_init_lrb(struct ufs_hba *hba, struct ufshcd_lrb *lrb, int i)\n{\n\tstruct utp_transfer_cmd_desc *cmd_descp = (void *)hba->ucdl_base_addr +\n\t\ti * ufshcd_get_ucd_size(hba);\n\tstruct utp_transfer_req_desc *utrdlp = hba->utrdl_base_addr;\n\tdma_addr_t cmd_desc_element_addr = hba->ucdl_dma_addr +\n\t\ti * ufshcd_get_ucd_size(hba);\n\tu16 response_offset = le16_to_cpu(utrdlp[i].response_upiu_offset);\n\tu16 prdt_offset = le16_to_cpu(utrdlp[i].prd_table_offset);\n\n\tlrb->utr_descriptor_ptr = utrdlp + i;\n\tlrb->utrd_dma_addr = hba->utrdl_dma_addr +\n\t\ti * sizeof(struct utp_transfer_req_desc);\n\tlrb->ucd_req_ptr = (struct utp_upiu_req *)cmd_descp->command_upiu;\n\tlrb->ucd_req_dma_addr = cmd_desc_element_addr;\n\tlrb->ucd_rsp_ptr = (struct utp_upiu_rsp *)cmd_descp->response_upiu;\n\tlrb->ucd_rsp_dma_addr = cmd_desc_element_addr + response_offset;\n\tlrb->ucd_prdt_ptr = (struct ufshcd_sg_entry *)cmd_descp->prd_table;\n\tlrb->ucd_prdt_dma_addr = cmd_desc_element_addr + prdt_offset;\n}\n\n/**\n * ufshcd_queuecommand - main entry point for SCSI requests\n * @host: SCSI host pointer\n * @cmd: command from SCSI Midlayer\n *\n * Return: 0 for success, non-zero in case of failure.\n */\nstatic int ufshcd_queuecommand(struct Scsi_Host *host, struct scsi_cmnd *cmd)\n{\n\tstruct ufs_hba *hba = shost_priv(host);\n\tint tag = scsi_cmd_to_rq(cmd)->tag;\n\tstruct ufshcd_lrb *lrbp;\n\tint err = 0;\n\tstruct ufs_hw_queue *hwq = NULL;\n\n\tswitch (hba->ufshcd_state) {\n\tcase UFSHCD_STATE_OPERATIONAL:\n\t\tbreak;\n\tcase UFSHCD_STATE_EH_SCHEDULED_NON_FATAL:\n\t\t/*\n\t\t * SCSI error handler can call ->queuecommand() while UFS error\n\t\t * handler is in progress. Error interrupts could change the\n\t\t * state from UFSHCD_STATE_RESET to\n\t\t * UFSHCD_STATE_EH_SCHEDULED_NON_FATAL. Prevent requests\n\t\t * being issued in that case.\n\t\t */\n\t\tif (ufshcd_eh_in_progress(hba)) {\n\t\t\terr = SCSI_MLQUEUE_HOST_BUSY;\n\t\t\tgoto out;\n\t\t}\n\t\tbreak;\n\tcase UFSHCD_STATE_EH_SCHEDULED_FATAL:\n\t\t/*\n\t\t * pm_runtime_get_sync() is used at error handling preparation\n\t\t * stage. If a scsi cmd, e.g. the SSU cmd, is sent from hba\'s\n\t\t * PM ops, it can never be finished if we let SCSI layer keep\n\t\t * retrying it, which gets err handler stuck forever. Neither\n\t\t * can we let the scsi cmd pass through, because UFS is in bad\n\t\t * state, the scsi cmd may eventually time out, which will get\n\t\t * err handler blocked for too long. So, just fail the scsi cmd\n\t\t * sent from PM ops, err handler can recover PM error anyways.\n\t\t */\n\t\tif (hba->pm_op_in_progress) {\n\t\t\thba->force_reset = true;\n\t\t\tset_host_byte(cmd, DID_BAD_TARGET);\n\t\t\tscsi_done(cmd);\n\t\t\tgoto out;\n\t\t}\n\t\tfallthrough;\n\tcase UFSHCD_STATE_RESET:\n\t\terr = SCSI_MLQUEUE_HOST_BUSY;\n\t\tgoto out;\n\tcase UFSHCD_STATE_ERROR:\n\t\tset_host_byte(cmd, DID_ERROR);\n\t\tscsi_done(cmd);\n\t\tgoto out;\n\t}\n\n\thba->req_abort_count = 0;\n\n\tufshcd_hold(hba);\n\n\tlrbp = &hba->lrb[tag];\n\tlrbp->cmd = cmd;\n\tlrbp->task_tag = tag;\n\tlrbp->lun = ufshcd_scsi_to_upiu_lun(cmd->device->lun);\n\tlrbp->intr_cmd = !ufshcd_is_intr_aggr_allowed(hba);\n\n\tufshcd_prepare_lrbp_crypto(scsi_cmd_to_rq(cmd), lrbp);\n\n\tlrbp->req_abort_skip = false;\n\n\tufshcd_comp_scsi_upiu(hba, lrbp);\n\n\terr = ufshcd_map_sg(hba, lrbp);\n\tif (err) {\n\t\tufshcd_release(hba);\n\t\tgoto out;\n\t}\n\n\tif (hba->mcq_enabled)\n\t\thwq = ufshcd_mcq_req_to_hwq(hba, scsi_cmd_to_rq(cmd));\n\n\tufshcd_send_command(hba, tag, hwq);\n\nout:\n\tif (ufs_trigger_eh(hba)) {\n\t\tunsigned long flags;\n\n\t\tspin_lock_irqsave(hba->host->host_lock, flags);\n\t\tufshcd_schedule_eh_work(hba);\n\t\tspin_unlock_irqrestore(hba->host->host_lock, flags);\n\t}\n\n\treturn err;\n}\n\nstatic void ufshcd_setup_dev_cmd(struct ufs_hba *hba, struct ufshcd_lrb *lrbp,\n\t\t\t     enum dev_cmd_type cmd_type, u8 lun, int tag)\n{\n\tlrbp->cmd = NULL;\n\tlrbp->task_tag = tag;\n\tlrbp->lun = lun;\n\tlrbp->intr_cmd = true; /* No interrupt aggregation */\n\tufshcd_prepare_lrbp_crypto(NULL, lrbp);\n\thba->dev_cmd.type = cmd_type;\n}\n\nstatic int ufshcd_compose_dev_cmd(struct ufs_hba *hba,\n\t\tstruct ufshcd_lrb *lrbp, enum dev_cmd_type cmd_type, int tag)\n{\n\tufshcd_setup_dev_cmd(hba, lrbp, cmd_type, 0, tag);\n\n\treturn ufshcd_compose_devman_upiu(hba, lrbp);\n}\n\n/*\n * Check with the block layer if the command is inflight\n * @cmd: command to check.\n *\n * Return: true if command is inflight; false if not.\n */\nbool ufshcd_cmd_inflight(struct scsi_cmnd *cmd)\n{\n\treturn cmd && blk_mq_rq_state(scsi_cmd_to_rq(cmd)) == MQ_RQ_IN_FLIGHT;\n}\n\n/*\n * Clear the pending command in the controller and wait until\n * the controller confirms that the command has been cleared.\n * @hba: per adapter instance\n * @task_tag: The tag number of the command to be cleared.\n */\nstatic int ufshcd_clear_cmd(struct ufs_hba *hba, u32 task_tag)\n{\n\tu32 mask;\n\tunsigned long flags;\n\tint err;\n\n\tif (hba->mcq_enabled) {\n\t\t/*\n\t\t * MCQ mode. Clean up the MCQ resources similar to\n\t\t * what the ufshcd_utrl_clear() does for SDB mode.\n\t\t */\n\t\terr = ufshcd_mcq_sq_cleanup(hba, task_tag);\n\t\tif (err) {\n\t\t\tdev_err(hba->dev, "%s: failed tag=%d. err=%d\\n",\n\t\t\t\t__func__, task_tag, err);\n\t\t\treturn err;\n\t\t}\n\t\treturn 0;\n\t}\n\n\tmask = 1U << task_tag;\n\n\t/* clear outstanding transaction before retry */\n\tspin_lock_irqsave(hba->host->host_lock, flags);\n\tufshcd_utrl_clear(hba, mask);\n\tspin_unlock_irqrestore(hba->host->host_lock, flags);\n\n\t/*\n\t * wait for h/w to clear corresponding bit in door-bell.\n\t * max. wait is 1 sec.\n\t */\n\treturn ufshcd_wait_for_register(hba, REG_UTP_TRANSFER_REQ_DOOR_BELL,\n\t\t\t\t\tmask, ~mask, 1000, 1000);\n}\n\n/**\n * ufshcd_dev_cmd_completion() - handles device management command responses\n * @hba: per adapter instance\n * @lrbp: pointer to local reference block\n *\n * Return: 0 upon success; < 0 upon failure.\n */\nstatic int\nufshcd_dev_cmd_completion(struct ufs_hba *hba, struct ufshcd_lrb *lrbp)\n{\n\tenum upiu_response_transaction resp;\n\tint err = 0;\n\n\thba->ufs_stats.last_hibern8_exit_tstamp = ktime_set(0, 0);\n\tresp = ufshcd_get_req_rsp(lrbp->ucd_rsp_ptr);\n\n\tswitch (resp) {\n\tcase UPIU_TRANSACTION_NOP_IN:\n\t\tif (hba->dev_cmd.type != DEV_CMD_TYPE_NOP) {\n\t\t\terr = -EINVAL;\n\t\t\tdev_err(hba->dev, "%s: unexpected response %x\\n",\n\t\t\t\t\t__func__, resp);\n\t\t}\n\t\tbreak;\n\tcase UPIU_TRANSACTION_QUERY_RSP: {\n\t\tu8 response = lrbp->ucd_rsp_ptr->header.response;\n\n\t\tif (response == 0)\n\t\t\terr = ufshcd_copy_query_response(hba, lrbp);\n\t\tbreak;\n\t}\n\tcase UPIU_TRANSACTION_REJECT_UPIU:\n\t\t/* TODO: handle Reject UPIU Response */\n\t\terr = -EPERM;\n\t\tdev_err(hba->dev, "%s: Reject UPIU not fully implemented\\n",\n\t\t\t\t__func__);\n\t\tbreak;\n\tcase UPIU_TRANSACTION_RESPONSE:\n\t\tif (hba->dev_cmd.type != DEV_CMD_TYPE_RPMB) {\n\t\t\terr = -EINVAL;\n\t\t\tdev_err(hba->dev, "%s: unexpected response %x\\n", __func__, resp);\n\t\t}\n\t\tbreak;\n\tdefault:\n\t\terr = -EINVAL;\n\t\tdev_err(hba->dev, "%s: Invalid device management cmd response: %x\\n",\n\t\t\t\t__func__, resp);\n\t\tbreak;\n\t}\n\n\treturn err;\n}\n\nstatic int ufshcd_wait_for_dev_cmd(struct ufs_hba *hba,\n\t\tstruct ufshcd_lrb *lrbp, int max_timeout)\n{\n\tunsigned long time_left = msecs_to_jiffies(max_timeout);\n\tunsigned long flags;\n\tbool pending;\n\tint err;\n\nretry:\n\ttime_left = wait_for_completion_timeout(hba->dev_cmd.complete,\n\t\t\t\t\t\ttime_left);\n\n\tif (likely(time_left)) {\n\t\t/*\n\t\t * The completion handler called complete() and the caller of\n\t\t * this function still owns the @lrbp tag so the code below does\n\t\t * not trigger any race conditions.\n\t\t */\n\t\thba->dev_cmd.complete = NULL;\n\t\terr = ufshcd_get_tr_ocs(lrbp, NULL);\n\t\tif (!err)\n\t\t\terr = ufshcd_dev_cmd_completion(hba, lrbp);\n\t} else {\n\t\terr = -ETIMEDOUT;\n\t\tdev_dbg(hba->dev, "%s: dev_cmd request timedout, tag %d\\n",\n\t\t\t__func__, lrbp->task_tag);\n\n\t\t/* MCQ mode */\n\t\tif (hba->mcq_enabled) {\n\t\t\t/* successfully cleared the command, retry if needed */\n\t\t\tif (ufshcd_clear_cmd(hba, lrbp->task_tag) == 0)\n\t\t\t\terr = -EAGAIN;\n\t\t\thba->dev_cmd.complete = NULL;\n\t\t\treturn err;\n\t\t}\n\n\t\t/* SDB mode */\n\t\tif (ufshcd_clear_cmd(hba, lrbp->task_tag) == 0) {\n\t\t\t/* successfully cleared the command, retry if needed */\n\t\t\terr = -EAGAIN;\n\t\t\t/*\n\t\t\t * Since clearing the command succeeded we also need to\n\t\t\t * clear the task tag bit from the outstanding_reqs\n\t\t\t * variable.\n\t\t\t */\n\t\t\tspin_lock_irqsave(&hba->outstanding_lock, flags);\n\t\t\tpending = test_bit(lrbp->task_tag,\n\t\t\t\t\t   &hba->outstanding_reqs);\n\t\t\tif (pending) {\n\t\t\t\thba->dev_cmd.complete = NULL;\n\t\t\t\t__clear_bit(lrbp->task_tag,\n\t\t\t\t\t    &hba->outstanding_reqs);\n\t\t\t}\n\t\t\tspin_unlock_irqrestore(&hba->outstanding_lock, flags);\n\n\t\t\tif (!pending) {\n\t\t\t\t/*\n\t\t\t\t * The completion handler ran while we tried to\n\t\t\t\t * clear the command.\n\t\t\t\t */\n\t\t\t\ttime_left = 1;\n\t\t\t\tgoto retry;\n\t\t\t}\n\t\t} else {\n\t\t\tdev_err(hba->dev, "%s: failed to clear tag %d\\n",\n\t\t\t\t__func__, lrbp->task_tag);\n\n\t\t\tspin_lock_irqsave(&hba->outstanding_lock, flags);\n\t\t\tpending = test_bit(lrbp->task_tag,\n\t\t\t\t\t   &hba->outstanding_reqs);\n\t\t\tif (pending)\n\t\t\t\thba->dev_cmd.complete = NULL;\n\t\t\tspin_unlock_irqrestore(&hba->outstanding_lock, flags);\n\n\t\t\tif (!pending) {\n\t\t\t\t/*\n\t\t\t\t * The completion handler ran while we tried to\n\t\t\t\t * clear the command.\n\t\t\t\t */\n\t\t\t\ttime_left = 1;\n\t\t\t\tgoto retry;\n\t\t\t}\n\t\t}\n\t}\n\n\treturn err;\n}\n\nstatic void ufshcd_dev_man_lock(struct ufs_hba *hba)\n{\n\tufshcd_hold(hba);\n\tmutex_lock(&hba->dev_cmd.lock);\n\tdown_read(&hba->clk_scaling_lock);\n}\n\nstatic void ufshcd_dev_man_unlock(struct ufs_hba *hba)\n{\n\tup_read(&hba->clk_scaling_lock);\n\tmutex_unlock(&hba->dev_cmd.lock);\n\tufshcd_release(hba);\n}\n\nstatic int ufshcd_issue_dev_cmd(struct ufs_hba *hba, struct ufshcd_lrb *lrbp,\n\t\t\t  const u32 tag, int timeout)\n{\n\tDECLARE_COMPLETION_ONSTACK(wait);\n\tint err;\n\n\thba->dev_cmd.complete = &wait;\n\n\tufshcd_add_query_upiu_trace(hba, UFS_QUERY_SEND, lrbp->ucd_req_ptr);\n\n\tufshcd_send_command(hba, tag, hba->dev_cmd_queue);\n\terr = ufshcd_wait_for_dev_cmd(hba, lrbp, timeout);\n\n\tufshcd_add_query_upiu_trace(hba, err ? UFS_QUERY_ERR : UFS_QUERY_COMP,\n\t\t\t\t    (struct utp_upiu_req *)lrbp->ucd_rsp_ptr);\n\n\treturn err;\n}\n\n/**\n * ufshcd_exec_dev_cmd - API for sending device management requests\n * @hba: UFS hba\n * @cmd_type: specifies the type (NOP, Query...)\n * @timeout: timeout in milliseconds\n *\n * Return: 0 upon success; < 0 upon failure.\n *\n * NOTE: Since there is only one available tag for device management commands,\n * it is expected you hold the hba->dev_cmd.lock mutex.\n */\nstatic int ufshcd_exec_dev_cmd(struct ufs_hba *hba,\n\t\tenum dev_cmd_type cmd_type, int timeout)\n{\n\tconst u32 tag = hba->reserved_slot;\n\tstruct ufshcd_lrb *lrbp = &hba->lrb[tag];\n\tint err;\n\n\t/* Protects use of hba->reserved_slot. */\n\tlockdep_assert_held(&hba->dev_cmd.lock);\n\n\terr = ufshcd_compose_dev_cmd(hba, lrbp, cmd_type, tag);\n\tif (unlikely(err))\n\t\treturn err;\n\n\treturn ufshcd_issue_dev_cmd(hba, lrbp, tag, timeout);\n}\n\n/**\n * ufshcd_init_query() - init the query response and request parameters\n * @hba: per-adapter instance\n * @request: address of the request pointer to be initialized\n * @response: address of the response pointer to be initialized\n * @opcode: operation to perform\n * @idn: flag idn to access\n * @index: LU number to access\n * @selector: query/flag/descriptor further identification\n */\nstatic inline void ufshcd_init_query(struct ufs_hba *hba,\n\t\tstruct ufs_query_req **request, struct ufs_query_res **response,\n\t\tenum query_opcode opcode, u8 idn, u8 index, u8 selector)\n{\n\t*request = &hba->dev_cmd.query.request;\n\t*response = &hba->dev_cmd.query.response;\n\tmemset(*request, 0, sizeof(struct ufs_query_req));\n\tmemset(*response, 0, sizeof(struct ufs_query_res));\n\t(*request)->upiu_req.opcode = opcode;\n\t(*request)->upiu_req.idn = idn;\n\t(*request)->upiu_req.index = index;\n\t(*request)->upiu_req.selector = selector;\n}\n\nstatic int ufshcd_query_flag_retry(struct ufs_hba *hba,\n\tenum query_opcode opcode, enum flag_idn idn, u8 index, bool *flag_res)\n{\n\tint ret;\n\tint retries;\n\n\tfor (retries = 0; retries < QUERY_REQ_RETRIES; retries++) {\n\t\tret = ufshcd_query_flag(hba, opcode, idn, index, flag_res);\n\t\tif (ret)\n\t\t\tdev_dbg(hba->dev,\n\t\t\t\t"%s: failed with error %d, retries %d\\n",\n\t\t\t\t__func__, ret, retries);\n\t\telse\n\t\t\tbreak;\n\t}\n\n\tif (ret)\n\t\tdev_err(hba->dev,\n\t\t\t"%s: query flag, opcode %d, idn %d, failed with error %d after %d retries\\n",\n\t\t\t__func__, opcode, idn, ret, retries);\n\treturn ret;\n}\n\n/**\n * ufshcd_query_flag() - API function for sending flag query requests\n * @hba: per-adapter instance\n * @opcode: flag query to perform\n * @idn: flag idn to access\n * @index: flag index to access\n * @flag_res: the flag value after the query request completes\n *\n * Return: 0 for success, non-zero in case of failure.\n */\nint ufshcd_query_flag(struct ufs_hba *hba, enum query_opcode opcode,\n\t\t\tenum flag_idn idn, u8 index, bool *flag_res)\n{\n\tstruct ufs_query_req *request = NULL;\n\tstruct ufs_query_res *response = NULL;\n\tint err, selector = 0;\n\tint timeout = QUERY_REQ_TIMEOUT;\n\n\tBUG_ON(!hba);\n\n\tufshcd_dev_man_lock(hba);\n\n\tufshcd_init_query(hba, &request, &response, opcode, idn, index,\n\t\t\tselector);\n\n\tswitch (opcode) {\n\tcase UPIU_QUERY_OPCODE_SET_FLAG:\n\tcase UPIU_QUERY_OPCODE_CLEAR_FLAG:\n\tcase UPIU_QUERY_OPCODE_TOGGLE_FLAG:\n\t\trequest->query_func = UPIU_QUERY_FUNC_STANDARD_WRITE_REQUEST;\n\t\tbreak;\n\tcase UPIU_QUERY_OPCODE_READ_FLAG:\n\t\trequest->query_func = UPIU_QUERY_FUNC_STANDARD_READ_REQUEST;\n\t\tif (!flag_res) {\n\t\t\t/* No dummy reads */\n\t\t\tdev_err(hba->dev, "%s: Invalid argument for read request\\n",\n\t\t\t\t\t__func__);\n\t\t\terr = -EINVAL;\n\t\t\tgoto out_unlock;\n\t\t}\n\t\tbreak;\n\tdefault:\n\t\tdev_err(hba->dev,\n\t\t\t"%s: Expected query flag opcode but got = %d\\n",\n\t\t\t__func__, opcode);\n\t\terr = -EINVAL;\n\t\tgoto out_unlock;\n\t}\n\n\terr = ufshcd_exec_dev_cmd(hba, DEV_CMD_TYPE_QUERY, timeout);\n\n\tif (err) {\n\t\tdev_err(hba->dev,\n\t\t\t"%s: Sending flag query for idn %d failed, err = %d\\n",\n\t\t\t__func__, idn, err);\n\t\tgoto out_unlock;\n\t}\n\n\tif (flag_res)\n\t\t*flag_res = (be32_to_cpu(response->upiu_res.value) &\n\t\t\t\tMASK_QUERY_UPIU_FLAG_LOC) & 0x1;\n\nout_unlock:\n\tufshcd_dev_man_unlock(hba);\n\treturn err;\n}\n\n/**\n * ufshcd_query_attr - API function for sending attribute requests\n * @hba: per-adapter instance\n * @opcode: attribute opcode\n * @idn: attribute idn to access\n * @index: index field\n * @selector: selector field\n * @attr_val: the attribute value after the query request completes\n *\n * Return: 0 for success, non-zero in case of failure.\n*/\nint ufshcd_query_attr(struct ufs_hba *hba, enum query_opcode opcode,\n\t\t      enum attr_idn idn, u8 index, u8 selector, u32 *attr_val)\n{\n\tstruct ufs_query_req *request = NULL;\n\tstruct ufs_query_res *response = NULL;\n\tint err;\n\n\tBUG_ON(!hba);\n\n\tif (!attr_val) {\n\t\tdev_err(hba->dev, "%s: attribute value required for opcode 0x%x\\n",\n\t\t\t\t__func__, opcode);\n\t\treturn -EINVAL;\n\t}\n\n\tufshcd_dev_man_lock(hba);\n\n\tufshcd_init_query(hba, &request, &response, opcode, idn, index,\n\t\t\tselector);\n\n\tswitch (opcode) {\n\tcase UPIU_QUERY_OPCODE_WRITE_ATTR:\n\t\trequest->query_func = UPIU_QUERY_FUNC_STANDARD_WRITE_REQUEST;\n\t\trequest->upiu_req.value = cpu_to_be32(*attr_val);\n\t\tbreak;\n\tcase UPIU_QUERY_OPCODE_READ_ATTR:\n\t\trequest->query_func = UPIU_QUERY_FUNC_STANDARD_READ_REQUEST;\n\t\tbreak;\n\tdefault:\n\t\tdev_err(hba->dev, "%s: Expected query attr opcode but got = 0x%.2x\\n",\n\t\t\t\t__func__, opcode);\n\t\terr = -EINVAL;\n\t\tgoto out_unlock;\n\t}\n\n\terr = ufshcd_exec_dev_cmd(hba, DEV_CMD_TYPE_QUERY, QUERY_REQ_TIMEOUT);\n\n\tif (err) {\n\t\tdev_err(hba->dev, "%s: opcode 0x%.2x for idn %d failed, index %d, err = %d\\n",\n\t\t\t\t__func__, opcode, idn, index, err);\n\t\tgoto out_unlock;\n\t}\n\n\t*attr_val = be32_to_cpu(response->upiu_res.value);\n\nout_unlock:\n\tufshcd_dev_man_unlock(hba);\n\treturn err;\n}\n\n/**\n * ufshcd_query_attr_retry() - API function for sending query\n * attribute with retries\n * @hba: per-adapter instance\n * @opcode: attribute opcode\n * @idn: attribute idn to access\n * @index: index field\n * @selector: selector field\n * @attr_val: the attribute value after the query request\n * completes\n *\n * Return: 0 for success, non-zero in case of failure.\n*/\nint ufshcd_query_attr_retry(struct ufs_hba *hba,\n\tenum query_opcode opcode, enum attr_idn idn, u8 index, u8 selector,\n\tu32 *attr_val)\n{\n\tint ret = 0;\n\tu32 retries;\n\n\tfor (retries = QUERY_REQ_RETRIES; retries > 0; retries--) {\n\t\tret = ufshcd_query_attr(hba, opcode, idn, index,\n\t\t\t\t\t\tselector, attr_val);\n\t\tif (ret)\n\t\t\tdev_dbg(hba->dev, "%s: failed with error %d, retries %d\\n",\n\t\t\t\t__func__, ret, retries);\n\t\telse\n\t\t\tbreak;\n\t}\n\n\tif (ret)\n\t\tdev_err(hba->dev,\n\t\t\t"%s: query attribute, idn %d, failed with error %d after %d retries\\n",\n\t\t\t__func__, idn, ret, QUERY_REQ_RETRIES);\n\treturn ret;\n}\n\nstatic int __ufshcd_query_descriptor(struct ufs_hba *hba,\n\t\t\tenum query_opcode opcode, enum desc_idn idn, u8 index,\n\t\t\tu8 selector, u8 *desc_buf, int *buf_len)\n{\n\tstruct ufs_query_req *request = NULL;\n\tstruct ufs_query_res *response = NULL;\n\tint err;\n\n\tBUG_ON(!hba);\n\n\tif (!desc_buf) {\n\t\tdev_err(hba->dev, "%s: descriptor buffer required for opcode 0x%x\\n",\n\t\t\t\t__func__, opcode);\n\t\treturn -EINVAL;\n\t}\n\n\tif (*buf_len < QUERY_DESC_MIN_SIZE || *buf_len > QUERY_DESC_MAX_SIZE) {\n\t\tdev_err(hba->dev, "%s: descriptor buffer size (%d) is out of range\\n",\n\t\t\t\t__func__, *buf_len);\n\t\treturn -EINVAL;\n\t}\n\n\tufshcd_dev_man_lock(hba);\n\n\tufshcd_init_query(hba, &request, &response, opcode, idn, index,\n\t\t\tselector);\n\thba->dev_cmd.query.descriptor = desc_buf;\n\trequest->upiu_req.length = cpu_to_be16(*buf_len);\n\n\tswitch (opcode) {\n\tcase UPIU_QUERY_OPCODE_WRITE_DESC:\n\t\trequest->query_func = UPIU_QUERY_FUNC_STANDARD_WRITE_REQUEST;\n\t\tbreak;\n\tcase UPIU_QUERY_OPCODE_READ_DESC:\n\t\trequest->query_func = UPIU_QUERY_FUNC_STANDARD_READ_REQUEST;\n\t\tbreak;\n\tdefault:\n\t\tdev_err(hba->dev,\n\t\t\t\t"%s: Expected query descriptor opcode but got = 0x%.2x\\n",\n\t\t\t\t__func__, opcode);\n\t\terr = -EINVAL;\n\t\tgoto out_unlock;\n\t}\n\n\terr = ufshcd_exec_dev_cmd(hba, DEV_CMD_TYPE_QUERY, QUERY_REQ_TIMEOUT);\n\n\tif (err) {\n\t\tdev_err(hba->dev, "%s: opcode 0x%.2x for idn %d failed, index %d, err = %d\\n",\n\t\t\t\t__func__, opcode, idn, index, err);\n\t\tgoto out_unlock;\n\t}\n\n\t*buf_len = be16_to_cpu(response->upiu_res.length);\n\nout_unlock:\n\thba->dev_cmd.query.descriptor = NULL;\n\tufshcd_dev_man_unlock(hba);\n\treturn err;\n}\n\n/**\n * ufshcd_query_descriptor_retry - API function for sending descriptor requests\n * @hba: per-adapter instance\n * @opcode: attribute opcode\n * @idn: attribute idn to access\n * @index: index field\n * @selector: selector field\n * @desc_buf: the buffer that contains the descriptor\n * @buf_len: length parameter passed to the device\n *\n * The buf_len parameter will contain, on return, the length parameter\n * received on the response.\n *\n * Return: 0 for success, non-zero in case of failure.\n */\nint ufshcd_query_descriptor_retry(struct ufs_hba *hba,\n\t\t\t\t  enum query_opcode opcode,\n\t\t\t\t  enum desc_idn idn, u8 index,\n\t\t\t\t  u8 selector,\n\t\t\t\t  u8 *desc_buf, int *buf_len)\n{\n\tint err;\n\tint retries;\n\n\tfor (retries = QUERY_REQ_RETRIES; retries > 0; retries--) {\n\t\terr = __ufshcd_query_descriptor(hba, opcode, idn, index,\n\t\t\t\t\t\tselector, desc_buf, buf_len);\n\t\tif (!err || err == -EINVAL)\n\t\t\tbreak;\n\t}\n\n\treturn err;\n}\n\n/**\n * ufshcd_read_desc_param - read the specified descriptor parameter\n * @hba: Pointer to adapter instance\n * @desc_id: descriptor idn value\n * @desc_index: descriptor index\n * @param_offset: offset of the parameter to read\n * @param_read_buf: pointer to buffer where parameter would be read\n * @param_size: sizeof(param_read_buf)\n *\n * Return: 0 in case of success, non-zero otherwise.\n */\nint ufshcd_read_desc_param(struct ufs_hba *hba,\n\t\t\t   enum desc_idn desc_id,\n\t\t\t   int desc_index,\n\t\t\t   u8 param_offset,\n\t\t\t   u8 *param_read_buf,\n\t\t\t   u8 param_size)\n{\n\tint ret;\n\tu8 *desc_buf;\n\tint buff_len = QUERY_DESC_MAX_SIZE;\n\tbool is_kmalloc = true;\n\n\t/* Safety check */\n\tif (desc_id >= QUERY_DESC_IDN_MAX || !param_size)\n\t\treturn -EINVAL;\n\n\t/* Check whether we need temp memory */\n\tif (param_offset != 0 || param_size < buff_len) {\n\t\tdesc_buf = kzalloc(buff_len, GFP_KERNEL);\n\t\tif (!desc_buf)\n\t\t\treturn -ENOMEM;\n\t} else {\n\t\tdesc_buf = param_read_buf;\n\t\tis_kmalloc = false;\n\t}\n\n\t/* Request for full descriptor */\n\tret = ufshcd_query_descriptor_retry(hba, UPIU_QUERY_OPCODE_READ_DESC,\n\t\t\t\t\t    desc_id, desc_index, 0,\n\t\t\t\t\t    desc_buf, &buff_len);\n\tif (ret) {\n\t\tdev_err(hba->dev, "%s: Failed reading descriptor. desc_id %d, desc_index %d, param_offset %d, ret %d\\n",\n\t\t\t__func__, desc_id, desc_index, param_offset, ret);\n\t\tgoto out;\n\t}\n\n\t/* Update descriptor length */\n\tbuff_len = desc_buf[QUERY_DESC_LENGTH_OFFSET];\n\n\tif (param_offset >= buff_len) {\n\t\tdev_err(hba->dev, "%s: Invalid offset 0x%x in descriptor IDN 0x%x, length 0x%x\\n",\n\t\t\t__func__, param_offset, desc_id, buff_len);\n\t\tret = -EINVAL;\n\t\tgoto out;\n\t}\n\n\t/* Sanity check */\n\tif (desc_buf[QUERY_DESC_DESC_TYPE_OFFSET] != desc_id) {\n\t\tdev_err(hba->dev, "%s: invalid desc_id %d in descriptor header\\n",\n\t\t\t__func__, desc_buf[QUERY_DESC_DESC_TYPE_OFFSET]);\n\t\tret = -EINVAL;\n\t\tgoto out;\n\t}\n\n\tif (is_kmalloc) {\n\t\t/* Make sure we don\'t copy more data than available */\n\t\tif (param_offset >= buff_len)\n\t\t\tret = -EINVAL;\n\t\telse\n\t\t\tmemcpy(param_read_buf, &desc_buf[param_offset],\n\t\t\t       min_t(u32, param_size, buff_len - param_offset));\n\t}\nout:\n\tif (is_kmalloc)\n\t\tkfree(desc_buf);\n\treturn ret;\n}\n\n/**\n * struct uc_string_id - unicode string\n *\n * @len: size of this descriptor inclusive\n * @type: descriptor type\n * @uc: unicode string character\n */\nstruct uc_string_id {\n\tu8 len;\n\tu8 type;\n\twchar_t uc[];\n} __packed;\n\n/* replace non-printable or non-ASCII characters with spaces */\nstatic inline char ufshcd_remove_non_printable(u8 ch)\n{\n\treturn (ch >= 0x20 && ch <= 0x7e) ? ch : \' \';\n}\n\n/**\n * ufshcd_read_string_desc - read string descriptor\n * @hba: pointer to adapter instance\n * @desc_index: descriptor index\n * @buf: pointer to buffer where descriptor would be read,\n *       the caller should free the memory.\n * @ascii: if true convert from unicode to ascii characters\n *         null terminated string.\n *\n * Return:\n * *      string size on success.\n * *      -ENOMEM: on allocation failure\n * *      -EINVAL: on a wrong parameter\n */\nint ufshcd_read_string_desc(struct ufs_hba *hba, u8 desc_index,\n\t\t\t    u8 **buf, bool ascii)\n{\n\tstruct uc_string_id *uc_str;\n\tu8 *str;\n\tint ret;\n\n\tif (!buf)\n\t\treturn -EINVAL;\n\n\tuc_str = kzalloc(QUERY_DESC_MAX_SIZE, GFP_KERNEL);\n\tif (!uc_str)\n\t\treturn -ENOMEM;\n\n\tret = ufshcd_read_desc_param(hba, QUERY_DESC_IDN_STRING, desc_index, 0,\n\t\t\t\t     (u8 *)uc_str, QUERY_DESC_MAX_SIZE);\n\tif (ret < 0) {\n\t\tdev_err(hba->dev, "Reading String Desc failed after %d retries. err = %d\\n",\n\t\t\tQUERY_REQ_RETRIES, ret);\n\t\tstr = NULL;\n\t\tgoto out;\n\t}\n\n\tif (uc_str->len <= QUERY_DESC_HDR_SIZE) {\n\t\tdev_dbg(hba->dev, "String Desc is of zero length\\n");\n\t\tstr = NULL;\n\t\tret = 0;\n\t\tgoto out;\n\t}\n\n\tif (ascii) {\n\t\tssize_t ascii_len;\n\t\tint i;\n\t\t/* remove header and divide by 2 to move from UTF16 to UTF8 */\n\t\tascii_len = (uc_str->len - QUERY_DESC_HDR_SIZE) / 2 + 1;\n\t\tstr = kzalloc(ascii_len, GFP_KERNEL);\n\t\tif (!str) {\n\t\t\tret = -ENOMEM;\n\t\t\tgoto out;\n\t\t}\n\n\t\t/*\n\t\t * the descriptor contains string in UTF16 format\n\t\t * we need to convert to utf-8 so it can be displayed\n\t\t */\n\t\tret = utf16s_to_utf8s(uc_str->uc,\n\t\t\t\t      uc_str->len - QUERY_DESC_HDR_SIZE,\n\t\t\t\t      UTF16_BIG_ENDIAN, str, ascii_len - 1);\n\n\t\t/* replace non-printable or non-ASCII characters with spaces */\n\t\tfor (i = 0; i < ret; i++)\n\t\t\tstr[i] = ufshcd_remove_non_printable(str[i]);\n\n\t\tstr[ret++] = \'\\0\';\n\n\t} else {\n\t\tstr = kmemdup(uc_str, uc_str->len, GFP_KERNEL);\n\t\tif (!str) {\n\t\t\tret = -ENOMEM;\n\t\t\tgoto out;\n\t\t}\n\t\tret = uc_str->len;\n\t}\nout:\n\t*buf = str;\n\tkfree(uc_str);\n\treturn ret;\n}\n\n/**\n * ufshcd_read_unit_desc_param - read the specified unit descriptor parameter\n * @hba: Pointer to adapter instance\n * @lun: lun id\n * @param_offset: offset of the parameter to read\n * @param_read_buf: pointer to buffer where parameter would be read\n * @param_size: sizeof(param_read_buf)\n *\n * Return: 0 in case of success, non-zero otherwise.\n */\nstatic inline int ufshcd_read_unit_desc_param(struct ufs_hba *hba,\n\t\t\t\t\t      int lun,\n\t\t\t\t\t      enum unit_desc_param param_offset,\n\t\t\t\t\t      u8 *param_read_buf,\n\t\t\t\t\t      u32 param_size)\n{\n\t/*\n\t * Unit descriptors are only available for general purpose LUs (LUN id\n\t * from 0 to 7) and RPMB Well known LU.\n\t */\n\tif (!ufs_is_valid_unit_desc_lun(&hba->dev_info, lun))\n\t\treturn -EOPNOTSUPP;\n\n\treturn ufshcd_read_desc_param(hba, QUERY_DESC_IDN_UNIT, lun,\n\t\t\t\t      param_offset, param_read_buf, param_size);\n}\n\nstatic int ufshcd_get_ref_clk_gating_wait(struct ufs_hba *hba)\n{\n\tint err = 0;\n\tu32 gating_wait = UFSHCD_REF_CLK_GATING_WAIT_US;\n\n\tif (hba->dev_info.wspecversion >= 0x300) {\n\t\terr = ufshcd_query_attr_retry(hba, UPIU_QUERY_OPCODE_READ_ATTR,\n\t\t\t\tQUERY_ATTR_IDN_REF_CLK_GATING_WAIT_TIME, 0, 0,\n\t\t\t\t&gating_wait);\n\t\tif (err)\n\t\t\tdev_err(hba->dev, "Failed reading bRefClkGatingWait. err = %d, use default %uus\\n",\n\t\t\t\t\t err, gating_wait);\n\n\t\tif (gating_wait == 0) {\n\t\t\tgating_wait = UFSHCD_REF_CLK_GATING_WAIT_US;\n\t\t\tdev_err(hba->dev, "Undefined ref clk gating wait time, use default %uus\\n",\n\t\t\t\t\t gating_wait);\n\t\t}\n\n\t\thba->dev_info.clk_gating_wait_us = gating_wait;\n\t}\n\n\treturn err;\n}\n\n/**\n * ufshcd_memory_alloc - allocate memory for host memory space data structures\n * @hba: per adapter instance\n *\n * 1. Allocate DMA memory for Command Descriptor array\n *\tEach command descriptor consist of Command UPIU, Response UPIU and PRDT\n * 2. Allocate DMA memory for UTP Transfer Request Descriptor List (UTRDL).\n * 3. Allocate DMA memory for UTP Task Management Request Descriptor List\n *\t(UTMRDL)\n * 4. Allocate memory for local reference block(lrb).\n *\n * Return: 0 for success, non-zero in case of failure.\n */\nstatic int ufshcd_memory_alloc(struct ufs_hba *hba)\n{\n\tsize_t utmrdl_size, utrdl_size, ucdl_size;\n\n\t/* Allocate memory for UTP command descriptors */\n\tucdl_size = ufshcd_get_ucd_size(hba) * hba->nutrs;\n\thba->ucdl_base_addr = dmam_alloc_coherent(hba->dev,\n\t\t\t\t\t\t  ucdl_size,\n\t\t\t\t\t\t  &hba->ucdl_dma_addr,\n\t\t\t\t\t\t  GFP_KERNEL);\n\n\t/*\n\t * UFSHCI requires UTP command descriptor to be 128 byte aligned.\n\t */\n\tif (!hba->ucdl_base_addr ||\n\t    WARN_ON(hba->ucdl_dma_addr & (128 - 1))) {\n\t\tdev_err(hba->dev,\n\t\t\t"Command Descriptor Memory allocation failed\\n");\n\t\tgoto out;\n\t}\n\n\t/*\n\t * Allocate memory for UTP Transfer descriptors\n\t * UFSHCI requires 1KB alignment of UTRD\n\t */\n\tutrdl_size = (sizeof(struct utp_transfer_req_desc) * hba->nutrs);\n\thba->utrdl_base_addr = dmam_alloc_coherent(hba->dev,\n\t\t\t\t\t\t   utrdl_size,\n\t\t\t\t\t\t   &hba->utrdl_dma_addr,\n\t\t\t\t\t\t   GFP_KERNEL);\n\tif (!hba->utrdl_base_addr ||\n\t    WARN_ON(hba->utrdl_dma_addr & (SZ_1K - 1))) {\n\t\tdev_err(hba->dev,\n\t\t\t"Transfer Descriptor Memory allocation failed\\n");\n\t\tgoto out;\n\t}\n\n\t/*\n\t * Skip utmrdl allocation; it may have been\n\t * allocated during first pass and not released during\n\t * MCQ memory allocation.\n\t * See ufshcd_release_sdb_queue() and ufshcd_config_mcq()\n\t */\n\tif (hba->utmrdl_base_addr)\n\t\tgoto skip_utmrdl;\n\t/*\n\t * Allocate memory for UTP Task Management descriptors\n\t * UFSHCI requires 1KB alignment of UTMRD\n\t */\n\tutmrdl_size = sizeof(struct utp_task_req_desc) * hba->nutmrs;\n\thba->utmrdl_base_addr = dmam_alloc_coherent(hba->dev,\n\t\t\t\t\t\t    utmrdl_size,\n\t\t\t\t\t\t    &hba->utmrdl_dma_addr,\n\t\t\t\t\t\t    GFP_KERNEL);\n\tif (!hba->utmrdl_base_addr ||\n\t    WARN_ON(hba->utmrdl_dma_addr & (SZ_1K - 1))) {\n\t\tdev_err(hba->dev,\n\t\t"Task Management Descriptor Memory allocation failed\\n");\n\t\tgoto out;\n\t}\n\nskip_utmrdl:\n\t/* Allocate memory for local reference block */\n\thba->lrb = devm_kcalloc(hba->dev,\n\t\t\t\thba->nutrs, sizeof(struct ufshcd_lrb),\n\t\t\t\tGFP_KERNEL);\n\tif (!hba->lrb) {\n\t\tdev_err(hba->dev, "LRB Memory allocation failed\\n");\n\t\tgoto out;\n\t}\n\treturn 0;\nout:\n\treturn -ENOMEM;\n}\n\n/**\n * ufshcd_host_memory_configure - configure local reference block with\n *\t\t\t\tmemory offsets\n * @hba: per adapter instance\n *\n * Configure Host memory space\n * 1. Update Corresponding UTRD.UCDBA and UTRD.UCDBAU with UCD DMA\n * address.\n * 2. Update each UTRD with Response UPIU offset, Response UPIU length\n * and PRDT offset.\n * 3. Save the corresponding addresses of UTRD, UCD.CMD, UCD.RSP and UCD.PRDT\n * into local reference block.\n */\nstatic void ufshcd_host_memory_configure(struct ufs_hba *hba)\n{\n\tstruct utp_transfer_req_desc *utrdlp;\n\tdma_addr_t cmd_desc_dma_addr;\n\tdma_addr_t cmd_desc_element_addr;\n\tu16 response_offset;\n\tu16 prdt_offset;\n\tint cmd_desc_size;\n\tint i;\n\n\tutrdlp = hba->utrdl_base_addr;\n\n\tresponse_offset =\n\t\toffsetof(struct utp_transfer_cmd_desc, response_upiu);\n\tprdt_offset =\n\t\toffsetof(struct utp_transfer_cmd_desc, prd_table);\n\n\tcmd_desc_size = ufshcd_get_ucd_size(hba);\n\tcmd_desc_dma_addr = hba->ucdl_dma_addr;\n\n\tfor (i = 0; i < hba->nutrs; i++) {\n\t\t/* Configure UTRD with command descriptor base address */\n\t\tcmd_desc_element_addr =\n\t\t\t\t(cmd_desc_dma_addr + (cmd_desc_size * i));\n\t\tutrdlp[i].command_desc_base_addr =\n\t\t\t\tcpu_to_le64(cmd_desc_element_addr);\n\n\t\t/* Response upiu and prdt offset should be in double words */\n\t\tif (hba->quirks & UFSHCD_QUIRK_PRDT_BYTE_GRAN) {\n\t\t\tutrdlp[i].response_upiu_offset =\n\t\t\t\tcpu_to_le16(response_offset);\n\t\t\tutrdlp[i].prd_table_offset =\n\t\t\t\tcpu_to_le16(prdt_offset);\n\t\t\tutrdlp[i].response_upiu_length =\n\t\t\t\tcpu_to_le16(ALIGNED_UPIU_SIZE);\n\t\t} else {\n\t\t\tutrdlp[i].response_upiu_offset =\n\t\t\t\tcpu_to_le16(response_offset >> 2);\n\t\t\tutrdlp[i].prd_table_offset =\n\t\t\t\tcpu_to_le16(prdt_offset >> 2);\n\t\t\tutrdlp[i].response_upiu_length =\n\t\t\t\tcpu_to_le16(ALIGNED_UPIU_SIZE >> 2);\n\t\t}\n\n\t\tufshcd_init_lrb(hba, &hba->lrb[i], i);\n\t}\n}\n\n/**\n * ufshcd_dme_link_startup - Notify Unipro to perform link startup\n * @hba: per adapter instance\n *\n * UIC_CMD_DME_LINK_STARTUP command must be issued to Unipro layer,\n * in order to initialize the Unipro link startup procedure.\n * Once the Unipro links are up, the device connected to the controller\n * is detected.\n *\n * Return: 0 on success, non-zero value on failure.\n */\nstatic int ufshcd_dme_link_startup(struct ufs_hba *hba)\n{\n\tstruct uic_command uic_cmd = {\n\t\t.command = UIC_CMD_DME_LINK_STARTUP,\n\t};\n\tint ret;\n\n\tret = ufshcd_send_uic_cmd(hba, &uic_cmd);\n\tif (ret)\n\t\tdev_dbg(hba->dev,\n\t\t\t"dme-link-startup: error code %d\\n", ret);\n\treturn ret;\n}\n/**\n * ufshcd_dme_reset - UIC command for DME_RESET\n * @hba: per adapter instance\n *\n * DME_RESET command is issued in order to reset UniPro stack.\n * This function now deals with cold reset.\n *\n * Return: 0 on success, non-zero value on failure.\n */\nstatic int ufshcd_dme_reset(struct ufs_hba *hba)\n{\n\tstruct uic_command uic_cmd = {\n\t\t.command = UIC_CMD_DME_RESET,\n\t};\n\tint ret;\n\n\tret = ufshcd_send_uic_cmd(hba, &uic_cmd);\n\tif (ret)\n\t\tdev_err(hba->dev,\n\t\t\t"dme-reset: error code %d\\n", ret);\n\n\treturn ret;\n}\n\nint ufshcd_dme_configure_adapt(struct ufs_hba *hba,\n\t\t\t       int agreed_gear,\n\t\t\t       int adapt_val)\n{\n\tint ret;\n\n\tif (agreed_gear < UFS_HS_G4)\n\t\tadapt_val = PA_NO_ADAPT;\n\n\tret = ufshcd_dme_set(hba,\n\t\t\t     UIC_ARG_MIB(PA_TXHSADAPTTYPE),\n\t\t\t     adapt_val);\n\treturn ret;\n}\nEXPORT_SYMBOL_GPL(ufshcd_dme_configure_adapt);\n\n/**\n * ufshcd_dme_enable - UIC command for DME_ENABLE\n * @hba: per adapter instance\n *\n * DME_ENABLE command is issued in order to enable UniPro stack.\n *\n * Return: 0 on success, non-zero value on failure.\n */\nstatic int ufshcd_dme_enable(struct ufs_hba *hba)\n{\n\tstruct uic_command uic_cmd = {\n\t\t.command = UIC_CMD_DME_ENABLE,\n\t};\n\tint ret;\n\n\tret = ufshcd_send_uic_cmd(hba, &uic_cmd);\n\tif (ret)\n\t\tdev_err(hba->dev,\n\t\t\t"dme-enable: error code %d\\n", ret);\n\n\treturn ret;\n}\n\nstatic inline void ufshcd_add_delay_before_dme_cmd(struct ufs_hba *hba)\n{\n\t#define MIN_DELAY_BEFORE_DME_CMDS_US\t1000\n\tunsigned long min_sleep_time_us;\n\n\tif (!(hba->quirks & UFSHCD_QUIRK_DELAY_BEFORE_DME_CMDS))\n\t\treturn;\n\n\t/*\n\t * last_dme_cmd_tstamp will be 0 only for 1st call to\n\t * this function\n\t */\n\tif (unlikely(!ktime_to_us(hba->last_dme_cmd_tstamp))) {\n\t\tmin_sleep_time_us = MIN_DELAY_BEFORE_DME_CMDS_US;\n\t} else {\n\t\tunsigned long delta =\n\t\t\t(unsigned long) ktime_to_us(\n\t\t\t\tktime_sub(ktime_get(),\n\t\t\t\thba->last_dme_cmd_tstamp));\n\n\t\tif (delta < MIN_DELAY_BEFORE_DME_CMDS_US)\n\t\t\tmin_sleep_time_us =\n\t\t\t\tMIN_DELAY_BEFORE_DME_CMDS_US - delta;\n\t\telse\n\t\t\tmin_sleep_time_us = 0; /* no more delay required */\n\t}\n\n\tif (min_sleep_time_us > 0) {\n\t\t/* allow sleep for extra 50us if needed */\n\t\tusleep_range(min_sleep_time_us, min_sleep_time_us + 50);\n\t}\n\n\t/* update the last_dme_cmd_tstamp */\n\thba->last_dme_cmd_tstamp = ktime_get();\n}\n\n/**\n * ufshcd_dme_set_attr - UIC command for DME_SET, DME_PEER_SET\n * @hba: per adapter instance\n * @attr_sel: uic command argument1\n * @attr_set: attribute set type as uic command argument2\n * @mib_val: setting value as uic command argument3\n * @peer: indicate whether peer or local\n *\n * Return: 0 on success, non-zero value on failure.\n */\nint ufshcd_dme_set_attr(struct ufs_hba *hba, u32 attr_sel,\n\t\t\tu8 attr_set, u32 mib_val, u8 peer)\n{\n\tstruct uic_command uic_cmd = {\n\t\t.command = peer ? UIC_CMD_DME_PEER_SET : UIC_CMD_DME_SET,\n\t\t.argument1 = attr_sel,\n\t\t.argument2 = UIC_ARG_ATTR_TYPE(attr_set),\n\t\t.argument3 = mib_val,\n\t};\n\tstatic const char *const action[] = {\n\t\t"dme-set",\n\t\t"dme-peer-set"\n\t};\n\tconst char *set = action[!!peer];\n\tint ret;\n\tint retries = UFS_UIC_COMMAND_RETRIES;\n\n\tdo {\n\t\t/* for peer attributes we retry upon failure */\n\t\tret = ufshcd_send_uic_cmd(hba, &uic_cmd);\n\t\tif (ret)\n\t\t\tdev_dbg(hba->dev, "%s: attr-id 0x%x val 0x%x error code %d\\n",\n\t\t\t\tset, UIC_GET_ATTR_ID(attr_sel), mib_val, ret);\n\t} while (ret && peer && --retries);\n\n\tif (ret)\n\t\tdev_err(hba->dev, "%s: attr-id 0x%x val 0x%x failed %d retries\\n",\n\t\t\tset, UIC_GET_ATTR_ID(attr_sel), mib_val,\n\t\t\tUFS_UIC_COMMAND_RETRIES - retries);\n\n\treturn ret;\n}\nEXPORT_SYMBOL_GPL(ufshcd_dme_set_attr);\n\n/**\n * ufshcd_dme_get_attr - UIC command for DME_GET, DME_PEER_GET\n * @hba: per adapter instance\n * @attr_sel: uic command argument1\n * @mib_val: the value of the attribute as returned by the UIC command\n * @peer: indicate whether peer or local\n *\n * Return: 0 on success, non-zero value on failure.\n */\nint ufshcd_dme_get_attr(struct ufs_hba *hba, u32 attr_sel,\n\t\t\tu32 *mib_val, u8 peer)\n{\n\tstruct uic_command uic_cmd = {\n\t\t.command = peer ? UIC_CMD_DME_PEER_GET : UIC_CMD_DME_GET,\n\t\t.argument1 = attr_sel,\n\t};\n\tstatic const char *const action[] = {\n\t\t"dme-get",\n\t\t"dme-peer-get"\n\t};\n\tconst char *get = action[!!peer];\n\tint ret;\n\tint retries = UFS_UIC_COMMAND_RETRIES;\n\tstruct ufs_pa_layer_attr orig_pwr_info;\n\tstruct ufs_pa_layer_attr temp_pwr_info;\n\tbool pwr_mode_change = false;\n\n\tif (peer && (hba->quirks & UFSHCD_QUIRK_DME_PEER_ACCESS_AUTO_MODE)) {\n\t\torig_pwr_info = hba->pwr_info;\n\t\ttemp_pwr_info = orig_pwr_info;\n\n\t\tif (orig_pwr_info.pwr_tx == FAST_MODE ||\n\t\t    orig_pwr_info.pwr_rx == FAST_MODE) {\n\t\t\ttemp_pwr_info.pwr_tx = FASTAUTO_MODE;\n\t\t\ttemp_pwr_info.pwr_rx = FASTAUTO_MODE;\n\t\t\tpwr_mode_change = true;\n\t\t} else if (orig_pwr_info.pwr_tx == SLOW_MODE ||\n\t\t    orig_pwr_info.pwr_rx == SLOW_MODE) {\n\t\t\ttemp_pwr_info.pwr_tx = SLOWAUTO_MODE;\n\t\t\ttemp_pwr_info.pwr_rx = SLOWAUTO_MODE;\n\t\t\tpwr_mode_change = true;\n\t\t}\n\t\tif (pwr_mode_change) {\n\t\t\tret = ufshcd_change_power_mode(hba, &temp_pwr_info);\n\t\t\tif (ret)\n\t\t\t\tgoto out;\n\t\t}\n\t}\n\n\tdo {\n\t\t/* for peer attributes we retry upon failure */\n\t\tret = ufshcd_send_uic_cmd(hba, &uic_cmd);\n\t\tif (ret)\n\t\t\tdev_dbg(hba->dev, "%s: attr-id 0x%x error code %d\\n",\n\t\t\t\tget, UIC_GET_ATTR_ID(attr_sel), ret);\n\t} while (ret && peer && --retries);\n\n\tif (ret)\n\t\tdev_err(hba->dev, "%s: attr-id 0x%x failed %d retries\\n",\n\t\t\tget, UIC_GET_ATTR_ID(attr_sel),\n\t\t\tUFS_UIC_COMMAND_RETRIES - retries);\n\n\tif (mib_val && !ret)\n\t\t*mib_val = uic_cmd.argument3;\n\n\tif (peer && (hba->quirks & UFSHCD_QUIRK_DME_PEER_ACCESS_AUTO_MODE)\n\t    && pwr_mode_change)\n\t\tufshcd_change_power_mode(hba, &orig_pwr_info);\nout:\n\treturn ret;\n}\nEXPORT_SYMBOL_GPL(ufshcd_dme_get_attr);\n\n/**\n * ufshcd_uic_pwr_ctrl - executes UIC commands (which affects the link power\n * state) and waits for it to take effect.\n *\n * @hba: per adapter instance\n * @cmd: UIC command to execute\n *\n * DME operations like DME_SET(PA_PWRMODE), DME_HIBERNATE_ENTER &\n * DME_HIBERNATE_EXIT commands take some time to take its effect on both host\n * and device UniPro link and hence it\'s final completion would be indicated by\n * dedicated status bits in Interrupt Status register (UPMS, UHES, UHXS) in\n * addition to normal UIC command completion Status (UCCS). This function only\n * returns after the relevant status bits indicate the completion.\n *\n * Return: 0 on success, non-zero value on failure.\n */\nstatic int ufshcd_uic_pwr_ctrl(struct ufs_hba *hba, struct uic_command *cmd)\n{\n\tDECLARE_COMPLETION_ONSTACK(uic_async_done);\n\tunsigned long flags;\n\tu8 status;\n\tint ret;\n\tbool reenable_intr = false;\n\n\tmutex_lock(&hba->uic_cmd_mutex);\n\tufshcd_add_delay_before_dme_cmd(hba);\n\n\tspin_lock_irqsave(hba->host->host_lock, flags);\n\tif (ufshcd_is_link_broken(hba)) {\n\t\tret = -ENOLINK;\n\t\tgoto out_unlock;\n\t}\n\thba->uic_async_done = &uic_async_done;\n\tif (ufshcd_readl(hba, REG_INTERRUPT_ENABLE) & UIC_COMMAND_COMPL) {\n\t\tufshcd_disable_intr(hba, UIC_COMMAND_COMPL);\n\t\t/*\n\t\t * Make sure UIC command completion interrupt is disabled before\n\t\t * issuing UIC command.\n\t\t */\n\t\tufshcd_readl(hba, REG_INTERRUPT_ENABLE);\n\t\treenable_intr = true;\n\t}\n\tspin_unlock_irqrestore(hba->host->host_lock, flags);\n\tret = __ufshcd_send_uic_cmd(hba, cmd, false);\n\tif (ret) {\n\t\tdev_err(hba->dev,\n\t\t\t"pwr ctrl cmd 0x%x with mode 0x%x uic error %d\\n",\n\t\t\tcmd->command, cmd->argument3, ret);\n\t\tgoto out;\n\t}\n\n\tif (!wait_for_completion_timeout(hba->uic_async_done,\n\t\t\t\t\t msecs_to_jiffies(uic_cmd_timeout))) {\n\t\tdev_err(hba->dev,\n\t\t\t"pwr ctrl cmd 0x%x with mode 0x%x completion timeout\\n",\n\t\t\tcmd->command, cmd->argument3);\n\n\t\tif (!cmd->cmd_active) {\n\t\t\tdev_err(hba->dev, "%s: Power Mode Change operation has been completed, go check UPMCRS\\n",\n\t\t\t\t__func__);\n\t\t\tgoto check_upmcrs;\n\t\t}\n\n\t\tret = -ETIMEDOUT;\n\t\tgoto out;\n\t}\n\ncheck_upmcrs:\n\tstatus = ufshcd_get_upmcrs(hba);\n\tif (status != PWR_LOCAL) {\n\t\tdev_err(hba->dev,\n\t\t\t"pwr ctrl cmd 0x%x failed, host upmcrs:0x%x\\n",\n\t\t\tcmd->command, status);\n\t\tret = (status != PWR_OK) ? status : -1;\n\t}\nout:\n\tif (ret) {\n\t\tufshcd_print_host_state(hba);\n\t\tufshcd_print_pwr_info(hba);\n\t\tufshcd_print_evt_hist(hba);\n\t}\n\n\tspin_lock_irqsave(hba->host->host_lock, flags);\n\thba->active_uic_cmd = NULL;\n\thba->uic_async_done = NULL;\n\tif (reenable_intr)\n\t\tufshcd_enable_intr(hba, UIC_COMMAND_COMPL);\n\tif (ret) {\n\t\tufshcd_set_link_broken(hba);\n\t\tufshcd_schedule_eh_work(hba);\n\t}\nout_unlock:\n\tspin_unlock_irqrestore(hba->host->host_lock, flags);\n\tmutex_unlock(&hba->uic_cmd_mutex);\n\n\treturn ret;\n}\n\n/**\n * ufshcd_uic_change_pwr_mode - Perform the UIC power mode chage\n *\t\t\t\tusing DME_SET primitives.\n * @hba: per adapter instance\n * @mode: powr mode value\n *\n * Return: 0 on success, non-zero value on failure.\n */\nint ufshcd_uic_change_pwr_mode(struct ufs_hba *hba, u8 mode)\n{\n\tstruct uic_command uic_cmd = {\n\t\t.command = UIC_CMD_DME_SET,\n\t\t.argument1 = UIC_ARG_MIB(PA_PWRMODE),\n\t\t.argument3 = mode,\n\t};\n\tint ret;\n\n\tif (hba->quirks & UFSHCD_QUIRK_BROKEN_PA_RXHSUNTERMCAP) {\n\t\tret = ufshcd_dme_set(hba,\n\t\t\t\tUIC_ARG_MIB_SEL(PA_RXHSUNTERMCAP, 0), 1);\n\t\tif (ret) {\n\t\t\tdev_err(hba->dev, "%s: failed to enable PA_RXHSUNTERMCAP ret %d\\n",\n\t\t\t\t\t\t__func__, ret);\n\t\t\tgoto out;\n\t\t}\n\t}\n\n\tufshcd_hold(hba);\n\tret = ufshcd_uic_pwr_ctrl(hba, &uic_cmd);\n\tufshcd_release(hba);\n\nout:\n\treturn ret;\n}\nEXPORT_SYMBOL_GPL(ufshcd_uic_change_pwr_mode);\n\nint ufshcd_link_recovery(struct ufs_hba *hba)\n{\n\tint ret;\n\tunsigned long flags;\n\n\tspin_lock_irqsave(hba->host->host_lock, flags);\n\thba->ufshcd_state = UFSHCD_STATE_RESET;\n\tufshcd_set_eh_in_progress(hba);\n\tspin_unlock_irqrestore(hba->host->host_lock, flags);\n\n\t/* Reset the attached device */\n\tufshcd_device_reset(hba);\n\n\tret = ufshcd_host_reset_and_restore(hba);\n\n\tspin_lock_irqsave(hba->host->host_lock, flags);\n\tif (ret)\n\t\thba->ufshcd_state = UFSHCD_STATE_ERROR;\n\tufshcd_clear_eh_in_progress(hba);\n\tspin_unlock_irqrestore(hba->host->host_lock, flags);\n\n\tif (ret)\n\t\tdev_err(hba->dev, "%s: link recovery failed, err %d",\n\t\t\t__func__, ret);\n\n\treturn ret;\n}\nEXPORT_SYMBOL_GPL(ufshcd_link_recovery);\n\nint ufshcd_uic_hibern8_enter(struct ufs_hba *hba)\n{\n\tstruct uic_command uic_cmd = {\n\t\t.command = UIC_CMD_DME_HIBER_ENTER,\n\t};\n\tktime_t start = ktime_get();\n\tint ret;\n\n\tufshcd_vops_hibern8_notify(hba, UIC_CMD_DME_HIBER_ENTER, PRE_CHANGE);\n\n\tret = ufshcd_uic_pwr_ctrl(hba, &uic_cmd);\n\ttrace_ufshcd_profile_hibern8(dev_name(hba->dev), "enter",\n\t\t\t     ktime_to_us(ktime_sub(ktime_get(), start)), ret);\n\n\tif (ret)\n\t\tdev_err(hba->dev, "%s: hibern8 enter failed. ret = %d\\n",\n\t\t\t__func__, ret);\n\telse\n\t\tufshcd_vops_hibern8_notify(hba, UIC_CMD_DME_HIBER_ENTER,\n\t\t\t\t\t\t\t\tPOST_CHANGE);\n\n\treturn ret;\n}\nEXPORT_SYMBOL_GPL(ufshcd_uic_hibern8_enter);\n\nint ufshcd_uic_hibern8_exit(struct ufs_hba *hba)\n{\n\tstruct uic_command uic_cmd = {\n\t\t.command = UIC_CMD_DME_HIBER_EXIT,\n\t};\n\tint ret;\n\tktime_t start = ktime_get();\n\n\tufshcd_vops_hibern8_notify(hba, UIC_CMD_DME_HIBER_EXIT, PRE_CHANGE);\n\n\tret = ufshcd_uic_pwr_ctrl(hba, &uic_cmd);\n\ttrace_ufshcd_profile_hibern8(dev_name(hba->dev), "exit",\n\t\t\t     ktime_to_us(ktime_sub(ktime_get(), start)), ret);\n\n\tif (ret) {\n\t\tdev_err(hba->dev, "%s: hibern8 exit failed. ret = %d\\n",\n\t\t\t__func__, ret);\n\t} else {\n\t\tufshcd_vops_hibern8_notify(hba, UIC_CMD_DME_HIBER_EXIT,\n\t\t\t\t\t\t\t\tPOST_CHANGE);\n\t\thba->ufs_stats.last_hibern8_exit_tstamp = local_clock();\n\t\thba->ufs_stats.hibern8_exit_cnt++;\n\t}\n\n\treturn ret;\n}\nEXPORT_SYMBOL_GPL(ufshcd_uic_hibern8_exit);\n\nstatic void ufshcd_configure_auto_hibern8(struct ufs_hba *hba)\n{\n\tif (!ufshcd_is_auto_hibern8_supported(hba))\n\t\treturn;\n\n\tufshcd_writel(hba, hba->ahit, REG_AUTO_HIBERNATE_IDLE_TIMER);\n}\n\nvoid ufshcd_auto_hibern8_update(struct ufs_hba *hba, u32 ahit)\n{\n\tconst u32 cur_ahit = READ_ONCE(hba->ahit);\n\n\tif (!ufshcd_is_auto_hibern8_supported(hba) || cur_ahit == ahit)\n\t\treturn;\n\n\tWRITE_ONCE(hba->ahit, ahit);\n\tif (!pm_runtime_suspended(&hba->ufs_device_wlun->sdev_gendev)) {\n\t\tufshcd_rpm_get_sync(hba);\n\t\tufshcd_hold(hba);\n\t\tufshcd_configure_auto_hibern8(hba);\n\t\tufshcd_release(hba);\n\t\tufshcd_rpm_put_sync(hba);\n\t}\n}\nEXPORT_SYMBOL_GPL(ufshcd_auto_hibern8_update);\n\n /**\n * ufshcd_init_pwr_info - setting the POR (power on reset)\n * values in hba power info\n * @hba: per-adapter instance\n */\nstatic void ufshcd_init_pwr_info(struct ufs_hba *hba)\n{\n\thba->pwr_info.gear_rx = UFS_PWM_G1;\n\thba->pwr_info.gear_tx = UFS_PWM_G1;\n\thba->pwr_info.lane_rx = UFS_LANE_1;\n\thba->pwr_info.lane_tx = UFS_LANE_1;\n\thba->pwr_info.pwr_rx = SLOWAUTO_MODE;\n\thba->pwr_info.pwr_tx = SLOWAUTO_MODE;\n\thba->pwr_info.hs_rate = 0;\n}\n\n/**\n * ufshcd_get_max_pwr_mode - reads the max power mode negotiated with device\n * @hba: per-adapter instance\n *\n * Return: 0 upon success; < 0 upon failure.\n */\nstatic int ufshcd_get_max_pwr_mode(struct ufs_hba *hba)\n{\n\tstruct ufs_pa_layer_attr *pwr_info = &hba->max_pwr_info.info;\n\n\tif (hba->max_pwr_info.is_valid)\n\t\treturn 0;\n\n\tif (hba->quirks & UFSHCD_QUIRK_HIBERN_FASTAUTO) {\n\t\tpwr_info->pwr_tx = FASTAUTO_MODE;\n\t\tpwr_info->pwr_rx = FASTAUTO_MODE;\n\t} else {\n\t\tpwr_info->pwr_tx = FAST_MODE;\n\t\tpwr_info->pwr_rx = FAST_MODE;\n\t}\n\tpwr_info->hs_rate = PA_HS_MODE_B;\n\n\t/* Get the connected lane count */\n\tufshcd_dme_get(hba, UIC_ARG_MIB(PA_CONNECTEDRXDATALANES),\n\t\t\t&pwr_info->lane_rx);\n\tufshcd_dme_get(hba, UIC_ARG_MIB(PA_CONNECTEDTXDATALANES),\n\t\t\t&pwr_info->lane_tx);\n\n\tif (!pwr_info->lane_rx || !pwr_info->lane_tx) {\n\t\tdev_err(hba->dev, "%s: invalid connected lanes value. rx=%d, tx=%d\\n",\n\t\t\t\t__func__,\n\t\t\t\tpwr_info->lane_rx,\n\t\t\t\tpwr_info->lane_tx);\n\t\treturn -EINVAL;\n\t}\n\n\t/*\n\t * First, get the maximum gears of HS speed.\n\t * If a zero value, it means there is no HSGEAR capability.\n\t * Then, get the maximum gears of PWM speed.\n\t */\n\tufshcd_dme_get(hba, UIC_ARG_MIB(PA_MAXRXHSGEAR), &pwr_info->gear_rx);\n\tif (!pwr_info->gear_rx) {\n\t\tufshcd_dme_get(hba, UIC_ARG_MIB(PA_MAXRXPWMGEAR),\n\t\t\t\t&pwr_info->gear_rx);\n\t\tif (!pwr_info->gear_rx) {\n\t\t\tdev_err(hba->dev, "%s: invalid max pwm rx gear read = %d\\n",\n\t\t\t\t__func__, pwr_info->gear_rx);\n\t\t\treturn -EINVAL;\n\t\t}\n\t\tpwr_info->pwr_rx = SLOW_MODE;\n\t}\n\n\tufshcd_dme_peer_get(hba, UIC_ARG_MIB(PA_MAXRXHSGEAR),\n\t\t\t&pwr_info->gear_tx);\n\tif (!pwr_info->gear_tx) {\n\t\tufshcd_dme_peer_get(hba, UIC_ARG_MIB(PA_MAXRXPWMGEAR),\n\t\t\t\t&pwr_info->gear_tx);\n\t\tif (!pwr_info->gear_tx) {\n\t\t\tdev_err(hba->dev, "%s: invalid max pwm tx gear read = %d\\n",\n\t\t\t\t__func__, pwr_info->gear_tx);\n\t\t\treturn -EINVAL;\n\t\t}\n\t\tpwr_info->pwr_tx = SLOW_MODE;\n\t}\n\n\thba->max_pwr_info.is_valid = true;\n\treturn 0;\n}\n\nstatic int ufshcd_change_power_mode(struct ufs_hba *hba,\n\t\t\t     struct ufs_pa_layer_attr *pwr_mode)\n{\n\tint ret;\n\n\t/* if already configured to the requested pwr_mode */\n\tif (!hba->force_pmc &&\n\t    pwr_mode->gear_rx == hba->pwr_info.gear_rx &&\n\t    pwr_mode->gear_tx == hba->pwr_info.gear_tx &&\n\t    pwr_mode->lane_rx == hba->pwr_info.lane_rx &&\n\t    pwr_mode->lane_tx == hba->pwr_info.lane_tx &&\n\t    pwr_mode->pwr_rx == hba->pwr_info.pwr_rx &&\n\t    pwr_mode->pwr_tx == hba->pwr_info.pwr_tx &&\n\t    pwr_mode->hs_rate == hba->pwr_info.hs_rate) {\n\t\tdev_dbg(hba->dev, "%s: power already configured\\n", __func__);\n\t\treturn 0;\n\t}\n\n\t/*\n\t * Configure attributes for power mode change with below.\n\t * - PA_RXGEAR, PA_ACTIVERXDATALANES, PA_RXTERMINATION,\n\t * - PA_TXGEAR, PA_ACTIVETXDATALANES, PA_TXTERMINATION,\n\t * - PA_HSSERIES\n\t */\n\tufshcd_dme_set(hba, UIC_ARG_MIB(PA_RXGEAR), pwr_mode->gear_rx);\n\tufshcd_dme_set(hba, UIC_ARG_MIB(PA_ACTIVERXDATALANES),\n\t\t\tpwr_mode->lane_rx);\n\tif (pwr_mode->pwr_rx == FASTAUTO_MODE ||\n\t\t\tpwr_mode->pwr_rx == FAST_MODE)\n\t\tufshcd_dme_set(hba, UIC_ARG_MIB(PA_RXTERMINATION), true);\n\telse\n\t\tufshcd_dme_set(hba, UIC_ARG_MIB(PA_RXTERMINATION), false);\n\n\tufshcd_dme_set(hba, UIC_ARG_MIB(PA_TXGEAR), pwr_mode->gear_tx);\n\tufshcd_dme_set(hba, UIC_ARG_MIB(PA_ACTIVETXDATALANES),\n\t\t\tpwr_mode->lane_tx);\n\tif (pwr_mode->pwr_tx == FASTAUTO_MODE ||\n\t\t\tpwr_mode->pwr_tx == FAST_MODE)\n\t\tufshcd_dme_set(hba, UIC_ARG_MIB(PA_TXTERMINATION), true);\n\telse\n\t\tufshcd_dme_set(hba, UIC_ARG_MIB(PA_TXTERMINATION), false);\n\n\tif (pwr_mode->pwr_rx == FASTAUTO_MODE ||\n\t    pwr_mode->pwr_tx == FASTAUTO_MODE ||\n\t    pwr_mode->pwr_rx == FAST_MODE ||\n\t    pwr_mode->pwr_tx == FAST_MODE)\n\t\tufshcd_dme_set(hba, UIC_ARG_MIB(PA_HSSERIES),\n\t\t\t\t\t\tpwr_mode->hs_rate);\n\n\tif (!(hba->quirks & UFSHCD_QUIRK_SKIP_DEF_UNIPRO_TIMEOUT_SETTING)) {\n\t\tufshcd_dme_set(hba, UIC_ARG_MIB(PA_PWRMODEUSERDATA0),\n\t\t\t\tDL_FC0ProtectionTimeOutVal_Default);\n\t\tufshcd_dme_set(hba, UIC_ARG_MIB(PA_PWRMODEUSERDATA1),\n\t\t\t\tDL_TC0ReplayTimeOutVal_Default);\n\t\tufshcd_dme_set(hba, UIC_ARG_MIB(PA_PWRMODEUSERDATA2),\n\t\t\t\tDL_AFC0ReqTimeOutVal_Default);\n\t\tufshcd_dme_set(hba, UIC_ARG_MIB(PA_PWRMODEUSERDATA3),\n\t\t\t\tDL_FC1ProtectionTimeOutVal_Default);\n\t\tufshcd_dme_set(hba, UIC_ARG_MIB(PA_PWRMODEUSERDATA4),\n\t\t\t\tDL_TC1ReplayTimeOutVal_Default);\n\t\tufshcd_dme_set(hba, UIC_ARG_MIB(PA_PWRMODEUSERDATA5),\n\t\t\t\tDL_AFC1ReqTimeOutVal_Default);\n\n\t\tufshcd_dme_set(hba, UIC_ARG_MIB(DME_LocalFC0ProtectionTimeOutVal),\n\t\t\t\tDL_FC0ProtectionTimeOutVal_Default);\n\t\tufshcd_dme_set(hba, UIC_ARG_MIB(DME_LocalTC0ReplayTimeOutVal),\n\t\t\t\tDL_TC0ReplayTimeOutVal_Default);\n\t\tufshcd_dme_set(hba, UIC_ARG_MIB(DME_LocalAFC0ReqTimeOutVal),\n\t\t\t\tDL_AFC0ReqTimeOutVal_Default);\n\t}\n\n\tret = ufshcd_uic_change_pwr_mode(hba, pwr_mode->pwr_rx << 4\n\t\t\t| pwr_mode->pwr_tx);\n\n\tif (ret) {\n\t\tdev_err(hba->dev,\n\t\t\t"%s: power mode change failed %d\\n", __func__, ret);\n\t} else {\n\t\tufshcd_vops_pwr_change_notify(hba, POST_CHANGE, NULL,\n\t\t\t\t\t\t\t\tpwr_mode);\n\n\t\tmemcpy(&hba->pwr_info, pwr_mode,\n\t\t\tsizeof(struct ufs_pa_layer_attr));\n\t}\n\n\treturn ret;\n}\n\n/**\n * ufshcd_config_pwr_mode - configure a new power mode\n * @hba: per-adapter instance\n * @desired_pwr_mode: desired power configuration\n *\n * Return: 0 upon success; < 0 upon failure.\n */\nint ufshcd_config_pwr_mode(struct ufs_hba *hba,\n\t\tstruct ufs_pa_layer_attr *desired_pwr_mode)\n{\n\tstruct ufs_pa_layer_attr final_params = { 0 };\n\tint ret;\n\n\tret = ufshcd_vops_pwr_change_notify(hba, PRE_CHANGE,\n\t\t\t\t\tdesired_pwr_mode, &final_params);\n\n\tif (ret)\n\t\tmemcpy(&final_params, desired_pwr_mode, sizeof(final_params));\n\n\tret = ufshcd_change_power_mode(hba, &final_params);\n\n\treturn ret;\n}\nEXPORT_SYMBOL_GPL(ufshcd_config_pwr_mode);\n\n/**\n * ufshcd_complete_dev_init() - checks device readiness\n * @hba: per-adapter instance\n *\n * Set fDeviceInit flag and poll until device toggles it.\n *\n * Return: 0 upon success; < 0 upon failure.\n */\nstatic int ufshcd_complete_dev_init(struct ufs_hba *hba)\n{\n\tint err;\n\tbool flag_res = true;\n\tktime_t timeout;\n\n\terr = ufshcd_query_flag_retry(hba, UPIU_QUERY_OPCODE_SET_FLAG,\n\t\tQUERY_FLAG_IDN_FDEVICEINIT, 0, NULL);\n\tif (err) {\n\t\tdev_err(hba->dev,\n\t\t\t"%s: setting fDeviceInit flag failed with error %d\\n",\n\t\t\t__func__, err);\n\t\tgoto out;\n\t}\n\n\t/* Poll fDeviceInit flag to be cleared */\n\ttimeout = ktime_add_ms(ktime_get(), FDEVICEINIT_COMPL_TIMEOUT);\n\tdo {\n\t\terr = ufshcd_query_flag(hba, UPIU_QUERY_OPCODE_READ_FLAG,\n\t\t\t\t\tQUERY_FLAG_IDN_FDEVICEINIT, 0, &flag_res);\n\t\tif (!flag_res)\n\t\t\tbreak;\n\t\tusleep_range(500, 1000);\n\t} while (ktime_before(ktime_get(), timeout));\n\n\tif (err) {\n\t\tdev_err(hba->dev,\n\t\t\t\t"%s: reading fDeviceInit flag failed with error %d\\n",\n\t\t\t\t__func__, err);\n\t} else if (flag_res) {\n\t\tdev_err(hba->dev,\n\t\t\t\t"%s: fDeviceInit was not cleared by the device\\n",\n\t\t\t\t__func__);\n\t\terr = -EBUSY;\n\t}\nout:\n\treturn err;\n}\n\n/**\n * ufshcd_make_hba_operational - Make UFS controller operational\n * @hba: per adapter instance\n *\n * To bring UFS host controller to operational state,\n * 1. Enable required interrupts\n * 2. Configure interrupt aggregation\n * 3. Program UTRL and UTMRL base address\n * 4. Configure run-stop-registers\n *\n * Return: 0 on success, non-zero value on failure.\n */\nint ufshcd_make_hba_operational(struct ufs_hba *hba)\n{\n\tint err = 0;\n\tu32 reg;\n\n\t/* Enable required interrupts */\n\tufshcd_enable_intr(hba, UFSHCD_ENABLE_INTRS);\n\n\t/* Configure interrupt aggregation */\n\tif (ufshcd_is_intr_aggr_allowed(hba))\n\t\tufshcd_config_intr_aggr(hba, hba->nutrs - 1, INT_AGGR_DEF_TO);\n\telse\n\t\tufshcd_disable_intr_aggr(hba);\n\n\t/* Configure UTRL and UTMRL base address registers */\n\tufshcd_writel(hba, lower_32_bits(hba->utrdl_dma_addr),\n\t\t\tREG_UTP_TRANSFER_REQ_LIST_BASE_L);\n\tufshcd_writel(hba, upper_32_bits(hba->utrdl_dma_addr),\n\t\t\tREG_UTP_TRANSFER_REQ_LIST_BASE_H);\n\tufshcd_writel(hba, lower_32_bits(hba->utmrdl_dma_addr),\n\t\t\tREG_UTP_TASK_REQ_LIST_BASE_L);\n\tufshcd_writel(hba, upper_32_bits(hba->utmrdl_dma_addr),\n\t\t\tREG_UTP_TASK_REQ_LIST_BASE_H);\n\n\t/*\n\t * UCRDY, UTMRLDY and UTRLRDY bits must be 1\n\t */\n\treg = ufshcd_readl(hba, REG_CONTROLLER_STATUS);\n\tif (!(ufshcd_get_lists_status(reg))) {\n\t\tufshcd_enable_run_stop_reg(hba);\n\t} else {\n\t\tdev_err(hba->dev,\n\t\t\t"Host controller not ready to process requests");\n\t\terr = -EIO;\n\t}\n\n\treturn err;\n}\nEXPORT_SYMBOL_GPL(ufshcd_make_hba_operational);\n\n/**\n * ufshcd_hba_stop - Send controller to reset state\n * @hba: per adapter instance\n */\nvoid ufshcd_hba_stop(struct ufs_hba *hba)\n{\n\tunsigned long flags;\n\tint err;\n\n\t/*\n\t * Obtain the host lock to prevent that the controller is disabled\n\t * while the UFS interrupt handler is active on another CPU.\n\t */\n\tspin_lock_irqsave(hba->host->host_lock, flags);\n\tufshcd_writel(hba, CONTROLLER_DISABLE,  REG_CONTROLLER_ENABLE);\n\tspin_unlock_irqrestore(hba->host->host_lock, flags);\n\n\terr = ufshcd_wait_for_register(hba, REG_CONTROLLER_ENABLE,\n\t\t\t\t\tCONTROLLER_ENABLE, CONTROLLER_DISABLE,\n\t\t\t\t\t10, 1);\n\tif (err)\n\t\tdev_err(hba->dev, "%s: Controller disable failed\\n", __func__);\n}\nEXPORT_SYMBOL_GPL(ufshcd_hba_stop);\n\n/**\n * ufshcd_hba_execute_hce - initialize the controller\n * @hba: per adapter instance\n *\n * The controller resets itself and controller firmware initialization\n * sequence kicks off. When controller is ready it will set\n * the Host Controller Enable bit to 1.\n *\n * Return: 0 on success, non-zero value on failure.\n */\nstatic int ufshcd_hba_execute_hce(struct ufs_hba *hba)\n{\n\tint retry_outer = 3;\n\tint retry_inner;\n\nstart:\n\tif (ufshcd_is_hba_active(hba))\n\t\t/* change controller state to "reset state" */\n\t\tufshcd_hba_stop(hba);\n\n\t/* UniPro link is disabled at this point */\n\tufshcd_set_link_off(hba);\n\n\tufshcd_vops_hce_enable_notify(hba, PRE_CHANGE);\n\n\t/* start controller initialization sequence */\n\tufshcd_hba_start(hba);\n\n\t/*\n\t * To initialize a UFS host controller HCE bit must be set to 1.\n\t * During initialization the HCE bit value changes from 1->0->1.\n\t * When the host controller completes initialization sequence\n\t * it sets the value of HCE bit to 1. The same HCE bit is read back\n\t * to check if the controller has completed initialization sequence.\n\t * So without this delay the value HCE = 1, set in the previous\n\t * instruction might be read back.\n\t * This delay can be changed based on the controller.\n\t */\n\tufshcd_delay_us(hba->vps->hba_enable_delay_us, 100);\n\n\t/* wait for the host controller to complete initialization */\n\tretry_inner = 50;\n\twhile (!ufshcd_is_hba_active(hba)) {\n\t\tif (retry_inner) {\n\t\t\tretry_inner--;\n\t\t} else {\n\t\t\tdev_err(hba->dev,\n\t\t\t\t"Controller enable failed\\n");\n\t\t\tif (retry_outer) {\n\t\t\t\tretry_outer--;\n\t\t\t\tgoto start;\n\t\t\t}\n\t\t\treturn -EIO;\n\t\t}\n\t\tusleep_range(1000, 1100);\n\t}\n\n\t/* enable UIC related interrupts */\n\tufshcd_enable_intr(hba, UFSHCD_UIC_MASK);\n\n\tufshcd_vops_hce_enable_notify(hba, POST_CHANGE);\n\n\treturn 0;\n}\n\nint ufshcd_hba_enable(struct ufs_hba *hba)\n{\n\tint ret;\n\n\tif (hba->quirks & UFSHCI_QUIRK_BROKEN_HCE) {\n\t\tufshcd_set_link_off(hba);\n\t\tufshcd_vops_hce_enable_notify(hba, PRE_CHANGE);\n\n\t\t/* enable UIC related interrupts */\n\t\tufshcd_enable_intr(hba, UFSHCD_UIC_MASK);\n\t\tret = ufshcd_dme_reset(hba);\n\t\tif (ret) {\n\t\t\tdev_err(hba->dev, "DME_RESET failed\\n");\n\t\t\treturn ret;\n\t\t}\n\n\t\tret = ufshcd_dme_enable(hba);\n\t\tif (ret) {\n\t\t\tdev_err(hba->dev, "Enabling DME failed\\n");\n\t\t\treturn ret;\n\t\t}\n\n\t\tufshcd_vops_hce_enable_notify(hba, POST_CHANGE);\n\t} else {\n\t\tret = ufshcd_hba_execute_hce(hba);\n\t}\n\n\treturn ret;\n}\nEXPORT_SYMBOL_GPL(ufshcd_hba_enable);\n\nstatic int ufshcd_disable_tx_lcc(struct ufs_hba *hba, bool peer)\n{\n\tint tx_lanes = 0, i, err = 0;\n\n\tif (!peer)\n\t\tufshcd_dme_get(hba, UIC_ARG_MIB(PA_CONNECTEDTXDATALANES),\n\t\t\t       &tx_lanes);\n\telse\n\t\tufshcd_dme_peer_get(hba, UIC_ARG_MIB(PA_CONNECTEDTXDATALANES),\n\t\t\t\t    &tx_lanes);\n\tfor (i = 0; i < tx_lanes; i++) {\n\t\tif (!peer)\n\t\t\terr = ufshcd_dme_set(hba,\n\t\t\t\tUIC_ARG_MIB_SEL(TX_LCC_ENABLE,\n\t\t\t\t\tUIC_ARG_MPHY_TX_GEN_SEL_INDEX(i)),\n\t\t\t\t\t0);\n\t\telse\n\t\t\terr = ufshcd_dme_peer_set(hba,\n\t\t\t\tUIC_ARG_MIB_SEL(TX_LCC_ENABLE,\n\t\t\t\t\tUIC_ARG_MPHY_TX_GEN_SEL_INDEX(i)),\n\t\t\t\t\t0);\n\t\tif (err) {\n\t\t\tdev_err(hba->dev, "%s: TX LCC Disable failed, peer = %d, lane = %d, err = %d",\n\t\t\t\t__func__, peer, i, err);\n\t\t\tbreak;\n\t\t}\n\t}\n\n\treturn err;\n}\n\nstatic inline int ufshcd_disable_device_tx_lcc(struct ufs_hba *hba)\n{\n\treturn ufshcd_disable_tx_lcc(hba, true);\n}\n\nvoid ufshcd_update_evt_hist(struct ufs_hba *hba, u32 id, u32 val)\n{\n\tstruct ufs_event_hist *e;\n\n\tif (id >= UFS_EVT_CNT)\n\t\treturn;\n\n\te = &hba->ufs_stats.event[id];\n\te->val[e->pos] = val;\n\te->tstamp[e->pos] = local_clock();\n\te->cnt += 1;\n\te->pos = (e->pos + 1) % UFS_EVENT_HIST_LENGTH;\n\n\tufshcd_vops_event_notify(hba, id, &val);\n}\nEXPORT_SYMBOL_GPL(ufshcd_update_evt_hist);\n\n/**\n * ufshcd_link_startup - Initialize unipro link startup\n * @hba: per adapter instance\n *\n * Return: 0 for success, non-zero in case of failure.\n */\nstatic int ufshcd_link_startup(struct ufs_hba *hba)\n{\n\tint ret;\n\tint retries = DME_LINKSTARTUP_RETRIES;\n\tbool link_startup_again = false;\n\n\t/*\n\t * If UFS device isn\'t active then we will have to issue link startup\n\t * 2 times to make sure the device state move to active.\n\t */\n\tif (!ufshcd_is_ufs_dev_active(hba))\n\t\tlink_startup_again = true;\n\nlink_startup:\n\tdo {\n\t\tufshcd_vops_link_startup_notify(hba, PRE_CHANGE);\n\n\t\tret = ufshcd_dme_link_startup(hba);\n\n\t\t/* check if device is detected by inter-connect layer */\n\t\tif (!ret && !ufshcd_is_device_present(hba)) {\n\t\t\tufshcd_update_evt_hist(hba,\n\t\t\t\t\t       UFS_EVT_LINK_STARTUP_FAIL,\n\t\t\t\t\t       0);\n\t\t\tdev_err(hba->dev, "%s: Device not present\\n", __func__);\n\t\t\tret = -ENXIO;\n\t\t\tgoto out;\n\t\t}\n\n\t\t/*\n\t\t * DME link lost indication is only received when link is up,\n\t\t * but we can\'t be sure if the link is up until link startup\n\t\t * succeeds. So reset the local Uni-Pro and try again.\n\t\t */\n\t\tif (ret && retries && ufshcd_hba_enable(hba)) {\n\t\t\tufshcd_update_evt_hist(hba,\n\t\t\t\t\t       UFS_EVT_LINK_STARTUP_FAIL,\n\t\t\t\t\t       (u32)ret);\n\t\t\tgoto out;\n\t\t}\n\t} while (ret && retries--);\n\n\tif (ret) {\n\t\t/* failed to get the link up... retire */\n\t\tufshcd_update_evt_hist(hba,\n\t\t\t\t       UFS_EVT_LINK_STARTUP_FAIL,\n\t\t\t\t       (u32)ret);\n\t\tgoto out;\n\t}\n\n\tif (link_startup_again) {\n\t\tlink_startup_again = false;\n\t\tretries = DME_LINKSTARTUP_RETRIES;\n\t\tgoto link_startup;\n\t}\n\n\t/* Mark that link is up in PWM-G1, 1-lane, SLOW-AUTO mode */\n\tufshcd_init_pwr_info(hba);\n\tufshcd_print_pwr_info(hba);\n\n\tif (hba->quirks & UFSHCD_QUIRK_BROKEN_LCC) {\n\t\tret = ufshcd_disable_device_tx_lcc(hba);\n\t\tif (ret)\n\t\t\tgoto out;\n\t}\n\n\t/* Include any host controller configuration via UIC commands */\n\tret = ufshcd_vops_link_startup_notify(hba, POST_CHANGE);\n\tif (ret)\n\t\tgoto out;\n\n\t/* Clear UECPA once due to LINERESET has happened during LINK_STARTUP */\n\tufshcd_readl(hba, REG_UIC_ERROR_CODE_PHY_ADAPTER_LAYER);\n\tret = ufshcd_make_hba_operational(hba);\nout:\n\tif (ret) {\n\t\tdev_err(hba->dev, "link startup failed %d\\n", ret);\n\t\tufshcd_print_host_state(hba);\n\t\tufshcd_print_pwr_info(hba);\n\t\tufshcd_print_evt_hist(hba);\n\t}\n\treturn ret;\n}\n\n/**\n * ufshcd_verify_dev_init() - Verify device initialization\n * @hba: per-adapter instance\n *\n * Send NOP OUT UPIU and wait for NOP IN response to check whether the\n * device Transport Protocol (UTP) layer is ready after a reset.\n * If the UTP layer at the device side is not initialized, it may\n * not respond with NOP IN UPIU within timeout of %NOP_OUT_TIMEOUT\n * and we retry sending NOP OUT for %NOP_OUT_RETRIES iterations.\n *\n * Return: 0 upon success; < 0 upon failure.\n */\nstatic int ufshcd_verify_dev_init(struct ufs_hba *hba)\n{\n\tint err = 0;\n\tint retries;\n\n\tufshcd_dev_man_lock(hba);\n\n\tfor (retries = NOP_OUT_RETRIES; retries > 0; retries--) {\n\t\terr = ufshcd_exec_dev_cmd(hba, DEV_CMD_TYPE_NOP,\n\t\t\t\t\t  hba->nop_out_timeout);\n\n\t\tif (!err || err == -ETIMEDOUT)\n\t\t\tbreak;\n\n\t\tdev_dbg(hba->dev, "%s: error %d retrying\\n", __func__, err);\n\t}\n\n\tufshcd_dev_man_unlock(hba);\n\n\tif (err)\n\t\tdev_err(hba->dev, "%s: NOP OUT failed %d\\n", __func__, err);\n\treturn err;\n}\n\n/**\n * ufshcd_setup_links - associate link b/w device wlun and other luns\n * @sdev: pointer to SCSI device\n * @hba: pointer to ufs hba\n */\nstatic void ufshcd_setup_links(struct ufs_hba *hba, struct scsi_device *sdev)\n{\n\tstruct device_link *link;\n\n\t/*\n\t * Device wlun is the supplier & rest of the luns are consumers.\n\t * This ensures that device wlun suspends after all other luns.\n\t */\n\tif (hba->ufs_device_wlun) {\n\t\tlink = device_link_add(&sdev->sdev_gendev,\n\t\t\t\t       &hba->ufs_device_wlun->sdev_gendev,\n\t\t\t\t       DL_FLAG_PM_RUNTIME | DL_FLAG_RPM_ACTIVE);\n\t\tif (!link) {\n\t\t\tdev_err(&sdev->sdev_gendev, "Failed establishing link - %s\\n",\n\t\t\t\tdev_name(&hba->ufs_device_wlun->sdev_gendev));\n\t\t\treturn;\n\t\t}\n\t\thba->luns_avail--;\n\t\t/* Ignore REPORT_LUN wlun probing */\n\t\tif (hba->luns_avail == 1) {\n\t\t\tufshcd_rpm_put(hba);\n\t\t\treturn;\n\t\t}\n\t} else {\n\t\t/*\n\t\t * Device wlun is probed. The assumption is that WLUNs are\n\t\t * scanned before other LUNs.\n\t\t */\n\t\thba->luns_avail--;\n\t}\n}\n\n/**\n * ufshcd_lu_init - Initialize the relevant parameters of the LU\n * @hba: per-adapter instance\n * @sdev: pointer to SCSI device\n */\nstatic void ufshcd_lu_init(struct ufs_hba *hba, struct scsi_device *sdev)\n{\n\tint len = QUERY_DESC_MAX_SIZE;\n\tu8 lun = ufshcd_scsi_to_upiu_lun(sdev->lun);\n\tu8 lun_qdepth = hba->nutrs;\n\tu8 *desc_buf;\n\tint ret;\n\n\tdesc_buf = kzalloc(len, GFP_KERNEL);\n\tif (!desc_buf)\n\t\tgoto set_qdepth;\n\n\tret = ufshcd_read_unit_desc_param(hba, lun, 0, desc_buf, len);\n\tif (ret < 0) {\n\t\tif (ret == -EOPNOTSUPP)\n\t\t\t/* If LU doesn\'t support unit descriptor, its queue depth is set to 1 */\n\t\t\tlun_qdepth = 1;\n\t\tkfree(desc_buf);\n\t\tgoto set_qdepth;\n\t}\n\n\tif (desc_buf[UNIT_DESC_PARAM_LU_Q_DEPTH]) {\n\t\t/*\n\t\t * In per-LU queueing architecture, bLUQueueDepth will not be 0, then we will\n\t\t * use the smaller between UFSHCI CAP.NUTRS and UFS LU bLUQueueDepth\n\t\t */\n\t\tlun_qdepth = min_t(int, desc_buf[UNIT_DESC_PARAM_LU_Q_DEPTH], hba->nutrs);\n\t}\n\t/*\n\t * According to UFS device specification, the write protection mode is only supported by\n\t * normal LU, not supported by WLUN.\n\t */\n\tif (hba->dev_info.f_power_on_wp_en && lun < hba->dev_info.max_lu_supported &&\n\t    !hba->dev_info.is_lu_power_on_wp &&\n\t    desc_buf[UNIT_DESC_PARAM_LU_WR_PROTECT] == UFS_LU_POWER_ON_WP)\n\t\thba->dev_info.is_lu_power_on_wp = true;\n\n\t/* In case of RPMB LU, check if advanced RPMB mode is enabled */\n\tif (desc_buf[UNIT_DESC_PARAM_UNIT_INDEX] == UFS_UPIU_RPMB_WLUN &&\n\t    desc_buf[RPMB_UNIT_DESC_PARAM_REGION_EN] & BIT(4))\n\t\thba->dev_info.b_advanced_rpmb_en = true;\n\n\n\tkfree(desc_buf);\nset_qdepth:\n\t/*\n\t * For WLUNs that don\'t support unit descriptor, queue depth is set to 1. For LUs whose\n\t * bLUQueueDepth == 0, the queue depth is set to a maximum value that host can queue.\n\t */\n\tdev_dbg(hba->dev, "Set LU %x queue depth %d\\n", lun, lun_qdepth);\n\tscsi_change_queue_depth(sdev, lun_qdepth);\n}\n\n/**\n * ufshcd_slave_alloc - handle initial SCSI device configurations\n * @sdev: pointer to SCSI device\n *\n * Return: success.\n */\nstatic int ufshcd_slave_alloc(struct scsi_device *sdev)\n{\n\tstruct ufs_hba *hba;\n\n\thba = shost_priv(sdev->host);\n\n\t/* Mode sense(6) is not supported by UFS, so use Mode sense(10) */\n\tsdev->use_10_for_ms = 1;\n\n\t/* DBD field should be set to 1 in mode sense(10) */\n\tsdev->set_dbd_for_ms = 1;\n\n\t/* allow SCSI layer to restart the device in case of errors */\n\tsdev->allow_restart = 1;\n\n\t/* REPORT SUPPORTED OPERATION CODES is not supported */\n\tsdev->no_report_opcodes = 1;\n\n\t/* WRITE_SAME command is not supported */\n\tsdev->no_write_same = 1;\n\n\tufshcd_lu_init(hba, sdev);\n\n\tufshcd_setup_links(hba, sdev);\n\n\treturn 0;\n}\n\n/**\n * ufshcd_change_queue_depth - change queue depth\n * @sdev: pointer to SCSI device\n * @depth: required depth to set\n *\n * Change queue depth and make sure the max. limits are not crossed.\n *\n * Return: new queue depth.\n */\nstatic int ufshcd_change_queue_depth(struct scsi_device *sdev, int depth)\n{\n\treturn scsi_change_queue_depth(sdev, min(depth, sdev->host->can_queue));\n}\n\n/**\n * ufshcd_device_configure - adjust SCSI device configurations\n * @sdev: pointer to SCSI device\n * @lim: queue limits\n *\n * Return: 0 (success).\n */\nstatic int ufshcd_device_configure(struct scsi_device *sdev,\n\t\tstruct queue_limits *lim)\n{\n\tstruct ufs_hba *hba = shost_priv(sdev->host);\n\tstruct request_queue *q = sdev->request_queue;\n\n\tlim->dma_pad_mask = PRDT_DATA_BYTE_COUNT_PAD - 1;\n\n\t/*\n\t * Block runtime-pm until all consumers are added.\n\t * Refer ufshcd_setup_links().\n\t */\n\tif (is_device_wlun(sdev))\n\t\tpm_runtime_get_noresume(&sdev->sdev_gendev);\n\telse if (ufshcd_is_rpm_autosuspend_allowed(hba))\n\t\tsdev->rpm_autosuspend = 1;\n\t/*\n\t * Do not print messages during runtime PM to avoid never-ending cycles\n\t * of messages written back to storage by user space causing runtime\n\t * resume, causing more messages and so on.\n\t */\n\tsdev->silence_suspend = 1;\n\n\tufshcd_crypto_register(hba, q);\n\n\treturn 0;\n}\n\n/**\n * ufshcd_slave_destroy - remove SCSI device configurations\n * @sdev: pointer to SCSI device\n */\nstatic void ufshcd_slave_destroy(struct scsi_device *sdev)\n{\n\tstruct ufs_hba *hba;\n\tunsigned long flags;\n\n\thba = shost_priv(sdev->host);\n\n\t/* Drop the reference as it won\'t be needed anymore */\n\tif (ufshcd_scsi_to_upiu_lun(sdev->lun) == UFS_UPIU_UFS_DEVICE_WLUN) {\n\t\tspin_lock_irqsave(hba->host->host_lock, flags);\n\t\thba->ufs_device_wlun = NULL;\n\t\tspin_unlock_irqrestore(hba->host->host_lock, flags);\n\t} else if (hba->ufs_device_wlun) {\n\t\tstruct device *supplier = NULL;\n\n\t\t/* Ensure UFS Device WLUN exists and does not disappear */\n\t\tspin_lock_irqsave(hba->host->host_lock, flags);\n\t\tif (hba->ufs_device_wlun) {\n\t\t\tsupplier = &hba->ufs_device_wlun->sdev_gendev;\n\t\t\tget_device(supplier);\n\t\t}\n\t\tspin_unlock_irqrestore(hba->host->host_lock, flags);\n\n\t\tif (supplier) {\n\t\t\t/*\n\t\t\t * If a LUN fails to probe (e.g. absent BOOT WLUN), the\n\t\t\t * device will not have been registered but can still\n\t\t\t * have a device link holding a reference to the device.\n\t\t\t */\n\t\t\tdevice_link_remove(&sdev->sdev_gendev, supplier);\n\t\t\tput_device(supplier);\n\t\t}\n\t}\n}\n\n/**\n * ufshcd_scsi_cmd_status - Update SCSI command result based on SCSI status\n * @lrbp: pointer to local reference block of completed command\n * @scsi_status: SCSI command status\n *\n * Return: value base on SCSI command status.\n */\nstatic inline int\nufshcd_scsi_cmd_status(struct ufshcd_lrb *lrbp, int scsi_status)\n{\n\tint result = 0;\n\n\tswitch (scsi_status) {\n\tcase SAM_STAT_CHECK_CONDITION:\n\t\tufshcd_copy_sense_data(lrbp);\n\t\tfallthrough;\n\tcase SAM_STAT_GOOD:\n\t\tresult |= DID_OK << 16 | scsi_status;\n\t\tbreak;\n\tcase SAM_STAT_TASK_SET_FULL:\n\tcase SAM_STAT_BUSY:\n\tcase SAM_STAT_TASK_ABORTED:\n\t\tufshcd_copy_sense_data(lrbp);\n\t\tresult |= scsi_status;\n\t\tbreak;\n\tdefault:\n\t\tresult |= DID_ERROR << 16;\n\t\tbreak;\n\t} /* end of switch */\n\n\treturn result;\n}\n\n/**\n * ufshcd_transfer_rsp_status - Get overall status of the response\n * @hba: per adapter instance\n * @lrbp: pointer to local reference block of completed command\n * @cqe: pointer to the completion queue entry\n *\n * Return: result of the command to notify SCSI midlayer.\n */\nstatic inline int\nufshcd_transfer_rsp_status(struct ufs_hba *hba, struct ufshcd_lrb *lrbp,\n\t\t\t   struct cq_entry *cqe)\n{\n\tint result = 0;\n\tint scsi_status;\n\tenum utp_ocs ocs;\n\tu8 upiu_flags;\n\tu32 resid;\n\n\tupiu_flags = lrbp->ucd_rsp_ptr->header.flags;\n\tresid = be32_to_cpu(lrbp->ucd_rsp_ptr->sr.residual_transfer_count);\n\t/*\n\t * Test !overflow instead of underflow to support UFS devices that do\n\t * not set either flag.\n\t */\n\tif (resid && !(upiu_flags & UPIU_RSP_FLAG_OVERFLOW))\n\t\tscsi_set_resid(lrbp->cmd, resid);\n\n\t/* overall command status of utrd */\n\tocs = ufshcd_get_tr_ocs(lrbp, cqe);\n\n\tif (hba->quirks & UFSHCD_QUIRK_BROKEN_OCS_FATAL_ERROR) {\n\t\tif (lrbp->ucd_rsp_ptr->header.response ||\n\t\t    lrbp->ucd_rsp_ptr->header.status)\n\t\t\tocs = OCS_SUCCESS;\n\t}\n\n\tswitch (ocs) {\n\tcase OCS_SUCCESS:\n\t\thba->ufs_stats.last_hibern8_exit_tstamp = ktime_set(0, 0);\n\t\tswitch (ufshcd_get_req_rsp(lrbp->ucd_rsp_ptr)) {\n\t\tcase UPIU_TRANSACTION_RESPONSE:\n\t\t\t/*\n\t\t\t * get the result based on SCSI status response\n\t\t\t * to notify the SCSI midlayer of the command status\n\t\t\t */\n\t\t\tscsi_status = lrbp->ucd_rsp_ptr->header.status;\n\t\t\tresult = ufshcd_scsi_cmd_status(lrbp, scsi_status);\n\n\t\t\t/*\n\t\t\t * Currently we are only supporting BKOPs exception\n\t\t\t * events hence we can ignore BKOPs exception event\n\t\t\t * during power management callbacks. BKOPs exception\n\t\t\t * event is not expected to be raised in runtime suspend\n\t\t\t * callback as it allows the urgent bkops.\n\t\t\t * During system suspend, we are anyway forcefully\n\t\t\t * disabling the bkops and if urgent bkops is needed\n\t\t\t * it will be enabled on system resume. Long term\n\t\t\t * solution could be to abort the system suspend if\n\t\t\t * UFS device needs urgent BKOPs.\n\t\t\t */\n\t\t\tif (!hba->pm_op_in_progress &&\n\t\t\t    !ufshcd_eh_in_progress(hba) &&\n\t\t\t    ufshcd_is_exception_event(lrbp->ucd_rsp_ptr))\n\t\t\t\t/* Flushed in suspend */\n\t\t\t\tschedule_work(&hba->eeh_work);\n\t\t\tbreak;\n\t\tcase UPIU_TRANSACTION_REJECT_UPIU:\n\t\t\t/* TODO: handle Reject UPIU Response */\n\t\t\tresult = DID_ERROR << 16;\n\t\t\tdev_err(hba->dev,\n\t\t\t\t"Reject UPIU not fully implemented\\n");\n\t\t\tbreak;\n\t\tdefault:\n\t\t\tdev_err(hba->dev,\n\t\t\t\t"Unexpected request response code = %x\\n",\n\t\t\t\tresult);\n\t\t\tresult = DID_ERROR << 16;\n\t\t\tbreak;\n\t\t}\n\t\tbreak;\n\tcase OCS_ABORTED:\n\tcase OCS_INVALID_COMMAND_STATUS:\n\t\tresult |= DID_REQUEUE << 16;\n\t\tdev_warn(hba->dev,\n\t\t\t\t"OCS %s from controller for tag %d\\n",\n\t\t\t\t(ocs == OCS_ABORTED ? "aborted" : "invalid"),\n\t\t\t\tlrbp->task_tag);\n\t\tbreak;\n\tcase OCS_INVALID_CMD_TABLE_ATTR:\n\tcase OCS_INVALID_PRDT_ATTR:\n\tcase OCS_MISMATCH_DATA_BUF_SIZE:\n\tcase OCS_MISMATCH_RESP_UPIU_SIZE:\n\tcase OCS_PEER_COMM_FAILURE:\n\tcase OCS_FATAL_ERROR:\n\tcase OCS_DEVICE_FATAL_ERROR:\n\tcase OCS_INVALID_CRYPTO_CONFIG:\n\tcase OCS_GENERAL_CRYPTO_ERROR:\n\tdefault:\n\t\tresult |= DID_ERROR << 16;\n\t\tdev_err(hba->dev,\n\t\t\t\t"OCS error from controller = %x for tag %d\\n",\n\t\t\t\tocs, lrbp->task_tag);\n\t\tufshcd_print_evt_hist(hba);\n\t\tufshcd_print_host_state(hba);\n\t\tbreak;\n\t} /* end of switch */\n\n\tif ((host_byte(result) != DID_OK) &&\n\t    (host_byte(result) != DID_REQUEUE) && !hba->silence_err_logs)\n\t\tufshcd_print_tr(hba, lrbp->task_tag, true);\n\treturn result;\n}\n\nstatic bool ufshcd_is_auto_hibern8_error(struct ufs_hba *hba,\n\t\t\t\t\t u32 intr_mask)\n{\n\tif (!ufshcd_is_auto_hibern8_supported(hba) ||\n\t    !ufshcd_is_auto_hibern8_enabled(hba))\n\t\treturn false;\n\n\tif (!(intr_mask & UFSHCD_UIC_HIBERN8_MASK))\n\t\treturn false;\n\n\tif (hba->active_uic_cmd &&\n\t    (hba->active_uic_cmd->command == UIC_CMD_DME_HIBER_ENTER ||\n\t    hba->active_uic_cmd->command == UIC_CMD_DME_HIBER_EXIT))\n\t\treturn false;\n\n\treturn true;\n}\n\n/**\n * ufshcd_uic_cmd_compl - handle completion of uic command\n * @hba: per adapter instance\n * @intr_status: interrupt status generated by the controller\n *\n * Return:\n *  IRQ_HANDLED - If interrupt is valid\n *  IRQ_NONE    - If invalid interrupt\n */\nstatic irqreturn_t ufshcd_uic_cmd_compl(struct ufs_hba *hba, u32 intr_status)\n{\n\tirqreturn_t retval = IRQ_NONE;\n\n\tspin_lock(hba->host->host_lock);\n\tif (ufshcd_is_auto_hibern8_error(hba, intr_status))\n\t\thba->errors |= (UFSHCD_UIC_HIBERN8_MASK & intr_status);\n\n\tif ((intr_status & UIC_COMMAND_COMPL) && hba->active_uic_cmd) {\n\t\thba->active_uic_cmd->argument2 |=\n\t\t\tufshcd_get_uic_cmd_result(hba);\n\t\thba->active_uic_cmd->argument3 =\n\t\t\tufshcd_get_dme_attr_val(hba);\n\t\tif (!hba->uic_async_done)\n\t\t\thba->active_uic_cmd->cmd_active = 0;\n\t\tcomplete(&hba->active_uic_cmd->done);\n\t\tretval = IRQ_HANDLED;\n\t}\n\n\tif ((intr_status & UFSHCD_UIC_PWR_MASK) && hba->uic_async_done) {\n\t\thba->active_uic_cmd->cmd_active = 0;\n\t\tcomplete(hba->uic_async_done);\n\t\tretval = IRQ_HANDLED;\n\t}\n\n\tif (retval == IRQ_HANDLED)\n\t\tufshcd_add_uic_command_trace(hba, hba->active_uic_cmd,\n\t\t\t\t\t     UFS_CMD_COMP);\n\tspin_unlock(hba->host->host_lock);\n\treturn retval;\n}\n\n/* Release the resources allocated for processing a SCSI command. */\nvoid ufshcd_release_scsi_cmd(struct ufs_hba *hba,\n\t\t\t     struct ufshcd_lrb *lrbp)\n{\n\tstruct scsi_cmnd *cmd = lrbp->cmd;\n\n\tscsi_dma_unmap(cmd);\n\tufshcd_crypto_clear_prdt(hba, lrbp);\n\tufshcd_release(hba);\n\tufshcd_clk_scaling_update_busy(hba);\n}\n\n/**\n * ufshcd_compl_one_cqe - handle a completion queue entry\n * @hba: per adapter instance\n * @task_tag: the task tag of the request to be completed\n * @cqe: pointer to the completion queue entry\n */\nvoid ufshcd_compl_one_cqe(struct ufs_hba *hba, int task_tag,\n\t\t\t  struct cq_entry *cqe)\n{\n\tstruct ufshcd_lrb *lrbp;\n\tstruct scsi_cmnd *cmd;\n\tenum utp_ocs ocs;\n\n\tlrbp = &hba->lrb[task_tag];\n\tlrbp->compl_time_stamp = ktime_get();\n\tcmd = lrbp->cmd;\n\tif (cmd) {\n\t\tif (unlikely(ufshcd_should_inform_monitor(hba, lrbp)))\n\t\t\tufshcd_update_monitor(hba, lrbp);\n\t\tufshcd_add_command_trace(hba, task_tag, UFS_CMD_COMP);\n\t\tcmd->result = ufshcd_transfer_rsp_status(hba, lrbp, cqe);\n\t\tufshcd_release_scsi_cmd(hba, lrbp);\n\t\t/* Do not touch lrbp after scsi done */\n\t\tscsi_done(cmd);\n\t} else if (hba->dev_cmd.complete) {\n\t\tif (cqe) {\n\t\t\tocs = le32_to_cpu(cqe->status) & MASK_OCS;\n\t\t\tlrbp->utr_descriptor_ptr->header.ocs = ocs;\n\t\t}\n\t\tcomplete(hba->dev_cmd.complete);\n\t}\n}\n\n/**\n * __ufshcd_transfer_req_compl - handle SCSI and query command completion\n * @hba: per adapter instance\n * @completed_reqs: bitmask that indicates which requests to complete\n */\nstatic void __ufshcd_transfer_req_compl(struct ufs_hba *hba,\n\t\t\t\t\tunsigned long completed_reqs)\n{\n\tint tag;\n\n\tfor_each_set_bit(tag, &completed_reqs, hba->nutrs)\n\t\tufshcd_compl_one_cqe(hba, tag, NULL);\n}\n\n/* Any value that is not an existing queue number is fine for this constant. */\nenum {\n\tUFSHCD_POLL_FROM_INTERRUPT_CONTEXT = -1\n};\n\nstatic void ufshcd_clear_polled(struct ufs_hba *hba,\n\t\t\t\tunsigned long *completed_reqs)\n{\n\tint tag;\n\n\tfor_each_set_bit(tag, completed_reqs, hba->nutrs) {\n\t\tstruct scsi_cmnd *cmd = hba->lrb[tag].cmd;\n\n\t\tif (!cmd)\n\t\t\tcontinue;\n\t\tif (scsi_cmd_to_rq(cmd)->cmd_flags & REQ_POLLED)\n\t\t\t__clear_bit(tag, completed_reqs);\n\t}\n}\n\n/*\n * Return: > 0 if one or more commands have been completed or 0 if no\n * requests have been completed.\n */\nstatic int ufshcd_poll(struct Scsi_Host *shost, unsigned int queue_num)\n{\n\tstruct ufs_hba *hba = shost_priv(shost);\n\tunsigned long completed_reqs, flags;\n\tu32 tr_doorbell;\n\tstruct ufs_hw_queue *hwq;\n\n\tif (hba->mcq_enabled) {\n\t\thwq = &hba->uhq[queue_num];\n\n\t\treturn ufshcd_mcq_poll_cqe_lock(hba, hwq);\n\t}\n\n\tspin_lock_irqsave(&hba->outstanding_lock, flags);\n\ttr_doorbell = ufshcd_readl(hba, REG_UTP_TRANSFER_REQ_DOOR_BELL);\n\tcompleted_reqs = ~tr_doorbell & hba->outstanding_reqs;\n\tWARN_ONCE(completed_reqs & ~hba->outstanding_reqs,\n\t\t  "completed: %#lx; outstanding: %#lx\\n", completed_reqs,\n\t\t  hba->outstanding_reqs);\n\tif (queue_num == UFSHCD_POLL_FROM_INTERRUPT_CONTEXT) {\n\t\t/* Do not complete polled requests from interrupt context. */\n\t\tufshcd_clear_polled(hba, &completed_reqs);\n\t}\n\thba->outstanding_reqs &= ~completed_reqs;\n\tspin_unlock_irqrestore(&hba->outstanding_lock, flags);\n\n\tif (completed_reqs)\n\t\t__ufshcd_transfer_req_compl(hba, completed_reqs);\n\n\treturn completed_reqs != 0;\n}\n\n/**\n * ufshcd_mcq_compl_pending_transfer - MCQ mode function. It is\n * invoked from the error handler context or ufshcd_host_reset_and_restore()\n * to complete the pending transfers and free the resources associated with\n * the scsi command.\n *\n * @hba: per adapter instance\n * @force_compl: This flag is set to true when invoked\n * from ufshcd_host_reset_and_restore() in which case it requires special\n * handling because the host controller has been reset by ufshcd_hba_stop().\n */\nstatic void ufshcd_mcq_compl_pending_transfer(struct ufs_hba *hba,\n\t\t\t\t\t      bool force_compl)\n{\n\tstruct ufs_hw_queue *hwq;\n\tstruct ufshcd_lrb *lrbp;\n\tstruct scsi_cmnd *cmd;\n\tunsigned long flags;\n\tint tag;\n\n\tfor (tag = 0; tag < hba->nutrs; tag++) {\n\t\tlrbp = &hba->lrb[tag];\n\t\tcmd = lrbp->cmd;\n\t\tif (!ufshcd_cmd_inflight(cmd) ||\n\t\t    test_bit(SCMD_STATE_COMPLETE, &cmd->state))\n\t\t\tcontinue;\n\n\t\thwq = ufshcd_mcq_req_to_hwq(hba, scsi_cmd_to_rq(cmd));\n\n\t\tif (force_compl) {\n\t\t\tufshcd_mcq_compl_all_cqes_lock(hba, hwq);\n\t\t\t/*\n\t\t\t * For those cmds of which the cqes are not present\n\t\t\t * in the cq, complete them explicitly.\n\t\t\t */\n\t\t\tspin_lock_irqsave(&hwq->cq_lock, flags);\n\t\t\tif (cmd && !test_bit(SCMD_STATE_COMPLETE, &cmd->state)) {\n\t\t\t\tset_host_byte(cmd, DID_REQUEUE);\n\t\t\t\tufshcd_release_scsi_cmd(hba, lrbp);\n\t\t\t\tscsi_done(cmd);\n\t\t\t}\n\t\t\tspin_unlock_irqrestore(&hwq->cq_lock, flags);\n\t\t} else {\n\t\t\tufshcd_mcq_poll_cqe_lock(hba, hwq);\n\t\t}\n\t}\n}\n\n/**\n * ufshcd_transfer_req_compl - handle SCSI and query command completion\n * @hba: per adapter instance\n *\n * Return:\n *  IRQ_HANDLED - If interrupt is valid\n *  IRQ_NONE    - If invalid interrupt\n */\nstatic irqreturn_t ufshcd_transfer_req_compl(struct ufs_hba *hba)\n{\n\t/* Resetting interrupt aggregation counters first and reading the\n\t * DOOR_BELL afterward allows us to handle all the completed requests.\n\t * In order to prevent other interrupts starvation the DB is read once\n\t * after reset. The down side of this solution is the possibility of\n\t * false interrupt if device completes another request after resetting\n\t * aggregation and before reading the DB.\n\t */\n\tif (ufshcd_is_intr_aggr_allowed(hba) &&\n\t    !(hba->quirks & UFSHCI_QUIRK_SKIP_RESET_INTR_AGGR))\n\t\tufshcd_reset_intr_aggr(hba);\n\n\tif (ufs_fail_completion(hba))\n\t\treturn IRQ_HANDLED;\n\n\t/*\n\t * Ignore the ufshcd_poll() return value and return IRQ_HANDLED since we\n\t * do not want polling to trigger spurious interrupt complaints.\n\t */\n\tufshcd_poll(hba->host, UFSHCD_POLL_FROM_INTERRUPT_CONTEXT);\n\n\treturn IRQ_HANDLED;\n}\n\nint __ufshcd_write_ee_control(struct ufs_hba *hba, u32 ee_ctrl_mask)\n{\n\treturn ufshcd_query_attr_retry(hba, UPIU_QUERY_OPCODE_WRITE_ATTR,\n\t\t\t\t       QUERY_ATTR_IDN_EE_CONTROL, 0, 0,\n\t\t\t\t       &ee_ctrl_mask);\n}\n\nint ufshcd_write_ee_control(struct ufs_hba *hba)\n{\n\tint err;\n\n\tmutex_lock(&hba->ee_ctrl_mutex);\n\terr = __ufshcd_write_ee_control(hba, hba->ee_ctrl_mask);\n\tmutex_unlock(&hba->ee_ctrl_mutex);\n\tif (err)\n\t\tdev_err(hba->dev, "%s: failed to write ee control %d\\n",\n\t\t\t__func__, err);\n\treturn err;\n}\n\nint ufshcd_update_ee_control(struct ufs_hba *hba, u16 *mask,\n\t\t\t     const u16 *other_mask, u16 set, u16 clr)\n{\n\tu16 new_mask, ee_ctrl_mask;\n\tint err = 0;\n\n\tmutex_lock(&hba->ee_ctrl_mutex);\n\tnew_mask = (*mask & ~clr) | set;\n\tee_ctrl_mask = new_mask | *other_mask;\n\tif (ee_ctrl_mask != hba->ee_ctrl_mask)\n\t\terr = __ufshcd_write_ee_control(hba, ee_ctrl_mask);\n\t/* Still need to update \'mask\' even if \'ee_ctrl_mask\' was unchanged */\n\tif (!err) {\n\t\thba->ee_ctrl_mask = ee_ctrl_mask;\n\t\t*mask = new_mask;\n\t}\n\tmutex_unlock(&hba->ee_ctrl_mutex);\n\treturn err;\n}\n\n/**\n * ufshcd_disable_ee - disable exception event\n * @hba: per-adapter instance\n * @mask: exception event to disable\n *\n * Disables exception event in the device so that the EVENT_ALERT\n * bit is not set.\n *\n * Return: zero on success, non-zero error value on failure.\n */\nstatic inline int ufshcd_disable_ee(struct ufs_hba *hba, u16 mask)\n{\n\treturn ufshcd_update_ee_drv_mask(hba, 0, mask);\n}\n\n/**\n * ufshcd_enable_ee - enable exception event\n * @hba: per-adapter instance\n * @mask: exception event to enable\n *\n * Enable corresponding exception event in the device to allow\n * device to alert host in critical scenarios.\n *\n * Return: zero on success, non-zero error value on failure.\n */\nstatic inline int ufshcd_enable_ee(struct ufs_hba *hba, u16 mask)\n{\n\treturn ufshcd_update_ee_drv_mask(hba, mask, 0);\n}\n\n/**\n * ufshcd_enable_auto_bkops - Allow device managed BKOPS\n * @hba: per-adapter instance\n *\n * Allow device to manage background operations on its own. Enabling\n * this might lead to inconsistent latencies during normal data transfers\n * as the device is allowed to manage its own way of handling background\n * operations.\n *\n * Return: zero on success, non-zero on failure.\n */\nstatic int ufshcd_enable_auto_bkops(struct ufs_hba *hba)\n{\n\tint err = 0;\n\n\tif (hba->auto_bkops_enabled)\n\t\tgoto out;\n\n\terr = ufshcd_query_flag_retry(hba, UPIU_QUERY_OPCODE_SET_FLAG,\n\t\t\tQUERY_FLAG_IDN_BKOPS_EN, 0, NULL);\n\tif (err) {\n\t\tdev_err(hba->dev, "%s: failed to enable bkops %d\\n",\n\t\t\t\t__func__, err);\n\t\tgoto out;\n\t}\n\n\thba->auto_bkops_enabled = true;\n\ttrace_ufshcd_auto_bkops_state(dev_name(hba->dev), "Enabled");\n\n\t/* No need of URGENT_BKOPS exception from the device */\n\terr = ufshcd_disable_ee(hba, MASK_EE_URGENT_BKOPS);\n\tif (err)\n\t\tdev_err(hba->dev, "%s: failed to disable exception event %d\\n",\n\t\t\t\t__func__, err);\nout:\n\treturn err;\n}\n\n/**\n * ufshcd_disable_auto_bkops - block device in doing background operations\n * @hba: per-adapter instance\n *\n * Disabling background operations improves command response latency but\n * has drawback of device moving into critical state where the device is\n * not-operable. Make sure to call ufshcd_enable_auto_bkops() whenever the\n * host is idle so that BKOPS are managed effectively without any negative\n * impacts.\n *\n * Return: zero on success, non-zero on failure.\n */\nstatic int ufshcd_disable_auto_bkops(struct ufs_hba *hba)\n{\n\tint err = 0;\n\n\tif (!hba->auto_bkops_enabled)\n\t\tgoto out;\n\n\t/*\n\t * If host assisted BKOPs is to be enabled, make sure\n\t * urgent bkops exception is allowed.\n\t */\n\terr = ufshcd_enable_ee(hba, MASK_EE_URGENT_BKOPS);\n\tif (err) {\n\t\tdev_err(hba->dev, "%s: failed to enable exception event %d\\n",\n\t\t\t\t__func__, err);\n\t\tgoto out;\n\t}\n\n\terr = ufshcd_query_flag_retry(hba, UPIU_QUERY_OPCODE_CLEAR_FLAG,\n\t\t\tQUERY_FLAG_IDN_BKOPS_EN, 0, NULL);\n\tif (err) {\n\t\tdev_err(hba->dev, "%s: failed to disable bkops %d\\n",\n\t\t\t\t__func__, err);\n\t\tufshcd_disable_ee(hba, MASK_EE_URGENT_BKOPS);\n\t\tgoto out;\n\t}\n\n\thba->auto_bkops_enabled = false;\n\ttrace_ufshcd_auto_bkops_state(dev_name(hba->dev), "Disabled");\n\thba->is_urgent_bkops_lvl_checked = false;\nout:\n\treturn err;\n}\n\n/**\n * ufshcd_force_reset_auto_bkops - force reset auto bkops state\n * @hba: per adapter instance\n *\n * After a device reset the device may toggle the BKOPS_EN flag\n * to default value. The s/w tracking variables should be updated\n * as well. This function would change the auto-bkops state based on\n * UFSHCD_CAP_KEEP_AUTO_BKOPS_ENABLED_EXCEPT_SUSPEND.\n */\nstatic void ufshcd_force_reset_auto_bkops(struct ufs_hba *hba)\n{\n\tif (ufshcd_keep_autobkops_enabled_except_suspend(hba)) {\n\t\thba->auto_bkops_enabled = false;\n\t\thba->ee_ctrl_mask |= MASK_EE_URGENT_BKOPS;\n\t\tufshcd_enable_auto_bkops(hba);\n\t} else {\n\t\thba->auto_bkops_enabled = true;\n\t\thba->ee_ctrl_mask &= ~MASK_EE_URGENT_BKOPS;\n\t\tufshcd_disable_auto_bkops(hba);\n\t}\n\thba->urgent_bkops_lvl = BKOPS_STATUS_PERF_IMPACT;\n\thba->is_urgent_bkops_lvl_checked = false;\n}\n\nstatic inline int ufshcd_get_bkops_status(struct ufs_hba *hba, u32 *status)\n{\n\treturn ufshcd_query_attr_retry(hba, UPIU_QUERY_OPCODE_READ_ATTR,\n\t\t\tQUERY_ATTR_IDN_BKOPS_STATUS, 0, 0, status);\n}\n\n/**\n * ufshcd_bkops_ctrl - control the auto bkops based on current bkops status\n * @hba: per-adapter instance\n *\n * Read the bkops_status from the UFS device and Enable fBackgroundOpsEn\n * flag in the device to permit background operations if the device\n * bkops_status is greater than or equal to the "hba->urgent_bkops_lvl",\n * disable otherwise.\n *\n * Return: 0 for success, non-zero in case of failure.\n *\n * NOTE: Caller of this function can check the "hba->auto_bkops_enabled" flag\n * to know whether auto bkops is enabled or disabled after this function\n * returns control to it.\n */\nstatic int ufshcd_bkops_ctrl(struct ufs_hba *hba)\n{\n\tenum bkops_status status = hba->urgent_bkops_lvl;\n\tu32 curr_status = 0;\n\tint err;\n\n\terr = ufshcd_get_bkops_status(hba, &curr_status);\n\tif (err) {\n\t\tdev_err(hba->dev, "%s: failed to get BKOPS status %d\\n",\n\t\t\t\t__func__, err);\n\t\tgoto out;\n\t} else if (curr_status > BKOPS_STATUS_MAX) {\n\t\tdev_err(hba->dev, "%s: invalid BKOPS status %d\\n",\n\t\t\t\t__func__, curr_status);\n\t\terr = -EINVAL;\n\t\tgoto out;\n\t}\n\n\tif (curr_status >= status)\n\t\terr = ufshcd_enable_auto_bkops(hba);\n\telse\n\t\terr = ufshcd_disable_auto_bkops(hba);\nout:\n\treturn err;\n}\n\nstatic inline int ufshcd_get_ee_status(struct ufs_hba *hba, u32 *status)\n{\n\treturn ufshcd_query_attr_retry(hba, UPIU_QUERY_OPCODE_READ_ATTR,\n\t\t\tQUERY_ATTR_IDN_EE_STATUS, 0, 0, status);\n}\n\nstatic void ufshcd_bkops_exception_event_handler(struct ufs_hba *hba)\n{\n\tint err;\n\tu32 curr_status = 0;\n\n\tif (hba->is_urgent_bkops_lvl_checked)\n\t\tgoto enable_auto_bkops;\n\n\terr = ufshcd_get_bkops_status(hba, &curr_status);\n\tif (err) {\n\t\tdev_err(hba->dev, "%s: failed to get BKOPS status %d\\n",\n\t\t\t\t__func__, err);\n\t\tgoto out;\n\t}\n\n\t/*\n\t * We are seeing that some devices are raising the urgent bkops\n\t * exception events even when BKOPS status doesn\'t indicate performace\n\t * impacted or critical. Handle these device by determining their urgent\n\t * bkops status at runtime.\n\t */\n\tif (curr_status < BKOPS_STATUS_PERF_IMPACT) {\n\t\tdev_err(hba->dev, "%s: device raised urgent BKOPS exception for bkops status %d\\n",\n\t\t\t\t__func__, curr_status);\n\t\t/* update the current status as the urgent bkops level */\n\t\thba->urgent_bkops_lvl = curr_status;\n\t\thba->is_urgent_bkops_lvl_checked = true;\n\t}\n\nenable_auto_bkops:\n\terr = ufshcd_enable_auto_bkops(hba);\nout:\n\tif (err < 0)\n\t\tdev_err(hba->dev, "%s: failed to handle urgent bkops %d\\n",\n\t\t\t\t__func__, err);\n}\n\nstatic void ufshcd_temp_exception_event_handler(struct ufs_hba *hba, u16 status)\n{\n\tu32 value;\n\n\tif (ufshcd_query_attr_retry(hba, UPIU_QUERY_OPCODE_READ_ATTR,\n\t\t\t\tQUERY_ATTR_IDN_CASE_ROUGH_TEMP, 0, 0, &value))\n\t\treturn;\n\n\tdev_info(hba->dev, "exception Tcase %d\\n", value - 80);\n\n\tufs_hwmon_notify_event(hba, status & MASK_EE_URGENT_TEMP);\n\n\t/*\n\t * A placeholder for the platform vendors to add whatever additional\n\t * steps required\n\t */\n}\n\nstatic int __ufshcd_wb_toggle(struct ufs_hba *hba, bool set, enum flag_idn idn)\n{\n\tu8 index;\n\tenum query_opcode opcode = set ? UPIU_QUERY_OPCODE_SET_FLAG :\n\t\t\t\t   UPIU_QUERY_OPCODE_CLEAR_FLAG;\n\n\tindex = ufshcd_wb_get_query_index(hba);\n\treturn ufshcd_query_flag_retry(hba, opcode, idn, index, NULL);\n}\n\nint ufshcd_wb_toggle(struct ufs_hba *hba, bool enable)\n{\n\tint ret;\n\n\tif (!ufshcd_is_wb_allowed(hba) ||\n\t    hba->dev_info.wb_enabled == enable)\n\t\treturn 0;\n\n\tret = __ufshcd_wb_toggle(hba, enable, QUERY_FLAG_IDN_WB_EN);\n\tif (ret) {\n\t\tdev_err(hba->dev, "%s: Write Booster %s failed %d\\n",\n\t\t\t__func__, enable ? "enabling" : "disabling", ret);\n\t\treturn ret;\n\t}\n\n\thba->dev_info.wb_enabled = enable;\n\tdev_dbg(hba->dev, "%s: Write Booster %s\\n",\n\t\t\t__func__, enable ? "enabled" : "disabled");\n\n\treturn ret;\n}\n\nstatic void ufshcd_wb_toggle_buf_flush_during_h8(struct ufs_hba *hba,\n\t\t\t\t\t\t bool enable)\n{\n\tint ret;\n\n\tret = __ufshcd_wb_toggle(hba, enable,\n\t\t\tQUERY_FLAG_IDN_WB_BUFF_FLUSH_DURING_HIBERN8);\n\tif (ret) {\n\t\tdev_err(hba->dev, "%s: WB-Buf Flush during H8 %s failed %d\\n",\n\t\t\t__func__, enable ? "enabling" : "disabling", ret);\n\t\treturn;\n\t}\n\tdev_dbg(hba->dev, "%s: WB-Buf Flush during H8 %s\\n",\n\t\t\t__func__, enable ? "enabled" : "disabled");\n}\n\nint ufshcd_wb_toggle_buf_flush(struct ufs_hba *hba, bool enable)\n{\n\tint ret;\n\n\tif (!ufshcd_is_wb_allowed(hba) ||\n\t    hba->dev_info.wb_buf_flush_enabled == enable)\n\t\treturn 0;\n\n\tret = __ufshcd_wb_toggle(hba, enable, QUERY_FLAG_IDN_WB_BUFF_FLUSH_EN);\n\tif (ret) {\n\t\tdev_err(hba->dev, "%s: WB-Buf Flush %s failed %d\\n",\n\t\t\t__func__, enable ? "enabling" : "disabling", ret);\n\t\treturn ret;\n\t}\n\n\thba->dev_info.wb_buf_flush_enabled = enable;\n\tdev_dbg(hba->dev, "%s: WB-Buf Flush %s\\n",\n\t\t\t__func__, enable ? "enabled" : "disabled");\n\n\treturn ret;\n}\n\nstatic bool ufshcd_wb_presrv_usrspc_keep_vcc_on(struct ufs_hba *hba,\n\t\t\t\t\t\tu32 avail_buf)\n{\n\tu32 cur_buf;\n\tint ret;\n\tu8 index;\n\n\tindex = ufshcd_wb_get_query_index(hba);\n\tret = ufshcd_query_attr_retry(hba, UPIU_QUERY_OPCODE_READ_ATTR,\n\t\t\t\t\t      QUERY_ATTR_IDN_CURR_WB_BUFF_SIZE,\n\t\t\t\t\t      index, 0, &cur_buf);\n\tif (ret) {\n\t\tdev_err(hba->dev, "%s: dCurWriteBoosterBufferSize read failed %d\\n",\n\t\t\t__func__, ret);\n\t\treturn false;\n\t}\n\n\tif (!cur_buf) {\n\t\tdev_info(hba->dev, "dCurWBBuf: %d WB disabled until free-space is available\\n",\n\t\t\t cur_buf);\n\t\treturn false;\n\t}\n\t/* Let it continue to flush when available buffer exceeds threshold */\n\treturn avail_buf < hba->vps->wb_flush_threshold;\n}\n\nstatic void ufshcd_wb_force_disable(struct ufs_hba *hba)\n{\n\tif (ufshcd_is_wb_buf_flush_allowed(hba))\n\t\tufshcd_wb_toggle_buf_flush(hba, false);\n\n\tufshcd_wb_toggle_buf_flush_during_h8(hba, false);\n\tufshcd_wb_toggle(hba, false);\n\thba->caps &= ~UFSHCD_CAP_WB_EN;\n\n\tdev_info(hba->dev, "%s: WB force disabled\\n", __func__);\n}\n\nstatic bool ufshcd_is_wb_buf_lifetime_available(struct ufs_hba *hba)\n{\n\tu32 lifetime;\n\tint ret;\n\tu8 index;\n\n\tindex = ufshcd_wb_get_query_index(hba);\n\tret = ufshcd_query_attr_retry(hba, UPIU_QUERY_OPCODE_READ_ATTR,\n\t\t\t\t      QUERY_ATTR_IDN_WB_BUFF_LIFE_TIME_EST,\n\t\t\t\t      index, 0, &lifetime);\n\tif (ret) {\n\t\tdev_err(hba->dev,\n\t\t\t"%s: bWriteBoosterBufferLifeTimeEst read failed %d\\n",\n\t\t\t__func__, ret);\n\t\treturn false;\n\t}\n\n\tif (lifetime == UFS_WB_EXCEED_LIFETIME) {\n\t\tdev_err(hba->dev, "%s: WB buf lifetime is exhausted 0x%02X\\n",\n\t\t\t__func__, lifetime);\n\t\treturn false;\n\t}\n\n\tdev_dbg(hba->dev, "%s: WB buf lifetime is 0x%02X\\n",\n\t\t__func__, lifetime);\n\n\treturn true;\n}\n\nstatic bool ufshcd_wb_need_flush(struct ufs_hba *hba)\n{\n\tint ret;\n\tu32 avail_buf;\n\tu8 index;\n\n\tif (!ufshcd_is_wb_allowed(hba))\n\t\treturn false;\n\n\tif (!ufshcd_is_wb_buf_lifetime_available(hba)) {\n\t\tufshcd_wb_force_disable(hba);\n\t\treturn false;\n\t}\n\n\t/*\n\t * The ufs device needs the vcc to be ON to flush.\n\t * With user-space reduction enabled, it\'s enough to enable flush\n\t * by checking only the available buffer. The threshold\n\t * defined here is > 90% full.\n\t * With user-space preserved enabled, the current-buffer\n\t * should be checked too because the wb buffer size can reduce\n\t * when disk tends to be full. This info is provided by current\n\t * buffer (dCurrentWriteBoosterBufferSize). There\'s no point in\n\t * keeping vcc on when current buffer is empty.\n\t */\n\tindex = ufshcd_wb_get_query_index(hba);\n\tret = ufshcd_query_attr_retry(hba, UPIU_QUERY_OPCODE_READ_ATTR,\n\t\t\t\t      QUERY_ATTR_IDN_AVAIL_WB_BUFF_SIZE,\n\t\t\t\t      index, 0, &avail_buf);\n\tif (ret) {\n\t\tdev_warn(hba->dev, "%s: dAvailableWriteBoosterBufferSize read failed %d\\n",\n\t\t\t __func__, ret);\n\t\treturn false;\n\t}\n\n\tif (!hba->dev_info.b_presrv_uspc_en)\n\t\treturn avail_buf <= UFS_WB_BUF_REMAIN_PERCENT(10);\n\n\treturn ufshcd_wb_presrv_usrspc_keep_vcc_on(hba, avail_buf);\n}\n\nstatic void ufshcd_rpm_dev_flush_recheck_work(struct work_struct *work)\n{\n\tstruct ufs_hba *hba = container_of(to_delayed_work(work),\n\t\t\t\t\t   struct ufs_hba,\n\t\t\t\t\t   rpm_dev_flush_recheck_work);\n\t/*\n\t * To prevent unnecessary VCC power drain after device finishes\n\t * WriteBooster buffer flush or Auto BKOPs, force runtime resume\n\t * after a certain delay to recheck the threshold by next runtime\n\t * suspend.\n\t */\n\tufshcd_rpm_get_sync(hba);\n\tufshcd_rpm_put_sync(hba);\n}\n\n/**\n * ufshcd_exception_event_handler - handle exceptions raised by device\n * @work: pointer to work data\n *\n * Read bExceptionEventStatus attribute from the device and handle the\n * exception event accordingly.\n */\nstatic void ufshcd_exception_event_handler(struct work_struct *work)\n{\n\tstruct ufs_hba *hba;\n\tint err;\n\tu32 status = 0;\n\thba = container_of(work, struct ufs_hba, eeh_work);\n\n\tufshcd_scsi_block_requests(hba);\n\terr = ufshcd_get_ee_status(hba, &status);\n\tif (err) {\n\t\tdev_err(hba->dev, "%s: failed to get exception status %d\\n",\n\t\t\t\t__func__, err);\n\t\tgoto out;\n\t}\n\n\ttrace_ufshcd_exception_event(dev_name(hba->dev), status);\n\n\tif (status & hba->ee_drv_mask & MASK_EE_URGENT_BKOPS)\n\t\tufshcd_bkops_exception_event_handler(hba);\n\n\tif (status & hba->ee_drv_mask & MASK_EE_URGENT_TEMP)\n\t\tufshcd_temp_exception_event_handler(hba, status);\n\n\tufs_debugfs_exception_event(hba, status);\nout:\n\tufshcd_scsi_unblock_requests(hba);\n}\n\n/* Complete requests that have door-bell cleared */\nstatic void ufshcd_complete_requests(struct ufs_hba *hba, bool force_compl)\n{\n\tif (hba->mcq_enabled)\n\t\tufshcd_mcq_compl_pending_transfer(hba, force_compl);\n\telse\n\t\tufshcd_transfer_req_compl(hba);\n\n\tufshcd_tmc_handler(hba);\n}\n\n/**\n * ufshcd_quirk_dl_nac_errors - This function checks if error handling is\n *\t\t\t\tto recover from the DL NAC errors or not.\n * @hba: per-adapter instance\n *\n * Return: true if error handling is required, false otherwise.\n */\nstatic bool ufshcd_quirk_dl_nac_errors(struct ufs_hba *hba)\n{\n\tunsigned long flags;\n\tbool err_handling = true;\n\n\tspin_lock_irqsave(hba->host->host_lock, flags);\n\t/*\n\t * UFS_DEVICE_QUIRK_RECOVERY_FROM_DL_NAC_ERRORS only workaround the\n\t * device fatal error and/or DL NAC & REPLAY timeout errors.\n\t */\n\tif (hba->saved_err & (CONTROLLER_FATAL_ERROR | SYSTEM_BUS_FATAL_ERROR))\n\t\tgoto out;\n\n\tif ((hba->saved_err & DEVICE_FATAL_ERROR) ||\n\t    ((hba->saved_err & UIC_ERROR) &&\n\t     (hba->saved_uic_err & UFSHCD_UIC_DL_TCx_REPLAY_ERROR)))\n\t\tgoto out;\n\n\tif ((hba->saved_err & UIC_ERROR) &&\n\t    (hba->saved_uic_err & UFSHCD_UIC_DL_NAC_RECEIVED_ERROR)) {\n\t\tint err;\n\t\t/*\n\t\t * wait for 50ms to see if we can get any other errors or not.\n\t\t */\n\t\tspin_unlock_irqrestore(hba->host->host_lock, flags);\n\t\tmsleep(50);\n\t\tspin_lock_irqsave(hba->host->host_lock, flags);\n\n\t\t/*\n\t\t * now check if we have got any other severe errors other than\n\t\t * DL NAC error?\n\t\t */\n\t\tif ((hba->saved_err & INT_FATAL_ERRORS) ||\n\t\t    ((hba->saved_err & UIC_ERROR) &&\n\t\t    (hba->saved_uic_err & ~UFSHCD_UIC_DL_NAC_RECEIVED_ERROR)))\n\t\t\tgoto out;\n\n\t\t/*\n\t\t * As DL NAC is the only error received so far, send out NOP\n\t\t * command to confirm if link is still active or not.\n\t\t *   - If we don\'t get any response then do error recovery.\n\t\t *   - If we get response then clear the DL NAC error bit.\n\t\t */\n\n\t\tspin_unlock_irqrestore(hba->host->host_lock, flags);\n\t\terr = ufshcd_verify_dev_init(hba);\n\t\tspin_lock_irqsave(hba->host->host_lock, flags);\n\n\t\tif (err)\n\t\t\tgoto out;\n\n\t\t/* Link seems to be alive hence ignore the DL NAC errors */\n\t\tif (hba->saved_uic_err == UFSHCD_UIC_DL_NAC_RECEIVED_ERROR)\n\t\t\thba->saved_err &= ~UIC_ERROR;\n\t\t/* clear NAC error */\n\t\thba->saved_uic_err &= ~UFSHCD_UIC_DL_NAC_RECEIVED_ERROR;\n\t\tif (!hba->saved_uic_err)\n\t\t\terr_handling = false;\n\t}\nout:\n\tspin_unlock_irqrestore(hba->host->host_lock, flags);\n\treturn err_handling;\n}\n\n/* host lock must be held before calling this func */\nstatic inline bool ufshcd_is_saved_err_fatal(struct ufs_hba *hba)\n{\n\treturn (hba->saved_uic_err & UFSHCD_UIC_DL_PA_INIT_ERROR) ||\n\t       (hba->saved_err & (INT_FATAL_ERRORS | UFSHCD_UIC_HIBERN8_MASK));\n}\n\nvoid ufshcd_schedule_eh_work(struct ufs_hba *hba)\n{\n\tlockdep_assert_held(hba->host->host_lock);\n\n\t/* handle fatal errors only when link is not in error state */\n\tif (hba->ufshcd_state != UFSHCD_STATE_ERROR) {\n\t\tif (hba->force_reset || ufshcd_is_link_broken(hba) ||\n\t\t    ufshcd_is_saved_err_fatal(hba))\n\t\t\thba->ufshcd_state = UFSHCD_STATE_EH_SCHEDULED_FATAL;\n\t\telse\n\t\t\thba->ufshcd_state = UFSHCD_STATE_EH_SCHEDULED_NON_FATAL;\n\t\tqueue_work(hba->eh_wq, &hba->eh_work);\n\t}\n}\n\nstatic void ufshcd_force_error_recovery(struct ufs_hba *hba)\n{\n\tspin_lock_irq(hba->host->host_lock);\n\thba->force_reset = true;\n\tufshcd_schedule_eh_work(hba);\n\tspin_unlock_irq(hba->host->host_lock);\n}\n\nstatic void ufshcd_clk_scaling_allow(struct ufs_hba *hba, bool allow)\n{\n\tmutex_lock(&hba->wb_mutex);\n\tdown_write(&hba->clk_scaling_lock);\n\thba->clk_scaling.is_allowed = allow;\n\tup_write(&hba->clk_scaling_lock);\n\tmutex_unlock(&hba->wb_mutex);\n}\n\nstatic void ufshcd_clk_scaling_suspend(struct ufs_hba *hba, bool suspend)\n{\n\tif (suspend) {\n\t\tif (hba->clk_scaling.is_enabled)\n\t\t\tufshcd_suspend_clkscaling(hba);\n\t\tufshcd_clk_scaling_allow(hba, false);\n\t} else {\n\t\tufshcd_clk_scaling_allow(hba, true);\n\t\tif (hba->clk_scaling.is_enabled)\n\t\t\tufshcd_resume_clkscaling(hba);\n\t}\n}\n\nstatic void ufshcd_err_handling_prepare(struct ufs_hba *hba)\n{\n\tufshcd_rpm_get_sync(hba);\n\tif (pm_runtime_status_suspended(&hba->ufs_device_wlun->sdev_gendev) ||\n\t    hba->is_sys_suspended) {\n\t\tenum ufs_pm_op pm_op;\n\n\t\t/*\n\t\t * Don\'t assume anything of resume, if\n\t\t * resume fails, irq and clocks can be OFF, and powers\n\t\t * can be OFF or in LPM.\n\t\t */\n\t\tufshcd_setup_hba_vreg(hba, true);\n\t\tufshcd_enable_irq(hba);\n\t\tufshcd_setup_vreg(hba, true);\n\t\tufshcd_config_vreg_hpm(hba, hba->vreg_info.vccq);\n\t\tufshcd_config_vreg_hpm(hba, hba->vreg_info.vccq2);\n\t\tufshcd_hold(hba);\n\t\tif (!ufshcd_is_clkgating_allowed(hba))\n\t\t\tufshcd_setup_clocks(hba, true);\n\t\tpm_op = hba->is_sys_suspended ? UFS_SYSTEM_PM : UFS_RUNTIME_PM;\n\t\tufshcd_vops_resume(hba, pm_op);\n\t} else {\n\t\tufshcd_hold(hba);\n\t\tif (ufshcd_is_clkscaling_supported(hba) &&\n\t\t    hba->clk_scaling.is_enabled)\n\t\t\tufshcd_suspend_clkscaling(hba);\n\t\tufshcd_clk_scaling_allow(hba, false);\n\t}\n\tufshcd_scsi_block_requests(hba);\n\t/* Wait for ongoing ufshcd_queuecommand() calls to finish. */\n\tblk_mq_wait_quiesce_done(&hba->host->tag_set);\n\tcancel_work_sync(&hba->eeh_work);\n}\n\nstatic void ufshcd_err_handling_unprepare(struct ufs_hba *hba)\n{\n\tufshcd_scsi_unblock_requests(hba);\n\tufshcd_release(hba);\n\tif (ufshcd_is_clkscaling_supported(hba))\n\t\tufshcd_clk_scaling_suspend(hba, false);\n\tufshcd_rpm_put(hba);\n}\n\nstatic inline bool ufshcd_err_handling_should_stop(struct ufs_hba *hba)\n{\n\treturn (!hba->is_powered || hba->shutting_down ||\n\t\t!hba->ufs_device_wlun ||\n\t\thba->ufshcd_state == UFSHCD_STATE_ERROR ||\n\t\t(!(hba->saved_err || hba->saved_uic_err || hba->force_reset ||\n\t\t   ufshcd_is_link_broken(hba))));\n}\n\n#ifdef CONFIG_PM\nstatic void ufshcd_recover_pm_error(struct ufs_hba *hba)\n{\n\tstruct Scsi_Host *shost = hba->host;\n\tstruct scsi_device *sdev;\n\tstruct request_queue *q;\n\tint ret;\n\n\thba->is_sys_suspended = false;\n\t/*\n\t * Set RPM status of wlun device to RPM_ACTIVE,\n\t * this also clears its runtime error.\n\t */\n\tret = pm_runtime_set_active(&hba->ufs_device_wlun->sdev_gendev);\n\n\t/* hba device might have a runtime error otherwise */\n\tif (ret)\n\t\tret = pm_runtime_set_active(hba->dev);\n\t/*\n\t * If wlun device had runtime error, we also need to resume those\n\t * consumer scsi devices in case any of them has failed to be\n\t * resumed due to supplier runtime resume failure. This is to unblock\n\t * blk_queue_enter in case there are bios waiting inside it.\n\t */\n\tif (!ret) {\n\t\tshost_for_each_device(sdev, shost) {\n\t\t\tq = sdev->request_queue;\n\t\t\tif (q->dev && (q->rpm_status == RPM_SUSPENDED ||\n\t\t\t\t       q->rpm_status == RPM_SUSPENDING))\n\t\t\t\tpm_request_resume(q->dev);\n\t\t}\n\t}\n}\n#else\nstatic inline void ufshcd_recover_pm_error(struct ufs_hba *hba)\n{\n}\n#endif\n\nstatic bool ufshcd_is_pwr_mode_restore_needed(struct ufs_hba *hba)\n{\n\tstruct ufs_pa_layer_attr *pwr_info = &hba->pwr_info;\n\tu32 mode;\n\n\tufshcd_dme_get(hba, UIC_ARG_MIB(PA_PWRMODE), &mode);\n\n\tif (pwr_info->pwr_rx != ((mode >> PWRMODE_RX_OFFSET) & PWRMODE_MASK))\n\t\treturn true;\n\n\tif (pwr_info->pwr_tx != (mode & PWRMODE_MASK))\n\t\treturn true;\n\n\treturn false;\n}\n\nstatic bool ufshcd_abort_one(struct request *rq, void *priv)\n{\n\tint *ret = priv;\n\tu32 tag = rq->tag;\n\tstruct scsi_cmnd *cmd = blk_mq_rq_to_pdu(rq);\n\tstruct scsi_device *sdev = cmd->device;\n\tstruct Scsi_Host *shost = sdev->host;\n\tstruct ufs_hba *hba = shost_priv(shost);\n\n\t*ret = ufshcd_try_to_abort_task(hba, tag);\n\tdev_err(hba->dev, "Aborting tag %d / CDB %#02x %s\\n", tag,\n\t\thba->lrb[tag].cmd ? hba->lrb[tag].cmd->cmnd[0] : -1,\n\t\t*ret ? "failed" : "succeeded");\n\n\treturn *ret == 0;\n}\n\n/**\n * ufshcd_abort_all - Abort all pending commands.\n * @hba: Host bus adapter pointer.\n *\n * Return: true if and only if the host controller needs to be reset.\n */\nstatic bool ufshcd_abort_all(struct ufs_hba *hba)\n{\n\tint tag, ret = 0;\n\n\tblk_mq_tagset_busy_iter(&hba->host->tag_set, ufshcd_abort_one, &ret);\n\tif (ret)\n\t\tgoto out;\n\n\t/* Clear pending task management requests */\n\tfor_each_set_bit(tag, &hba->outstanding_tasks, hba->nutmrs) {\n\t\tret = ufshcd_clear_tm_cmd(hba, tag);\n\t\tif (ret)\n\t\t\tgoto out;\n\t}\n\nout:\n\t/* Complete the requests that are cleared by s/w */\n\tufshcd_complete_requests(hba, false);\n\n\treturn ret != 0;\n}\n\n/**\n * ufshcd_err_handler - handle UFS errors that require s/w attention\n * @work: pointer to work structure\n */\nstatic void ufshcd_err_handler(struct work_struct *work)\n{\n\tint retries = MAX_ERR_HANDLER_RETRIES;\n\tstruct ufs_hba *hba;\n\tunsigned long flags;\n\tbool needs_restore;\n\tbool needs_reset;\n\tint pmc_err;\n\n\thba = container_of(work, struct ufs_hba, eh_work);\n\n\tdev_info(hba->dev,\n\t\t "%s started; HBA state %s; powered %d; shutting down %d; saved_err = %d; saved_uic_err = %d; force_reset = %d%s\\n",\n\t\t __func__, ufshcd_state_name[hba->ufshcd_state],\n\t\t hba->is_powered, hba->shutting_down, hba->saved_err,\n\t\t hba->saved_uic_err, hba->force_reset,\n\t\t ufshcd_is_link_broken(hba) ? "; link is broken" : "");\n\n\tdown(&hba->host_sem);\n\tspin_lock_irqsave(hba->host->host_lock, flags);\n\tif (ufshcd_err_handling_should_stop(hba)) {\n\t\tif (hba->ufshcd_state != UFSHCD_STATE_ERROR)\n\t\t\thba->ufshcd_state = UFSHCD_STATE_OPERATIONAL;\n\t\tspin_unlock_irqrestore(hba->host->host_lock, flags);\n\t\tup(&hba->host_sem);\n\t\treturn;\n\t}\n\tufshcd_set_eh_in_progress(hba);\n\tspin_unlock_irqrestore(hba->host->host_lock, flags);\n\tufshcd_err_handling_prepare(hba);\n\t/* Complete requests that have door-bell cleared by h/w */\n\tufshcd_complete_requests(hba, false);\n\tspin_lock_irqsave(hba->host->host_lock, flags);\nagain:\n\tneeds_restore = false;\n\tneeds_reset = false;\n\n\tif (hba->ufshcd_state != UFSHCD_STATE_ERROR)\n\t\thba->ufshcd_state = UFSHCD_STATE_RESET;\n\t/*\n\t * A full reset and restore might have happened after preparation\n\t * is finished, double check whether we should stop.\n\t */\n\tif (ufshcd_err_handling_should_stop(hba))\n\t\tgoto skip_err_handling;\n\n\tif ((hba->dev_quirks & UFS_DEVICE_QUIRK_RECOVERY_FROM_DL_NAC_ERRORS) &&\n\t    !hba->force_reset) {\n\t\tbool ret;\n\n\t\tspin_unlock_irqrestore(hba->host->host_lock, flags);\n\t\t/* release the lock as ufshcd_quirk_dl_nac_errors() may sleep */\n\t\tret = ufshcd_quirk_dl_nac_errors(hba);\n\t\tspin_lock_irqsave(hba->host->host_lock, flags);\n\t\tif (!ret && ufshcd_err_handling_should_stop(hba))\n\t\t\tgoto skip_err_handling;\n\t}\n\n\tif ((hba->saved_err & (INT_FATAL_ERRORS | UFSHCD_UIC_HIBERN8_MASK)) ||\n\t    (hba->saved_uic_err &&\n\t     (hba->saved_uic_err != UFSHCD_UIC_PA_GENERIC_ERROR))) {\n\t\tbool pr_prdt = !!(hba->saved_err & SYSTEM_BUS_FATAL_ERROR);\n\n\t\tspin_unlock_irqrestore(hba->host->host_lock, flags);\n\t\tufshcd_print_host_state(hba);\n\t\tufshcd_print_pwr_info(hba);\n\t\tufshcd_print_evt_hist(hba);\n\t\tufshcd_print_tmrs(hba, hba->outstanding_tasks);\n\t\tufshcd_print_trs_all(hba, pr_prdt);\n\t\tspin_lock_irqsave(hba->host->host_lock, flags);\n\t}\n\n\t/*\n\t * if host reset is required then skip clearing the pending\n\t * transfers forcefully because they will get cleared during\n\t * host reset and restore\n\t */\n\tif (hba->force_reset || ufshcd_is_link_broken(hba) ||\n\t    ufshcd_is_saved_err_fatal(hba) ||\n\t    ((hba->saved_err & UIC_ERROR) &&\n\t     (hba->saved_uic_err & (UFSHCD_UIC_DL_NAC_RECEIVED_ERROR |\n\t\t\t\t    UFSHCD_UIC_DL_TCx_REPLAY_ERROR)))) {\n\t\tneeds_reset = true;\n\t\tgoto do_reset;\n\t}\n\n\t/*\n\t * If LINERESET was caught, UFS might have been put to PWM mode,\n\t * check if power mode restore is needed.\n\t */\n\tif (hba->saved_uic_err & UFSHCD_UIC_PA_GENERIC_ERROR) {\n\t\thba->saved_uic_err &= ~UFSHCD_UIC_PA_GENERIC_ERROR;\n\t\tif (!hba->saved_uic_err)\n\t\t\thba->saved_err &= ~UIC_ERROR;\n\t\tspin_unlock_irqrestore(hba->host->host_lock, flags);\n\t\tif (ufshcd_is_pwr_mode_restore_needed(hba))\n\t\t\tneeds_restore = true;\n\t\tspin_lock_irqsave(hba->host->host_lock, flags);\n\t\tif (!hba->saved_err && !needs_restore)\n\t\t\tgoto skip_err_handling;\n\t}\n\n\thba->silence_err_logs = true;\n\t/* release lock as clear command might sleep */\n\tspin_unlock_irqrestore(hba->host->host_lock, flags);\n\n\tneeds_reset = ufshcd_abort_all(hba);\n\n\tspin_lock_irqsave(hba->host->host_lock, flags);\n\thba->silence_err_logs = false;\n\tif (needs_reset)\n\t\tgoto do_reset;\n\n\t/*\n\t * After all reqs and tasks are cleared from doorbell,\n\t * now it is safe to retore power mode.\n\t */\n\tif (needs_restore) {\n\t\tspin_unlock_irqrestore(hba->host->host_lock, flags);\n\t\t/*\n\t\t * Hold the scaling lock just in case dev cmds\n\t\t * are sent via bsg and/or sysfs.\n\t\t */\n\t\tdown_write(&hba->clk_scaling_lock);\n\t\thba->force_pmc = true;\n\t\tpmc_err = ufshcd_config_pwr_mode(hba, &(hba->pwr_info));\n\t\tif (pmc_err) {\n\t\t\tneeds_reset = true;\n\t\t\tdev_err(hba->dev, "%s: Failed to restore power mode, err = %d\\n",\n\t\t\t\t\t__func__, pmc_err);\n\t\t}\n\t\thba->force_pmc = false;\n\t\tufshcd_print_pwr_info(hba);\n\t\tup_write(&hba->clk_scaling_lock);\n\t\tspin_lock_irqsave(hba->host->host_lock, flags);\n\t}\n\ndo_reset:\n\t/* Fatal errors need reset */\n\tif (needs_reset) {\n\t\tint err;\n\n\t\thba->force_reset = false;\n\t\tspin_unlock_irqrestore(hba->host->host_lock, flags);\n\t\terr = ufshcd_reset_and_restore(hba);\n\t\tif (err)\n\t\t\tdev_err(hba->dev, "%s: reset and restore failed with err %d\\n",\n\t\t\t\t\t__func__, err);\n\t\telse\n\t\t\tufshcd_recover_pm_error(hba);\n\t\tspin_lock_irqsave(hba->host->host_lock, flags);\n\t}\n\nskip_err_handling:\n\tif (!needs_reset) {\n\t\tif (hba->ufshcd_state == UFSHCD_STATE_RESET)\n\t\t\thba->ufshcd_state = UFSHCD_STATE_OPERATIONAL;\n\t\tif (hba->saved_err || hba->saved_uic_err)\n\t\t\tdev_err_ratelimited(hba->dev, "%s: exit: saved_err 0x%x saved_uic_err 0x%x",\n\t\t\t    __func__, hba->saved_err, hba->saved_uic_err);\n\t}\n\t/* Exit in an operational state or dead */\n\tif (hba->ufshcd_state != UFSHCD_STATE_OPERATIONAL &&\n\t    hba->ufshcd_state != UFSHCD_STATE_ERROR) {\n\t\tif (--retries)\n\t\t\tgoto again;\n\t\thba->ufshcd_state = UFSHCD_STATE_ERROR;\n\t}\n\tufshcd_clear_eh_in_progress(hba);\n\tspin_unlock_irqrestore(hba->host->host_lock, flags);\n\tufshcd_err_handling_unprepare(hba);\n\tup(&hba->host_sem);\n\n\tdev_info(hba->dev, "%s finished; HBA state %s\\n", __func__,\n\t\t ufshcd_state_name[hba->ufshcd_state]);\n}\n\n/**\n * ufshcd_update_uic_error - check and set fatal UIC error flags.\n * @hba: per-adapter instance\n *\n * Return:\n *  IRQ_HANDLED - If interrupt is valid\n *  IRQ_NONE    - If invalid interrupt\n */\nstatic irqreturn_t ufshcd_update_uic_error(struct ufs_hba *hba)\n{\n\tu32 reg;\n\tirqreturn_t retval = IRQ_NONE;\n\n\t/* PHY layer error */\n\treg = ufshcd_readl(hba, REG_UIC_ERROR_CODE_PHY_ADAPTER_LAYER);\n\tif ((reg & UIC_PHY_ADAPTER_LAYER_ERROR) &&\n\t    (reg & UIC_PHY_ADAPTER_LAYER_ERROR_CODE_MASK)) {\n\t\tufshcd_update_evt_hist(hba, UFS_EVT_PA_ERR, reg);\n\t\t/*\n\t\t * To know whether this error is fatal or not, DB timeout\n\t\t * must be checked but this error is handled separately.\n\t\t */\n\t\tif (reg & UIC_PHY_ADAPTER_LAYER_LANE_ERR_MASK)\n\t\t\tdev_dbg(hba->dev, "%s: UIC Lane error reported\\n",\n\t\t\t\t\t__func__);\n\n\t\t/* Got a LINERESET indication. */\n\t\tif (reg & UIC_PHY_ADAPTER_LAYER_GENERIC_ERROR) {\n\t\t\tstruct uic_command *cmd = NULL;\n\n\t\t\thba->uic_error |= UFSHCD_UIC_PA_GENERIC_ERROR;\n\t\t\tif (hba->uic_async_done && hba->active_uic_cmd)\n\t\t\t\tcmd = hba->active_uic_cmd;\n\t\t\t/*\n\t\t\t * Ignore the LINERESET during power mode change\n\t\t\t * operation via DME_SET command.\n\t\t\t */\n\t\t\tif (cmd && (cmd->command == UIC_CMD_DME_SET))\n\t\t\t\thba->uic_error &= ~UFSHCD_UIC_PA_GENERIC_ERROR;\n\t\t}\n\t\tretval |= IRQ_HANDLED;\n\t}\n\n\t/* PA_INIT_ERROR is fatal and needs UIC reset */\n\treg = ufshcd_readl(hba, REG_UIC_ERROR_CODE_DATA_LINK_LAYER);\n\tif ((reg & UIC_DATA_LINK_LAYER_ERROR) &&\n\t    (reg & UIC_DATA_LINK_LAYER_ERROR_CODE_MASK)) {\n\t\tufshcd_update_evt_hist(hba, UFS_EVT_DL_ERR, reg);\n\n\t\tif (reg & UIC_DATA_LINK_LAYER_ERROR_PA_INIT)\n\t\t\thba->uic_error |= UFSHCD_UIC_DL_PA_INIT_ERROR;\n\t\telse if (hba->dev_quirks &\n\t\t\t\tUFS_DEVICE_QUIRK_RECOVERY_FROM_DL_NAC_ERRORS) {\n\t\t\tif (reg & UIC_DATA_LINK_LAYER_ERROR_NAC_RECEIVED)\n\t\t\t\thba->uic_error |=\n\t\t\t\t\tUFSHCD_UIC_DL_NAC_RECEIVED_ERROR;\n\t\t\telse if (reg & UIC_DATA_LINK_LAYER_ERROR_TCx_REPLAY_TIMEOUT)\n\t\t\t\thba->uic_error |= UFSHCD_UIC_DL_TCx_REPLAY_ERROR;\n\t\t}\n\t\tretval |= IRQ_HANDLED;\n\t}\n\n\t/* UIC NL/TL/DME errors needs software retry */\n\treg = ufshcd_readl(hba, REG_UIC_ERROR_CODE_NETWORK_LAYER);\n\tif ((reg & UIC_NETWORK_LAYER_ERROR) &&\n\t    (reg & UIC_NETWORK_LAYER_ERROR_CODE_MASK)) {\n\t\tufshcd_update_evt_hist(hba, UFS_EVT_NL_ERR, reg);\n\t\thba->uic_error |= UFSHCD_UIC_NL_ERROR;\n\t\tretval |= IRQ_HANDLED;\n\t}\n\n\treg = ufshcd_readl(hba, REG_UIC_ERROR_CODE_TRANSPORT_LAYER);\n\tif ((reg & UIC_TRANSPORT_LAYER_ERROR) &&\n\t    (reg & UIC_TRANSPORT_LAYER_ERROR_CODE_MASK)) {\n\t\tufshcd_update_evt_hist(hba, UFS_EVT_TL_ERR, reg);\n\t\thba->uic_error |= UFSHCD_UIC_TL_ERROR;\n\t\tretval |= IRQ_HANDLED;\n\t}\n\n\treg = ufshcd_readl(hba, REG_UIC_ERROR_CODE_DME);\n\tif ((reg & UIC_DME_ERROR) &&\n\t    (reg & UIC_DME_ERROR_CODE_MASK)) {\n\t\tufshcd_update_evt_hist(hba, UFS_EVT_DME_ERR, reg);\n\t\thba->uic_error |= UFSHCD_UIC_DME_ERROR;\n\t\tretval |= IRQ_HANDLED;\n\t}\n\n\tdev_dbg(hba->dev, "%s: UIC error flags = 0x%08x\\n",\n\t\t\t__func__, hba->uic_error);\n\treturn retval;\n}\n\n/**\n * ufshcd_check_errors - Check for errors that need s/w attention\n * @hba: per-adapter instance\n * @intr_status: interrupt status generated by the controller\n *\n * Return:\n *  IRQ_HANDLED - If interrupt is valid\n *  IRQ_NONE    - If invalid interrupt\n */\nstatic irqreturn_t ufshcd_check_errors(struct ufs_hba *hba, u32 intr_status)\n{\n\tbool queue_eh_work = false;\n\tirqreturn_t retval = IRQ_NONE;\n\n\tspin_lock(hba->host->host_lock);\n\thba->errors |= UFSHCD_ERROR_MASK & intr_status;\n\n\tif (hba->errors & INT_FATAL_ERRORS) {\n\t\tufshcd_update_evt_hist(hba, UFS_EVT_FATAL_ERR,\n\t\t\t\t       hba->errors);\n\t\tqueue_eh_work = true;\n\t}\n\n\tif (hba->errors & UIC_ERROR) {\n\t\thba->uic_error = 0;\n\t\tretval = ufshcd_update_uic_error(hba);\n\t\tif (hba->uic_error)\n\t\t\tqueue_eh_work = true;\n\t}\n\n\tif (hba->errors & UFSHCD_UIC_HIBERN8_MASK) {\n\t\tdev_err(hba->dev,\n\t\t\t"%s: Auto Hibern8 %s failed - status: 0x%08x, upmcrs: 0x%08x\\n",\n\t\t\t__func__, (hba->errors & UIC_HIBERNATE_ENTER) ?\n\t\t\t"Enter" : "Exit",\n\t\t\thba->errors, ufshcd_get_upmcrs(hba));\n\t\tufshcd_update_evt_hist(hba, UFS_EVT_AUTO_HIBERN8_ERR,\n\t\t\t\t       hba->errors);\n\t\tufshcd_set_link_broken(hba);\n\t\tqueue_eh_work = true;\n\t}\n\n\tif (queue_eh_work) {\n\t\t/*\n\t\t * update the transfer error masks to sticky bits, let\'s do this\n\t\t * irrespective of current ufshcd_state.\n\t\t */\n\t\thba->saved_err |= hba->errors;\n\t\thba->saved_uic_err |= hba->uic_error;\n\n\t\t/* dump controller state before resetting */\n\t\tif ((hba->saved_err &\n\t\t     (INT_FATAL_ERRORS | UFSHCD_UIC_HIBERN8_MASK)) ||\n\t\t    (hba->saved_uic_err &&\n\t\t     (hba->saved_uic_err != UFSHCD_UIC_PA_GENERIC_ERROR))) {\n\t\t\tdev_err(hba->dev, "%s: saved_err 0x%x saved_uic_err 0x%x\\n",\n\t\t\t\t\t__func__, hba->saved_err,\n\t\t\t\t\thba->saved_uic_err);\n\t\t\tufshcd_dump_regs(hba, 0, UFSHCI_REG_SPACE_SIZE,\n\t\t\t\t\t "host_regs: ");\n\t\t\tufshcd_print_pwr_info(hba);\n\t\t}\n\t\tufshcd_schedule_eh_work(hba);\n\t\tretval |= IRQ_HANDLED;\n\t}\n\t/*\n\t * if (!queue_eh_work) -\n\t * Other errors are either non-fatal where host recovers\n\t * itself without s/w intervention or errors that will be\n\t * handled by the SCSI core layer.\n\t */\n\thba->errors = 0;\n\thba->uic_error = 0;\n\tspin_unlock(hba->host->host_lock);\n\treturn retval;\n}\n\n/**\n * ufshcd_tmc_handler - handle task management function completion\n * @hba: per adapter instance\n *\n * Return:\n *  IRQ_HANDLED - If interrupt is valid\n *  IRQ_NONE    - If invalid interrupt\n */\nstatic irqreturn_t ufshcd_tmc_handler(struct ufs_hba *hba)\n{\n\tunsigned long flags, pending, issued;\n\tirqreturn_t ret = IRQ_NONE;\n\tint tag;\n\n\tspin_lock_irqsave(hba->host->host_lock, flags);\n\tpending = ufshcd_readl(hba, REG_UTP_TASK_REQ_DOOR_BELL);\n\tissued = hba->outstanding_tasks & ~pending;\n\tfor_each_set_bit(tag, &issued, hba->nutmrs) {\n\t\tstruct request *req = hba->tmf_rqs[tag];\n\t\tstruct completion *c = req->end_io_data;\n\n\t\tcomplete(c);\n\t\tret = IRQ_HANDLED;\n\t}\n\tspin_unlock_irqrestore(hba->host->host_lock, flags);\n\n\treturn ret;\n}\n\n/**\n * ufshcd_handle_mcq_cq_events - handle MCQ completion queue events\n * @hba: per adapter instance\n *\n * Return: IRQ_HANDLED if interrupt is handled.\n */\nstatic irqreturn_t ufshcd_handle_mcq_cq_events(struct ufs_hba *hba)\n{\n\tstruct ufs_hw_queue *hwq;\n\tunsigned long outstanding_cqs;\n\tunsigned int nr_queues;\n\tint i, ret;\n\tu32 events;\n\n\tret = ufshcd_vops_get_outstanding_cqs(hba, &outstanding_cqs);\n\tif (ret)\n\t\toutstanding_cqs = (1U << hba->nr_hw_queues) - 1;\n\n\t/* Exclude the poll queues */\n\tnr_queues = hba->nr_hw_queues - hba->nr_queues[HCTX_TYPE_POLL];\n\tfor_each_set_bit(i, &outstanding_cqs, nr_queues) {\n\t\thwq = &hba->uhq[i];\n\n\t\tevents = ufshcd_mcq_read_cqis(hba, i);\n\t\tif (events)\n\t\t\tufshcd_mcq_write_cqis(hba, events, i);\n\n\t\tif (events & UFSHCD_MCQ_CQIS_TAIL_ENT_PUSH_STS)\n\t\t\tufshcd_mcq_poll_cqe_lock(hba, hwq);\n\t}\n\n\treturn IRQ_HANDLED;\n}\n\n/**\n * ufshcd_sl_intr - Interrupt service routine\n * @hba: per adapter instance\n * @intr_status: contains interrupts generated by the controller\n *\n * Return:\n *  IRQ_HANDLED - If interrupt is valid\n *  IRQ_NONE    - If invalid interrupt\n */\nstatic irqreturn_t ufshcd_sl_intr(struct ufs_hba *hba, u32 intr_status)\n{\n\tirqreturn_t retval = IRQ_NONE;\n\n\tif (intr_status & UFSHCD_UIC_MASK)\n\t\tretval |= ufshcd_uic_cmd_compl(hba, intr_status);\n\n\tif (intr_status & UFSHCD_ERROR_MASK || hba->errors)\n\t\tretval |= ufshcd_check_errors(hba, intr_status);\n\n\tif (intr_status & UTP_TASK_REQ_COMPL)\n\t\tretval |= ufshcd_tmc_handler(hba);\n\n\tif (intr_status & UTP_TRANSFER_REQ_COMPL)\n\t\tretval |= ufshcd_transfer_req_compl(hba);\n\n\tif (intr_status & MCQ_CQ_EVENT_STATUS)\n\t\tretval |= ufshcd_handle_mcq_cq_events(hba);\n\n\treturn retval;\n}\n\n/**\n * ufshcd_intr - Main interrupt service routine\n * @irq: irq number\n * @__hba: pointer to adapter instance\n *\n * Return:\n *  IRQ_HANDLED - If interrupt is valid\n *  IRQ_NONE    - If invalid interrupt\n */\nstatic irqreturn_t ufshcd_intr(int irq, void *__hba)\n{\n\tu32 intr_status, enabled_intr_status = 0;\n\tirqreturn_t retval = IRQ_NONE;\n\tstruct ufs_hba *hba = __hba;\n\tint retries = hba->nutrs;\n\n\tintr_status = ufshcd_readl(hba, REG_INTERRUPT_STATUS);\n\thba->ufs_stats.last_intr_status = intr_status;\n\thba->ufs_stats.last_intr_ts = local_clock();\n\n\t/*\n\t * There could be max of hba->nutrs reqs in flight and in worst case\n\t * if the reqs get finished 1 by 1 after the interrupt status is\n\t * read, make sure we handle them by checking the interrupt status\n\t * again in a loop until we process all of the reqs before returning.\n\t */\n\twhile (intr_status && retries--) {\n\t\tenabled_intr_status =\n\t\t\tintr_status & ufshcd_readl(hba, REG_INTERRUPT_ENABLE);\n\t\tufshcd_writel(hba, intr_status, REG_INTERRUPT_STATUS);\n\t\tif (enabled_intr_status)\n\t\t\tretval |= ufshcd_sl_intr(hba, enabled_intr_status);\n\n\t\tintr_status = ufshcd_readl(hba, REG_INTERRUPT_STATUS);\n\t}\n\n\tif (enabled_intr_status && retval == IRQ_NONE &&\n\t    (!(enabled_intr_status & UTP_TRANSFER_REQ_COMPL) ||\n\t     hba->outstanding_reqs) && !ufshcd_eh_in_progress(hba)) {\n\t\tdev_err(hba->dev, "%s: Unhandled interrupt 0x%08x (0x%08x, 0x%08x)\\n",\n\t\t\t\t\t__func__,\n\t\t\t\t\tintr_status,\n\t\t\t\t\thba->ufs_stats.last_intr_status,\n\t\t\t\t\tenabled_intr_status);\n\t\tufshcd_dump_regs(hba, 0, UFSHCI_REG_SPACE_SIZE, "host_regs: ");\n\t}\n\n\treturn retval;\n}\n\nstatic int ufshcd_clear_tm_cmd(struct ufs_hba *hba, int tag)\n{\n\tint err = 0;\n\tu32 mask = 1 << tag;\n\tunsigned long flags;\n\n\tif (!test_bit(tag, &hba->outstanding_tasks))\n\t\tgoto out;\n\n\tspin_lock_irqsave(hba->host->host_lock, flags);\n\tufshcd_utmrl_clear(hba, tag);\n\tspin_unlock_irqrestore(hba->host->host_lock, flags);\n\n\t/* poll for max. 1 sec to clear door bell register by h/w */\n\terr = ufshcd_wait_for_register(hba,\n\t\t\tREG_UTP_TASK_REQ_DOOR_BELL,\n\t\t\tmask, 0, 1000, 1000);\n\n\tdev_err(hba->dev, "Clearing task management function with tag %d %s\\n",\n\t\ttag, err < 0 ? "failed" : "succeeded");\n\nout:\n\treturn err;\n}\n\nstatic int __ufshcd_issue_tm_cmd(struct ufs_hba *hba,\n\t\tstruct utp_task_req_desc *treq, u8 tm_function)\n{\n\tstruct request_queue *q = hba->tmf_queue;\n\tstruct Scsi_Host *host = hba->host;\n\tDECLARE_COMPLETION_ONSTACK(wait);\n\tstruct request *req;\n\tunsigned long flags;\n\tint task_tag, err;\n\n\t/*\n\t * blk_mq_alloc_request() is used here only to get a free tag.\n\t */\n\treq = blk_mq_alloc_request(q, REQ_OP_DRV_OUT, 0);\n\tif (IS_ERR(req))\n\t\treturn PTR_ERR(req);\n\n\treq->end_io_data = &wait;\n\tufshcd_hold(hba);\n\n\tspin_lock_irqsave(host->host_lock, flags);\n\n\ttask_tag = req->tag;\n\thba->tmf_rqs[req->tag] = req;\n\ttreq->upiu_req.req_header.task_tag = task_tag;\n\n\tmemcpy(hba->utmrdl_base_addr + task_tag, treq, sizeof(*treq));\n\tufshcd_vops_setup_task_mgmt(hba, task_tag, tm_function);\n\n\t/* send command to the controller */\n\t__set_bit(task_tag, &hba->outstanding_tasks);\n\tufshcd_writel(hba, 1 << task_tag, REG_UTP_TASK_REQ_DOOR_BELL);\n\n\tspin_unlock_irqrestore(host->host_lock, flags);\n\n\tufshcd_add_tm_upiu_trace(hba, task_tag, UFS_TM_SEND);\n\n\t/* wait until the task management command is completed */\n\terr = wait_for_completion_io_timeout(&wait,\n\t\t\tmsecs_to_jiffies(TM_CMD_TIMEOUT));\n\tif (!err) {\n\t\tufshcd_add_tm_upiu_trace(hba, task_tag, UFS_TM_ERR);\n\t\tdev_err(hba->dev, "%s: task management cmd 0x%.2x timed-out\\n",\n\t\t\t\t__func__, tm_function);\n\t\tif (ufshcd_clear_tm_cmd(hba, task_tag))\n\t\t\tdev_WARN(hba->dev, "%s: unable to clear tm cmd (slot %d) after timeout\\n",\n\t\t\t\t\t__func__, task_tag);\n\t\terr = -ETIMEDOUT;\n\t} else {\n\t\terr = 0;\n\t\tmemcpy(treq, hba->utmrdl_base_addr + task_tag, sizeof(*treq));\n\n\t\tufshcd_add_tm_upiu_trace(hba, task_tag, UFS_TM_COMP);\n\t}\n\n\tspin_lock_irqsave(hba->host->host_lock, flags);\n\thba->tmf_rqs[req->tag] = NULL;\n\t__clear_bit(task_tag, &hba->outstanding_tasks);\n\tspin_unlock_irqrestore(hba->host->host_lock, flags);\n\n\tufshcd_release(hba);\n\tblk_mq_free_request(req);\n\n\treturn err;\n}\n\n/**\n * ufshcd_issue_tm_cmd - issues task management commands to controller\n * @hba: per adapter instance\n * @lun_id: LUN ID to which TM command is sent\n * @task_id: task ID to which the TM command is applicable\n * @tm_function: task management function opcode\n * @tm_response: task management service response return value\n *\n * Return: non-zero value on error, zero on success.\n */\nstatic int ufshcd_issue_tm_cmd(struct ufs_hba *hba, int lun_id, int task_id,\n\t\tu8 tm_function, u8 *tm_response)\n{\n\tstruct utp_task_req_desc treq = { };\n\tenum utp_ocs ocs_value;\n\tint err;\n\n\t/* Configure task request descriptor */\n\ttreq.header.interrupt = 1;\n\ttreq.header.ocs = OCS_INVALID_COMMAND_STATUS;\n\n\t/* Configure task request UPIU */\n\ttreq.upiu_req.req_header.transaction_code = UPIU_TRANSACTION_TASK_REQ;\n\ttreq.upiu_req.req_header.lun = lun_id;\n\ttreq.upiu_req.req_header.tm_function = tm_function;\n\n\t/*\n\t * The host shall provide the same value for LUN field in the basic\n\t * header and for Input Parameter.\n\t */\n\ttreq.upiu_req.input_param1 = cpu_to_be32(lun_id);\n\ttreq.upiu_req.input_param2 = cpu_to_be32(task_id);\n\n\terr = __ufshcd_issue_tm_cmd(hba, &treq, tm_function);\n\tif (err == -ETIMEDOUT)\n\t\treturn err;\n\n\tocs_value = treq.header.ocs & MASK_OCS;\n\tif (ocs_value != OCS_SUCCESS)\n\t\tdev_err(hba->dev, "%s: failed, ocs = 0x%x\\n",\n\t\t\t\t__func__, ocs_value);\n\telse if (tm_response)\n\t\t*tm_response = be32_to_cpu(treq.upiu_rsp.output_param1) &\n\t\t\t\tMASK_TM_SERVICE_RESP;\n\treturn err;\n}\n\n/**\n * ufshcd_issue_devman_upiu_cmd - API for sending "utrd" type requests\n * @hba:\tper-adapter instance\n * @req_upiu:\tupiu request\n * @rsp_upiu:\tupiu reply\n * @desc_buff:\tpointer to descriptor buffer, NULL if NA\n * @buff_len:\tdescriptor size, 0 if NA\n * @cmd_type:\tspecifies the type (NOP, Query...)\n * @desc_op:\tdescriptor operation\n *\n * Those type of requests uses UTP Transfer Request Descriptor - utrd.\n * Therefore, it "rides" the device management infrastructure: uses its tag and\n * tasks work queues.\n *\n * Since there is only one available tag for device management commands,\n * the caller is expected to hold the hba->dev_cmd.lock mutex.\n *\n * Return: 0 upon success; < 0 upon failure.\n */\nstatic int ufshcd_issue_devman_upiu_cmd(struct ufs_hba *hba,\n\t\t\t\t\tstruct utp_upiu_req *req_upiu,\n\t\t\t\t\tstruct utp_upiu_req *rsp_upiu,\n\t\t\t\t\tu8 *desc_buff, int *buff_len,\n\t\t\t\t\tenum dev_cmd_type cmd_type,\n\t\t\t\t\tenum query_opcode desc_op)\n{\n\tconst u32 tag = hba->reserved_slot;\n\tstruct ufshcd_lrb *lrbp = &hba->lrb[tag];\n\tint err = 0;\n\tu8 upiu_flags;\n\n\t/* Protects use of hba->reserved_slot. */\n\tlockdep_assert_held(&hba->dev_cmd.lock);\n\n\tufshcd_setup_dev_cmd(hba, lrbp, cmd_type, 0, tag);\n\n\tufshcd_prepare_req_desc_hdr(hba, lrbp, &upiu_flags, DMA_NONE, 0);\n\n\t/* update the task tag in the request upiu */\n\treq_upiu->header.task_tag = tag;\n\n\t/* just copy the upiu request as it is */\n\tmemcpy(lrbp->ucd_req_ptr, req_upiu, sizeof(*lrbp->ucd_req_ptr));\n\tif (desc_buff && desc_op == UPIU_QUERY_OPCODE_WRITE_DESC) {\n\t\t/* The Data Segment Area is optional depending upon the query\n\t\t * function value. for WRITE DESCRIPTOR, the data segment\n\t\t * follows right after the tsf.\n\t\t */\n\t\tmemcpy(lrbp->ucd_req_ptr + 1, desc_buff, *buff_len);\n\t\t*buff_len = 0;\n\t}\n\n\tmemset(lrbp->ucd_rsp_ptr, 0, sizeof(struct utp_upiu_rsp));\n\n\t/*\n\t * ignore the returning value here - ufshcd_check_query_response is\n\t * bound to fail since dev_cmd.query and dev_cmd.type were left empty.\n\t * read the response directly ignoring all errors.\n\t */\n\tufshcd_issue_dev_cmd(hba, lrbp, tag, QUERY_REQ_TIMEOUT);\n\n\t/* just copy the upiu response as it is */\n\tmemcpy(rsp_upiu, lrbp->ucd_rsp_ptr, sizeof(*rsp_upiu));\n\tif (desc_buff && desc_op == UPIU_QUERY_OPCODE_READ_DESC) {\n\t\tu8 *descp = (u8 *)lrbp->ucd_rsp_ptr + sizeof(*rsp_upiu);\n\t\tu16 resp_len = be16_to_cpu(lrbp->ucd_rsp_ptr->header\n\t\t\t\t\t   .data_segment_length);\n\n\t\tif (*buff_len >= resp_len) {\n\t\t\tmemcpy(desc_buff, descp, resp_len);\n\t\t\t*buff_len = resp_len;\n\t\t} else {\n\t\t\tdev_warn(hba->dev,\n\t\t\t\t "%s: rsp size %d is bigger than buffer size %d",\n\t\t\t\t __func__, resp_len, *buff_len);\n\t\t\t*buff_len = 0;\n\t\t\terr = -EINVAL;\n\t\t}\n\t}\n\tufshcd_add_query_upiu_trace(hba, err ? UFS_QUERY_ERR : UFS_QUERY_COMP,\n\t\t\t\t    (struct utp_upiu_req *)lrbp->ucd_rsp_ptr);\n\n\treturn err;\n}\n\n/**\n * ufshcd_exec_raw_upiu_cmd - API function for sending raw upiu commands\n * @hba:\tper-adapter instance\n * @req_upiu:\tupiu request\n * @rsp_upiu:\tupiu reply - only 8 DW as we do not support scsi commands\n * @msgcode:\tmessage code, one of UPIU Transaction Codes Initiator to Target\n * @desc_buff:\tpointer to descriptor buffer, NULL if NA\n * @buff_len:\tdescriptor size, 0 if NA\n * @desc_op:\tdescriptor operation\n *\n * Supports UTP Transfer requests (nop and query), and UTP Task\n * Management requests.\n * It is up to the caller to fill the upiu conent properly, as it will\n * be copied without any further input validations.\n *\n * Return: 0 upon success; < 0 upon failure.\n */\nint ufshcd_exec_raw_upiu_cmd(struct ufs_hba *hba,\n\t\t\t     struct utp_upiu_req *req_upiu,\n\t\t\t     struct utp_upiu_req *rsp_upiu,\n\t\t\t     enum upiu_request_transaction msgcode,\n\t\t\t     u8 *desc_buff, int *buff_len,\n\t\t\t     enum query_opcode desc_op)\n{\n\tint err;\n\tenum dev_cmd_type cmd_type = DEV_CMD_TYPE_QUERY;\n\tstruct utp_task_req_desc treq = { };\n\tenum utp_ocs ocs_value;\n\tu8 tm_f = req_upiu->header.tm_function;\n\n\tswitch (msgcode) {\n\tcase UPIU_TRANSACTION_NOP_OUT:\n\t\tcmd_type = DEV_CMD_TYPE_NOP;\n\t\tfallthrough;\n\tcase UPIU_TRANSACTION_QUERY_REQ:\n\t\tufshcd_dev_man_lock(hba);\n\t\terr = ufshcd_issue_devman_upiu_cmd(hba, req_upiu, rsp_upiu,\n\t\t\t\t\t\t   desc_buff, buff_len,\n\t\t\t\t\t\t   cmd_type, desc_op);\n\t\tufshcd_dev_man_unlock(hba);\n\n\t\tbreak;\n\tcase UPIU_TRANSACTION_TASK_REQ:\n\t\ttreq.header.interrupt = 1;\n\t\ttreq.header.ocs = OCS_INVALID_COMMAND_STATUS;\n\n\t\tmemcpy(&treq.upiu_req, req_upiu, sizeof(*req_upiu));\n\n\t\terr = __ufshcd_issue_tm_cmd(hba, &treq, tm_f);\n\t\tif (err == -ETIMEDOUT)\n\t\t\tbreak;\n\n\t\tocs_value = treq.header.ocs & MASK_OCS;\n\t\tif (ocs_value != OCS_SUCCESS) {\n\t\t\tdev_err(hba->dev, "%s: failed, ocs = 0x%x\\n", __func__,\n\t\t\t\tocs_value);\n\t\t\tbreak;\n\t\t}\n\n\t\tmemcpy(rsp_upiu, &treq.upiu_rsp, sizeof(*rsp_upiu));\n\n\t\tbreak;\n\tdefault:\n\t\terr = -EINVAL;\n\n\t\tbreak;\n\t}\n\n\treturn err;\n}\n\n/**\n * ufshcd_advanced_rpmb_req_handler - handle advanced RPMB request\n * @hba:\tper adapter instance\n * @req_upiu:\tupiu request\n * @rsp_upiu:\tupiu reply\n * @req_ehs:\tEHS field which contains Advanced RPMB Request Message\n * @rsp_ehs:\tEHS field which returns Advanced RPMB Response Message\n * @sg_cnt:\tThe number of sg lists actually used\n * @sg_list:\tPointer to SG list when DATA IN/OUT UPIU is required in ARPMB operation\n * @dir:\tDMA direction\n *\n * Return: zero on success, non-zero on failure.\n */\nint ufshcd_advanced_rpmb_req_handler(struct ufs_hba *hba, struct utp_upiu_req *req_upiu,\n\t\t\t struct utp_upiu_req *rsp_upiu, struct ufs_ehs *req_ehs,\n\t\t\t struct ufs_ehs *rsp_ehs, int sg_cnt, struct scatterlist *sg_list,\n\t\t\t enum dma_data_direction dir)\n{\n\tconst u32 tag = hba->reserved_slot;\n\tstruct ufshcd_lrb *lrbp = &hba->lrb[tag];\n\tint err = 0;\n\tint result;\n\tu8 upiu_flags;\n\tu8 *ehs_data;\n\tu16 ehs_len;\n\tint ehs = (hba->capabilities & MASK_EHSLUTRD_SUPPORTED) ? 2 : 0;\n\n\t/* Protects use of hba->reserved_slot. */\n\tufshcd_dev_man_lock(hba);\n\n\tufshcd_setup_dev_cmd(hba, lrbp, DEV_CMD_TYPE_RPMB, UFS_UPIU_RPMB_WLUN, tag);\n\n\tufshcd_prepare_req_desc_hdr(hba, lrbp, &upiu_flags, DMA_NONE, ehs);\n\n\t/* update the task tag */\n\treq_upiu->header.task_tag = tag;\n\n\t/* copy the UPIU(contains CDB) request as it is */\n\tmemcpy(lrbp->ucd_req_ptr, req_upiu, sizeof(*lrbp->ucd_req_ptr));\n\t/* Copy EHS, starting with byte32, immediately after the CDB package */\n\tmemcpy(lrbp->ucd_req_ptr + 1, req_ehs, sizeof(*req_ehs));\n\n\tif (dir != DMA_NONE && sg_list)\n\t\tufshcd_sgl_to_prdt(hba, lrbp, sg_cnt, sg_list);\n\n\tmemset(lrbp->ucd_rsp_ptr, 0, sizeof(struct utp_upiu_rsp));\n\n\terr = ufshcd_issue_dev_cmd(hba, lrbp, tag, ADVANCED_RPMB_REQ_TIMEOUT);\n\n\tif (!err) {\n\t\t/* Just copy the upiu response as it is */\n\t\tmemcpy(rsp_upiu, lrbp->ucd_rsp_ptr, sizeof(*rsp_upiu));\n\t\t/* Get the response UPIU result */\n\t\tresult = (lrbp->ucd_rsp_ptr->header.response << 8) |\n\t\t\tlrbp->ucd_rsp_ptr->header.status;\n\n\t\tehs_len = lrbp->ucd_rsp_ptr->header.ehs_length;\n\t\t/*\n\t\t * Since the bLength in EHS indicates the total size of the EHS Header and EHS Data\n\t\t * in 32 Byte units, the value of the bLength Request/Response for Advanced RPMB\n\t\t * Message is 02h\n\t\t */\n\t\tif (ehs_len == 2 && rsp_ehs) {\n\t\t\t/*\n\t\t\t * ucd_rsp_ptr points to a buffer with a length of 512 bytes\n\t\t\t * (ALIGNED_UPIU_SIZE = 512), and the EHS data just starts from byte32\n\t\t\t */\n\t\t\tehs_data = (u8 *)lrbp->ucd_rsp_ptr + EHS_OFFSET_IN_RESPONSE;\n\t\t\tmemcpy(rsp_ehs, ehs_data, ehs_len * 32);\n\t\t}\n\t}\n\n\tufshcd_dev_man_unlock(hba);\n\n\treturn err ? : result;\n}\n\n/**\n * ufshcd_eh_device_reset_handler() - Reset a single logical unit.\n * @cmd: SCSI command pointer\n *\n * Return: SUCCESS or FAILED.\n */\nstatic int ufshcd_eh_device_reset_handler(struct scsi_cmnd *cmd)\n{\n\tunsigned long flags, pending_reqs = 0, not_cleared = 0;\n\tstruct Scsi_Host *host;\n\tstruct ufs_hba *hba;\n\tstruct ufs_hw_queue *hwq;\n\tstruct ufshcd_lrb *lrbp;\n\tu32 pos, not_cleared_mask = 0;\n\tint err;\n\tu8 resp = 0xF, lun;\n\n\thost = cmd->device->host;\n\thba = shost_priv(host);\n\n\tlun = ufshcd_scsi_to_upiu_lun(cmd->device->lun);\n\terr = ufshcd_issue_tm_cmd(hba, lun, 0, UFS_LOGICAL_RESET, &resp);\n\tif (err || resp != UPIU_TASK_MANAGEMENT_FUNC_COMPL) {\n\t\tif (!err)\n\t\t\terr = resp;\n\t\tgoto out;\n\t}\n\n\tif (hba->mcq_enabled) {\n\t\tfor (pos = 0; pos < hba->nutrs; pos++) {\n\t\t\tlrbp = &hba->lrb[pos];\n\t\t\tif (ufshcd_cmd_inflight(lrbp->cmd) &&\n\t\t\t    lrbp->lun == lun) {\n\t\t\t\tufshcd_clear_cmd(hba, pos);\n\t\t\t\thwq = ufshcd_mcq_req_to_hwq(hba, scsi_cmd_to_rq(lrbp->cmd));\n\t\t\t\tufshcd_mcq_poll_cqe_lock(hba, hwq);\n\t\t\t}\n\t\t}\n\t\terr = 0;\n\t\tgoto out;\n\t}\n\n\t/* clear the commands that were pending for corresponding LUN */\n\tspin_lock_irqsave(&hba->outstanding_lock, flags);\n\tfor_each_set_bit(pos, &hba->outstanding_reqs, hba->nutrs)\n\t\tif (hba->lrb[pos].lun == lun)\n\t\t\t__set_bit(pos, &pending_reqs);\n\thba->outstanding_reqs &= ~pending_reqs;\n\tspin_unlock_irqrestore(&hba->outstanding_lock, flags);\n\n\tfor_each_set_bit(pos, &pending_reqs, hba->nutrs) {\n\t\tif (ufshcd_clear_cmd(hba, pos) < 0) {\n\t\t\tspin_lock_irqsave(&hba->outstanding_lock, flags);\n\t\t\tnot_cleared = 1U << pos &\n\t\t\t\tufshcd_readl(hba, REG_UTP_TRANSFER_REQ_DOOR_BELL);\n\t\t\thba->outstanding_reqs |= not_cleared;\n\t\t\tnot_cleared_mask |= not_cleared;\n\t\t\tspin_unlock_irqrestore(&hba->outstanding_lock, flags);\n\n\t\t\tdev_err(hba->dev, "%s: failed to clear request %d\\n",\n\t\t\t\t__func__, pos);\n\t\t}\n\t}\n\t__ufshcd_transfer_req_compl(hba, pending_reqs & ~not_cleared_mask);\n\nout:\n\thba->req_abort_count = 0;\n\tufshcd_update_evt_hist(hba, UFS_EVT_DEV_RESET, (u32)err);\n\tif (!err) {\n\t\terr = SUCCESS;\n\t} else {\n\t\tdev_err(hba->dev, "%s: failed with err %d\\n", __func__, err);\n\t\terr = FAILED;\n\t}\n\treturn err;\n}\n\nstatic void ufshcd_set_req_abort_skip(struct ufs_hba *hba, unsigned long bitmap)\n{\n\tstruct ufshcd_lrb *lrbp;\n\tint tag;\n\n\tfor_each_set_bit(tag, &bitmap, hba->nutrs) {\n\t\tlrbp = &hba->lrb[tag];\n\t\tlrbp->req_abort_skip = true;\n\t}\n}\n\n/**\n * ufshcd_try_to_abort_task - abort a specific task\n * @hba: Pointer to adapter instance\n * @tag: Task tag/index to be aborted\n *\n * Abort the pending command in device by sending UFS_ABORT_TASK task management\n * command, and in host controller by clearing the door-bell register. There can\n * be race between controller sending the command to the device while abort is\n * issued. To avoid that, first issue UFS_QUERY_TASK to check if the command is\n * really issued and then try to abort it.\n *\n * Return: zero on success, non-zero on failure.\n */\nint ufshcd_try_to_abort_task(struct ufs_hba *hba, int tag)\n{\n\tstruct ufshcd_lrb *lrbp = &hba->lrb[tag];\n\tint err = 0;\n\tint poll_cnt;\n\tu8 resp = 0xF;\n\tu32 reg;\n\n\tfor (poll_cnt = 100; poll_cnt; poll_cnt--) {\n\t\terr = ufshcd_issue_tm_cmd(hba, lrbp->lun, lrbp->task_tag,\n\t\t\t\tUFS_QUERY_TASK, &resp);\n\t\tif (!err && resp == UPIU_TASK_MANAGEMENT_FUNC_SUCCEEDED) {\n\t\t\t/* cmd pending in the device */\n\t\t\tdev_err(hba->dev, "%s: cmd pending in the device. tag = %d\\n",\n\t\t\t\t__func__, tag);\n\t\t\tbreak;\n\t\t} else if (!err && resp == UPIU_TASK_MANAGEMENT_FUNC_COMPL) {\n\t\t\t/*\n\t\t\t * cmd not pending in the device, check if it is\n\t\t\t * in transition.\n\t\t\t */\n\t\t\tdev_err(hba->dev, "%s: cmd at tag %d not pending in the device.\\n",\n\t\t\t\t__func__, tag);\n\t\t\tif (hba->mcq_enabled) {\n\t\t\t\t/* MCQ mode */\n\t\t\t\tif (ufshcd_cmd_inflight(lrbp->cmd)) {\n\t\t\t\t\t/* sleep for max. 200us same delay as in SDB mode */\n\t\t\t\t\tusleep_range(100, 200);\n\t\t\t\t\tcontinue;\n\t\t\t\t}\n\t\t\t\t/* command completed already */\n\t\t\t\tdev_err(hba->dev, "%s: cmd at tag=%d is cleared.\\n",\n\t\t\t\t\t__func__, tag);\n\t\t\t\tgoto out;\n\t\t\t}\n\n\t\t\t/* Single Doorbell Mode */\n\t\t\treg = ufshcd_readl(hba, REG_UTP_TRANSFER_REQ_DOOR_BELL);\n\t\t\tif (reg & (1 << tag)) {\n\t\t\t\t/* sleep for max. 200us to stabilize */\n\t\t\t\tusleep_range(100, 200);\n\t\t\t\tcontinue;\n\t\t\t}\n\t\t\t/* command completed already */\n\t\t\tdev_err(hba->dev, "%s: cmd at tag %d successfully cleared from DB.\\n",\n\t\t\t\t__func__, tag);\n\t\t\tgoto out;\n\t\t} else {\n\t\t\tdev_err(hba->dev,\n\t\t\t\t"%s: no response from device. tag = %d, err %d\\n",\n\t\t\t\t__func__, tag, err);\n\t\t\tif (!err)\n\t\t\t\terr = resp; /* service response error */\n\t\t\tgoto out;\n\t\t}\n\t}\n\n\tif (!poll_cnt) {\n\t\terr = -EBUSY;\n\t\tgoto out;\n\t}\n\n\terr = ufshcd_issue_tm_cmd(hba, lrbp->lun, lrbp->task_tag,\n\t\t\tUFS_ABORT_TASK, &resp);\n\tif (err || resp != UPIU_TASK_MANAGEMENT_FUNC_COMPL) {\n\t\tif (!err) {\n\t\t\terr = resp; /* service response error */\n\t\t\tdev_err(hba->dev, "%s: issued. tag = %d, err %d\\n",\n\t\t\t\t__func__, tag, err);\n\t\t}\n\t\tgoto out;\n\t}\n\n\terr = ufshcd_clear_cmd(hba, tag);\n\tif (err)\n\t\tdev_err(hba->dev, "%s: Failed clearing cmd at tag %d, err %d\\n",\n\t\t\t__func__, tag, err);\n\nout:\n\treturn err;\n}\n\n/**\n * ufshcd_abort - scsi host template eh_abort_handler callback\n * @cmd: SCSI command pointer\n *\n * Return: SUCCESS or FAILED.\n */\nstatic int ufshcd_abort(struct scsi_cmnd *cmd)\n{\n\tstruct Scsi_Host *host = cmd->device->host;\n\tstruct ufs_hba *hba = shost_priv(host);\n\tint tag = scsi_cmd_to_rq(cmd)->tag;\n\tstruct ufshcd_lrb *lrbp = &hba->lrb[tag];\n\tunsigned long flags;\n\tint err = FAILED;\n\tbool outstanding;\n\tu32 reg;\n\n\tufshcd_hold(hba);\n\n\tif (!hba->mcq_enabled) {\n\t\treg = ufshcd_readl(hba, REG_UTP_TRANSFER_REQ_DOOR_BELL);\n\t\tif (!test_bit(tag, &hba->outstanding_reqs)) {\n\t\t\t/* If command is already aborted/completed, return FAILED. */\n\t\t\tdev_err(hba->dev,\n\t\t\t\t"%s: cmd at tag %d already completed, outstanding=0x%lx, doorbell=0x%x\\n",\n\t\t\t\t__func__, tag, hba->outstanding_reqs, reg);\n\t\t\tgoto release;\n\t\t}\n\t}\n\n\t/* Print Transfer Request of aborted task */\n\tdev_info(hba->dev, "%s: Device abort task at tag %d\\n", __func__, tag);\n\n\t/*\n\t * Print detailed info about aborted request.\n\t * As more than one request might get aborted at the same time,\n\t * print full information only for the first aborted request in order\n\t * to reduce repeated printouts. For other aborted requests only print\n\t * basic details.\n\t */\n\tscsi_print_command(cmd);\n\tif (!hba->req_abort_count) {\n\t\tufshcd_update_evt_hist(hba, UFS_EVT_ABORT, tag);\n\t\tufshcd_print_evt_hist(hba);\n\t\tufshcd_print_host_state(hba);\n\t\tufshcd_print_pwr_info(hba);\n\t\tufshcd_print_tr(hba, tag, true);\n\t} else {\n\t\tufshcd_print_tr(hba, tag, false);\n\t}\n\thba->req_abort_count++;\n\n\tif (!hba->mcq_enabled && !(reg & (1 << tag))) {\n\t\t/* only execute this code in single doorbell mode */\n\t\tdev_err(hba->dev,\n\t\t"%s: cmd was completed, but without a notifying intr, tag = %d",\n\t\t__func__, tag);\n\t\t__ufshcd_transfer_req_compl(hba, 1UL << tag);\n\t\tgoto release;\n\t}\n\n\t/*\n\t * Task abort to the device W-LUN is illegal. When this command\n\t * will fail, due to spec violation, scsi err handling next step\n\t * will be to send LU reset which, again, is a spec violation.\n\t * To avoid these unnecessary/illegal steps, first we clean up\n\t * the lrb taken by this cmd and re-set it in outstanding_reqs,\n\t * then queue the eh_work and bail.\n\t */\n\tif (lrbp->lun == UFS_UPIU_UFS_DEVICE_WLUN) {\n\t\tufshcd_update_evt_hist(hba, UFS_EVT_ABORT, lrbp->lun);\n\n\t\tspin_lock_irqsave(host->host_lock, flags);\n\t\thba->force_reset = true;\n\t\tufshcd_schedule_eh_work(hba);\n\t\tspin_unlock_irqrestore(host->host_lock, flags);\n\t\tgoto release;\n\t}\n\n\tif (hba->mcq_enabled) {\n\t\t/* MCQ mode. Branch off to handle abort for mcq mode */\n\t\terr = ufshcd_mcq_abort(cmd);\n\t\tgoto release;\n\t}\n\n\t/* Skip task abort in case previous aborts failed and report failure */\n\tif (lrbp->req_abort_skip) {\n\t\tdev_err(hba->dev, "%s: skipping abort\\n", __func__);\n\t\tufshcd_set_req_abort_skip(hba, hba->outstanding_reqs);\n\t\tgoto release;\n\t}\n\n\terr = ufshcd_try_to_abort_task(hba, tag);\n\tif (err) {\n\t\tdev_err(hba->dev, "%s: failed with err %d\\n", __func__, err);\n\t\tufshcd_set_req_abort_skip(hba, hba->outstanding_reqs);\n\t\terr = FAILED;\n\t\tgoto release;\n\t}\n\n\t/*\n\t * Clear the corresponding bit from outstanding_reqs since the command\n\t * has been aborted successfully.\n\t */\n\tspin_lock_irqsave(&hba->outstanding_lock, flags);\n\toutstanding = __test_and_clear_bit(tag, &hba->outstanding_reqs);\n\tspin_unlock_irqrestore(&hba->outstanding_lock, flags);\n\n\tif (outstanding)\n\t\tufshcd_release_scsi_cmd(hba, lrbp);\n\n\terr = SUCCESS;\n\nrelease:\n\t/* Matches the ufshcd_hold() call at the start of this function. */\n\tufshcd_release(hba);\n\treturn err;\n}\n\n/**\n * ufshcd_host_reset_and_restore - reset and restore host controller\n * @hba: per-adapter instance\n *\n * Note that host controller reset may issue DME_RESET to\n * local and remote (device) Uni-Pro stack and the attributes\n * are reset to default state.\n *\n * Return: zero on success, non-zero on failure.\n */\nstatic int ufshcd_host_reset_and_restore(struct ufs_hba *hba)\n{\n\tint err;\n\n\t/*\n\t * Stop the host controller and complete the requests\n\t * cleared by h/w\n\t */\n\tufshcd_hba_stop(hba);\n\thba->silence_err_logs = true;\n\tufshcd_complete_requests(hba, true);\n\thba->silence_err_logs = false;\n\n\t/* scale up clocks to max frequency before full reinitialization */\n\tufshcd_scale_clks(hba, ULONG_MAX, true);\n\n\terr = ufshcd_hba_enable(hba);\n\n\t/* Establish the link again and restore the device */\n\tif (!err)\n\t\terr = ufshcd_probe_hba(hba, false);\n\n\tif (err)\n\t\tdev_err(hba->dev, "%s: Host init failed %d\\n", __func__, err);\n\tufshcd_update_evt_hist(hba, UFS_EVT_HOST_RESET, (u32)err);\n\treturn err;\n}\n\n/**\n * ufshcd_reset_and_restore - reset and re-initialize host/device\n * @hba: per-adapter instance\n *\n * Reset and recover device, host and re-establish link. This\n * is helpful to recover the communication in fatal error conditions.\n *\n * Return: zero on success, non-zero on failure.\n */\nstatic int ufshcd_reset_and_restore(struct ufs_hba *hba)\n{\n\tu32 saved_err = 0;\n\tu32 saved_uic_err = 0;\n\tint err = 0;\n\tunsigned long flags;\n\tint retries = MAX_HOST_RESET_RETRIES;\n\n\tspin_lock_irqsave(hba->host->host_lock, flags);\n\tdo {\n\t\t/*\n\t\t * This is a fresh start, cache and clear saved error first,\n\t\t * in case new error generated during reset and restore.\n\t\t */\n\t\tsaved_err |= hba->saved_err;\n\t\tsaved_uic_err |= hba->saved_uic_err;\n\t\thba->saved_err = 0;\n\t\thba->saved_uic_err = 0;\n\t\thba->force_reset = false;\n\t\thba->ufshcd_state = UFSHCD_STATE_RESET;\n\t\tspin_unlock_irqrestore(hba->host->host_lock, flags);\n\n\t\t/* Reset the attached device */\n\t\tufshcd_device_reset(hba);\n\n\t\terr = ufshcd_host_reset_and_restore(hba);\n\n\t\tspin_lock_irqsave(hba->host->host_lock, flags);\n\t\tif (err)\n\t\t\tcontinue;\n\t\t/* Do not exit unless operational or dead */\n\t\tif (hba->ufshcd_state != UFSHCD_STATE_OPERATIONAL &&\n\t\t    hba->ufshcd_state != UFSHCD_STATE_ERROR &&\n\t\t    hba->ufshcd_state != UFSHCD_STATE_EH_SCHEDULED_NON_FATAL)\n\t\t\terr = -EAGAIN;\n\t} while (err && --retries);\n\n\t/*\n\t * Inform scsi mid-layer that we did reset and allow to handle\n\t * Unit Attention properly.\n\t */\n\tscsi_report_bus_reset(hba->host, 0);\n\tif (err) {\n\t\thba->ufshcd_state = UFSHCD_STATE_ERROR;\n\t\thba->saved_err |= saved_err;\n\t\thba->saved_uic_err |= saved_uic_err;\n\t}\n\tspin_unlock_irqrestore(hba->host->host_lock, flags);\n\n\treturn err;\n}\n\n/**\n * ufshcd_eh_host_reset_handler - host reset handler registered to scsi layer\n * @cmd: SCSI command pointer\n *\n * Return: SUCCESS or FAILED.\n */\nstatic int ufshcd_eh_host_reset_handler(struct scsi_cmnd *cmd)\n{\n\tint err = SUCCESS;\n\tunsigned long flags;\n\tstruct ufs_hba *hba;\n\n\thba = shost_priv(cmd->device->host);\n\n\t/*\n\t * If runtime PM sent SSU and got a timeout, scsi_error_handler is\n\t * stuck in this function waiting for flush_work(&hba->eh_work). And\n\t * ufshcd_err_handler(eh_work) is stuck waiting for runtime PM. Do\n\t * ufshcd_link_recovery instead of eh_work to prevent deadlock.\n\t */\n\tif (hba->pm_op_in_progress) {\n\t\tif (ufshcd_link_recovery(hba))\n\t\t\terr = FAILED;\n\n\t\treturn err;\n\t}\n\n\tspin_lock_irqsave(hba->host->host_lock, flags);\n\thba->force_reset = true;\n\tufshcd_schedule_eh_work(hba);\n\tdev_err(hba->dev, "%s: reset in progress - 1\\n", __func__);\n\tspin_unlock_irqrestore(hba->host->host_lock, flags);\n\n\tflush_work(&hba->eh_work);\n\n\tspin_lock_irqsave(hba->host->host_lock, flags);\n\tif (hba->ufshcd_state == UFSHCD_STATE_ERROR)\n\t\terr = FAILED;\n\tspin_unlock_irqrestore(hba->host->host_lock, flags);\n\n\treturn err;\n}\n\n/**\n * ufshcd_get_max_icc_level - calculate the ICC level\n * @sup_curr_uA: max. current supported by the regulator\n * @start_scan: row at the desc table to start scan from\n * @buff: power descriptor buffer\n *\n * Return: calculated max ICC level for specific regulator.\n */\nstatic u32 ufshcd_get_max_icc_level(int sup_curr_uA, u32 start_scan,\n\t\t\t\t    const char *buff)\n{\n\tint i;\n\tint curr_uA;\n\tu16 data;\n\tu16 unit;\n\n\tfor (i = start_scan; i >= 0; i--) {\n\t\tdata = get_unaligned_be16(&buff[2 * i]);\n\t\tunit = (data & ATTR_ICC_LVL_UNIT_MASK) >>\n\t\t\t\t\t\tATTR_ICC_LVL_UNIT_OFFSET;\n\t\tcurr_uA = data & ATTR_ICC_LVL_VALUE_MASK;\n\t\tswitch (unit) {\n\t\tcase UFSHCD_NANO_AMP:\n\t\t\tcurr_uA = curr_uA / 1000;\n\t\t\tbreak;\n\t\tcase UFSHCD_MILI_AMP:\n\t\t\tcurr_uA = curr_uA * 1000;\n\t\t\tbreak;\n\t\tcase UFSHCD_AMP:\n\t\t\tcurr_uA = curr_uA * 1000 * 1000;\n\t\t\tbreak;\n\t\tcase UFSHCD_MICRO_AMP:\n\t\tdefault:\n\t\t\tbreak;\n\t\t}\n\t\tif (sup_curr_uA >= curr_uA)\n\t\t\tbreak;\n\t}\n\tif (i < 0) {\n\t\ti = 0;\n\t\tpr_err("%s: Couldn\'t find valid icc_level = %d", __func__, i);\n\t}\n\n\treturn (u32)i;\n}\n\n/**\n * ufshcd_find_max_sup_active_icc_level - calculate the max ICC level\n * In case regulators are not initialized we\'ll return 0\n * @hba: per-adapter instance\n * @desc_buf: power descriptor buffer to extract ICC levels from.\n *\n * Return: calculated ICC level.\n */\nstatic u32 ufshcd_find_max_sup_active_icc_level(struct ufs_hba *hba,\n\t\t\t\t\t\tconst u8 *desc_buf)\n{\n\tu32 icc_level = 0;\n\n\tif (!hba->vreg_info.vcc || !hba->vreg_info.vccq ||\n\t\t\t\t\t\t!hba->vreg_info.vccq2) {\n\t\t/*\n\t\t * Using dev_dbg to avoid messages during runtime PM to avoid\n\t\t * never-ending cycles of messages written back to storage by\n\t\t * user space causing runtime resume, causing more messages and\n\t\t * so on.\n\t\t */\n\t\tdev_dbg(hba->dev,\n\t\t\t"%s: Regulator capability was not set, actvIccLevel=%d",\n\t\t\t\t\t\t\t__func__, icc_level);\n\t\tgoto out;\n\t}\n\n\tif (hba->vreg_info.vcc->max_uA)\n\t\ticc_level = ufshcd_get_max_icc_level(\n\t\t\t\thba->vreg_info.vcc->max_uA,\n\t\t\t\tPOWER_DESC_MAX_ACTV_ICC_LVLS - 1,\n\t\t\t\t&desc_buf[PWR_DESC_ACTIVE_LVLS_VCC_0]);\n\n\tif (hba->vreg_info.vccq->max_uA)\n\t\ticc_level = ufshcd_get_max_icc_level(\n\t\t\t\thba->vreg_info.vccq->max_uA,\n\t\t\t\ticc_level,\n\t\t\t\t&desc_buf[PWR_DESC_ACTIVE_LVLS_VCCQ_0]);\n\n\tif (hba->vreg_info.vccq2->max_uA)\n\t\ticc_level = ufshcd_get_max_icc_level(\n\t\t\t\thba->vreg_info.vccq2->max_uA,\n\t\t\t\ticc_level,\n\t\t\t\t&desc_buf[PWR_DESC_ACTIVE_LVLS_VCCQ2_0]);\nout:\n\treturn icc_level;\n}\n\nstatic void ufshcd_set_active_icc_lvl(struct ufs_hba *hba)\n{\n\tint ret;\n\tu8 *desc_buf;\n\tu32 icc_level;\n\n\tdesc_buf = kzalloc(QUERY_DESC_MAX_SIZE, GFP_KERNEL);\n\tif (!desc_buf)\n\t\treturn;\n\n\tret = ufshcd_read_desc_param(hba, QUERY_DESC_IDN_POWER, 0, 0,\n\t\t\t\t     desc_buf, QUERY_DESC_MAX_SIZE);\n\tif (ret) {\n\t\tdev_err(hba->dev,\n\t\t\t"%s: Failed reading power descriptor ret = %d",\n\t\t\t__func__, ret);\n\t\tgoto out;\n\t}\n\n\ticc_level = ufshcd_find_max_sup_active_icc_level(hba, desc_buf);\n\tdev_dbg(hba->dev, "%s: setting icc_level 0x%x", __func__, icc_level);\n\n\tret = ufshcd_query_attr_retry(hba, UPIU_QUERY_OPCODE_WRITE_ATTR,\n\t\tQUERY_ATTR_IDN_ACTIVE_ICC_LVL, 0, 0, &icc_level);\n\n\tif (ret)\n\t\tdev_err(hba->dev,\n\t\t\t"%s: Failed configuring bActiveICCLevel = %d ret = %d",\n\t\t\t__func__, icc_level, ret);\n\nout:\n\tkfree(desc_buf);\n}\n\nstatic inline void ufshcd_blk_pm_runtime_init(struct scsi_device *sdev)\n{\n\tstruct Scsi_Host *shost = sdev->host;\n\n\tscsi_autopm_get_device(sdev);\n\tblk_pm_runtime_init(sdev->request_queue, &sdev->sdev_gendev);\n\tif (sdev->rpm_autosuspend)\n\t\tpm_runtime_set_autosuspend_delay(&sdev->sdev_gendev,\n\t\t\t\t\t\t shost->rpm_autosuspend_delay);\n\tscsi_autopm_put_device(sdev);\n}\n\n/**\n * ufshcd_scsi_add_wlus - Adds required W-LUs\n * @hba: per-adapter instance\n *\n * UFS device specification requires the UFS devices to support 4 well known\n * logical units:\n *\t"REPORT_LUNS" (address: 01h)\n *\t"UFS Device" (address: 50h)\n *\t"RPMB" (address: 44h)\n *\t"BOOT" (address: 30h)\n * UFS device\'s power management needs to be controlled by "POWER CONDITION"\n * field of SSU (START STOP UNIT) command. But this "power condition" field\n * will take effect only when its sent to "UFS device" well known logical unit\n * hence we require the scsi_device instance to represent this logical unit in\n * order for the UFS host driver to send the SSU command for power management.\n *\n * We also require the scsi_device instance for "RPMB" (Replay Protected Memory\n * Block) LU so user space process can control this LU. User space may also\n * want to have access to BOOT LU.\n *\n * This function adds scsi device instances for each of all well known LUs\n * (except "REPORT LUNS" LU).\n *\n * Return: zero on success (all required W-LUs are added successfully),\n * non-zero error value on failure (if failed to add any of the required W-LU).\n */\nstatic int ufshcd_scsi_add_wlus(struct ufs_hba *hba)\n{\n\tint ret = 0;\n\tstruct scsi_device *sdev_boot, *sdev_rpmb;\n\n\thba->ufs_device_wlun = __scsi_add_device(hba->host, 0, 0,\n\t\tufshcd_upiu_wlun_to_scsi_wlun(UFS_UPIU_UFS_DEVICE_WLUN), NULL);\n\tif (IS_ERR(hba->ufs_device_wlun)) {\n\t\tret = PTR_ERR(hba->ufs_device_wlun);\n\t\thba->ufs_device_wlun = NULL;\n\t\tgoto out;\n\t}\n\tscsi_device_put(hba->ufs_device_wlun);\n\n\tsdev_rpmb = __scsi_add_device(hba->host, 0, 0,\n\t\tufshcd_upiu_wlun_to_scsi_wlun(UFS_UPIU_RPMB_WLUN), NULL);\n\tif (IS_ERR(sdev_rpmb)) {\n\t\tret = PTR_ERR(sdev_rpmb);\n\t\tgoto remove_ufs_device_wlun;\n\t}\n\tufshcd_blk_pm_runtime_init(sdev_rpmb);\n\tscsi_device_put(sdev_rpmb);\n\n\tsdev_boot = __scsi_add_device(hba->host, 0, 0,\n\t\tufshcd_upiu_wlun_to_scsi_wlun(UFS_UPIU_BOOT_WLUN), NULL);\n\tif (IS_ERR(sdev_boot)) {\n\t\tdev_err(hba->dev, "%s: BOOT WLUN not found\\n", __func__);\n\t} else {\n\t\tufshcd_blk_pm_runtime_init(sdev_boot);\n\t\tscsi_device_put(sdev_boot);\n\t}\n\tgoto out;\n\nremove_ufs_device_wlun:\n\tscsi_remove_device(hba->ufs_device_wlun);\nout:\n\treturn ret;\n}\n\nstatic void ufshcd_wb_probe(struct ufs_hba *hba, const u8 *desc_buf)\n{\n\tstruct ufs_dev_info *dev_info = &hba->dev_info;\n\tu8 lun;\n\tu32 d_lu_wb_buf_alloc;\n\tu32 ext_ufs_feature;\n\n\tif (!ufshcd_is_wb_allowed(hba))\n\t\treturn;\n\n\t/*\n\t * Probe WB only for UFS-2.2 and UFS-3.1 (and later) devices or\n\t * UFS devices with quirk UFS_DEVICE_QUIRK_SUPPORT_EXTENDED_FEATURES\n\t * enabled\n\t */\n\tif (!(dev_info->wspecversion >= 0x310 ||\n\t      dev_info->wspecversion == 0x220 ||\n\t     (hba->dev_quirks & UFS_DEVICE_QUIRK_SUPPORT_EXTENDED_FEATURES)))\n\t\tgoto wb_disabled;\n\n\text_ufs_feature = get_unaligned_be32(desc_buf +\n\t\t\t\t\tDEVICE_DESC_PARAM_EXT_UFS_FEATURE_SUP);\n\n\tif (!(ext_ufs_feature & UFS_DEV_WRITE_BOOSTER_SUP))\n\t\tgoto wb_disabled;\n\n\t/*\n\t * WB may be supported but not configured while provisioning. The spec\n\t * says, in dedicated wb buffer mode, a max of 1 lun would have wb\n\t * buffer configured.\n\t */\n\tdev_info->wb_buffer_type = desc_buf[DEVICE_DESC_PARAM_WB_TYPE];\n\n\tdev_info->b_presrv_uspc_en =\n\t\tdesc_buf[DEVICE_DESC_PARAM_WB_PRESRV_USRSPC_EN];\n\n\tif (dev_info->wb_buffer_type == WB_BUF_MODE_SHARED) {\n\t\tif (!get_unaligned_be32(desc_buf +\n\t\t\t\t   DEVICE_DESC_PARAM_WB_SHARED_ALLOC_UNITS))\n\t\t\tgoto wb_disabled;\n\t} else {\n\t\tfor (lun = 0; lun < UFS_UPIU_MAX_WB_LUN_ID; lun++) {\n\t\t\td_lu_wb_buf_alloc = 0;\n\t\t\tufshcd_read_unit_desc_param(hba,\n\t\t\t\t\tlun,\n\t\t\t\t\tUNIT_DESC_PARAM_WB_BUF_ALLOC_UNITS,\n\t\t\t\t\t(u8 *)&d_lu_wb_buf_alloc,\n\t\t\t\t\tsizeof(d_lu_wb_buf_alloc));\n\t\t\tif (d_lu_wb_buf_alloc) {\n\t\t\t\tdev_info->wb_dedicated_lu = lun;\n\t\t\t\tbreak;\n\t\t\t}\n\t\t}\n\n\t\tif (!d_lu_wb_buf_alloc)\n\t\t\tgoto wb_disabled;\n\t}\n\n\tif (!ufshcd_is_wb_buf_lifetime_available(hba))\n\t\tgoto wb_disabled;\n\n\treturn;\n\nwb_disabled:\n\thba->caps &= ~UFSHCD_CAP_WB_EN;\n}\n\nstatic void ufshcd_temp_notif_probe(struct ufs_hba *hba, const u8 *desc_buf)\n{\n\tstruct ufs_dev_info *dev_info = &hba->dev_info;\n\tu32 ext_ufs_feature;\n\tu8 mask = 0;\n\n\tif (!(hba->caps & UFSHCD_CAP_TEMP_NOTIF) || dev_info->wspecversion < 0x300)\n\t\treturn;\n\n\text_ufs_feature = get_unaligned_be32(desc_buf + DEVICE_DESC_PARAM_EXT_UFS_FEATURE_SUP);\n\n\tif (ext_ufs_feature & UFS_DEV_LOW_TEMP_NOTIF)\n\t\tmask |= MASK_EE_TOO_LOW_TEMP;\n\n\tif (ext_ufs_feature & UFS_DEV_HIGH_TEMP_NOTIF)\n\t\tmask |= MASK_EE_TOO_HIGH_TEMP;\n\n\tif (mask) {\n\t\tufshcd_enable_ee(hba, mask);\n\t\tufs_hwmon_probe(hba, mask);\n\t}\n}\n\nstatic void ufshcd_ext_iid_probe(struct ufs_hba *hba, u8 *desc_buf)\n{\n\tstruct ufs_dev_info *dev_info = &hba->dev_info;\n\tu32 ext_ufs_feature;\n\tu32 ext_iid_en = 0;\n\tint err;\n\n\t/* Only UFS-4.0 and above may support EXT_IID */\n\tif (dev_info->wspecversion < 0x400)\n\t\tgoto out;\n\n\text_ufs_feature = get_unaligned_be32(desc_buf +\n\t\t\t\t     DEVICE_DESC_PARAM_EXT_UFS_FEATURE_SUP);\n\tif (!(ext_ufs_feature & UFS_DEV_EXT_IID_SUP))\n\t\tgoto out;\n\n\terr = ufshcd_query_attr_retry(hba, UPIU_QUERY_OPCODE_READ_ATTR,\n\t\t\t\t      QUERY_ATTR_IDN_EXT_IID_EN, 0, 0, &ext_iid_en);\n\tif (err)\n\t\tdev_err(hba->dev, "failed reading bEXTIIDEn. err = %d\\n", err);\n\nout:\n\tdev_info->b_ext_iid_en = ext_iid_en;\n}\n\nstatic void ufshcd_set_rtt(struct ufs_hba *hba)\n{\n\tstruct ufs_dev_info *dev_info = &hba->dev_info;\n\tu32 rtt = 0;\n\tu32 dev_rtt = 0;\n\tint host_rtt_cap = hba->vops && hba->vops->max_num_rtt ?\n\t\t\t   hba->vops->max_num_rtt : hba->nortt;\n\n\t/* RTT override makes sense only for UFS-4.0 and above */\n\tif (dev_info->wspecversion < 0x400)\n\t\treturn;\n\n\tif (ufshcd_query_attr_retry(hba, UPIU_QUERY_OPCODE_READ_ATTR,\n\t\t\t\t    QUERY_ATTR_IDN_MAX_NUM_OF_RTT, 0, 0, &dev_rtt)) {\n\t\tdev_err(hba->dev, "failed reading bMaxNumOfRTT\\n");\n\t\treturn;\n\t}\n\n\t/* do not override if it was already written */\n\tif (dev_rtt != DEFAULT_MAX_NUM_RTT)\n\t\treturn;\n\n\trtt = min_t(int, dev_info->rtt_cap, host_rtt_cap);\n\n\tif (rtt == dev_rtt)\n\t\treturn;\n\n\tif (ufshcd_query_attr_retry(hba, UPIU_QUERY_OPCODE_WRITE_ATTR,\n\t\t\t\t    QUERY_ATTR_IDN_MAX_NUM_OF_RTT, 0, 0, &rtt))\n\t\tdev_err(hba->dev, "failed writing bMaxNumOfRTT\\n");\n}\n\nvoid ufshcd_fixup_dev_quirks(struct ufs_hba *hba,\n\t\t\t     const struct ufs_dev_quirk *fixups)\n{\n\tconst struct ufs_dev_quirk *f;\n\tstruct ufs_dev_info *dev_info = &hba->dev_info;\n\n\tif (!fixups)\n\t\treturn;\n\n\tfor (f = fixups; f->quirk; f++) {\n\t\tif ((f->wmanufacturerid == dev_info->wmanufacturerid ||\n\t\t     f->wmanufacturerid == UFS_ANY_VENDOR) &&\n\t\t     ((dev_info->model &&\n\t\t       STR_PRFX_EQUAL(f->model, dev_info->model)) ||\n\t\t      !strcmp(f->model, UFS_ANY_MODEL)))\n\t\t\thba->dev_quirks |= f->quirk;\n\t}\n}\nEXPORT_SYMBOL_GPL(ufshcd_fixup_dev_quirks);\n\nstatic void ufs_fixup_device_setup(struct ufs_hba *hba)\n{\n\t/* fix by general quirk table */\n\tufshcd_fixup_dev_quirks(hba, ufs_fixups);\n\n\t/* allow vendors to fix quirks */\n\tufshcd_vops_fixup_dev_quirks(hba);\n}\n\nstatic void ufshcd_update_rtc(struct ufs_hba *hba)\n{\n\tstruct timespec64 ts64;\n\tint err;\n\tu32 val;\n\n\tktime_get_real_ts64(&ts64);\n\n\tif (ts64.tv_sec < hba->dev_info.rtc_time_baseline) {\n\t\tdev_warn_once(hba->dev, "%s: Current time precedes previous setting!\\n", __func__);\n\t\treturn;\n\t}\n\n\t/*\n\t * The Absolute RTC mode has a 136-year limit, spanning from 2010 to 2146. If a time beyond\n\t * 2146 is required, it is recommended to choose the relative RTC mode.\n\t */\n\tval = ts64.tv_sec - hba->dev_info.rtc_time_baseline;\n\n\t/* Skip update RTC if RPM state is not RPM_ACTIVE */\n\tif (ufshcd_rpm_get_if_active(hba) <= 0)\n\t\treturn;\n\n\terr = ufshcd_query_attr(hba, UPIU_QUERY_OPCODE_WRITE_ATTR, QUERY_ATTR_IDN_SECONDS_PASSED,\n\t\t\t\t0, 0, &val);\n\tufshcd_rpm_put(hba);\n\n\tif (err)\n\t\tdev_err(hba->dev, "%s: Failed to update rtc %d\\n", __func__, err);\n\telse if (hba->dev_info.rtc_type == UFS_RTC_RELATIVE)\n\t\thba->dev_info.rtc_time_baseline = ts64.tv_sec;\n}\n\nstatic void ufshcd_rtc_work(struct work_struct *work)\n{\n\tstruct ufs_hba *hba;\n\n\thba = container_of(to_delayed_work(work), struct ufs_hba, ufs_rtc_update_work);\n\n\t /* Update RTC only when there are no requests in progress and UFSHCI is operational */\n\tif (!ufshcd_is_ufs_dev_busy(hba) && hba->ufshcd_state == UFSHCD_STATE_OPERATIONAL)\n\t\tufshcd_update_rtc(hba);\n\n\tif (ufshcd_is_ufs_dev_active(hba) && hba->dev_info.rtc_update_period)\n\t\tschedule_delayed_work(&hba->ufs_rtc_update_work,\n\t\t\t\t      msecs_to_jiffies(hba->dev_info.rtc_update_period));\n}\n\nstatic void ufs_init_rtc(struct ufs_hba *hba, u8 *desc_buf)\n{\n\tu16 periodic_rtc_update = get_unaligned_be16(&desc_buf[DEVICE_DESC_PARAM_FRQ_RTC]);\n\tstruct ufs_dev_info *dev_info = &hba->dev_info;\n\n\tif (periodic_rtc_update & UFS_RTC_TIME_BASELINE) {\n\t\tdev_info->rtc_type = UFS_RTC_ABSOLUTE;\n\n\t\t/*\n\t\t * The concept of measuring time in Linux as the number of seconds elapsed since\n\t\t * 00:00:00 UTC on January 1, 1970, and UFS ABS RTC is elapsed from January 1st\n\t\t * 2010 00:00, here we need to adjust ABS baseline.\n\t\t */\n\t\tdev_info->rtc_time_baseline = mktime64(2010, 1, 1, 0, 0, 0) -\n\t\t\t\t\t\t\tmktime64(1970, 1, 1, 0, 0, 0);\n\t} else {\n\t\tdev_info->rtc_type = UFS_RTC_RELATIVE;\n\t\tdev_info->rtc_time_baseline = 0;\n\t}\n\n\t/*\n\t * We ignore TIME_PERIOD defined in wPeriodicRTCUpdate because Spec does not clearly state\n\t * how to calculate the specific update period for each time unit. And we disable periodic\n\t * RTC update work, let user configure by sysfs node according to specific circumstance.\n\t */\n\tdev_info->rtc_update_period = 0;\n}\n\nstatic int ufs_get_device_desc(struct ufs_hba *hba)\n{\n\tint err;\n\tu8 model_index;\n\tu8 *desc_buf;\n\tstruct ufs_dev_info *dev_info = &hba->dev_info;\n\n\tdesc_buf = kzalloc(QUERY_DESC_MAX_SIZE, GFP_KERNEL);\n\tif (!desc_buf) {\n\t\terr = -ENOMEM;\n\t\tgoto out;\n\t}\n\n\terr = ufshcd_read_desc_param(hba, QUERY_DESC_IDN_DEVICE, 0, 0, desc_buf,\n\t\t\t\t     QUERY_DESC_MAX_SIZE);\n\tif (err) {\n\t\tdev_err(hba->dev, "%s: Failed reading Device Desc. err = %d\\n",\n\t\t\t__func__, err);\n\t\tgoto out;\n\t}\n\n\t/*\n\t * getting vendor (manufacturerID) and Bank Index in big endian\n\t * format\n\t */\n\tdev_info->wmanufacturerid = desc_buf[DEVICE_DESC_PARAM_MANF_ID] << 8 |\n\t\t\t\t     desc_buf[DEVICE_DESC_PARAM_MANF_ID + 1];\n\n\t/* getting Specification Version in big endian format */\n\tdev_info->wspecversion = desc_buf[DEVICE_DESC_PARAM_SPEC_VER] << 8 |\n\t\t\t\t      desc_buf[DEVICE_DESC_PARAM_SPEC_VER + 1];\n\tdev_info->bqueuedepth = desc_buf[DEVICE_DESC_PARAM_Q_DPTH];\n\n\tdev_info->rtt_cap = desc_buf[DEVICE_DESC_PARAM_RTT_CAP];\n\n\tmodel_index = desc_buf[DEVICE_DESC_PARAM_PRDCT_NAME];\n\n\terr = ufshcd_read_string_desc(hba, model_index,\n\t\t\t\t      &dev_info->model, SD_ASCII_STD);\n\tif (err < 0) {\n\t\tdev_err(hba->dev, "%s: Failed reading Product Name. err = %d\\n",\n\t\t\t__func__, err);\n\t\tgoto out;\n\t}\n\n\thba->luns_avail = desc_buf[DEVICE_DESC_PARAM_NUM_LU] +\n\t\tdesc_buf[DEVICE_DESC_PARAM_NUM_WLU];\n\n\tufs_fixup_device_setup(hba);\n\n\tufshcd_wb_probe(hba, desc_buf);\n\n\tufshcd_temp_notif_probe(hba, desc_buf);\n\n\tufs_init_rtc(hba, desc_buf);\n\n\tif (hba->ext_iid_sup)\n\t\tufshcd_ext_iid_probe(hba, desc_buf);\n\n\t/*\n\t * ufshcd_read_string_desc returns size of the string\n\t * reset the error value\n\t */\n\terr = 0;\n\nout:\n\tkfree(desc_buf);\n\treturn err;\n}\n\nstatic void ufs_put_device_desc(struct ufs_hba *hba)\n{\n\tstruct ufs_dev_info *dev_info = &hba->dev_info;\n\n\tkfree(dev_info->model);\n\tdev_info->model = NULL;\n}\n\n/**\n * ufshcd_quirk_tune_host_pa_tactivate - Ensures that host PA_TACTIVATE is\n * less than device PA_TACTIVATE time.\n * @hba: per-adapter instance\n *\n * Some UFS devices require host PA_TACTIVATE to be lower than device\n * PA_TACTIVATE, we need to enable UFS_DEVICE_QUIRK_HOST_PA_TACTIVATE quirk\n * for such devices.\n *\n * Return: zero on success, non-zero error value on failure.\n */\nstatic int ufshcd_quirk_tune_host_pa_tactivate(struct ufs_hba *hba)\n{\n\tint ret = 0;\n\tu32 granularity, peer_granularity;\n\tu32 pa_tactivate, peer_pa_tactivate;\n\tu32 pa_tactivate_us, peer_pa_tactivate_us;\n\tstatic const u8 gran_to_us_table[] = {1, 4, 8, 16, 32, 100};\n\n\tret = ufshcd_dme_get(hba, UIC_ARG_MIB(PA_GRANULARITY),\n\t\t\t\t  &granularity);\n\tif (ret)\n\t\tgoto out;\n\n\tret = ufshcd_dme_peer_get(hba, UIC_ARG_MIB(PA_GRANULARITY),\n\t\t\t\t  &peer_granularity);\n\tif (ret)\n\t\tgoto out;\n\n\tif ((granularity < PA_GRANULARITY_MIN_VAL) ||\n\t    (granularity > PA_GRANULARITY_MAX_VAL)) {\n\t\tdev_err(hba->dev, "%s: invalid host PA_GRANULARITY %d",\n\t\t\t__func__, granularity);\n\t\treturn -EINVAL;\n\t}\n\n\tif ((peer_granularity < PA_GRANULARITY_MIN_VAL) ||\n\t    (peer_granularity > PA_GRANULARITY_MAX_VAL)) {\n\t\tdev_err(hba->dev, "%s: invalid device PA_GRANULARITY %d",\n\t\t\t__func__, peer_granularity);\n\t\treturn -EINVAL;\n\t}\n\n\tret = ufshcd_dme_get(hba, UIC_ARG_MIB(PA_TACTIVATE), &pa_tactivate);\n\tif (ret)\n\t\tgoto out;\n\n\tret = ufshcd_dme_peer_get(hba, UIC_ARG_MIB(PA_TACTIVATE),\n\t\t\t\t  &peer_pa_tactivate);\n\tif (ret)\n\t\tgoto out;\n\n\tpa_tactivate_us = pa_tactivate * gran_to_us_table[granularity - 1];\n\tpeer_pa_tactivate_us = peer_pa_tactivate *\n\t\t\t     gran_to_us_table[peer_granularity - 1];\n\n\tif (pa_tactivate_us >= peer_pa_tactivate_us) {\n\t\tu32 new_peer_pa_tactivate;\n\n\t\tnew_peer_pa_tactivate = pa_tactivate_us /\n\t\t\t\t      gran_to_us_table[peer_granularity - 1];\n\t\tnew_peer_pa_tactivate++;\n\t\tret = ufshcd_dme_peer_set(hba, UIC_ARG_MIB(PA_TACTIVATE),\n\t\t\t\t\t  new_peer_pa_tactivate);\n\t}\n\nout:\n\treturn ret;\n}\n\nstatic void ufshcd_tune_unipro_params(struct ufs_hba *hba)\n{\n\tufshcd_vops_apply_dev_quirks(hba);\n\n\tif (hba->dev_quirks & UFS_DEVICE_QUIRK_PA_TACTIVATE)\n\t\t/* set 1ms timeout for PA_TACTIVATE */\n\t\tufshcd_dme_set(hba, UIC_ARG_MIB(PA_TACTIVATE), 10);\n\n\tif (hba->dev_quirks & UFS_DEVICE_QUIRK_HOST_PA_TACTIVATE)\n\t\tufshcd_quirk_tune_host_pa_tactivate(hba);\n}\n\nstatic void ufshcd_clear_dbg_ufs_stats(struct ufs_hba *hba)\n{\n\thba->ufs_stats.hibern8_exit_cnt = 0;\n\thba->ufs_stats.last_hibern8_exit_tstamp = ktime_set(0, 0);\n\thba->req_abort_count = 0;\n}\n\nstatic int ufshcd_device_geo_params_init(struct ufs_hba *hba)\n{\n\tint err;\n\tu8 *desc_buf;\n\n\tdesc_buf = kzalloc(QUERY_DESC_MAX_SIZE, GFP_KERNEL);\n\tif (!desc_buf) {\n\t\terr = -ENOMEM;\n\t\tgoto out;\n\t}\n\n\terr = ufshcd_read_desc_param(hba, QUERY_DESC_IDN_GEOMETRY, 0, 0,\n\t\t\t\t     desc_buf, QUERY_DESC_MAX_SIZE);\n\tif (err) {\n\t\tdev_err(hba->dev, "%s: Failed reading Geometry Desc. err = %d\\n",\n\t\t\t\t__func__, err);\n\t\tgoto out;\n\t}\n\n\tif (desc_buf[GEOMETRY_DESC_PARAM_MAX_NUM_LUN] == 1)\n\t\thba->dev_info.max_lu_supported = 32;\n\telse if (desc_buf[GEOMETRY_DESC_PARAM_MAX_NUM_LUN] == 0)\n\t\thba->dev_info.max_lu_supported = 8;\n\nout:\n\tkfree(desc_buf);\n\treturn err;\n}\n\nstruct ufs_ref_clk {\n\tunsigned long freq_hz;\n\tenum ufs_ref_clk_freq val;\n};\n\nstatic const struct ufs_ref_clk ufs_ref_clk_freqs[] = {\n\t{19200000, REF_CLK_FREQ_19_2_MHZ},\n\t{26000000, REF_CLK_FREQ_26_MHZ},\n\t{38400000, REF_CLK_FREQ_38_4_MHZ},\n\t{52000000, REF_CLK_FREQ_52_MHZ},\n\t{0, REF_CLK_FREQ_INVAL},\n};\n\nstatic enum ufs_ref_clk_freq\nufs_get_bref_clk_from_hz(unsigned long freq)\n{\n\tint i;\n\n\tfor (i = 0; ufs_ref_clk_freqs[i].freq_hz; i++)\n\t\tif (ufs_ref_clk_freqs[i].freq_hz == freq)\n\t\t\treturn ufs_ref_clk_freqs[i].val;\n\n\treturn REF_CLK_FREQ_INVAL;\n}\n\nvoid ufshcd_parse_dev_ref_clk_freq(struct ufs_hba *hba, struct clk *refclk)\n{\n\tunsigned long freq;\n\n\tfreq = clk_get_rate(refclk);\n\n\thba->dev_ref_clk_freq =\n\t\tufs_get_bref_clk_from_hz(freq);\n\n\tif (hba->dev_ref_clk_freq == REF_CLK_FREQ_INVAL)\n\t\tdev_err(hba->dev,\n\t\t"invalid ref_clk setting = %ld\\n", freq);\n}\n\nstatic int ufshcd_set_dev_ref_clk(struct ufs_hba *hba)\n{\n\tint err;\n\tu32 ref_clk;\n\tu32 freq = hba->dev_ref_clk_freq;\n\n\terr = ufshcd_query_attr_retry(hba, UPIU_QUERY_OPCODE_READ_ATTR,\n\t\t\tQUERY_ATTR_IDN_REF_CLK_FREQ, 0, 0, &ref_clk);\n\n\tif (err) {\n\t\tdev_err(hba->dev, "failed reading bRefClkFreq. err = %d\\n",\n\t\t\terr);\n\t\tgoto out;\n\t}\n\n\tif (ref_clk == freq)\n\t\tgoto out; /* nothing to update */\n\n\terr = ufshcd_query_attr_retry(hba, UPIU_QUERY_OPCODE_WRITE_ATTR,\n\t\t\tQUERY_ATTR_IDN_REF_CLK_FREQ, 0, 0, &freq);\n\n\tif (err) {\n\t\tdev_err(hba->dev, "bRefClkFreq setting to %lu Hz failed\\n",\n\t\t\tufs_ref_clk_freqs[freq].freq_hz);\n\t\tgoto out;\n\t}\n\n\tdev_dbg(hba->dev, "bRefClkFreq setting to %lu Hz succeeded\\n",\n\t\t\tufs_ref_clk_freqs[freq].freq_hz);\n\nout:\n\treturn err;\n}\n\nstatic int ufshcd_device_params_init(struct ufs_hba *hba)\n{\n\tbool flag;\n\tint ret;\n\n\t/* Init UFS geometry descriptor related parameters */\n\tret = ufshcd_device_geo_params_init(hba);\n\tif (ret)\n\t\tgoto out;\n\n\t/* Check and apply UFS device quirks */\n\tret = ufs_get_device_desc(hba);\n\tif (ret) {\n\t\tdev_err(hba->dev, "%s: Failed getting device info. err = %d\\n",\n\t\t\t__func__, ret);\n\t\tgoto out;\n\t}\n\n\tufshcd_set_rtt(hba);\n\n\tufshcd_get_ref_clk_gating_wait(hba);\n\n\tif (!ufshcd_query_flag_retry(hba, UPIU_QUERY_OPCODE_READ_FLAG,\n\t\t\tQUERY_FLAG_IDN_PWR_ON_WPE, 0, &flag))\n\t\thba->dev_info.f_power_on_wp_en = flag;\n\n\t/* Probe maximum power mode co-supported by both UFS host and device */\n\tif (ufshcd_get_max_pwr_mode(hba))\n\t\tdev_err(hba->dev,\n\t\t\t"%s: Failed getting max supported power mode\\n",\n\t\t\t__func__);\nout:\n\treturn ret;\n}\n\nstatic void ufshcd_set_timestamp_attr(struct ufs_hba *hba)\n{\n\tint err;\n\tstruct ufs_query_req *request = NULL;\n\tstruct ufs_query_res *response = NULL;\n\tstruct ufs_dev_info *dev_info = &hba->dev_info;\n\tstruct utp_upiu_query_v4_0 *upiu_data;\n\n\tif (dev_info->wspecversion < 0x400)\n\t\treturn;\n\n\tufshcd_dev_man_lock(hba);\n\n\tufshcd_init_query(hba, &request, &response,\n\t\t\t  UPIU_QUERY_OPCODE_WRITE_ATTR,\n\t\t\t  QUERY_ATTR_IDN_TIMESTAMP, 0, 0);\n\n\trequest->query_func = UPIU_QUERY_FUNC_STANDARD_WRITE_REQUEST;\n\n\tupiu_data = (struct utp_upiu_query_v4_0 *)&request->upiu_req;\n\n\tput_unaligned_be64(ktime_get_real_ns(), &upiu_data->osf3);\n\n\terr = ufshcd_exec_dev_cmd(hba, DEV_CMD_TYPE_QUERY, QUERY_REQ_TIMEOUT);\n\n\tif (err)\n\t\tdev_err(hba->dev, "%s: failed to set timestamp %d\\n",\n\t\t\t__func__, err);\n\n\tufshcd_dev_man_unlock(hba);\n}\n\n/**\n * ufshcd_add_lus - probe and add UFS logical units\n * @hba: per-adapter instance\n *\n * Return: 0 upon success; < 0 upon failure.\n */\nstatic int ufshcd_add_lus(struct ufs_hba *hba)\n{\n\tint ret;\n\n\t/* Add required well known logical units to scsi mid layer */\n\tret = ufshcd_scsi_add_wlus(hba);\n\tif (ret)\n\t\tgoto out;\n\n\t/* Initialize devfreq after UFS device is detected */\n\tif (ufshcd_is_clkscaling_supported(hba)) {\n\t\tmemcpy(&hba->clk_scaling.saved_pwr_info,\n\t\t\t&hba->pwr_info,\n\t\t\tsizeof(struct ufs_pa_layer_attr));\n\t\thba->clk_scaling.is_allowed = true;\n\n\t\tret = ufshcd_devfreq_init(hba);\n\t\tif (ret)\n\t\t\tgoto out;\n\n\t\thba->clk_scaling.is_enabled = true;\n\t\tufshcd_init_clk_scaling_sysfs(hba);\n\t}\n\n\t/*\n\t * The RTC update code accesses the hba->ufs_device_wlun->sdev_gendev\n\t * pointer and hence must only be started after the WLUN pointer has\n\t * been initialized by ufshcd_scsi_add_wlus().\n\t */\n\tschedule_delayed_work(&hba->ufs_rtc_update_work,\n\t\t\t      msecs_to_jiffies(UFS_RTC_UPDATE_INTERVAL_MS));\n\n\tufs_bsg_probe(hba);\n\tscsi_scan_host(hba->host);\n\nout:\n\treturn ret;\n}\n\n/* SDB - Single Doorbell */\nstatic void ufshcd_release_sdb_queue(struct ufs_hba *hba, int nutrs)\n{\n\tsize_t ucdl_size, utrdl_size;\n\n\tucdl_size = ufshcd_get_ucd_size(hba) * nutrs;\n\tdmam_free_coherent(hba->dev, ucdl_size, hba->ucdl_base_addr,\n\t\t\t   hba->ucdl_dma_addr);\n\n\tutrdl_size = sizeof(struct utp_transfer_req_desc) * nutrs;\n\tdmam_free_coherent(hba->dev, utrdl_size, hba->utrdl_base_addr,\n\t\t\t   hba->utrdl_dma_addr);\n\n\tdevm_kfree(hba->dev, hba->lrb);\n}\n\nstatic int ufshcd_alloc_mcq(struct ufs_hba *hba)\n{\n\tint ret;\n\tint old_nutrs = hba->nutrs;\n\n\tret = ufshcd_mcq_decide_queue_depth(hba);\n\tif (ret < 0)\n\t\treturn ret;\n\n\thba->nutrs = ret;\n\tret = ufshcd_mcq_init(hba);\n\tif (ret)\n\t\tgoto err;\n\n\t/*\n\t * Previously allocated memory for nutrs may not be enough in MCQ mode.\n\t * Number of supported tags in MCQ mode may be larger than SDB mode.\n\t */\n\tif (hba->nutrs != old_nutrs) {\n\t\tufshcd_release_sdb_queue(hba, old_nutrs);\n\t\tret = ufshcd_memory_alloc(hba);\n\t\tif (ret)\n\t\t\tgoto err;\n\t\tufshcd_host_memory_configure(hba);\n\t}\n\n\tret = ufshcd_mcq_memory_alloc(hba);\n\tif (ret)\n\t\tgoto err;\n\n\thba->host->can_queue = hba->nutrs - UFSHCD_NUM_RESERVED;\n\thba->reserved_slot = hba->nutrs - UFSHCD_NUM_RESERVED;\n\n\treturn 0;\nerr:\n\thba->nutrs = old_nutrs;\n\treturn ret;\n}\n\nstatic void ufshcd_config_mcq(struct ufs_hba *hba)\n{\n\tint ret;\n\tu32 intrs;\n\n\tret = ufshcd_mcq_vops_config_esi(hba);\n\tdev_info(hba->dev, "ESI %sconfigured\\n", ret ? "is not " : "");\n\n\tintrs = UFSHCD_ENABLE_MCQ_INTRS;\n\tif (hba->quirks & UFSHCD_QUIRK_MCQ_BROKEN_INTR)\n\t\tintrs &= ~MCQ_CQ_EVENT_STATUS;\n\tufshcd_enable_intr(hba, intrs);\n\tufshcd_mcq_make_queues_operational(hba);\n\tufshcd_mcq_config_mac(hba, hba->nutrs);\n\n\tdev_info(hba->dev, "MCQ configured, nr_queues=%d, io_queues=%d, read_queue=%d, poll_queues=%d, queue_depth=%d\\n",\n\t\t hba->nr_hw_queues, hba->nr_queues[HCTX_TYPE_DEFAULT],\n\t\t hba->nr_queues[HCTX_TYPE_READ], hba->nr_queues[HCTX_TYPE_POLL],\n\t\t hba->nutrs);\n}\n\nstatic int ufshcd_device_init(struct ufs_hba *hba, bool init_dev_params)\n{\n\tint ret;\n\tstruct Scsi_Host *host = hba->host;\n\n\thba->ufshcd_state = UFSHCD_STATE_RESET;\n\n\tret = ufshcd_link_startup(hba);\n\tif (ret)\n\t\treturn ret;\n\n\tif (hba->quirks & UFSHCD_QUIRK_SKIP_PH_CONFIGURATION)\n\t\treturn ret;\n\n\t/* Debug counters initialization */\n\tufshcd_clear_dbg_ufs_stats(hba);\n\n\t/* UniPro link is active now */\n\tufshcd_set_link_active(hba);\n\n\t/* Reconfigure MCQ upon reset */\n\tif (hba->mcq_enabled && !init_dev_params) {\n\t\tufshcd_config_mcq(hba);\n\t\tufshcd_mcq_enable(hba);\n\t}\n\n\t/* Verify device initialization by sending NOP OUT UPIU */\n\tret = ufshcd_verify_dev_init(hba);\n\tif (ret)\n\t\treturn ret;\n\n\t/* Initiate UFS initialization, and waiting until completion */\n\tret = ufshcd_complete_dev_init(hba);\n\tif (ret)\n\t\treturn ret;\n\n\t/*\n\t * Initialize UFS device parameters used by driver, these\n\t * parameters are associated with UFS descriptors.\n\t */\n\tif (init_dev_params) {\n\t\tret = ufshcd_device_params_init(hba);\n\t\tif (ret)\n\t\t\treturn ret;\n\t\tif (is_mcq_supported(hba) && !hba->scsi_host_added) {\n\t\t\tufshcd_mcq_enable(hba);\n\t\t\tret = ufshcd_alloc_mcq(hba);\n\t\t\tif (!ret) {\n\t\t\t\tufshcd_config_mcq(hba);\n\t\t\t} else {\n\t\t\t\t/* Continue with SDB mode */\n\t\t\t\tufshcd_mcq_disable(hba);\n\t\t\t\tuse_mcq_mode = false;\n\t\t\t\tdev_err(hba->dev, "MCQ mode is disabled, err=%d\\n",\n\t\t\t\t\t ret);\n\t\t\t}\n\t\t\tret = scsi_add_host(host, hba->dev);\n\t\t\tif (ret) {\n\t\t\t\tdev_err(hba->dev, "scsi_add_host failed\\n");\n\t\t\t\treturn ret;\n\t\t\t}\n\t\t\thba->scsi_host_added = true;\n\t\t} else if (is_mcq_supported(hba)) {\n\t\t\t/* UFSHCD_QUIRK_REINIT_AFTER_MAX_GEAR_SWITCH is set */\n\t\t\tufshcd_config_mcq(hba);\n\t\t\tufshcd_mcq_enable(hba);\n\t\t}\n\t}\n\n\tufshcd_tune_unipro_params(hba);\n\n\t/* UFS device is also active now */\n\tufshcd_set_ufs_dev_active(hba);\n\tufshcd_force_reset_auto_bkops(hba);\n\n\tufshcd_set_timestamp_attr(hba);\n\n\t/* Gear up to HS gear if supported */\n\tif (hba->max_pwr_info.is_valid) {\n\t\t/*\n\t\t * Set the right value to bRefClkFreq before attempting to\n\t\t * switch to HS gears.\n\t\t */\n\t\tif (hba->dev_ref_clk_freq != REF_CLK_FREQ_INVAL)\n\t\t\tufshcd_set_dev_ref_clk(hba);\n\t\tret = ufshcd_config_pwr_mode(hba, &hba->max_pwr_info.info);\n\t\tif (ret) {\n\t\t\tdev_err(hba->dev, "%s: Failed setting power mode, err = %d\\n",\n\t\t\t\t\t__func__, ret);\n\t\t\treturn ret;\n\t\t}\n\t}\n\n\treturn 0;\n}\n\n/**\n * ufshcd_probe_hba - probe hba to detect device and initialize it\n * @hba: per-adapter instance\n * @init_dev_params: whether or not to call ufshcd_device_params_init().\n *\n * Execute link-startup and verify device initialization\n *\n * Return: 0 upon success; < 0 upon failure.\n */\nstatic int ufshcd_probe_hba(struct ufs_hba *hba, bool init_dev_params)\n{\n\tktime_t start = ktime_get();\n\tunsigned long flags;\n\tint ret;\n\n\tret = ufshcd_device_init(hba, init_dev_params);\n\tif (ret)\n\t\tgoto out;\n\n\tif (!hba->pm_op_in_progress &&\n\t    (hba->quirks & UFSHCD_QUIRK_REINIT_AFTER_MAX_GEAR_SWITCH)) {\n\t\t/* Reset the device and controller before doing reinit */\n\t\tufshcd_device_reset(hba);\n\t\tufs_put_device_desc(hba);\n\t\tufshcd_hba_stop(hba);\n\t\tufshcd_vops_reinit_notify(hba);\n\t\tret = ufshcd_hba_enable(hba);\n\t\tif (ret) {\n\t\t\tdev_err(hba->dev, "Host controller enable failed\\n");\n\t\t\tufshcd_print_evt_hist(hba);\n\t\t\tufshcd_print_host_state(hba);\n\t\t\tgoto out;\n\t\t}\n\n\t\t/* Reinit the device */\n\t\tret = ufshcd_device_init(hba, init_dev_params);\n\t\tif (ret)\n\t\t\tgoto out;\n\t}\n\n\tufshcd_print_pwr_info(hba);\n\n\t/*\n\t * bActiveICCLevel is volatile for UFS device (as per latest v2.1 spec)\n\t * and for removable UFS card as well, hence always set the parameter.\n\t * Note: Error handler may issue the device reset hence resetting\n\t * bActiveICCLevel as well so it is always safe to set this here.\n\t */\n\tufshcd_set_active_icc_lvl(hba);\n\n\t/* Enable UFS Write Booster if supported */\n\tufshcd_configure_wb(hba);\n\n\tif (hba->ee_usr_mask)\n\t\tufshcd_write_ee_control(hba);\n\tufshcd_configure_auto_hibern8(hba);\n\nout:\n\tspin_lock_irqsave(hba->host->host_lock, flags);\n\tif (ret)\n\t\thba->ufshcd_state = UFSHCD_STATE_ERROR;\n\telse if (hba->ufshcd_state == UFSHCD_STATE_RESET)\n\t\thba->ufshcd_state = UFSHCD_STATE_OPERATIONAL;\n\tspin_unlock_irqrestore(hba->host->host_lock, flags);\n\n\ttrace_ufshcd_init(dev_name(hba->dev), ret,\n\t\tktime_to_us(ktime_sub(ktime_get(), start)),\n\t\thba->curr_dev_pwr_mode, hba->uic_link_state);\n\treturn ret;\n}\n\n/**\n * ufshcd_async_scan - asynchronous execution for probing hba\n * @data: data pointer to pass to this function\n * @cookie: cookie data\n */\nstatic void ufshcd_async_scan(void *data, async_cookie_t cookie)\n{\n\tstruct ufs_hba *hba = (struct ufs_hba *)data;\n\tint ret;\n\n\tdown(&hba->host_sem);\n\t/* Initialize hba, detect and initialize UFS device */\n\tret = ufshcd_probe_hba(hba, true);\n\tup(&hba->host_sem);\n\tif (ret)\n\t\tgoto out;\n\n\t/* Probe and add UFS logical units  */\n\tret = ufshcd_add_lus(hba);\n\nout:\n\tpm_runtime_put_sync(hba->dev);\n\n\tif (ret)\n\t\tdev_err(hba->dev, "%s failed: %d\\n", __func__, ret);\n}\n\nstatic enum scsi_timeout_action ufshcd_eh_timed_out(struct scsi_cmnd *scmd)\n{\n\tstruct ufs_hba *hba = shost_priv(scmd->device->host);\n\n\tif (!hba->system_suspending) {\n\t\t/* Activate the error handler in the SCSI core. */\n\t\treturn SCSI_EH_NOT_HANDLED;\n\t}\n\n\t/*\n\t * If we get here we know that no TMFs are outstanding and also that\n\t * the only pending command is a START STOP UNIT command. Handle the\n\t * timeout of that command directly to prevent a deadlock between\n\t * ufshcd_set_dev_pwr_mode() and ufshcd_err_handler().\n\t */\n\tufshcd_link_recovery(hba);\n\tdev_info(hba->dev, "%s() finished; outstanding_tasks = %#lx.\\n",\n\t\t __func__, hba->outstanding_tasks);\n\n\treturn hba->outstanding_reqs ? SCSI_EH_RESET_TIMER : SCSI_EH_DONE;\n}\n\nstatic const struct attribute_group *ufshcd_driver_groups[] = {\n\t&ufs_sysfs_unit_descriptor_group,\n\t&ufs_sysfs_lun_attributes_group,\n\tNULL,\n};\n\nstatic struct ufs_hba_variant_params ufs_hba_vps = {\n\t.hba_enable_delay_us\t\t= 1000,\n\t.wb_flush_threshold\t\t= UFS_WB_BUF_REMAIN_PERCENT(40),\n\t.devfreq_profile.polling_ms\t= 100,\n\t.devfreq_profile.target\t\t= ufshcd_devfreq_target,\n\t.devfreq_profile.get_dev_status\t= ufshcd_devfreq_get_dev_status,\n\t.ondemand_data.upthreshold\t= 70,\n\t.ondemand_data.downdifferential\t= 5,\n};\n\nstatic const struct scsi_host_template ufshcd_driver_template = {\n\t.module\t\t\t= THIS_MODULE,\n\t.name\t\t\t= UFSHCD,\n\t.proc_name\t\t= UFSHCD,\n\t.map_queues\t\t= ufshcd_map_queues,\n\t.queuecommand\t\t= ufshcd_queuecommand,\n\t.mq_poll\t\t= ufshcd_poll,\n\t.slave_alloc\t\t= ufshcd_slave_alloc,\n\t.device_configure\t= ufshcd_device_configure,\n\t.slave_destroy\t\t= ufshcd_slave_destroy,\n\t.change_queue_depth\t= ufshcd_change_queue_depth,\n\t.eh_abort_handler\t= ufshcd_abort,\n\t.eh_device_reset_handler = ufshcd_eh_device_reset_handler,\n\t.eh_host_reset_handler   = ufshcd_eh_host_reset_handler,\n\t.eh_timed_out\t\t= ufshcd_eh_timed_out,\n\t.this_id\t\t= -1,\n\t.sg_tablesize\t\t= SG_ALL,\n\t.max_segment_size\t= PRDT_DATA_BYTE_COUNT_MAX,\n\t.max_sectors\t\t= SZ_1M / SECTOR_SIZE,\n\t.max_host_blocked\t= 1,\n\t.track_queue_depth\t= 1,\n\t.skip_settle_delay\t= 1,\n\t.sdev_groups\t\t= ufshcd_driver_groups,\n};\n\nstatic int ufshcd_config_vreg_load(struct device *dev, struct ufs_vreg *vreg,\n\t\t\t\t   int ua)\n{\n\tint ret;\n\n\tif (!vreg)\n\t\treturn 0;\n\n\t/*\n\t * "set_load" operation shall be required on those regulators\n\t * which specifically configured current limitation. Otherwise\n\t * zero max_uA may cause unexpected behavior when regulator is\n\t * enabled or set as high power mode.\n\t */\n\tif (!vreg->max_uA)\n\t\treturn 0;\n\n\tret = regulator_set_load(vreg->reg, ua);\n\tif (ret < 0) {\n\t\tdev_err(dev, "%s: %s set load (ua=%d) failed, err=%d\\n",\n\t\t\t\t__func__, vreg->name, ua, ret);\n\t}\n\n\treturn ret;\n}\n\nstatic inline int ufshcd_config_vreg_lpm(struct ufs_hba *hba,\n\t\t\t\t\t struct ufs_vreg *vreg)\n{\n\treturn ufshcd_config_vreg_load(hba->dev, vreg, UFS_VREG_LPM_LOAD_UA);\n}\n\nstatic inline int ufshcd_config_vreg_hpm(struct ufs_hba *hba,\n\t\t\t\t\t struct ufs_vreg *vreg)\n{\n\tif (!vreg)\n\t\treturn 0;\n\n\treturn ufshcd_config_vreg_load(hba->dev, vreg, vreg->max_uA);\n}\n\nstatic int ufshcd_config_vreg(struct device *dev,\n\t\tstruct ufs_vreg *vreg, bool on)\n{\n\tif (regulator_count_voltages(vreg->reg) <= 0)\n\t\treturn 0;\n\n\treturn ufshcd_config_vreg_load(dev, vreg, on ? vreg->max_uA : 0);\n}\n\nstatic int ufshcd_enable_vreg(struct device *dev, struct ufs_vreg *vreg)\n{\n\tint ret = 0;\n\n\tif (!vreg || vreg->enabled)\n\t\tgoto out;\n\n\tret = ufshcd_config_vreg(dev, vreg, true);\n\tif (!ret)\n\t\tret = regulator_enable(vreg->reg);\n\n\tif (!ret)\n\t\tvreg->enabled = true;\n\telse\n\t\tdev_err(dev, "%s: %s enable failed, err=%d\\n",\n\t\t\t\t__func__, vreg->name, ret);\nout:\n\treturn ret;\n}\n\nstatic int ufshcd_disable_vreg(struct device *dev, struct ufs_vreg *vreg)\n{\n\tint ret = 0;\n\n\tif (!vreg || !vreg->enabled || vreg->always_on)\n\t\tgoto out;\n\n\tret = regulator_disable(vreg->reg);\n\n\tif (!ret) {\n\t\t/* ignore errors on applying disable config */\n\t\tufshcd_config_vreg(dev, vreg, false);\n\t\tvreg->enabled = false;\n\t} else {\n\t\tdev_err(dev, "%s: %s disable failed, err=%d\\n",\n\t\t\t\t__func__, vreg->name, ret);\n\t}\nout:\n\treturn ret;\n}\n\nstatic int ufshcd_setup_vreg(struct ufs_hba *hba, bool on)\n{\n\tint ret = 0;\n\tstruct device *dev = hba->dev;\n\tstruct ufs_vreg_info *info = &hba->vreg_info;\n\n\tret = ufshcd_toggle_vreg(dev, info->vcc, on);\n\tif (ret)\n\t\tgoto out;\n\n\tret = ufshcd_toggle_vreg(dev, info->vccq, on);\n\tif (ret)\n\t\tgoto out;\n\n\tret = ufshcd_toggle_vreg(dev, info->vccq2, on);\n\nout:\n\tif (ret) {\n\t\tufshcd_toggle_vreg(dev, info->vccq2, false);\n\t\tufshcd_toggle_vreg(dev, info->vccq, false);\n\t\tufshcd_toggle_vreg(dev, info->vcc, false);\n\t}\n\treturn ret;\n}\n\nstatic int ufshcd_setup_hba_vreg(struct ufs_hba *hba, bool on)\n{\n\tstruct ufs_vreg_info *info = &hba->vreg_info;\n\n\treturn ufshcd_toggle_vreg(hba->dev, info->vdd_hba, on);\n}\n\nint ufshcd_get_vreg(struct device *dev, struct ufs_vreg *vreg)\n{\n\tint ret = 0;\n\n\tif (!vreg)\n\t\tgoto out;\n\n\tvreg->reg = devm_regulator_get(dev, vreg->name);\n\tif (IS_ERR(vreg->reg)) {\n\t\tret = PTR_ERR(vreg->reg);\n\t\tdev_err(dev, "%s: %s get failed, err=%d\\n",\n\t\t\t\t__func__, vreg->name, ret);\n\t}\nout:\n\treturn ret;\n}\nEXPORT_SYMBOL_GPL(ufshcd_get_vreg);\n\nstatic int ufshcd_init_vreg(struct ufs_hba *hba)\n{\n\tint ret = 0;\n\tstruct device *dev = hba->dev;\n\tstruct ufs_vreg_info *info = &hba->vreg_info;\n\n\tret = ufshcd_get_vreg(dev, info->vcc);\n\tif (ret)\n\t\tgoto out;\n\n\tret = ufshcd_get_vreg(dev, info->vccq);\n\tif (!ret)\n\t\tret = ufshcd_get_vreg(dev, info->vccq2);\nout:\n\treturn ret;\n}\n\nstatic int ufshcd_init_hba_vreg(struct ufs_hba *hba)\n{\n\tstruct ufs_vreg_info *info = &hba->vreg_info;\n\n\treturn ufshcd_get_vreg(hba->dev, info->vdd_hba);\n}\n\nstatic int ufshcd_setup_clocks(struct ufs_hba *hba, bool on)\n{\n\tint ret = 0;\n\tstruct ufs_clk_info *clki;\n\tstruct list_head *head = &hba->clk_list_head;\n\tunsigned long flags;\n\tktime_t start = ktime_get();\n\tbool clk_state_changed = false;\n\n\tif (list_empty(head))\n\t\tgoto out;\n\n\tret = ufshcd_vops_setup_clocks(hba, on, PRE_CHANGE);\n\tif (ret)\n\t\treturn ret;\n\n\tlist_for_each_entry(clki, head, list) {\n\t\tif (!IS_ERR_OR_NULL(clki->clk)) {\n\t\t\t/*\n\t\t\t * Don\'t disable clocks which are needed\n\t\t\t * to keep the link active.\n\t\t\t */\n\t\t\tif (ufshcd_is_link_active(hba) &&\n\t\t\t    clki->keep_link_active)\n\t\t\t\tcontinue;\n\n\t\t\tclk_state_changed = on ^ clki->enabled;\n\t\t\tif (on && !clki->enabled) {\n\t\t\t\tret = clk_prepare_enable(clki->clk);\n\t\t\t\tif (ret) {\n\t\t\t\t\tdev_err(hba->dev, "%s: %s prepare enable failed, %d\\n",\n\t\t\t\t\t\t__func__, clki->name, ret);\n\t\t\t\t\tgoto out;\n\t\t\t\t}\n\t\t\t} else if (!on && clki->enabled) {\n\t\t\t\tclk_disable_unprepare(clki->clk);\n\t\t\t}\n\t\t\tclki->enabled = on;\n\t\t\tdev_dbg(hba->dev, "%s: clk: %s %sabled\\n", __func__,\n\t\t\t\t\tclki->name, on ? "en" : "dis");\n\t\t}\n\t}\n\n\tret = ufshcd_vops_setup_clocks(hba, on, POST_CHANGE);\n\tif (ret)\n\t\treturn ret;\n\n\tif (!ufshcd_is_clkscaling_supported(hba))\n\t\tufshcd_pm_qos_update(hba, on);\nout:\n\tif (ret) {\n\t\tlist_for_each_entry(clki, head, list) {\n\t\t\tif (!IS_ERR_OR_NULL(clki->clk) && clki->enabled)\n\t\t\t\tclk_disable_unprepare(clki->clk);\n\t\t}\n\t} else if (!ret && on) {\n\t\tspin_lock_irqsave(hba->host->host_lock, flags);\n\t\thba->clk_gating.state = CLKS_ON;\n\t\ttrace_ufshcd_clk_gating(dev_name(hba->dev),\n\t\t\t\t\thba->clk_gating.state);\n\t\tspin_unlock_irqrestore(hba->host->host_lock, flags);\n\t}\n\n\tif (clk_state_changed)\n\t\ttrace_ufshcd_profile_clk_gating(dev_name(hba->dev),\n\t\t\t(on ? "on" : "off"),\n\t\t\tktime_to_us(ktime_sub(ktime_get(), start)), ret);\n\treturn ret;\n}\n\nstatic enum ufs_ref_clk_freq ufshcd_parse_ref_clk_property(struct ufs_hba *hba)\n{\n\tu32 freq;\n\tint ret = device_property_read_u32(hba->dev, "ref-clk-freq", &freq);\n\n\tif (ret) {\n\t\tdev_dbg(hba->dev, "Cannot query \'ref-clk-freq\' property = %d", ret);\n\t\treturn REF_CLK_FREQ_INVAL;\n\t}\n\n\treturn ufs_get_bref_clk_from_hz(freq);\n}\n\nstatic int ufshcd_init_clocks(struct ufs_hba *hba)\n{\n\tint ret = 0;\n\tstruct ufs_clk_info *clki;\n\tstruct device *dev = hba->dev;\n\tstruct list_head *head = &hba->clk_list_head;\n\n\tif (list_empty(head))\n\t\tgoto out;\n\n\tlist_for_each_entry(clki, head, list) {\n\t\tif (!clki->name)\n\t\t\tcontinue;\n\n\t\tclki->clk = devm_clk_get(dev, clki->name);\n\t\tif (IS_ERR(clki->clk)) {\n\t\t\tret = PTR_ERR(clki->clk);\n\t\t\tdev_err(dev, "%s: %s clk get failed, %d\\n",\n\t\t\t\t\t__func__, clki->name, ret);\n\t\t\tgoto out;\n\t\t}\n\n\t\t/*\n\t\t * Parse device ref clk freq as per device tree "ref_clk".\n\t\t * Default dev_ref_clk_freq is set to REF_CLK_FREQ_INVAL\n\t\t * in ufshcd_alloc_host().\n\t\t */\n\t\tif (!strcmp(clki->name, "ref_clk"))\n\t\t\tufshcd_parse_dev_ref_clk_freq(hba, clki->clk);\n\n\t\tif (clki->max_freq) {\n\t\t\tret = clk_set_rate(clki->clk, clki->max_freq);\n\t\t\tif (ret) {\n\t\t\t\tdev_err(hba->dev, "%s: %s clk set rate(%dHz) failed, %d\\n",\n\t\t\t\t\t__func__, clki->name,\n\t\t\t\t\tclki->max_freq, ret);\n\t\t\t\tgoto out;\n\t\t\t}\n\t\t\tclki->curr_freq = clki->max_freq;\n\t\t}\n\t\tdev_dbg(dev, "%s: clk: %s, rate: %lu\\n", __func__,\n\t\t\t\tclki->name, clk_get_rate(clki->clk));\n\t}\n\n\t/* Set Max. frequency for all clocks */\n\tif (hba->use_pm_opp) {\n\t\tret = ufshcd_opp_set_rate(hba, ULONG_MAX);\n\t\tif (ret) {\n\t\t\tdev_err(hba->dev, "%s: failed to set OPP: %d", __func__,\n\t\t\t\tret);\n\t\t\tgoto out;\n\t\t}\n\t}\n\nout:\n\treturn ret;\n}\n\nstatic int ufshcd_variant_hba_init(struct ufs_hba *hba)\n{\n\tint err = 0;\n\n\tif (!hba->vops)\n\t\tgoto out;\n\n\terr = ufshcd_vops_init(hba);\n\tif (err)\n\t\tdev_err_probe(hba->dev, err,\n\t\t\t      "%s: variant %s init failed with err %d\\n",\n\t\t\t      __func__, ufshcd_get_var_name(hba), err);\nout:\n\treturn err;\n}\n\nstatic void ufshcd_variant_hba_exit(struct ufs_hba *hba)\n{\n\tif (!hba->vops)\n\t\treturn;\n\n\tufshcd_vops_exit(hba);\n}\n\nstatic int ufshcd_hba_init(struct ufs_hba *hba)\n{\n\tint err;\n\n\t/*\n\t * Handle host controller power separately from the UFS device power\n\t * rails as it will help controlling the UFS host controller power\n\t * collapse easily which is different than UFS device power collapse.\n\t * Also, enable the host controller power before we go ahead with rest\n\t * of the initialization here.\n\t */\n\terr = ufshcd_init_hba_vreg(hba);\n\tif (err)\n\t\tgoto out;\n\n\terr = ufshcd_setup_hba_vreg(hba, true);\n\tif (err)\n\t\tgoto out;\n\n\terr = ufshcd_init_clocks(hba);\n\tif (err)\n\t\tgoto out_disable_hba_vreg;\n\n\tif (hba->dev_ref_clk_freq == REF_CLK_FREQ_INVAL)\n\t\thba->dev_ref_clk_freq = ufshcd_parse_ref_clk_property(hba);\n\n\terr = ufshcd_setup_clocks(hba, true);\n\tif (err)\n\t\tgoto out_disable_hba_vreg;\n\n\terr = ufshcd_init_vreg(hba);\n\tif (err)\n\t\tgoto out_disable_clks;\n\n\terr = ufshcd_setup_vreg(hba, true);\n\tif (err)\n\t\tgoto out_disable_clks;\n\n\terr = ufshcd_variant_hba_init(hba);\n\tif (err)\n\t\tgoto out_disable_vreg;\n\n\tufs_debugfs_hba_init(hba);\n\tufs_fault_inject_hba_init(hba);\n\n\thba->is_powered = true;\n\tgoto out;\n\nout_disable_vreg:\n\tufshcd_setup_vreg(hba, false);\nout_disable_clks:\n\tufshcd_setup_clocks(hba, false);\nout_disable_hba_vreg:\n\tufshcd_setup_hba_vreg(hba, false);\nout:\n\treturn err;\n}\n\nstatic void ufshcd_hba_exit(struct ufs_hba *hba)\n{\n\tif (hba->is_powered) {\n\t\tufshcd_pm_qos_exit(hba);\n\t\tufshcd_exit_clk_scaling(hba);\n\t\tufshcd_exit_clk_gating(hba);\n\t\tif (hba->eh_wq)\n\t\t\tdestroy_workqueue(hba->eh_wq);\n\t\tufs_debugfs_hba_exit(hba);\n\t\tufshcd_variant_hba_exit(hba);\n\t\tufshcd_setup_vreg(hba, false);\n\t\tufshcd_setup_clocks(hba, false);\n\t\tufshcd_setup_hba_vreg(hba, false);\n\t\thba->is_powered = false;\n\t\tufs_put_device_desc(hba);\n\t}\n}\n\nstatic int ufshcd_execute_start_stop(struct scsi_device *sdev,\n\t\t\t\t     enum ufs_dev_pwr_mode pwr_mode,\n\t\t\t\t     struct scsi_sense_hdr *sshdr)\n{\n\tconst unsigned char cdb[6] = { START_STOP, 0, 0, 0, pwr_mode << 4, 0 };\n\tstruct scsi_failure failure_defs[] = {\n\t\t{\n\t\t\t.allowed = 2,\n\t\t\t.result = SCMD_FAILURE_RESULT_ANY,\n\t\t},\n\t};\n\tstruct scsi_failures failures = {\n\t\t.failure_definitions = failure_defs,\n\t};\n\tconst struct scsi_exec_args args = {\n\t\t.failures = &failures,\n\t\t.sshdr = sshdr,\n\t\t.req_flags = BLK_MQ_REQ_PM,\n\t\t.scmd_flags = SCMD_FAIL_IF_RECOVERING,\n\t};\n\n\treturn scsi_execute_cmd(sdev, cdb, REQ_OP_DRV_IN, /*buffer=*/NULL,\n\t\t\t/*bufflen=*/0, /*timeout=*/10 * HZ, /*retries=*/0,\n\t\t\t&args);\n}\n\n/**\n * ufshcd_set_dev_pwr_mode - sends START STOP UNIT command to set device\n *\t\t\t     power mode\n * @hba: per adapter instance\n * @pwr_mode: device power mode to set\n *\n * Return: 0 if requested power mode is set successfully;\n *         < 0 if failed to set the requested power mode.\n */\nstatic int ufshcd_set_dev_pwr_mode(struct ufs_hba *hba,\n\t\t\t\t     enum ufs_dev_pwr_mode pwr_mode)\n{\n\tstruct scsi_sense_hdr sshdr;\n\tstruct scsi_device *sdp;\n\tunsigned long flags;\n\tint ret;\n\n\tspin_lock_irqsave(hba->host->host_lock, flags);\n\tsdp = hba->ufs_device_wlun;\n\tif (sdp && scsi_device_online(sdp))\n\t\tret = scsi_device_get(sdp);\n\telse\n\t\tret = -ENODEV;\n\tspin_unlock_irqrestore(hba->host->host_lock, flags);\n\n\tif (ret)\n\t\treturn ret;\n\n\t/*\n\t * If scsi commands fail, the scsi mid-layer schedules scsi error-\n\t * handling, which would wait for host to be resumed. Since we know\n\t * we are functional while we are here, skip host resume in error\n\t * handling context.\n\t */\n\thba->host->eh_noresume = 1;\n\n\t/*\n\t * Current function would be generally called from the power management\n\t * callbacks hence set the RQF_PM flag so that it doesn\'t resume the\n\t * already suspended childs.\n\t */\n\tret = ufshcd_execute_start_stop(sdp, pwr_mode, &sshdr);\n\tif (ret) {\n\t\tsdev_printk(KERN_WARNING, sdp,\n\t\t\t    "START_STOP failed for power mode: %d, result %x\\n",\n\t\t\t    pwr_mode, ret);\n\t\tif (ret > 0) {\n\t\t\tif (scsi_sense_valid(&sshdr))\n\t\t\t\tscsi_print_sense_hdr(sdp, NULL, &sshdr);\n\t\t\tret = -EIO;\n\t\t}\n\t} else {\n\t\thba->curr_dev_pwr_mode = pwr_mode;\n\t}\n\n\tscsi_device_put(sdp);\n\thba->host->eh_noresume = 0;\n\treturn ret;\n}\n\nstatic int ufshcd_link_state_transition(struct ufs_hba *hba,\n\t\t\t\t\tenum uic_link_state req_link_state,\n\t\t\t\t\tbool check_for_bkops)\n{\n\tint ret = 0;\n\n\tif (req_link_state == hba->uic_link_state)\n\t\treturn 0;\n\n\tif (req_link_state == UIC_LINK_HIBERN8_STATE) {\n\t\tret = ufshcd_uic_hibern8_enter(hba);\n\t\tif (!ret) {\n\t\t\tufshcd_set_link_hibern8(hba);\n\t\t} else {\n\t\t\tdev_err(hba->dev, "%s: hibern8 enter failed %d\\n",\n\t\t\t\t\t__func__, ret);\n\t\t\tgoto out;\n\t\t}\n\t}\n\t/*\n\t * If autobkops is enabled, link can\'t be turned off because\n\t * turning off the link would also turn off the device, except in the\n\t * case of DeepSleep where the device is expected to remain powered.\n\t */\n\telse if ((req_link_state == UIC_LINK_OFF_STATE) &&\n\t\t (!check_for_bkops || !hba->auto_bkops_enabled)) {\n\t\t/*\n\t\t * Let\'s make sure that link is in low power mode, we are doing\n\t\t * this currently by putting the link in Hibern8. Otherway to\n\t\t * put the link in low power mode is to send the DME end point\n\t\t * to device and then send the DME reset command to local\n\t\t * unipro. But putting the link in hibern8 is much faster.\n\t\t *\n\t\t * Note also that putting the link in Hibern8 is a requirement\n\t\t * for entering DeepSleep.\n\t\t */\n\t\tret = ufshcd_uic_hibern8_enter(hba);\n\t\tif (ret) {\n\t\t\tdev_err(hba->dev, "%s: hibern8 enter failed %d\\n",\n\t\t\t\t\t__func__, ret);\n\t\t\tgoto out;\n\t\t}\n\t\t/*\n\t\t * Change controller state to "reset state" which\n\t\t * should also put the link in off/reset state\n\t\t */\n\t\tufshcd_hba_stop(hba);\n\t\t/*\n\t\t * TODO: Check if we need any delay to make sure that\n\t\t * controller is reset\n\t\t */\n\t\tufshcd_set_link_off(hba);\n\t}\n\nout:\n\treturn ret;\n}\n\nstatic void ufshcd_vreg_set_lpm(struct ufs_hba *hba)\n{\n\tbool vcc_off = false;\n\n\t/*\n\t * It seems some UFS devices may keep drawing more than sleep current\n\t * (atleast for 500us) from UFS rails (especially from VCCQ rail).\n\t * To avoid this situation, add 2ms delay before putting these UFS\n\t * rails in LPM mode.\n\t */\n\tif (!ufshcd_is_link_active(hba) &&\n\t    hba->dev_quirks & UFS_DEVICE_QUIRK_DELAY_BEFORE_LPM)\n\t\tusleep_range(2000, 2100);\n\n\t/*\n\t * If UFS device is either in UFS_Sleep turn off VCC rail to save some\n\t * power.\n\t *\n\t * If UFS device and link is in OFF state, all power supplies (VCC,\n\t * VCCQ, VCCQ2) can be turned off if power on write protect is not\n\t * required. If UFS link is inactive (Hibern8 or OFF state) and device\n\t * is in sleep state, put VCCQ & VCCQ2 rails in LPM mode.\n\t *\n\t * Ignore the error returned by ufshcd_toggle_vreg() as device is anyway\n\t * in low power state which would save some power.\n\t *\n\t * If Write Booster is enabled and the device needs to flush the WB\n\t * buffer OR if bkops status is urgent for WB, keep Vcc on.\n\t */\n\tif (ufshcd_is_ufs_dev_poweroff(hba) && ufshcd_is_link_off(hba) &&\n\t    !hba->dev_info.is_lu_power_on_wp) {\n\t\tufshcd_setup_vreg(hba, false);\n\t\tvcc_off = true;\n\t} else if (!ufshcd_is_ufs_dev_active(hba)) {\n\t\tufshcd_toggle_vreg(hba->dev, hba->vreg_info.vcc, false);\n\t\tvcc_off = true;\n\t\tif (ufshcd_is_link_hibern8(hba) || ufshcd_is_link_off(hba)) {\n\t\t\tufshcd_config_vreg_lpm(hba, hba->vreg_info.vccq);\n\t\t\tufshcd_config_vreg_lpm(hba, hba->vreg_info.vccq2);\n\t\t}\n\t}\n\n\t/*\n\t * Some UFS devices require delay after VCC power rail is turned-off.\n\t */\n\tif (vcc_off && hba->vreg_info.vcc &&\n\t\thba->dev_quirks & UFS_DEVICE_QUIRK_DELAY_AFTER_LPM)\n\t\tusleep_range(5000, 5100);\n}\n\n#ifdef CONFIG_PM\nstatic int ufshcd_vreg_set_hpm(struct ufs_hba *hba)\n{\n\tint ret = 0;\n\n\tif (ufshcd_is_ufs_dev_poweroff(hba) && ufshcd_is_link_off(hba) &&\n\t    !hba->dev_info.is_lu_power_on_wp) {\n\t\tret = ufshcd_setup_vreg(hba, true);\n\t} else if (!ufshcd_is_ufs_dev_active(hba)) {\n\t\tif (!ufshcd_is_link_active(hba)) {\n\t\t\tret = ufshcd_config_vreg_hpm(hba, hba->vreg_info.vccq);\n\t\t\tif (ret)\n\t\t\t\tgoto vcc_disable;\n\t\t\tret = ufshcd_config_vreg_hpm(hba, hba->vreg_info.vccq2);\n\t\t\tif (ret)\n\t\t\t\tgoto vccq_lpm;\n\t\t}\n\t\tret = ufshcd_toggle_vreg(hba->dev, hba->vreg_info.vcc, true);\n\t}\n\tgoto out;\n\nvccq_lpm:\n\tufshcd_config_vreg_lpm(hba, hba->vreg_info.vccq);\nvcc_disable:\n\tufshcd_toggle_vreg(hba->dev, hba->vreg_info.vcc, false);\nout:\n\treturn ret;\n}\n#endif /* CONFIG_PM */\n\nstatic void ufshcd_hba_vreg_set_lpm(struct ufs_hba *hba)\n{\n\tif (ufshcd_is_link_off(hba) || ufshcd_can_aggressive_pc(hba))\n\t\tufshcd_setup_hba_vreg(hba, false);\n}\n\nstatic void ufshcd_hba_vreg_set_hpm(struct ufs_hba *hba)\n{\n\tif (ufshcd_is_link_off(hba) || ufshcd_can_aggressive_pc(hba))\n\t\tufshcd_setup_hba_vreg(hba, true);\n}\n\nstatic int __ufshcd_wl_suspend(struct ufs_hba *hba, enum ufs_pm_op pm_op)\n{\n\tint ret = 0;\n\tbool check_for_bkops;\n\tenum ufs_pm_level pm_lvl;\n\tenum ufs_dev_pwr_mode req_dev_pwr_mode;\n\tenum uic_link_state req_link_state;\n\n\thba->pm_op_in_progress = true;\n\tif (pm_op != UFS_SHUTDOWN_PM) {\n\t\tpm_lvl = pm_op == UFS_RUNTIME_PM ?\n\t\t\t hba->rpm_lvl : hba->spm_lvl;\n\t\treq_dev_pwr_mode = ufs_get_pm_lvl_to_dev_pwr_mode(pm_lvl);\n\t\treq_link_state = ufs_get_pm_lvl_to_link_pwr_state(pm_lvl);\n\t} else {\n\t\treq_dev_pwr_mode = UFS_POWERDOWN_PWR_MODE;\n\t\treq_link_state = UIC_LINK_OFF_STATE;\n\t}\n\n\t/*\n\t * If we can\'t transition into any of the low power modes\n\t * just gate the clocks.\n\t */\n\tufshcd_hold(hba);\n\thba->clk_gating.is_suspended = true;\n\n\tif (ufshcd_is_clkscaling_supported(hba))\n\t\tufshcd_clk_scaling_suspend(hba, true);\n\n\tif (req_dev_pwr_mode == UFS_ACTIVE_PWR_MODE &&\n\t\t\treq_link_state == UIC_LINK_ACTIVE_STATE) {\n\t\tgoto vops_suspend;\n\t}\n\n\tif ((req_dev_pwr_mode == hba->curr_dev_pwr_mode) &&\n\t    (req_link_state == hba->uic_link_state))\n\t\tgoto enable_scaling;\n\n\t/* UFS device & link must be active before we enter in this function */\n\tif (!ufshcd_is_ufs_dev_active(hba) || !ufshcd_is_link_active(hba)) {\n\t\t/*  Wait err handler finish or trigger err recovery */\n\t\tif (!ufshcd_eh_in_progress(hba))\n\t\t\tufshcd_force_error_recovery(hba);\n\t\tret = -EBUSY;\n\t\tgoto enable_scaling;\n\t}\n\n\tif (pm_op == UFS_RUNTIME_PM) {\n\t\tif (ufshcd_can_autobkops_during_suspend(hba)) {\n\t\t\t/*\n\t\t\t * The device is idle with no requests in the queue,\n\t\t\t * allow background operations if bkops status shows\n\t\t\t * that performance might be impacted.\n\t\t\t */\n\t\t\tret = ufshcd_bkops_ctrl(hba);\n\t\t\tif (ret) {\n\t\t\t\t/*\n\t\t\t\t * If return err in suspend flow, IO will hang.\n\t\t\t\t * Trigger error handler and break suspend for\n\t\t\t\t * error recovery.\n\t\t\t\t */\n\t\t\t\tufshcd_force_error_recovery(hba);\n\t\t\t\tret = -EBUSY;\n\t\t\t\tgoto enable_scaling;\n\t\t\t}\n\t\t} else {\n\t\t\t/* make sure that auto bkops is disabled */\n\t\t\tufshcd_disable_auto_bkops(hba);\n\t\t}\n\t\t/*\n\t\t * If device needs to do BKOP or WB buffer flush during\n\t\t * Hibern8, keep device power mode as "active power mode"\n\t\t * and VCC supply.\n\t\t */\n\t\thba->dev_info.b_rpm_dev_flush_capable =\n\t\t\thba->auto_bkops_enabled ||\n\t\t\t(((req_link_state == UIC_LINK_HIBERN8_STATE) ||\n\t\t\t((req_link_state == UIC_LINK_ACTIVE_STATE) &&\n\t\t\tufshcd_is_auto_hibern8_enabled(hba))) &&\n\t\t\tufshcd_wb_need_flush(hba));\n\t}\n\n\tflush_work(&hba->eeh_work);\n\n\tret = ufshcd_vops_suspend(hba, pm_op, PRE_CHANGE);\n\tif (ret)\n\t\tgoto enable_scaling;\n\n\tif (req_dev_pwr_mode != hba->curr_dev_pwr_mode) {\n\t\tif (pm_op != UFS_RUNTIME_PM)\n\t\t\t/* ensure that bkops is disabled */\n\t\t\tufshcd_disable_auto_bkops(hba);\n\n\t\tif (!hba->dev_info.b_rpm_dev_flush_capable) {\n\t\t\tret = ufshcd_set_dev_pwr_mode(hba, req_dev_pwr_mode);\n\t\t\tif (ret && pm_op != UFS_SHUTDOWN_PM) {\n\t\t\t\t/*\n\t\t\t\t * If return err in suspend flow, IO will hang.\n\t\t\t\t * Trigger error handler and break suspend for\n\t\t\t\t * error recovery.\n\t\t\t\t */\n\t\t\t\tufshcd_force_error_recovery(hba);\n\t\t\t\tret = -EBUSY;\n\t\t\t}\n\t\t\tif (ret)\n\t\t\t\tgoto enable_scaling;\n\t\t}\n\t}\n\n\t/*\n\t * In the case of DeepSleep, the device is expected to remain powered\n\t * with the link off, so do not check for bkops.\n\t */\n\tcheck_for_bkops = !ufshcd_is_ufs_dev_deepsleep(hba);\n\tret = ufshcd_link_state_transition(hba, req_link_state, check_for_bkops);\n\tif (ret && pm_op != UFS_SHUTDOWN_PM) {\n\t\t/*\n\t\t * If return err in suspend flow, IO will hang.\n\t\t * Trigger error handler and break suspend for\n\t\t * error recovery.\n\t\t */\n\t\tufshcd_force_error_recovery(hba);\n\t\tret = -EBUSY;\n\t}\n\tif (ret)\n\t\tgoto set_dev_active;\n\nvops_suspend:\n\t/*\n\t * Call vendor specific suspend callback. As these callbacks may access\n\t * vendor specific host controller register space call them before the\n\t * host clocks are ON.\n\t */\n\tret = ufshcd_vops_suspend(hba, pm_op, POST_CHANGE);\n\tif (ret)\n\t\tgoto set_link_active;\n\n\tcancel_delayed_work_sync(&hba->ufs_rtc_update_work);\n\tgoto out;\n\nset_link_active:\n\t/*\n\t * Device hardware reset is required to exit DeepSleep. Also, for\n\t * DeepSleep, the link is off so host reset and restore will be done\n\t * further below.\n\t */\n\tif (ufshcd_is_ufs_dev_deepsleep(hba)) {\n\t\tufshcd_device_reset(hba);\n\t\tWARN_ON(!ufshcd_is_link_off(hba));\n\t}\n\tif (ufshcd_is_link_hibern8(hba) && !ufshcd_uic_hibern8_exit(hba))\n\t\tufshcd_set_link_active(hba);\n\telse if (ufshcd_is_link_off(hba))\n\t\tufshcd_host_reset_and_restore(hba);\nset_dev_active:\n\t/* Can also get here needing to exit DeepSleep */\n\tif (ufshcd_is_ufs_dev_deepsleep(hba)) {\n\t\tufshcd_device_reset(hba);\n\t\tufshcd_host_reset_and_restore(hba);\n\t}\n\tif (!ufshcd_set_dev_pwr_mode(hba, UFS_ACTIVE_PWR_MODE))\n\t\tufshcd_disable_auto_bkops(hba);\nenable_scaling:\n\tif (ufshcd_is_clkscaling_supported(hba))\n\t\tufshcd_clk_scaling_suspend(hba, false);\n\n\thba->dev_info.b_rpm_dev_flush_capable = false;\nout:\n\tif (hba->dev_info.b_rpm_dev_flush_capable) {\n\t\tschedule_delayed_work(&hba->rpm_dev_flush_recheck_work,\n\t\t\tmsecs_to_jiffies(RPM_DEV_FLUSH_RECHECK_WORK_DELAY_MS));\n\t}\n\n\tif (ret) {\n\t\tufshcd_update_evt_hist(hba, UFS_EVT_WL_SUSP_ERR, (u32)ret);\n\t\thba->clk_gating.is_suspended = false;\n\t\tufshcd_release(hba);\n\t}\n\thba->pm_op_in_progress = false;\n\treturn ret;\n}\n\n#ifdef CONFIG_PM\nstatic int __ufshcd_wl_resume(struct ufs_hba *hba, enum ufs_pm_op pm_op)\n{\n\tint ret;\n\tenum uic_link_state old_link_state = hba->uic_link_state;\n\n\thba->pm_op_in_progress = true;\n\n\t/*\n\t * Call vendor specific resume callback. As these callbacks may access\n\t * vendor specific host controller register space call them when the\n\t * host clocks are ON.\n\t */\n\tret = ufshcd_vops_resume(hba, pm_op);\n\tif (ret)\n\t\tgoto out;\n\n\t/* For DeepSleep, the only supported option is to have the link off */\n\tWARN_ON(ufshcd_is_ufs_dev_deepsleep(hba) && !ufshcd_is_link_off(hba));\n\n\tif (ufshcd_is_link_hibern8(hba)) {\n\t\tret = ufshcd_uic_hibern8_exit(hba);\n\t\tif (!ret) {\n\t\t\tufshcd_set_link_active(hba);\n\t\t} else {\n\t\t\tdev_err(hba->dev, "%s: hibern8 exit failed %d\\n",\n\t\t\t\t\t__func__, ret);\n\t\t\tgoto vendor_suspend;\n\t\t}\n\t} else if (ufshcd_is_link_off(hba)) {\n\t\t/*\n\t\t * A full initialization of the host and the device is\n\t\t * required since the link was put to off during suspend.\n\t\t * Note, in the case of DeepSleep, the device will exit\n\t\t * DeepSleep due to device reset.\n\t\t */\n\t\tret = ufshcd_reset_and_restore(hba);\n\t\t/*\n\t\t * ufshcd_reset_and_restore() should have already\n\t\t * set the link state as active\n\t\t */\n\t\tif (ret || !ufshcd_is_link_active(hba))\n\t\t\tgoto vendor_suspend;\n\t}\n\n\tif (!ufshcd_is_ufs_dev_active(hba)) {\n\t\tret = ufshcd_set_dev_pwr_mode(hba, UFS_ACTIVE_PWR_MODE);\n\t\tif (ret)\n\t\t\tgoto set_old_link_state;\n\t\tufshcd_set_timestamp_attr(hba);\n\t\tschedule_delayed_work(&hba->ufs_rtc_update_work,\n\t\t\t\t      msecs_to_jiffies(UFS_RTC_UPDATE_INTERVAL_MS));\n\t}\n\n\tif (ufshcd_keep_autobkops_enabled_except_suspend(hba))\n\t\tufshcd_enable_auto_bkops(hba);\n\telse\n\t\t/*\n\t\t * If BKOPs operations are urgently needed at this moment then\n\t\t * keep auto-bkops enabled or else disable it.\n\t\t */\n\t\tufshcd_bkops_ctrl(hba);\n\n\tif (hba->ee_usr_mask)\n\t\tufshcd_write_ee_control(hba);\n\n\tif (ufshcd_is_clkscaling_supported(hba))\n\t\tufshcd_clk_scaling_suspend(hba, false);\n\n\tif (hba->dev_info.b_rpm_dev_flush_capable) {\n\t\thba->dev_info.b_rpm_dev_flush_capable = false;\n\t\tcancel_delayed_work(&hba->rpm_dev_flush_recheck_work);\n\t}\n\n\tufshcd_configure_auto_hibern8(hba);\n\n\tgoto out;\n\nset_old_link_state:\n\tufshcd_link_state_transition(hba, old_link_state, 0);\nvendor_suspend:\n\tufshcd_vops_suspend(hba, pm_op, PRE_CHANGE);\n\tufshcd_vops_suspend(hba, pm_op, POST_CHANGE);\nout:\n\tif (ret)\n\t\tufshcd_update_evt_hist(hba, UFS_EVT_WL_RES_ERR, (u32)ret);\n\thba->clk_gating.is_suspended = false;\n\tufshcd_release(hba);\n\thba->pm_op_in_progress = false;\n\treturn ret;\n}\n\nstatic int ufshcd_wl_runtime_suspend(struct device *dev)\n{\n\tstruct scsi_device *sdev = to_scsi_device(dev);\n\tstruct ufs_hba *hba;\n\tint ret;\n\tktime_t start = ktime_get();\n\n\thba = shost_priv(sdev->host);\n\n\tret = __ufshcd_wl_suspend(hba, UFS_RUNTIME_PM);\n\tif (ret)\n\t\tdev_err(&sdev->sdev_gendev, "%s failed: %d\\n", __func__, ret);\n\n\ttrace_ufshcd_wl_runtime_suspend(dev_name(dev), ret,\n\t\tktime_to_us(ktime_sub(ktime_get(), start)),\n\t\thba->curr_dev_pwr_mode, hba->uic_link_state);\n\n\treturn ret;\n}\n\nstatic int ufshcd_wl_runtime_resume(struct device *dev)\n{\n\tstruct scsi_device *sdev = to_scsi_device(dev);\n\tstruct ufs_hba *hba;\n\tint ret = 0;\n\tktime_t start = ktime_get();\n\n\thba = shost_priv(sdev->host);\n\n\tret = __ufshcd_wl_resume(hba, UFS_RUNTIME_PM);\n\tif (ret)\n\t\tdev_err(&sdev->sdev_gendev, "%s failed: %d\\n", __func__, ret);\n\n\ttrace_ufshcd_wl_runtime_resume(dev_name(dev), ret,\n\t\tktime_to_us(ktime_sub(ktime_get(), start)),\n\t\thba->curr_dev_pwr_mode, hba->uic_link_state);\n\n\treturn ret;\n}\n#endif\n\n#ifdef CONFIG_PM_SLEEP\nstatic int ufshcd_wl_suspend(struct device *dev)\n{\n\tstruct scsi_device *sdev = to_scsi_device(dev);\n\tstruct ufs_hba *hba;\n\tint ret = 0;\n\tktime_t start = ktime_get();\n\n\thba = shost_priv(sdev->host);\n\tdown(&hba->host_sem);\n\thba->system_suspending = true;\n\n\tif (pm_runtime_suspended(dev))\n\t\tgoto out;\n\n\tret = __ufshcd_wl_suspend(hba, UFS_SYSTEM_PM);\n\tif (ret) {\n\t\tdev_err(&sdev->sdev_gendev, "%s failed: %d\\n", __func__,  ret);\n\t\tup(&hba->host_sem);\n\t}\n\nout:\n\tif (!ret)\n\t\thba->is_sys_suspended = true;\n\ttrace_ufshcd_wl_suspend(dev_name(dev), ret,\n\t\tktime_to_us(ktime_sub(ktime_get(), start)),\n\t\thba->curr_dev_pwr_mode, hba->uic_link_state);\n\n\treturn ret;\n}\n\nstatic int ufshcd_wl_resume(struct device *dev)\n{\n\tstruct scsi_device *sdev = to_scsi_device(dev);\n\tstruct ufs_hba *hba;\n\tint ret = 0;\n\tktime_t start = ktime_get();\n\n\thba = shost_priv(sdev->host);\n\n\tif (pm_runtime_suspended(dev))\n\t\tgoto out;\n\n\tret = __ufshcd_wl_resume(hba, UFS_SYSTEM_PM);\n\tif (ret)\n\t\tdev_err(&sdev->sdev_gendev, "%s failed: %d\\n", __func__, ret);\nout:\n\ttrace_ufshcd_wl_resume(dev_name(dev), ret,\n\t\tktime_to_us(ktime_sub(ktime_get(), start)),\n\t\thba->curr_dev_pwr_mode, hba->uic_link_state);\n\tif (!ret)\n\t\thba->is_sys_suspended = false;\n\thba->system_suspending = false;\n\tup(&hba->host_sem);\n\treturn ret;\n}\n#endif\n\n/**\n * ufshcd_suspend - helper function for suspend operations\n * @hba: per adapter instance\n *\n * This function will put disable irqs, turn off clocks\n * and set vreg and hba-vreg in lpm mode.\n *\n * Return: 0 upon success; < 0 upon failure.\n */\nstatic int ufshcd_suspend(struct ufs_hba *hba)\n{\n\tint ret;\n\n\tif (!hba->is_powered)\n\t\treturn 0;\n\t/*\n\t * Disable the host irq as host controller as there won\'t be any\n\t * host controller transaction expected till resume.\n\t */\n\tufshcd_disable_irq(hba);\n\tret = ufshcd_setup_clocks(hba, false);\n\tif (ret) {\n\t\tufshcd_enable_irq(hba);\n\t\treturn ret;\n\t}\n\tif (ufshcd_is_clkgating_allowed(hba)) {\n\t\thba->clk_gating.state = CLKS_OFF;\n\t\ttrace_ufshcd_clk_gating(dev_name(hba->dev),\n\t\t\t\t\thba->clk_gating.state);\n\t}\n\n\tufshcd_vreg_set_lpm(hba);\n\t/* Put the host controller in low power mode if possible */\n\tufshcd_hba_vreg_set_lpm(hba);\n\tufshcd_pm_qos_update(hba, false);\n\treturn ret;\n}\n\n#ifdef CONFIG_PM\n/**\n * ufshcd_resume - helper function for resume operations\n * @hba: per adapter instance\n *\n * This function basically turns on the regulators, clocks and\n * irqs of the hba.\n *\n * Return: 0 for success and non-zero for failure.\n */\nstatic int ufshcd_resume(struct ufs_hba *hba)\n{\n\tint ret;\n\n\tif (!hba->is_powered)\n\t\treturn 0;\n\n\tufshcd_hba_vreg_set_hpm(hba);\n\tret = ufshcd_vreg_set_hpm(hba);\n\tif (ret)\n\t\tgoto out;\n\n\t/* Make sure clocks are enabled before accessing controller */\n\tret = ufshcd_setup_clocks(hba, true);\n\tif (ret)\n\t\tgoto disable_vreg;\n\n\t/* enable the host irq as host controller would be active soon */\n\tufshcd_enable_irq(hba);\n\n\tgoto out;\n\ndisable_vreg:\n\tufshcd_vreg_set_lpm(hba);\nout:\n\tif (ret)\n\t\tufshcd_update_evt_hist(hba, UFS_EVT_RESUME_ERR, (u32)ret);\n\treturn ret;\n}\n#endif /* CONFIG_PM */\n\n#ifdef CONFIG_PM_SLEEP\n/**\n * ufshcd_system_suspend - system suspend callback\n * @dev: Device associated with the UFS controller.\n *\n * Executed before putting the system into a sleep state in which the contents\n * of main memory are preserved.\n *\n * Return: 0 for success and non-zero for failure.\n */\nint ufshcd_system_suspend(struct device *dev)\n{\n\tstruct ufs_hba *hba = dev_get_drvdata(dev);\n\tint ret = 0;\n\tktime_t start = ktime_get();\n\n\tif (pm_runtime_suspended(hba->dev))\n\t\tgoto out;\n\n\tret = ufshcd_suspend(hba);\nout:\n\ttrace_ufshcd_system_suspend(dev_name(hba->dev), ret,\n\t\tktime_to_us(ktime_sub(ktime_get(), start)),\n\t\thba->curr_dev_pwr_mode, hba->uic_link_state);\n\treturn ret;\n}\nEXPORT_SYMBOL(ufshcd_system_suspend);\n\n/**\n * ufshcd_system_resume - system resume callback\n * @dev: Device associated with the UFS controller.\n *\n * Executed after waking the system up from a sleep state in which the contents\n * of main memory were preserved.\n *\n * Return: 0 for success and non-zero for failure.\n */\nint ufshcd_system_resume(struct device *dev)\n{\n\tstruct ufs_hba *hba = dev_get_drvdata(dev);\n\tktime_t start = ktime_get();\n\tint ret = 0;\n\n\tif (pm_runtime_suspended(hba->dev))\n\t\tgoto out;\n\n\tret = ufshcd_resume(hba);\n\nout:\n\ttrace_ufshcd_system_resume(dev_name(hba->dev), ret,\n\t\tktime_to_us(ktime_sub(ktime_get(), start)),\n\t\thba->curr_dev_pwr_mode, hba->uic_link_state);\n\n\treturn ret;\n}\nEXPORT_SYMBOL(ufshcd_system_resume);\n#endif /* CONFIG_PM_SLEEP */\n\n#ifdef CONFIG_PM\n/**\n * ufshcd_runtime_suspend - runtime suspend callback\n * @dev: Device associated with the UFS controller.\n *\n * Check the description of ufshcd_suspend() function for more details.\n *\n * Return: 0 for success and non-zero for failure.\n */\nint ufshcd_runtime_suspend(struct device *dev)\n{\n\tstruct ufs_hba *hba = dev_get_drvdata(dev);\n\tint ret;\n\tktime_t start = ktime_get();\n\n\tret = ufshcd_suspend(hba);\n\n\ttrace_ufshcd_runtime_suspend(dev_name(hba->dev), ret,\n\t\tktime_to_us(ktime_sub(ktime_get(), start)),\n\t\thba->curr_dev_pwr_mode, hba->uic_link_state);\n\treturn ret;\n}\nEXPORT_SYMBOL(ufshcd_runtime_suspend);\n\n/**\n * ufshcd_runtime_resume - runtime resume routine\n * @dev: Device associated with the UFS controller.\n *\n * This function basically brings controller\n * to active state. Following operations are done in this function:\n *\n * 1. Turn on all the controller related clocks\n * 2. Turn ON VCC rail\n *\n * Return: 0 upon success; < 0 upon failure.\n */\nint ufshcd_runtime_resume(struct device *dev)\n{\n\tstruct ufs_hba *hba = dev_get_drvdata(dev);\n\tint ret;\n\tktime_t start = ktime_get();\n\n\tret = ufshcd_resume(hba);\n\n\ttrace_ufshcd_runtime_resume(dev_name(hba->dev), ret,\n\t\tktime_to_us(ktime_sub(ktime_get(), start)),\n\t\thba->curr_dev_pwr_mode, hba->uic_link_state);\n\treturn ret;\n}\nEXPORT_SYMBOL(ufshcd_runtime_resume);\n#endif /* CONFIG_PM */\n\nstatic void ufshcd_wl_shutdown(struct device *dev)\n{\n\tstruct scsi_device *sdev = to_scsi_device(dev);\n\tstruct ufs_hba *hba = shost_priv(sdev->host);\n\n\tdown(&hba->host_sem);\n\thba->shutting_down = true;\n\tup(&hba->host_sem);\n\n\t/* Turn on everything while shutting down */\n\tufshcd_rpm_get_sync(hba);\n\tscsi_device_quiesce(sdev);\n\tshost_for_each_device(sdev, hba->host) {\n\t\tif (sdev == hba->ufs_device_wlun)\n\t\t\tcontinue;\n\t\tmutex_lock(&sdev->state_mutex);\n\t\tscsi_device_set_state(sdev, SDEV_OFFLINE);\n\t\tmutex_unlock(&sdev->state_mutex);\n\t}\n\t__ufshcd_wl_suspend(hba, UFS_SHUTDOWN_PM);\n\n\t/*\n\t * Next, turn off the UFS controller and the UFS regulators. Disable\n\t * clocks.\n\t */\n\tif (ufshcd_is_ufs_dev_poweroff(hba) && ufshcd_is_link_off(hba))\n\t\tufshcd_suspend(hba);\n\n\thba->is_powered = false;\n}\n\n/**\n * ufshcd_remove - de-allocate SCSI host and host memory space\n *\t\tdata structure memory\n * @hba: per adapter instance\n */\nvoid ufshcd_remove(struct ufs_hba *hba)\n{\n\tif (hba->ufs_device_wlun)\n\t\tufshcd_rpm_get_sync(hba);\n\tufs_hwmon_remove(hba);\n\tufs_bsg_remove(hba);\n\tufs_sysfs_remove_nodes(hba->dev);\n\tblk_mq_destroy_queue(hba->tmf_queue);\n\tblk_put_queue(hba->tmf_queue);\n\tblk_mq_free_tag_set(&hba->tmf_tag_set);\n\tif (hba->scsi_host_added)\n\t\tscsi_remove_host(hba->host);\n\t/* disable interrupts */\n\tufshcd_disable_intr(hba, hba->intr_mask);\n\tufshcd_hba_stop(hba);\n\tufshcd_hba_exit(hba);\n}\nEXPORT_SYMBOL_GPL(ufshcd_remove);\n\n#ifdef CONFIG_PM_SLEEP\nint ufshcd_system_freeze(struct device *dev)\n{\n\n\treturn ufshcd_system_suspend(dev);\n\n}\nEXPORT_SYMBOL_GPL(ufshcd_system_freeze);\n\nint ufshcd_system_restore(struct device *dev)\n{\n\n\tstruct ufs_hba *hba = dev_get_drvdata(dev);\n\tint ret;\n\n\tret = ufshcd_system_resume(dev);\n\tif (ret)\n\t\treturn ret;\n\n\t/* Configure UTRL and UTMRL base address registers */\n\tufshcd_writel(hba, lower_32_bits(hba->utrdl_dma_addr),\n\t\t\tREG_UTP_TRANSFER_REQ_LIST_BASE_L);\n\tufshcd_writel(hba, upper_32_bits(hba->utrdl_dma_addr),\n\t\t\tREG_UTP_TRANSFER_REQ_LIST_BASE_H);\n\tufshcd_writel(hba, lower_32_bits(hba->utmrdl_dma_addr),\n\t\t\tREG_UTP_TASK_REQ_LIST_BASE_L);\n\tufshcd_writel(hba, upper_32_bits(hba->utmrdl_dma_addr),\n\t\t\tREG_UTP_TASK_REQ_LIST_BASE_H);\n\t/*\n\t * Make sure that UTRL and UTMRL base address registers\n\t * are updated with the latest queue addresses. Only after\n\t * updating these addresses, we can queue the new commands.\n\t */\n\tufshcd_readl(hba, REG_UTP_TASK_REQ_LIST_BASE_H);\n\n\treturn 0;\n\n}\nEXPORT_SYMBOL_GPL(ufshcd_system_restore);\n\nint ufshcd_system_thaw(struct device *dev)\n{\n\treturn ufshcd_system_resume(dev);\n}\nEXPORT_SYMBOL_GPL(ufshcd_system_thaw);\n#endif /* CONFIG_PM_SLEEP  */\n\n/**\n * ufshcd_dealloc_host - deallocate Host Bus Adapter (HBA)\n * @hba: pointer to Host Bus Adapter (HBA)\n */\nvoid ufshcd_dealloc_host(struct ufs_hba *hba)\n{\n\tscsi_host_put(hba->host);\n}\nEXPORT_SYMBOL_GPL(ufshcd_dealloc_host);\n\n/**\n * ufshcd_set_dma_mask - Set dma mask based on the controller\n *\t\t\t addressing capability\n * @hba: per adapter instance\n *\n * Return: 0 for success, non-zero for failure.\n */\nstatic int ufshcd_set_dma_mask(struct ufs_hba *hba)\n{\n\tif (hba->capabilities & MASK_64_ADDRESSING_SUPPORT) {\n\t\tif (!dma_set_mask_and_coherent(hba->dev, DMA_BIT_MASK(64)))\n\t\t\treturn 0;\n\t}\n\treturn dma_set_mask_and_coherent(hba->dev, DMA_BIT_MASK(32));\n}\n\n/**\n * ufshcd_alloc_host - allocate Host Bus Adapter (HBA)\n * @dev: pointer to device handle\n * @hba_handle: driver private handle\n *\n * Return: 0 on success, non-zero value on failure.\n */\nint ufshcd_alloc_host(struct device *dev, struct ufs_hba **hba_handle)\n{\n\tstruct Scsi_Host *host;\n\tstruct ufs_hba *hba;\n\tint err = 0;\n\n\tif (!dev) {\n\t\tdev_err(dev,\n\t\t"Invalid memory reference for dev is NULL\\n");\n\t\terr = -ENODEV;\n\t\tgoto out_error;\n\t}\n\n\thost = scsi_host_alloc(&ufshcd_driver_template,\n\t\t\t\tsizeof(struct ufs_hba));\n\tif (!host) {\n\t\tdev_err(dev, "scsi_host_alloc failed\\n");\n\t\terr = -ENOMEM;\n\t\tgoto out_error;\n\t}\n\thost->nr_maps = HCTX_TYPE_POLL + 1;\n\thba = shost_priv(host);\n\thba->host = host;\n\thba->dev = dev;\n\thba->dev_ref_clk_freq = REF_CLK_FREQ_INVAL;\n\thba->nop_out_timeout = NOP_OUT_TIMEOUT;\n\tufshcd_set_sg_entry_size(hba, sizeof(struct ufshcd_sg_entry));\n\tINIT_LIST_HEAD(&hba->clk_list_head);\n\tspin_lock_init(&hba->outstanding_lock);\n\n\t*hba_handle = hba;\n\nout_error:\n\treturn err;\n}\nEXPORT_SYMBOL(ufshcd_alloc_host);\n\n/* This function exists because blk_mq_alloc_tag_set() requires this. */\nstatic blk_status_t ufshcd_queue_tmf(struct blk_mq_hw_ctx *hctx,\n\t\t\t\t     const struct blk_mq_queue_data *qd)\n{\n\tWARN_ON_ONCE(true);\n\treturn BLK_STS_NOTSUPP;\n}\n\nstatic const struct blk_mq_ops ufshcd_tmf_ops = {\n\t.queue_rq = ufshcd_queue_tmf,\n};\n\n/**\n * ufshcd_init - Driver initialization routine\n * @hba: per-adapter instance\n * @mmio_base: base register address\n * @irq: Interrupt line of device\n *\n * Return: 0 on success, non-zero value on failure.\n */\nint ufshcd_init(struct ufs_hba *hba, void __iomem *mmio_base, unsigned int irq)\n{\n\tint err;\n\tstruct Scsi_Host *host = hba->host;\n\tstruct device *dev = hba->dev;\n\n\t/*\n\t * dev_set_drvdata() must be called before any callbacks are registered\n\t * that use dev_get_drvdata() (frequency scaling, clock scaling, hwmon,\n\t * sysfs).\n\t */\n\tdev_set_drvdata(dev, hba);\n\n\tif (!mmio_base) {\n\t\tdev_err(hba->dev,\n\t\t"Invalid memory reference for mmio_base is NULL\\n");\n\t\terr = -ENODEV;\n\t\tgoto out_error;\n\t}\n\n\thba->mmio_base = mmio_base;\n\thba->irq = irq;\n\thba->vps = &ufs_hba_vps;\n\n\terr = ufshcd_hba_init(hba);\n\tif (err)\n\t\tgoto out_error;\n\n\t/* Read capabilities registers */\n\terr = ufshcd_hba_capabilities(hba);\n\tif (err)\n\t\tgoto out_disable;\n\n\t/* Get UFS version supported by the controller */\n\thba->ufs_version = ufshcd_get_ufs_version(hba);\n\n\t/* Get Interrupt bit mask per version */\n\thba->intr_mask = ufshcd_get_intr_mask(hba);\n\n\terr = ufshcd_set_dma_mask(hba);\n\tif (err) {\n\t\tdev_err(hba->dev, "set dma mask failed\\n");\n\t\tgoto out_disable;\n\t}\n\n\t/* Allocate memory for host memory space */\n\terr = ufshcd_memory_alloc(hba);\n\tif (err) {\n\t\tdev_err(hba->dev, "Memory allocation failed\\n");\n\t\tgoto out_disable;\n\t}\n\n\t/* Configure LRB */\n\tufshcd_host_memory_configure(hba);\n\n\thost->can_queue = hba->nutrs - UFSHCD_NUM_RESERVED;\n\thost->cmd_per_lun = hba->nutrs - UFSHCD_NUM_RESERVED;\n\thost->max_id = UFSHCD_MAX_ID;\n\thost->max_lun = UFS_MAX_LUNS;\n\thost->max_channel = UFSHCD_MAX_CHANNEL;\n\thost->unique_id = host->host_no;\n\thost->max_cmd_len = UFS_CDB_SIZE;\n\thost->queuecommand_may_block = !!(hba->caps & UFSHCD_CAP_CLK_GATING);\n\n\t/* Use default RPM delay if host not set */\n\tif (host->rpm_autosuspend_delay == 0)\n\t\thost->rpm_autosuspend_delay = RPM_AUTOSUSPEND_DELAY_MS;\n\n\thba->max_pwr_info.is_valid = false;\n\n\t/* Initialize work queues */\n\thba->eh_wq = alloc_ordered_workqueue("ufs_eh_wq_%d", WQ_MEM_RECLAIM,\n\t\t\t\t\t     hba->host->host_no);\n\tif (!hba->eh_wq) {\n\t\tdev_err(hba->dev, "%s: failed to create eh workqueue\\n",\n\t\t\t__func__);\n\t\terr = -ENOMEM;\n\t\tgoto out_disable;\n\t}\n\tINIT_WORK(&hba->eh_work, ufshcd_err_handler);\n\tINIT_WORK(&hba->eeh_work, ufshcd_exception_event_handler);\n\n\tsema_init(&hba->host_sem, 1);\n\n\t/* Initialize UIC command mutex */\n\tmutex_init(&hba->uic_cmd_mutex);\n\n\t/* Initialize mutex for device management commands */\n\tmutex_init(&hba->dev_cmd.lock);\n\n\t/* Initialize mutex for exception event control */\n\tmutex_init(&hba->ee_ctrl_mutex);\n\n\tmutex_init(&hba->wb_mutex);\n\tinit_rwsem(&hba->clk_scaling_lock);\n\n\tufshcd_init_clk_gating(hba);\n\n\tufshcd_init_clk_scaling(hba);\n\n\t/*\n\t * In order to avoid any spurious interrupt immediately after\n\t * registering UFS controller interrupt handler, clear any pending UFS\n\t * interrupt status and disable all the UFS interrupts.\n\t */\n\tufshcd_writel(hba, ufshcd_readl(hba, REG_INTERRUPT_STATUS),\n\t\t      REG_INTERRUPT_STATUS);\n\tufshcd_writel(hba, 0, REG_INTERRUPT_ENABLE);\n\t/*\n\t * Make sure that UFS interrupts are disabled and any pending interrupt\n\t * status is cleared before registering UFS interrupt handler.\n\t */\n\tufshcd_readl(hba, REG_INTERRUPT_ENABLE);\n\n\t/* IRQ registration */\n\terr = devm_request_irq(dev, irq, ufshcd_intr, IRQF_SHARED, UFSHCD, hba);\n\tif (err) {\n\t\tdev_err(hba->dev, "request irq failed\\n");\n\t\tgoto out_disable;\n\t} else {\n\t\thba->is_irq_enabled = true;\n\t}\n\n\tif (!is_mcq_supported(hba)) {\n\t\tif (!hba->lsdb_sup) {\n\t\t\tdev_err(hba->dev, "%s: failed to initialize (legacy doorbell mode not supported)\\n",\n\t\t\t\t__func__);\n\t\t\terr = -EINVAL;\n\t\t\tgoto out_disable;\n\t\t}\n\t\terr = scsi_add_host(host, hba->dev);\n\t\tif (err) {\n\t\t\tdev_err(hba->dev, "scsi_add_host failed\\n");\n\t\t\tgoto out_disable;\n\t\t}\n\t\thba->scsi_host_added = true;\n\t}\n\n\thba->tmf_tag_set = (struct blk_mq_tag_set) {\n\t\t.nr_hw_queues\t= 1,\n\t\t.queue_depth\t= hba->nutmrs,\n\t\t.ops\t\t= &ufshcd_tmf_ops,\n\t\t.flags\t\t= BLK_MQ_F_NO_SCHED,\n\t};\n\terr = blk_mq_alloc_tag_set(&hba->tmf_tag_set);\n\tif (err < 0)\n\t\tgoto out_remove_scsi_host;\n\thba->tmf_queue = blk_mq_alloc_queue(&hba->tmf_tag_set, NULL, NULL);\n\tif (IS_ERR(hba->tmf_queue)) {\n\t\terr = PTR_ERR(hba->tmf_queue);\n\t\tgoto free_tmf_tag_set;\n\t}\n\thba->tmf_rqs = devm_kcalloc(hba->dev, hba->nutmrs,\n\t\t\t\t    sizeof(*hba->tmf_rqs), GFP_KERNEL);\n\tif (!hba->tmf_rqs) {\n\t\terr = -ENOMEM;\n\t\tgoto free_tmf_queue;\n\t}\n\n\t/* Reset the attached device */\n\tufshcd_device_reset(hba);\n\n\tufshcd_init_crypto(hba);\n\n\t/* Host controller enable */\n\terr = ufshcd_hba_enable(hba);\n\tif (err) {\n\t\tdev_err(hba->dev, "Host controller enable failed\\n");\n\t\tufshcd_print_evt_hist(hba);\n\t\tufshcd_print_host_state(hba);\n\t\tgoto free_tmf_queue;\n\t}\n\n\t/*\n\t * Set the default power management level for runtime and system PM.\n\t * Default power saving mode is to keep UFS link in Hibern8 state\n\t * and UFS device in sleep state.\n\t */\n\thba->rpm_lvl = ufs_get_desired_pm_lvl_for_dev_link_state(\n\t\t\t\t\t\tUFS_SLEEP_PWR_MODE,\n\t\t\t\t\t\tUIC_LINK_HIBERN8_STATE);\n\thba->spm_lvl = ufs_get_desired_pm_lvl_for_dev_link_state(\n\t\t\t\t\t\tUFS_SLEEP_PWR_MODE,\n\t\t\t\t\t\tUIC_LINK_HIBERN8_STATE);\n\n\tINIT_DELAYED_WORK(&hba->rpm_dev_flush_recheck_work, ufshcd_rpm_dev_flush_recheck_work);\n\tINIT_DELAYED_WORK(&hba->ufs_rtc_update_work, ufshcd_rtc_work);\n\n\t/* Set the default auto-hiberate idle timer value to 150 ms */\n\tif (ufshcd_is_auto_hibern8_supported(hba) && !hba->ahit) {\n\t\thba->ahit = FIELD_PREP(UFSHCI_AHIBERN8_TIMER_MASK, 150) |\n\t\t\t    FIELD_PREP(UFSHCI_AHIBERN8_SCALE_MASK, 3);\n\t}\n\n\t/* Hold auto suspend until async scan completes */\n\tpm_runtime_get_sync(dev);\n\tatomic_set(&hba->scsi_block_reqs_cnt, 0);\n\t/*\n\t * We are assuming that device wasn\'t put in sleep/power-down\n\t * state exclusively during the boot stage before kernel.\n\t * This assumption helps avoid doing link startup twice during\n\t * ufshcd_probe_hba().\n\t */\n\tufshcd_set_ufs_dev_active(hba);\n\n\tasync_schedule(ufshcd_async_scan, hba);\n\tufs_sysfs_add_nodes(hba->dev);\n\n\tdevice_enable_async_suspend(dev);\n\tufshcd_pm_qos_init(hba);\n\treturn 0;\n\nfree_tmf_queue:\n\tblk_mq_destroy_queue(hba->tmf_queue);\n\tblk_put_queue(hba->tmf_queue);\nfree_tmf_tag_set:\n\tblk_mq_free_tag_set(&hba->tmf_tag_set);\nout_remove_scsi_host:\n\tif (hba->scsi_host_added)\n\t\tscsi_remove_host(hba->host);\nout_disable:\n\thba->is_irq_enabled = false;\n\tufshcd_hba_exit(hba);\nout_error:\n\treturn err;\n}\nEXPORT_SYMBOL_GPL(ufshcd_init);\n\nvoid ufshcd_resume_complete(struct device *dev)\n{\n\tstruct ufs_hba *hba = dev_get_drvdata(dev);\n\n\tif (hba->complete_put) {\n\t\tufshcd_rpm_put(hba);\n\t\thba->complete_put = false;\n\t}\n}\nEXPORT_SYMBOL_GPL(ufshcd_resume_complete);\n\nstatic bool ufshcd_rpm_ok_for_spm(struct ufs_hba *hba)\n{\n\tstruct device *dev = &hba->ufs_device_wlun->sdev_gendev;\n\tenum ufs_dev_pwr_mode dev_pwr_mode;\n\tenum uic_link_state link_state;\n\tunsigned long flags;\n\tbool res;\n\n\tspin_lock_irqsave(&dev->power.lock, flags);\n\tdev_pwr_mode = ufs_get_pm_lvl_to_dev_pwr_mode(hba->spm_lvl);\n\tlink_state = ufs_get_pm_lvl_to_link_pwr_state(hba->spm_lvl);\n\tres = pm_runtime_suspended(dev) &&\n\t      hba->curr_dev_pwr_mode == dev_pwr_mode &&\n\t      hba->uic_link_state == link_state &&\n\t      !hba->dev_info.b_rpm_dev_flush_capable;\n\tspin_unlock_irqrestore(&dev->power.lock, flags);\n\n\treturn res;\n}\n\nint __ufshcd_suspend_prepare(struct device *dev, bool rpm_ok_for_spm)\n{\n\tstruct ufs_hba *hba = dev_get_drvdata(dev);\n\tint ret;\n\n\t/*\n\t * SCSI assumes that runtime-pm and system-pm for scsi drivers\n\t * are same. And it doesn\'t wake up the device for system-suspend\n\t * if it\'s runtime suspended. But ufs doesn\'t follow that.\n\t * Refer ufshcd_resume_complete()\n\t */\n\tif (hba->ufs_device_wlun) {\n\t\t/* Prevent runtime suspend */\n\t\tufshcd_rpm_get_noresume(hba);\n\t\t/*\n\t\t * Check if already runtime suspended in same state as system\n\t\t * suspend would be.\n\t\t */\n\t\tif (!rpm_ok_for_spm || !ufshcd_rpm_ok_for_spm(hba)) {\n\t\t\t/* RPM state is not ok for SPM, so runtime resume */\n\t\t\tret = ufshcd_rpm_resume(hba);\n\t\t\tif (ret < 0 && ret != -EACCES) {\n\t\t\t\tufshcd_rpm_put(hba);\n\t\t\t\treturn ret;\n\t\t\t}\n\t\t}\n\t\thba->complete_put = true;\n\t}\n\treturn 0;\n}\nEXPORT_SYMBOL_GPL(__ufshcd_suspend_prepare);\n\nint ufshcd_suspend_prepare(struct device *dev)\n{\n\treturn __ufshcd_suspend_prepare(dev, true);\n}\nEXPORT_SYMBOL_GPL(ufshcd_suspend_prepare);\n\n#ifdef CONFIG_PM_SLEEP\nstatic int ufshcd_wl_poweroff(struct device *dev)\n{\n\tstruct scsi_device *sdev = to_scsi_device(dev);\n\tstruct ufs_hba *hba = shost_priv(sdev->host);\n\n\t__ufshcd_wl_suspend(hba, UFS_SHUTDOWN_PM);\n\treturn 0;\n}\n#endif\n\nstatic int ufshcd_wl_probe(struct device *dev)\n{\n\tstruct scsi_device *sdev = to_scsi_device(dev);\n\n\tif (!is_device_wlun(sdev))\n\t\treturn -ENODEV;\n\n\tblk_pm_runtime_init(sdev->request_queue, dev);\n\tpm_runtime_set_autosuspend_delay(dev, 0);\n\tpm_runtime_allow(dev);\n\n\treturn  0;\n}\n\nstatic int ufshcd_wl_remove(struct device *dev)\n{\n\tpm_runtime_forbid(dev);\n\treturn 0;\n}\n\nstatic const struct dev_pm_ops ufshcd_wl_pm_ops = {\n#ifdef CONFIG_PM_SLEEP\n\t.suspend = ufshcd_wl_suspend,\n\t.resume = ufshcd_wl_resume,\n\t.freeze = ufshcd_wl_suspend,\n\t.thaw = ufshcd_wl_resume,\n\t.poweroff = ufshcd_wl_poweroff,\n\t.restore = ufshcd_wl_resume,\n#endif\n\tSET_RUNTIME_PM_OPS(ufshcd_wl_runtime_suspend, ufshcd_wl_runtime_resume, NULL)\n};\n\nstatic void ufshcd_check_header_layout(void)\n{\n\t/*\n\t * gcc compilers before version 10 cannot do constant-folding for\n\t * sub-byte bitfields. Hence skip the layout checks for gcc 9 and\n\t * before.\n\t */\n\tif (IS_ENABLED(CONFIG_CC_IS_GCC) && CONFIG_GCC_VERSION < 100000)\n\t\treturn;\n\n\tBUILD_BUG_ON(((u8 *)&(struct request_desc_header){\n\t\t\t\t.cci = 3})[0] != 3);\n\n\tBUILD_BUG_ON(((u8 *)&(struct request_desc_header){\n\t\t\t\t.ehs_length = 2})[1] != 2);\n\n\tBUILD_BUG_ON(((u8 *)&(struct request_desc_header){\n\t\t\t\t.enable_crypto = 1})[2]\n\t\t     != 0x80);\n\n\tBUILD_BUG_ON((((u8 *)&(struct request_desc_header){\n\t\t\t\t\t.command_type = 5,\n\t\t\t\t\t.data_direction = 3,\n\t\t\t\t\t.interrupt = 1,\n\t\t\t\t})[3]) != ((5 << 4) | (3 << 1) | 1));\n\n\tBUILD_BUG_ON(((__le32 *)&(struct request_desc_header){\n\t\t\t\t.dunl = cpu_to_le32(0xdeadbeef)})[1] !=\n\t\tcpu_to_le32(0xdeadbeef));\n\n\tBUILD_BUG_ON(((u8 *)&(struct request_desc_header){\n\t\t\t\t.ocs = 4})[8] != 4);\n\n\tBUILD_BUG_ON(((u8 *)&(struct request_desc_header){\n\t\t\t\t.cds = 5})[9] != 5);\n\n\tBUILD_BUG_ON(((__le32 *)&(struct request_desc_header){\n\t\t\t\t.dunu = cpu_to_le32(0xbadcafe)})[3] !=\n\t\tcpu_to_le32(0xbadcafe));\n\n\tBUILD_BUG_ON(((u8 *)&(struct utp_upiu_header){\n\t\t\t     .iid = 0xf })[4] != 0xf0);\n\n\tBUILD_BUG_ON(((u8 *)&(struct utp_upiu_header){\n\t\t\t     .command_set_type = 0xf })[4] != 0xf);\n}\n\n/*\n * ufs_dev_wlun_template - describes ufs device wlun\n * ufs-device wlun - used to send pm commands\n * All luns are consumers of ufs-device wlun.\n *\n * Currently, no sd driver is present for wluns.\n * Hence the no specific pm operations are performed.\n * With ufs design, SSU should be sent to ufs-device wlun.\n * Hence register a scsi driver for ufs wluns only.\n */\nstatic struct scsi_driver ufs_dev_wlun_template = {\n\t.gendrv = {\n\t\t.name = "ufs_device_wlun",\n\t\t.probe = ufshcd_wl_probe,\n\t\t.remove = ufshcd_wl_remove,\n\t\t.pm = &ufshcd_wl_pm_ops,\n\t\t.shutdown = ufshcd_wl_shutdown,\n\t},\n};\n\nstatic int __init ufshcd_core_init(void)\n{\n\tint ret;\n\n\tufshcd_check_header_layout();\n\n\tufs_debugfs_init();\n\n\tret = scsi_register_driver(&ufs_dev_wlun_template.gendrv);\n\tif (ret)\n\t\tufs_debugfs_exit();\n\treturn ret;\n}\n\nstatic void __exit ufshcd_core_exit(void)\n{\n\tufs_debugfs_exit();\n\tscsi_unregister_driver(&ufs_dev_wlun_template.gendrv);\n}\n\nmodule_init(ufshcd_core_init);\nmodule_exit(ufshcd_core_exit);\n\nMODULE_AUTHOR("Santosh Yaragnavi <santosh.sy@samsung.com>");\nMODULE_AUTHOR("Vinayak Holikatti <h.vinayak@samsung.com>");\nMODULE_DESCRIPTION("Generic UFS host controller driver Core");\nMODULE_SOFTDEP("pre: governor_simpleondemand");\nMODULE_LICENSE("GPL");\n', 'sha': None}, {'filename': 'drivers/ufs/host/ufshcd-pci.c', 'content': '// SPDX-License-Identifier: GPL-2.0-or-later\n/*\n * Universal Flash Storage Host controller PCI glue driver\n *\n * Copyright (C) 2011-2013 Samsung India Software Operations\n *\n * Authors:\n *\tSantosh Yaraganavi <santosh.sy@samsung.com>\n *\tVinayak Holikatti <h.vinayak@samsung.com>\n */\n\n#include <ufs/ufshcd.h>\n#include <linux/delay.h>\n#include <linux/module.h>\n#include <linux/pci.h>\n#include <linux/pm_runtime.h>\n#include <linux/pm_qos.h>\n#include <linux/debugfs.h>\n#include <linux/uuid.h>\n#include <linux/acpi.h>\n#include <linux/gpio/consumer.h>\n\n#define MAX_SUPP_MAC 64\n\nstruct ufs_host {\n\tvoid (*late_init)(struct ufs_hba *hba);\n};\n\nenum intel_ufs_dsm_func_id {\n\tINTEL_DSM_FNS\t\t=  0,\n\tINTEL_DSM_RESET\t\t=  1,\n};\n\nstruct intel_host {\n\tstruct ufs_host ufs_host;\n\tu32\t\tdsm_fns;\n\tu32\t\tactive_ltr;\n\tu32\t\tidle_ltr;\n\tstruct dentry\t*debugfs_root;\n\tstruct gpio_desc *reset_gpio;\n};\n\nstatic const guid_t intel_dsm_guid =\n\tGUID_INIT(0x1A4832A0, 0x7D03, 0x43CA,\n\t\t  0xB0, 0x20, 0xF6, 0xDC, 0xD1, 0x2A, 0x19, 0x50);\n\nstatic bool __intel_dsm_supported(struct intel_host *host,\n\t\t\t\t  enum intel_ufs_dsm_func_id fn)\n{\n\treturn fn < 32 && fn >= 0 && (host->dsm_fns & (1u << fn));\n}\n\n#define INTEL_DSM_SUPPORTED(host, name) \\\n\t__intel_dsm_supported(host, INTEL_DSM_##name)\n\nstatic int __intel_dsm(struct intel_host *intel_host, struct device *dev,\n\t\t       unsigned int fn, u32 *result)\n{\n\tunion acpi_object *obj;\n\tint err = 0;\n\tsize_t len;\n\n\tobj = acpi_evaluate_dsm_typed(ACPI_HANDLE(dev), &intel_dsm_guid, 0, fn, NULL,\n\t\t\t\t      ACPI_TYPE_BUFFER);\n\tif (!obj)\n\t\treturn -EOPNOTSUPP;\n\n\tif (obj->buffer.length < 1) {\n\t\terr = -EINVAL;\n\t\tgoto out;\n\t}\n\n\tlen = min_t(size_t, obj->buffer.length, 4);\n\n\t*result = 0;\n\tmemcpy(result, obj->buffer.pointer, len);\nout:\n\tACPI_FREE(obj);\n\n\treturn err;\n}\n\nstatic int intel_dsm(struct intel_host *intel_host, struct device *dev,\n\t\t     unsigned int fn, u32 *result)\n{\n\tif (!__intel_dsm_supported(intel_host, fn))\n\t\treturn -EOPNOTSUPP;\n\n\treturn __intel_dsm(intel_host, dev, fn, result);\n}\n\nstatic void intel_dsm_init(struct intel_host *intel_host, struct device *dev)\n{\n\tint err;\n\n\terr = __intel_dsm(intel_host, dev, INTEL_DSM_FNS, &intel_host->dsm_fns);\n\tdev_dbg(dev, "DSM fns %#x, error %d\\n", intel_host->dsm_fns, err);\n}\n\nstatic int ufs_intel_hce_enable_notify(struct ufs_hba *hba,\n\t\t\t\t       enum ufs_notify_change_status status)\n{\n\t/* Cannot enable ICE until after HC enable */\n\tif (status == POST_CHANGE && hba->caps & UFSHCD_CAP_CRYPTO) {\n\t\tu32 hce = ufshcd_readl(hba, REG_CONTROLLER_ENABLE);\n\n\t\thce |= CRYPTO_GENERAL_ENABLE;\n\t\tufshcd_writel(hba, hce, REG_CONTROLLER_ENABLE);\n\t}\n\n\treturn 0;\n}\n\nstatic int ufs_intel_disable_lcc(struct ufs_hba *hba)\n{\n\tu32 attr = UIC_ARG_MIB(PA_LOCAL_TX_LCC_ENABLE);\n\tu32 lcc_enable = 0;\n\n\tufshcd_dme_get(hba, attr, &lcc_enable);\n\tif (lcc_enable)\n\t\tufshcd_disable_host_tx_lcc(hba);\n\n\treturn 0;\n}\n\nstatic int ufs_intel_link_startup_notify(struct ufs_hba *hba,\n\t\t\t\t\t enum ufs_notify_change_status status)\n{\n\tint err = 0;\n\n\tswitch (status) {\n\tcase PRE_CHANGE:\n\t\terr = ufs_intel_disable_lcc(hba);\n\t\tbreak;\n\tcase POST_CHANGE:\n\t\tbreak;\n\tdefault:\n\t\tbreak;\n\t}\n\n\treturn err;\n}\n\nstatic int ufs_intel_set_lanes(struct ufs_hba *hba, u32 lanes)\n{\n\tstruct ufs_pa_layer_attr pwr_info = hba->pwr_info;\n\tint ret;\n\n\tpwr_info.lane_rx = lanes;\n\tpwr_info.lane_tx = lanes;\n\tret = ufshcd_config_pwr_mode(hba, &pwr_info);\n\tif (ret)\n\t\tdev_err(hba->dev, "%s: Setting %u lanes, err = %d\\n",\n\t\t\t__func__, lanes, ret);\n\treturn ret;\n}\n\nstatic int ufs_intel_lkf_pwr_change_notify(struct ufs_hba *hba,\n\t\t\t\tenum ufs_notify_change_status status,\n\t\t\t\tstruct ufs_pa_layer_attr *dev_max_params,\n\t\t\t\tstruct ufs_pa_layer_attr *dev_req_params)\n{\n\tint err = 0;\n\n\tswitch (status) {\n\tcase PRE_CHANGE:\n\t\tif (ufshcd_is_hs_mode(dev_max_params) &&\n\t\t    (hba->pwr_info.lane_rx != 2 || hba->pwr_info.lane_tx != 2))\n\t\t\tufs_intel_set_lanes(hba, 2);\n\t\tmemcpy(dev_req_params, dev_max_params, sizeof(*dev_req_params));\n\t\tbreak;\n\tcase POST_CHANGE:\n\t\tif (ufshcd_is_hs_mode(dev_req_params)) {\n\t\t\tu32 peer_granularity;\n\n\t\t\tusleep_range(1000, 1250);\n\t\t\terr = ufshcd_dme_peer_get(hba, UIC_ARG_MIB(PA_GRANULARITY),\n\t\t\t\t\t\t  &peer_granularity);\n\t\t}\n\t\tbreak;\n\tdefault:\n\t\tbreak;\n\t}\n\n\treturn err;\n}\n\nstatic int ufs_intel_lkf_apply_dev_quirks(struct ufs_hba *hba)\n{\n\tu32 granularity, peer_granularity;\n\tu32 pa_tactivate, peer_pa_tactivate;\n\tint ret;\n\n\tret = ufshcd_dme_get(hba, UIC_ARG_MIB(PA_GRANULARITY), &granularity);\n\tif (ret)\n\t\tgoto out;\n\n\tret = ufshcd_dme_peer_get(hba, UIC_ARG_MIB(PA_GRANULARITY), &peer_granularity);\n\tif (ret)\n\t\tgoto out;\n\n\tret = ufshcd_dme_get(hba, UIC_ARG_MIB(PA_TACTIVATE), &pa_tactivate);\n\tif (ret)\n\t\tgoto out;\n\n\tret = ufshcd_dme_peer_get(hba, UIC_ARG_MIB(PA_TACTIVATE), &peer_pa_tactivate);\n\tif (ret)\n\t\tgoto out;\n\n\tif (granularity == peer_granularity) {\n\t\tu32 new_peer_pa_tactivate = pa_tactivate + 2;\n\n\t\tret = ufshcd_dme_peer_set(hba, UIC_ARG_MIB(PA_TACTIVATE), new_peer_pa_tactivate);\n\t}\nout:\n\treturn ret;\n}\n\n#define INTEL_ACTIVELTR\t\t0x804\n#define INTEL_IDLELTR\t\t0x808\n\n#define INTEL_LTR_REQ\t\tBIT(15)\n#define INTEL_LTR_SCALE_MASK\tGENMASK(11, 10)\n#define INTEL_LTR_SCALE_1US\t(2 << 10)\n#define INTEL_LTR_SCALE_32US\t(3 << 10)\n#define INTEL_LTR_VALUE_MASK\tGENMASK(9, 0)\n\nstatic void intel_cache_ltr(struct ufs_hba *hba)\n{\n\tstruct intel_host *host = ufshcd_get_variant(hba);\n\n\thost->active_ltr = readl(hba->mmio_base + INTEL_ACTIVELTR);\n\thost->idle_ltr = readl(hba->mmio_base + INTEL_IDLELTR);\n}\n\nstatic void intel_ltr_set(struct device *dev, s32 val)\n{\n\tstruct ufs_hba *hba = dev_get_drvdata(dev);\n\tstruct intel_host *host = ufshcd_get_variant(hba);\n\tu32 ltr;\n\n\tpm_runtime_get_sync(dev);\n\n\t/*\n\t * Program latency tolerance (LTR) accordingly what has been asked\n\t * by the PM QoS layer or disable it in case we were passed\n\t * negative value or PM_QOS_LATENCY_ANY.\n\t */\n\tltr = readl(hba->mmio_base + INTEL_ACTIVELTR);\n\n\tif (val == PM_QOS_LATENCY_ANY || val < 0) {\n\t\tltr &= ~INTEL_LTR_REQ;\n\t} else {\n\t\tltr |= INTEL_LTR_REQ;\n\t\tltr &= ~INTEL_LTR_SCALE_MASK;\n\t\tltr &= ~INTEL_LTR_VALUE_MASK;\n\n\t\tif (val > INTEL_LTR_VALUE_MASK) {\n\t\t\tval >>= 5;\n\t\t\tif (val > INTEL_LTR_VALUE_MASK)\n\t\t\t\tval = INTEL_LTR_VALUE_MASK;\n\t\t\tltr |= INTEL_LTR_SCALE_32US | val;\n\t\t} else {\n\t\t\tltr |= INTEL_LTR_SCALE_1US | val;\n\t\t}\n\t}\n\n\tif (ltr == host->active_ltr)\n\t\tgoto out;\n\n\twritel(ltr, hba->mmio_base + INTEL_ACTIVELTR);\n\twritel(ltr, hba->mmio_base + INTEL_IDLELTR);\n\n\t/* Cache the values into intel_host structure */\n\tintel_cache_ltr(hba);\nout:\n\tpm_runtime_put(dev);\n}\n\nstatic void intel_ltr_expose(struct device *dev)\n{\n\tdev->power.set_latency_tolerance = intel_ltr_set;\n\tdev_pm_qos_expose_latency_tolerance(dev);\n}\n\nstatic void intel_ltr_hide(struct device *dev)\n{\n\tdev_pm_qos_hide_latency_tolerance(dev);\n\tdev->power.set_latency_tolerance = NULL;\n}\n\nstatic void intel_add_debugfs(struct ufs_hba *hba)\n{\n\tstruct dentry *dir = debugfs_create_dir(dev_name(hba->dev), NULL);\n\tstruct intel_host *host = ufshcd_get_variant(hba);\n\n\tintel_cache_ltr(hba);\n\n\thost->debugfs_root = dir;\n\tdebugfs_create_x32("active_ltr", 0444, dir, &host->active_ltr);\n\tdebugfs_create_x32("idle_ltr", 0444, dir, &host->idle_ltr);\n}\n\nstatic void intel_remove_debugfs(struct ufs_hba *hba)\n{\n\tstruct intel_host *host = ufshcd_get_variant(hba);\n\n\tdebugfs_remove_recursive(host->debugfs_root);\n}\n\nstatic int ufs_intel_device_reset(struct ufs_hba *hba)\n{\n\tstruct intel_host *host = ufshcd_get_variant(hba);\n\n\tif (INTEL_DSM_SUPPORTED(host, RESET)) {\n\t\tu32 result = 0;\n\t\tint err;\n\n\t\terr = intel_dsm(host, hba->dev, INTEL_DSM_RESET, &result);\n\t\tif (!err && !result)\n\t\t\terr = -EIO;\n\t\tif (err)\n\t\t\tdev_err(hba->dev, "%s: DSM error %d result %u\\n",\n\t\t\t\t__func__, err, result);\n\t\treturn err;\n\t}\n\n\tif (!host->reset_gpio)\n\t\treturn -EOPNOTSUPP;\n\n\tgpiod_set_value_cansleep(host->reset_gpio, 1);\n\tusleep_range(10, 15);\n\n\tgpiod_set_value_cansleep(host->reset_gpio, 0);\n\tusleep_range(10, 15);\n\n\treturn 0;\n}\n\nstatic struct gpio_desc *ufs_intel_get_reset_gpio(struct device *dev)\n{\n\t/* GPIO in _DSD has active low setting */\n\treturn devm_gpiod_get_optional(dev, "reset", GPIOD_OUT_LOW);\n}\n\nstatic int ufs_intel_common_init(struct ufs_hba *hba)\n{\n\tstruct intel_host *host;\n\n\thba->caps |= UFSHCD_CAP_RPM_AUTOSUSPEND;\n\n\thost = devm_kzalloc(hba->dev, sizeof(*host), GFP_KERNEL);\n\tif (!host)\n\t\treturn -ENOMEM;\n\tufshcd_set_variant(hba, host);\n\tintel_dsm_init(host, hba->dev);\n\tif (INTEL_DSM_SUPPORTED(host, RESET)) {\n\t\tif (hba->vops->device_reset)\n\t\t\thba->caps |= UFSHCD_CAP_DEEPSLEEP;\n\t} else {\n\t\tif (hba->vops->device_reset)\n\t\t\thost->reset_gpio = ufs_intel_get_reset_gpio(hba->dev);\n\t\tif (IS_ERR(host->reset_gpio)) {\n\t\t\tdev_err(hba->dev, "%s: failed to get reset GPIO, error %ld\\n",\n\t\t\t\t__func__, PTR_ERR(host->reset_gpio));\n\t\t\thost->reset_gpio = NULL;\n\t\t}\n\t\tif (host->reset_gpio) {\n\t\t\tgpiod_set_value_cansleep(host->reset_gpio, 0);\n\t\t\thba->caps |= UFSHCD_CAP_DEEPSLEEP;\n\t\t}\n\t}\n\tintel_ltr_expose(hba->dev);\n\tintel_add_debugfs(hba);\n\treturn 0;\n}\n\nstatic void ufs_intel_common_exit(struct ufs_hba *hba)\n{\n\tintel_remove_debugfs(hba);\n\tintel_ltr_hide(hba->dev);\n}\n\nstatic int ufs_intel_resume(struct ufs_hba *hba, enum ufs_pm_op op)\n{\n\tif (ufshcd_is_link_hibern8(hba)) {\n\t\tint ret = ufshcd_uic_hibern8_exit(hba);\n\n\t\tif (!ret) {\n\t\t\tufshcd_set_link_active(hba);\n\t\t} else {\n\t\t\tdev_err(hba->dev, "%s: hibern8 exit failed %d\\n",\n\t\t\t\t__func__, ret);\n\t\t\t/*\n\t\t\t * Force reset and restore. Any other actions can lead\n\t\t\t * to an unrecoverable state.\n\t\t\t */\n\t\t\tufshcd_set_link_off(hba);\n\t\t}\n\t}\n\n\treturn 0;\n}\n\nstatic int ufs_intel_ehl_init(struct ufs_hba *hba)\n{\n\thba->quirks |= UFSHCD_QUIRK_BROKEN_AUTO_HIBERN8;\n\treturn ufs_intel_common_init(hba);\n}\n\nstatic void ufs_intel_lkf_late_init(struct ufs_hba *hba)\n{\n\t/* LKF always needs a full reset, so set PM accordingly */\n\tif (hba->caps & UFSHCD_CAP_DEEPSLEEP) {\n\t\thba->spm_lvl = UFS_PM_LVL_6;\n\t\thba->rpm_lvl = UFS_PM_LVL_6;\n\t} else {\n\t\thba->spm_lvl = UFS_PM_LVL_5;\n\t\thba->rpm_lvl = UFS_PM_LVL_5;\n\t}\n}\n\nstatic int ufs_intel_lkf_init(struct ufs_hba *hba)\n{\n\tstruct ufs_host *ufs_host;\n\tint err;\n\n\thba->nop_out_timeout = 200;\n\thba->quirks |= UFSHCD_QUIRK_BROKEN_AUTO_HIBERN8;\n\thba->caps |= UFSHCD_CAP_CRYPTO;\n\terr = ufs_intel_common_init(hba);\n\tufs_host = ufshcd_get_variant(hba);\n\tufs_host->late_init = ufs_intel_lkf_late_init;\n\treturn err;\n}\n\nstatic int ufs_intel_adl_init(struct ufs_hba *hba)\n{\n\thba->nop_out_timeout = 200;\n\thba->quirks |= UFSHCD_QUIRK_BROKEN_AUTO_HIBERN8;\n\thba->caps |= UFSHCD_CAP_WB_EN;\n\treturn ufs_intel_common_init(hba);\n}\n\nstatic int ufs_intel_mtl_init(struct ufs_hba *hba)\n{\n\thba->caps |= UFSHCD_CAP_CRYPTO | UFSHCD_CAP_WB_EN;\n\treturn ufs_intel_common_init(hba);\n}\n\nstatic int ufs_qemu_get_hba_mac(struct ufs_hba *hba)\n{\n\treturn MAX_SUPP_MAC;\n}\n\nstatic int ufs_qemu_mcq_config_resource(struct ufs_hba *hba)\n{\n\thba->mcq_base = hba->mmio_base + ufshcd_mcq_queue_cfg_addr(hba);\n\n\treturn 0;\n}\n\nstatic int ufs_qemu_op_runtime_config(struct ufs_hba *hba)\n{\n\tstruct ufshcd_mcq_opr_info_t *opr;\n\tint i;\n\n\tu32 sqdao = ufsmcq_readl(hba, ufshcd_mcq_cfg_offset(REG_SQDAO, 0));\n\tu32 sqisao = ufsmcq_readl(hba, ufshcd_mcq_cfg_offset(REG_SQISAO, 0));\n\tu32 cqdao = ufsmcq_readl(hba, ufshcd_mcq_cfg_offset(REG_CQDAO, 0));\n\tu32 cqisao = ufsmcq_readl(hba, ufshcd_mcq_cfg_offset(REG_CQISAO, 0));\n\n\thba->mcq_opr[OPR_SQD].offset = sqdao;\n\thba->mcq_opr[OPR_SQIS].offset = sqisao;\n\thba->mcq_opr[OPR_CQD].offset = cqdao;\n\thba->mcq_opr[OPR_CQIS].offset = cqisao;\n\n\tfor (i = 0; i < OPR_MAX; i++) {\n\t\topr = &hba->mcq_opr[i];\n\t\topr->stride = 48;\n\t\topr->base = hba->mmio_base + opr->offset;\n\t}\n\n\treturn 0;\n}\n\nstatic struct ufs_hba_variant_ops ufs_qemu_hba_vops = {\n\t.name                   = "qemu-pci",\n\t.get_hba_mac\t\t= ufs_qemu_get_hba_mac,\n\t.mcq_config_resource\t= ufs_qemu_mcq_config_resource,\n\t.op_runtime_config\t= ufs_qemu_op_runtime_config,\n};\n\nstatic struct ufs_hba_variant_ops ufs_intel_cnl_hba_vops = {\n\t.name                   = "intel-pci",\n\t.init\t\t\t= ufs_intel_common_init,\n\t.exit\t\t\t= ufs_intel_common_exit,\n\t.link_startup_notify\t= ufs_intel_link_startup_notify,\n\t.resume\t\t\t= ufs_intel_resume,\n};\n\nstatic struct ufs_hba_variant_ops ufs_intel_ehl_hba_vops = {\n\t.name                   = "intel-pci",\n\t.init\t\t\t= ufs_intel_ehl_init,\n\t.exit\t\t\t= ufs_intel_common_exit,\n\t.link_startup_notify\t= ufs_intel_link_startup_notify,\n\t.resume\t\t\t= ufs_intel_resume,\n};\n\nstatic struct ufs_hba_variant_ops ufs_intel_lkf_hba_vops = {\n\t.name                   = "intel-pci",\n\t.init\t\t\t= ufs_intel_lkf_init,\n\t.exit\t\t\t= ufs_intel_common_exit,\n\t.hce_enable_notify\t= ufs_intel_hce_enable_notify,\n\t.link_startup_notify\t= ufs_intel_link_startup_notify,\n\t.pwr_change_notify\t= ufs_intel_lkf_pwr_change_notify,\n\t.apply_dev_quirks\t= ufs_intel_lkf_apply_dev_quirks,\n\t.resume\t\t\t= ufs_intel_resume,\n\t.device_reset\t\t= ufs_intel_device_reset,\n};\n\nstatic struct ufs_hba_variant_ops ufs_intel_adl_hba_vops = {\n\t.name\t\t\t= "intel-pci",\n\t.init\t\t\t= ufs_intel_adl_init,\n\t.exit\t\t\t= ufs_intel_common_exit,\n\t.link_startup_notify\t= ufs_intel_link_startup_notify,\n\t.resume\t\t\t= ufs_intel_resume,\n\t.device_reset\t\t= ufs_intel_device_reset,\n};\n\nstatic struct ufs_hba_variant_ops ufs_intel_mtl_hba_vops = {\n\t.name                   = "intel-pci",\n\t.init\t\t\t= ufs_intel_mtl_init,\n\t.exit\t\t\t= ufs_intel_common_exit,\n\t.hce_enable_notify\t= ufs_intel_hce_enable_notify,\n\t.link_startup_notify\t= ufs_intel_link_startup_notify,\n\t.resume\t\t\t= ufs_intel_resume,\n\t.device_reset\t\t= ufs_intel_device_reset,\n};\n\n#ifdef CONFIG_PM_SLEEP\nstatic int ufshcd_pci_restore(struct device *dev)\n{\n\tstruct ufs_hba *hba = dev_get_drvdata(dev);\n\n\t/* Force a full reset and restore */\n\tufshcd_set_link_off(hba);\n\n\treturn ufshcd_system_resume(dev);\n}\n#endif\n\n/**\n * ufshcd_pci_remove - de-allocate PCI/SCSI host and host memory space\n *\t\tdata structure memory\n * @pdev: pointer to PCI handle\n */\nstatic void ufshcd_pci_remove(struct pci_dev *pdev)\n{\n\tstruct ufs_hba *hba = pci_get_drvdata(pdev);\n\n\tpm_runtime_forbid(&pdev->dev);\n\tpm_runtime_get_noresume(&pdev->dev);\n\tufshcd_remove(hba);\n\tufshcd_dealloc_host(hba);\n}\n\n/**\n * ufshcd_pci_probe - probe routine of the driver\n * @pdev: pointer to PCI device handle\n * @id: PCI device id\n *\n * Return: 0 on success, non-zero value on failure.\n */\nstatic int\nufshcd_pci_probe(struct pci_dev *pdev, const struct pci_device_id *id)\n{\n\tstruct ufs_host *ufs_host;\n\tstruct ufs_hba *hba;\n\tvoid __iomem *mmio_base;\n\tint err;\n\n\terr = pcim_enable_device(pdev);\n\tif (err) {\n\t\tdev_err(&pdev->dev, "pcim_enable_device failed\\n");\n\t\treturn err;\n\t}\n\n\tpci_set_master(pdev);\n\n\terr = pcim_iomap_regions(pdev, 1 << 0, UFSHCD);\n\tif (err < 0) {\n\t\tdev_err(&pdev->dev, "request and iomap failed\\n");\n\t\treturn err;\n\t}\n\n\tmmio_base = pcim_iomap_table(pdev)[0];\n\n\terr = ufshcd_alloc_host(&pdev->dev, &hba);\n\tif (err) {\n\t\tdev_err(&pdev->dev, "Allocation failed\\n");\n\t\treturn err;\n\t}\n\n\thba->vops = (struct ufs_hba_variant_ops *)id->driver_data;\n\n\terr = ufshcd_init(hba, mmio_base, pdev->irq);\n\tif (err) {\n\t\tdev_err(&pdev->dev, "Initialization failed\\n");\n\t\tufshcd_dealloc_host(hba);\n\t\treturn err;\n\t}\n\n\tufs_host = ufshcd_get_variant(hba);\n\tif (ufs_host && ufs_host->late_init)\n\t\tufs_host->late_init(hba);\n\n\tpm_runtime_put_noidle(&pdev->dev);\n\tpm_runtime_allow(&pdev->dev);\n\n\treturn 0;\n}\n\nstatic const struct dev_pm_ops ufshcd_pci_pm_ops = {\n\tSET_RUNTIME_PM_OPS(ufshcd_runtime_suspend, ufshcd_runtime_resume, NULL)\n#ifdef CONFIG_PM_SLEEP\n\t.suspend\t= ufshcd_system_suspend,\n\t.resume\t\t= ufshcd_system_resume,\n\t.freeze\t\t= ufshcd_system_suspend,\n\t.thaw\t\t= ufshcd_system_resume,\n\t.poweroff\t= ufshcd_system_suspend,\n\t.restore\t= ufshcd_pci_restore,\n\t.prepare\t= ufshcd_suspend_prepare,\n\t.complete\t= ufshcd_resume_complete,\n#endif\n};\n\nstatic const struct pci_device_id ufshcd_pci_tbl[] = {\n\t{ PCI_VENDOR_ID_REDHAT, 0x0013, PCI_ANY_ID, PCI_ANY_ID, 0, 0,\n\t\t(kernel_ulong_t)&ufs_qemu_hba_vops },\n\t{ PCI_VENDOR_ID_SAMSUNG, 0xC00C, PCI_ANY_ID, PCI_ANY_ID, 0, 0, 0 },\n\t{ PCI_VDEVICE(INTEL, 0x9DFA), (kernel_ulong_t)&ufs_intel_cnl_hba_vops },\n\t{ PCI_VDEVICE(INTEL, 0x4B41), (kernel_ulong_t)&ufs_intel_ehl_hba_vops },\n\t{ PCI_VDEVICE(INTEL, 0x4B43), (kernel_ulong_t)&ufs_intel_ehl_hba_vops },\n\t{ PCI_VDEVICE(INTEL, 0x98FA), (kernel_ulong_t)&ufs_intel_lkf_hba_vops },\n\t{ PCI_VDEVICE(INTEL, 0x51FF), (kernel_ulong_t)&ufs_intel_adl_hba_vops },\n\t{ PCI_VDEVICE(INTEL, 0x54FF), (kernel_ulong_t)&ufs_intel_adl_hba_vops },\n\t{ PCI_VDEVICE(INTEL, 0x7E47), (kernel_ulong_t)&ufs_intel_mtl_hba_vops },\n\t{ PCI_VDEVICE(INTEL, 0xA847), (kernel_ulong_t)&ufs_intel_mtl_hba_vops },\n\t{ PCI_VDEVICE(INTEL, 0x7747), (kernel_ulong_t)&ufs_intel_mtl_hba_vops },\n\t{ PCI_VDEVICE(INTEL, 0xE447), (kernel_ulong_t)&ufs_intel_mtl_hba_vops },\n\t{ }\t/* terminate list */\n};\n\nMODULE_DEVICE_TABLE(pci, ufshcd_pci_tbl);\n\nstatic struct pci_driver ufshcd_pci_driver = {\n\t.name = UFSHCD,\n\t.id_table = ufshcd_pci_tbl,\n\t.probe = ufshcd_pci_probe,\n\t.remove = ufshcd_pci_remove,\n\t.driver = {\n\t\t.pm = &ufshcd_pci_pm_ops\n\t},\n};\n\nmodule_pci_driver(ufshcd_pci_driver);\n\nMODULE_AUTHOR("Santosh Yaragnavi <santosh.sy@samsung.com>");\nMODULE_AUTHOR("Vinayak Holikatti <h.vinayak@samsung.com>");\nMODULE_DESCRIPTION("UFS host controller PCI glue driver");\nMODULE_LICENSE("GPL");\n', 'sha': None}, {'filename': 'drivers/ufs/host/ufshcd-pltfrm.c', 'content': '// SPDX-License-Identifier: GPL-2.0-or-later\n/*\n * Universal Flash Storage Host controller Platform bus based glue driver\n * Copyright (C) 2011-2013 Samsung India Software Operations\n *\n * Authors:\n *\tSantosh Yaraganavi <santosh.sy@samsung.com>\n *\tVinayak Holikatti <h.vinayak@samsung.com>\n */\n\n#include <linux/clk.h>\n#include <linux/module.h>\n#include <linux/platform_device.h>\n#include <linux/pm_opp.h>\n#include <linux/pm_runtime.h>\n#include <linux/of.h>\n\n#include <ufs/ufshcd.h>\n#include "ufshcd-pltfrm.h"\n#include <ufs/unipro.h>\n\n#define UFSHCD_DEFAULT_LANES_PER_DIRECTION\t\t2\n\nstatic int ufshcd_parse_clock_info(struct ufs_hba *hba)\n{\n\tint ret = 0;\n\tint cnt;\n\tint i;\n\tstruct device *dev = hba->dev;\n\tstruct device_node *np = dev->of_node;\n\tconst char *name;\n\tu32 *clkfreq = NULL;\n\tstruct ufs_clk_info *clki;\n\tssize_t sz = 0;\n\n\tif (!np)\n\t\tgoto out;\n\n\tcnt = of_property_count_strings(np, "clock-names");\n\tif (!cnt || (cnt == -EINVAL)) {\n\t\tdev_info(dev, "%s: Unable to find clocks, assuming enabled\\n",\n\t\t\t\t__func__);\n\t} else if (cnt < 0) {\n\t\tdev_err(dev, "%s: count clock strings failed, err %d\\n",\n\t\t\t\t__func__, cnt);\n\t\tret = cnt;\n\t}\n\n\tif (cnt <= 0)\n\t\tgoto out;\n\n\tsz = of_property_count_u32_elems(np, "freq-table-hz");\n\tif (sz <= 0) {\n\t\tdev_info(dev, "freq-table-hz property not specified\\n");\n\t\tgoto out;\n\t}\n\n\tif (sz != 2 * cnt) {\n\t\tdev_err(dev, "%s len mismatch\\n", "freq-table-hz");\n\t\tret = -EINVAL;\n\t\tgoto out;\n\t}\n\n\tclkfreq = devm_kcalloc(dev, sz, sizeof(*clkfreq),\n\t\t\t       GFP_KERNEL);\n\tif (!clkfreq) {\n\t\tret = -ENOMEM;\n\t\tgoto out;\n\t}\n\n\tret = of_property_read_u32_array(np, "freq-table-hz",\n\t\t\tclkfreq, sz);\n\tif (ret && (ret != -EINVAL)) {\n\t\tdev_err(dev, "%s: error reading array %d\\n",\n\t\t\t\t"freq-table-hz", ret);\n\t\treturn ret;\n\t}\n\n\tfor (i = 0; i < sz; i += 2) {\n\t\tret = of_property_read_string_index(np,\t"clock-names", i/2,\n\t\t\t\t\t\t    &name);\n\t\tif (ret)\n\t\t\tgoto out;\n\n\t\tclki = devm_kzalloc(dev, sizeof(*clki), GFP_KERNEL);\n\t\tif (!clki) {\n\t\t\tret = -ENOMEM;\n\t\t\tgoto out;\n\t\t}\n\n\t\tclki->min_freq = clkfreq[i];\n\t\tclki->max_freq = clkfreq[i+1];\n\t\tclki->name = devm_kstrdup(dev, name, GFP_KERNEL);\n\t\tif (!clki->name) {\n\t\t\tret = -ENOMEM;\n\t\t\tgoto out;\n\t\t}\n\n\t\tif (!strcmp(name, "ref_clk"))\n\t\t\tclki->keep_link_active = true;\n\t\tdev_dbg(dev, "%s: min %u max %u name %s\\n", "freq-table-hz",\n\t\t\t\tclki->min_freq, clki->max_freq, clki->name);\n\t\tlist_add_tail(&clki->list, &hba->clk_list_head);\n\t}\nout:\n\treturn ret;\n}\n\nstatic bool phandle_exists(const struct device_node *np,\n\t\t\t   const char *phandle_name, int index)\n{\n\tstruct device_node *parse_np = of_parse_phandle(np, phandle_name, index);\n\n\tif (parse_np)\n\t\tof_node_put(parse_np);\n\n\treturn parse_np != NULL;\n}\n\n#define MAX_PROP_SIZE 32\nint ufshcd_populate_vreg(struct device *dev, const char *name,\n\t\t\t struct ufs_vreg **out_vreg, bool skip_current)\n{\n\tchar prop_name[MAX_PROP_SIZE];\n\tstruct ufs_vreg *vreg = NULL;\n\tstruct device_node *np = dev->of_node;\n\n\tif (!np) {\n\t\tdev_err(dev, "%s: non DT initialization\\n", __func__);\n\t\tgoto out;\n\t}\n\n\tsnprintf(prop_name, MAX_PROP_SIZE, "%s-supply", name);\n\tif (!phandle_exists(np, prop_name, 0)) {\n\t\tdev_info(dev, "%s: Unable to find %s regulator, assuming enabled\\n",\n\t\t\t\t__func__, prop_name);\n\t\tgoto out;\n\t}\n\n\tvreg = devm_kzalloc(dev, sizeof(*vreg), GFP_KERNEL);\n\tif (!vreg)\n\t\treturn -ENOMEM;\n\n\tvreg->name = devm_kstrdup(dev, name, GFP_KERNEL);\n\tif (!vreg->name)\n\t\treturn -ENOMEM;\n\n\tif (skip_current) {\n\t\tvreg->max_uA = 0;\n\t\tgoto out;\n\t}\n\n\tsnprintf(prop_name, MAX_PROP_SIZE, "%s-max-microamp", name);\n\tif (of_property_read_u32(np, prop_name, &vreg->max_uA)) {\n\t\tdev_info(dev, "%s: unable to find %s\\n", __func__, prop_name);\n\t\tvreg->max_uA = 0;\n\t}\nout:\n\t*out_vreg = vreg;\n\treturn 0;\n}\nEXPORT_SYMBOL_GPL(ufshcd_populate_vreg);\n\n/**\n * ufshcd_parse_regulator_info - get regulator info from device tree\n * @hba: per adapter instance\n *\n * Get regulator info from device tree for vcc, vccq, vccq2 power supplies.\n * If any of the supplies are not defined it is assumed that they are always-on\n * and hence return zero. If the property is defined but parsing is failed\n * then return corresponding error.\n *\n * Return: 0 upon success; < 0 upon failure.\n */\nstatic int ufshcd_parse_regulator_info(struct ufs_hba *hba)\n{\n\tint err;\n\tstruct device *dev = hba->dev;\n\tstruct ufs_vreg_info *info = &hba->vreg_info;\n\n\terr = ufshcd_populate_vreg(dev, "vdd-hba", &info->vdd_hba, true);\n\tif (err)\n\t\tgoto out;\n\n\terr = ufshcd_populate_vreg(dev, "vcc", &info->vcc, false);\n\tif (err)\n\t\tgoto out;\n\n\terr = ufshcd_populate_vreg(dev, "vccq", &info->vccq, false);\n\tif (err)\n\t\tgoto out;\n\n\terr = ufshcd_populate_vreg(dev, "vccq2", &info->vccq2, false);\nout:\n\treturn err;\n}\n\nstatic void ufshcd_init_lanes_per_dir(struct ufs_hba *hba)\n{\n\tstruct device *dev = hba->dev;\n\tint ret;\n\n\tret = of_property_read_u32(dev->of_node, "lanes-per-direction",\n\t\t&hba->lanes_per_direction);\n\tif (ret) {\n\t\tdev_dbg(hba->dev,\n\t\t\t"%s: failed to read lanes-per-direction, ret=%d\\n",\n\t\t\t__func__, ret);\n\t\thba->lanes_per_direction = UFSHCD_DEFAULT_LANES_PER_DIRECTION;\n\t}\n}\n\n/**\n * ufshcd_parse_clock_min_max_freq  - Parse MIN and MAX clocks freq\n * @hba: per adapter instance\n *\n * This function parses MIN and MAX frequencies of all clocks required\n * by the host drivers.\n *\n * Returns 0 for success and non-zero for failure\n */\nstatic int ufshcd_parse_clock_min_max_freq(struct ufs_hba *hba)\n{\n\tstruct list_head *head = &hba->clk_list_head;\n\tstruct ufs_clk_info *clki;\n\tstruct dev_pm_opp *opp;\n\tunsigned long freq;\n\tu8 idx = 0;\n\n\tlist_for_each_entry(clki, head, list) {\n\t\tif (!clki->name)\n\t\t\tcontinue;\n\n\t\tclki->clk = devm_clk_get(hba->dev, clki->name);\n\t\tif (IS_ERR(clki->clk))\n\t\t\tcontinue;\n\n\t\t/* Find Max Freq */\n\t\tfreq = ULONG_MAX;\n\t\topp = dev_pm_opp_find_freq_floor_indexed(hba->dev, &freq, idx);\n\t\tif (IS_ERR(opp)) {\n\t\t\tdev_err(hba->dev, "Failed to find OPP for MAX frequency\\n");\n\t\t\treturn PTR_ERR(opp);\n\t\t}\n\t\tclki->max_freq = dev_pm_opp_get_freq_indexed(opp, idx);\n\t\tdev_pm_opp_put(opp);\n\n\t\t/* Find Min Freq */\n\t\tfreq = 0;\n\t\topp = dev_pm_opp_find_freq_ceil_indexed(hba->dev, &freq, idx);\n\t\tif (IS_ERR(opp)) {\n\t\t\tdev_err(hba->dev, "Failed to find OPP for MIN frequency\\n");\n\t\t\treturn PTR_ERR(opp);\n\t\t}\n\t\tclki->min_freq = dev_pm_opp_get_freq_indexed(opp, idx++);\n\t\tdev_pm_opp_put(opp);\n\t}\n\n\treturn 0;\n}\n\nstatic int ufshcd_parse_operating_points(struct ufs_hba *hba)\n{\n\tstruct device *dev = hba->dev;\n\tstruct device_node *np = dev->of_node;\n\tstruct dev_pm_opp_config config = {};\n\tstruct ufs_clk_info *clki;\n\tconst char **clk_names;\n\tint cnt, i, ret;\n\n\tif (!of_property_present(np, "operating-points-v2"))\n\t\treturn 0;\n\n\tif (of_property_present(np, "freq-table-hz")) {\n\t\tdev_err(dev, "%s: operating-points and freq-table-hz are incompatible\\n",\n\t\t\t __func__);\n\t\treturn -EINVAL;\n\t}\n\n\tcnt = of_property_count_strings(np, "clock-names");\n\tif (cnt <= 0) {\n\t\tdev_err(dev, "%s: Missing clock-names\\n",  __func__);\n\t\treturn -ENODEV;\n\t}\n\n\t/* OPP expects clk_names to be NULL terminated */\n\tclk_names = devm_kcalloc(dev, cnt + 1, sizeof(*clk_names), GFP_KERNEL);\n\tif (!clk_names)\n\t\treturn -ENOMEM;\n\n\t/*\n\t * We still need to get reference to all clocks as the UFS core uses\n\t * them separately.\n\t */\n\tfor (i = 0; i < cnt; i++) {\n\t\tret = of_property_read_string_index(np, "clock-names", i,\n\t\t\t\t\t\t    &clk_names[i]);\n\t\tif (ret)\n\t\t\treturn ret;\n\n\t\tclki = devm_kzalloc(dev, sizeof(*clki), GFP_KERNEL);\n\t\tif (!clki)\n\t\t\treturn -ENOMEM;\n\n\t\tclki->name = devm_kstrdup(dev, clk_names[i], GFP_KERNEL);\n\t\tif (!clki->name)\n\t\t\treturn -ENOMEM;\n\n\t\tif (!strcmp(clk_names[i], "ref_clk"))\n\t\t\tclki->keep_link_active = true;\n\n\t\tlist_add_tail(&clki->list, &hba->clk_list_head);\n\t}\n\n\tconfig.clk_names = clk_names,\n\tconfig.config_clks = ufshcd_opp_config_clks;\n\n\tret = devm_pm_opp_set_config(dev, &config);\n\tif (ret)\n\t\treturn ret;\n\n\tret = devm_pm_opp_of_add_table(dev);\n\tif (ret) {\n\t\tdev_err(dev, "Failed to add OPP table: %d\\n", ret);\n\t\treturn ret;\n\t}\n\n\tret = ufshcd_parse_clock_min_max_freq(hba);\n\tif (ret)\n\t\treturn ret;\n\n\thba->use_pm_opp = true;\n\n\treturn 0;\n}\n\n/**\n * ufshcd_negotiate_pwr_params - find power mode settings that are supported by\n *\t\t\t\t both the controller and the device\n * @host_params: pointer to host parameters\n * @dev_max: pointer to device attributes\n * @agreed_pwr: returned agreed attributes\n *\n * Return: 0 on success, non-zero value on failure.\n */\nint ufshcd_negotiate_pwr_params(const struct ufs_host_params *host_params,\n\t\t\t\tconst struct ufs_pa_layer_attr *dev_max,\n\t\t\t\tstruct ufs_pa_layer_attr *agreed_pwr)\n{\n\tint min_host_gear;\n\tint min_dev_gear;\n\tbool is_dev_sup_hs = false;\n\tbool is_host_max_hs = false;\n\n\tif (dev_max->pwr_rx == FAST_MODE)\n\t\tis_dev_sup_hs = true;\n\n\tif (host_params->desired_working_mode == UFS_HS_MODE) {\n\t\tis_host_max_hs = true;\n\t\tmin_host_gear = min_t(u32, host_params->hs_rx_gear,\n\t\t\t\t\thost_params->hs_tx_gear);\n\t} else {\n\t\tmin_host_gear = min_t(u32, host_params->pwm_rx_gear,\n\t\t\t\t\thost_params->pwm_tx_gear);\n\t}\n\n\t/*\n\t * device doesn\'t support HS but host_params->desired_working_mode is HS,\n\t * thus device and host_params don\'t agree\n\t */\n\tif (!is_dev_sup_hs && is_host_max_hs) {\n\t\tpr_info("%s: device doesn\'t support HS\\n",\n\t\t\t__func__);\n\t\treturn -ENOTSUPP;\n\t} else if (is_dev_sup_hs && is_host_max_hs) {\n\t\t/*\n\t\t * since device supports HS, it supports FAST_MODE.\n\t\t * since host_params->desired_working_mode is also HS\n\t\t * then final decision (FAST/FASTAUTO) is done according\n\t\t * to pltfrm_params as it is the restricting factor\n\t\t */\n\t\tagreed_pwr->pwr_rx = host_params->rx_pwr_hs;\n\t\tagreed_pwr->pwr_tx = agreed_pwr->pwr_rx;\n\t} else {\n\t\t/*\n\t\t * here host_params->desired_working_mode is PWM.\n\t\t * it doesn\'t matter whether device supports HS or PWM,\n\t\t * in both cases host_params->desired_working_mode will\n\t\t * determine the mode\n\t\t */\n\t\tagreed_pwr->pwr_rx = host_params->rx_pwr_pwm;\n\t\tagreed_pwr->pwr_tx = agreed_pwr->pwr_rx;\n\t}\n\n\t/*\n\t * we would like tx to work in the minimum number of lanes\n\t * between device capability and vendor preferences.\n\t * the same decision will be made for rx\n\t */\n\tagreed_pwr->lane_tx = min_t(u32, dev_max->lane_tx,\n\t\t\t\t    host_params->tx_lanes);\n\tagreed_pwr->lane_rx = min_t(u32, dev_max->lane_rx,\n\t\t\t\t    host_params->rx_lanes);\n\n\t/* device maximum gear is the minimum between device rx and tx gears */\n\tmin_dev_gear = min_t(u32, dev_max->gear_rx, dev_max->gear_tx);\n\n\t/*\n\t * if both device capabilities and vendor pre-defined preferences are\n\t * both HS or both PWM then set the minimum gear to be the chosen\n\t * working gear.\n\t * if one is PWM and one is HS then the one that is PWM get to decide\n\t * what is the gear, as it is the one that also decided previously what\n\t * pwr the device will be configured to.\n\t */\n\tif ((is_dev_sup_hs && is_host_max_hs) ||\n\t    (!is_dev_sup_hs && !is_host_max_hs)) {\n\t\tagreed_pwr->gear_rx =\n\t\t\tmin_t(u32, min_dev_gear, min_host_gear);\n\t} else if (!is_dev_sup_hs) {\n\t\tagreed_pwr->gear_rx = min_dev_gear;\n\t} else {\n\t\tagreed_pwr->gear_rx = min_host_gear;\n\t}\n\tagreed_pwr->gear_tx = agreed_pwr->gear_rx;\n\n\tagreed_pwr->hs_rate = host_params->hs_rate;\n\n\treturn 0;\n}\nEXPORT_SYMBOL_GPL(ufshcd_negotiate_pwr_params);\n\nvoid ufshcd_init_host_params(struct ufs_host_params *host_params)\n{\n\t*host_params = (struct ufs_host_params){\n\t\t.tx_lanes = UFS_LANE_2,\n\t\t.rx_lanes = UFS_LANE_2,\n\t\t.hs_rx_gear = UFS_HS_G3,\n\t\t.hs_tx_gear = UFS_HS_G3,\n\t\t.pwm_rx_gear = UFS_PWM_G4,\n\t\t.pwm_tx_gear = UFS_PWM_G4,\n\t\t.rx_pwr_pwm = SLOW_MODE,\n\t\t.tx_pwr_pwm = SLOW_MODE,\n\t\t.rx_pwr_hs = FAST_MODE,\n\t\t.tx_pwr_hs = FAST_MODE,\n\t\t.hs_rate = PA_HS_MODE_B,\n\t\t.desired_working_mode = UFS_HS_MODE,\n\t};\n}\nEXPORT_SYMBOL_GPL(ufshcd_init_host_params);\n\n/**\n * ufshcd_pltfrm_init - probe routine of the driver\n * @pdev: pointer to Platform device handle\n * @vops: pointer to variant ops\n *\n * Return: 0 on success, non-zero value on failure.\n */\nint ufshcd_pltfrm_init(struct platform_device *pdev,\n\t\t       const struct ufs_hba_variant_ops *vops)\n{\n\tstruct ufs_hba *hba;\n\tvoid __iomem *mmio_base;\n\tint irq, err;\n\tstruct device *dev = &pdev->dev;\n\n\tmmio_base = devm_platform_ioremap_resource(pdev, 0);\n\tif (IS_ERR(mmio_base)) {\n\t\terr = PTR_ERR(mmio_base);\n\t\tgoto out;\n\t}\n\n\tirq = platform_get_irq(pdev, 0);\n\tif (irq < 0) {\n\t\terr = irq;\n\t\tgoto out;\n\t}\n\n\terr = ufshcd_alloc_host(dev, &hba);\n\tif (err) {\n\t\tdev_err(dev, "Allocation failed\\n");\n\t\tgoto out;\n\t}\n\n\thba->vops = vops;\n\n\terr = ufshcd_parse_clock_info(hba);\n\tif (err) {\n\t\tdev_err(dev, "%s: clock parse failed %d\\n",\n\t\t\t\t__func__, err);\n\t\tgoto dealloc_host;\n\t}\n\terr = ufshcd_parse_regulator_info(hba);\n\tif (err) {\n\t\tdev_err(dev, "%s: regulator init failed %d\\n",\n\t\t\t\t__func__, err);\n\t\tgoto dealloc_host;\n\t}\n\n\tufshcd_init_lanes_per_dir(hba);\n\n\terr = ufshcd_parse_operating_points(hba);\n\tif (err) {\n\t\tdev_err(dev, "%s: OPP parse failed %d\\n", __func__, err);\n\t\tgoto dealloc_host;\n\t}\n\n\terr = ufshcd_init(hba, mmio_base, irq);\n\tif (err) {\n\t\tdev_err_probe(dev, err, "Initialization failed with error %d\\n",\n\t\t\t      err);\n\t\tgoto dealloc_host;\n\t}\n\n\tpm_runtime_set_active(dev);\n\tpm_runtime_enable(dev);\n\n\treturn 0;\n\ndealloc_host:\n\tufshcd_dealloc_host(hba);\nout:\n\treturn err;\n}\nEXPORT_SYMBOL_GPL(ufshcd_pltfrm_init);\n\nMODULE_AUTHOR("Santosh Yaragnavi <santosh.sy@samsung.com>");\nMODULE_AUTHOR("Vinayak Holikatti <h.vinayak@samsung.com>");\nMODULE_DESCRIPTION("UFS host controller Platform bus based glue driver");\nMODULE_LICENSE("GPL");\n', 'sha': None}, {'filename': 'include/ufs/ufshcd.h', 'content': '/* SPDX-License-Identifier: GPL-2.0-or-later */\n/*\n * Universal Flash Storage Host controller driver\n * Copyright (C) 2011-2013 Samsung India Software Operations\n * Copyright (c) 2013-2016, The Linux Foundation. All rights reserved.\n *\n * Authors:\n *\tSantosh Yaraganavi <santosh.sy@samsung.com>\n *\tVinayak Holikatti <h.vinayak@samsung.com>\n */\n\n#ifndef _UFSHCD_H\n#define _UFSHCD_H\n\n#include <linux/bitfield.h>\n#include <linux/blk-crypto-profile.h>\n#include <linux/blk-mq.h>\n#include <linux/devfreq.h>\n#include <linux/fault-inject.h>\n#include <linux/debugfs.h>\n#include <linux/msi.h>\n#include <linux/pm_runtime.h>\n#include <linux/dma-direction.h>\n#include <scsi/scsi_device.h>\n#include <scsi/scsi_host.h>\n#include <ufs/unipro.h>\n#include <ufs/ufs.h>\n#include <ufs/ufs_quirks.h>\n#include <ufs/ufshci.h>\n\n#define UFSHCD "ufshcd"\n\nstruct scsi_device;\nstruct ufs_hba;\n\nenum dev_cmd_type {\n\tDEV_CMD_TYPE_NOP\t\t= 0x0,\n\tDEV_CMD_TYPE_QUERY\t\t= 0x1,\n\tDEV_CMD_TYPE_RPMB\t\t= 0x2,\n};\n\nenum ufs_event_type {\n\t/* uic specific errors */\n\tUFS_EVT_PA_ERR = 0,\n\tUFS_EVT_DL_ERR,\n\tUFS_EVT_NL_ERR,\n\tUFS_EVT_TL_ERR,\n\tUFS_EVT_DME_ERR,\n\n\t/* fatal errors */\n\tUFS_EVT_AUTO_HIBERN8_ERR,\n\tUFS_EVT_FATAL_ERR,\n\tUFS_EVT_LINK_STARTUP_FAIL,\n\tUFS_EVT_RESUME_ERR,\n\tUFS_EVT_SUSPEND_ERR,\n\tUFS_EVT_WL_SUSP_ERR,\n\tUFS_EVT_WL_RES_ERR,\n\n\t/* abnormal events */\n\tUFS_EVT_DEV_RESET,\n\tUFS_EVT_HOST_RESET,\n\tUFS_EVT_ABORT,\n\n\tUFS_EVT_CNT,\n};\n\n/**\n * struct uic_command - UIC command structure\n * @command: UIC command\n * @argument1: UIC command argument 1\n * @argument2: UIC command argument 2\n * @argument3: UIC command argument 3\n * @cmd_active: Indicate if UIC command is outstanding\n * @done: UIC command completion\n */\nstruct uic_command {\n\tconst u32 command;\n\tconst u32 argument1;\n\tu32 argument2;\n\tu32 argument3;\n\tint cmd_active;\n\tstruct completion done;\n};\n\n/* Used to differentiate the power management options */\nenum ufs_pm_op {\n\tUFS_RUNTIME_PM,\n\tUFS_SYSTEM_PM,\n\tUFS_SHUTDOWN_PM,\n};\n\n/* Host <-> Device UniPro Link state */\nenum uic_link_state {\n\tUIC_LINK_OFF_STATE\t= 0, /* Link powered down or disabled */\n\tUIC_LINK_ACTIVE_STATE\t= 1, /* Link is in Fast/Slow/Sleep state */\n\tUIC_LINK_HIBERN8_STATE\t= 2, /* Link is in Hibernate state */\n\tUIC_LINK_BROKEN_STATE\t= 3, /* Link is in broken state */\n};\n\n#define ufshcd_is_link_off(hba) ((hba)->uic_link_state == UIC_LINK_OFF_STATE)\n#define ufshcd_is_link_active(hba) ((hba)->uic_link_state == \\\n\t\t\t\t    UIC_LINK_ACTIVE_STATE)\n#define ufshcd_is_link_hibern8(hba) ((hba)->uic_link_state == \\\n\t\t\t\t    UIC_LINK_HIBERN8_STATE)\n#define ufshcd_is_link_broken(hba) ((hba)->uic_link_state == \\\n\t\t\t\t   UIC_LINK_BROKEN_STATE)\n#define ufshcd_set_link_off(hba) ((hba)->uic_link_state = UIC_LINK_OFF_STATE)\n#define ufshcd_set_link_active(hba) ((hba)->uic_link_state = \\\n\t\t\t\t    UIC_LINK_ACTIVE_STATE)\n#define ufshcd_set_link_hibern8(hba) ((hba)->uic_link_state = \\\n\t\t\t\t    UIC_LINK_HIBERN8_STATE)\n#define ufshcd_set_link_broken(hba) ((hba)->uic_link_state = \\\n\t\t\t\t    UIC_LINK_BROKEN_STATE)\n\n#define ufshcd_set_ufs_dev_active(h) \\\n\t((h)->curr_dev_pwr_mode = UFS_ACTIVE_PWR_MODE)\n#define ufshcd_set_ufs_dev_sleep(h) \\\n\t((h)->curr_dev_pwr_mode = UFS_SLEEP_PWR_MODE)\n#define ufshcd_set_ufs_dev_poweroff(h) \\\n\t((h)->curr_dev_pwr_mode = UFS_POWERDOWN_PWR_MODE)\n#define ufshcd_set_ufs_dev_deepsleep(h) \\\n\t((h)->curr_dev_pwr_mode = UFS_DEEPSLEEP_PWR_MODE)\n#define ufshcd_is_ufs_dev_active(h) \\\n\t((h)->curr_dev_pwr_mode == UFS_ACTIVE_PWR_MODE)\n#define ufshcd_is_ufs_dev_sleep(h) \\\n\t((h)->curr_dev_pwr_mode == UFS_SLEEP_PWR_MODE)\n#define ufshcd_is_ufs_dev_poweroff(h) \\\n\t((h)->curr_dev_pwr_mode == UFS_POWERDOWN_PWR_MODE)\n#define ufshcd_is_ufs_dev_deepsleep(h) \\\n\t((h)->curr_dev_pwr_mode == UFS_DEEPSLEEP_PWR_MODE)\n\n/*\n * UFS Power management levels.\n * Each level is in increasing order of power savings, except DeepSleep\n * which is lower than PowerDown with power on but not PowerDown with\n * power off.\n */\nenum ufs_pm_level {\n\tUFS_PM_LVL_0,\n\tUFS_PM_LVL_1,\n\tUFS_PM_LVL_2,\n\tUFS_PM_LVL_3,\n\tUFS_PM_LVL_4,\n\tUFS_PM_LVL_5,\n\tUFS_PM_LVL_6,\n\tUFS_PM_LVL_MAX\n};\n\nstruct ufs_pm_lvl_states {\n\tenum ufs_dev_pwr_mode dev_state;\n\tenum uic_link_state link_state;\n};\n\n/**\n * struct ufshcd_lrb - local reference block\n * @utr_descriptor_ptr: UTRD address of the command\n * @ucd_req_ptr: UCD address of the command\n * @ucd_rsp_ptr: Response UPIU address for this command\n * @ucd_prdt_ptr: PRDT address of the command\n * @utrd_dma_addr: UTRD dma address for debug\n * @ucd_prdt_dma_addr: PRDT dma address for debug\n * @ucd_rsp_dma_addr: UPIU response dma address for debug\n * @ucd_req_dma_addr: UPIU request dma address for debug\n * @cmd: pointer to SCSI command\n * @scsi_status: SCSI status of the command\n * @command_type: SCSI, UFS, Query.\n * @task_tag: Task tag of the command\n * @lun: LUN of the command\n * @intr_cmd: Interrupt command (doesn\'t participate in interrupt aggregation)\n * @issue_time_stamp: time stamp for debug purposes (CLOCK_MONOTONIC)\n * @issue_time_stamp_local_clock: time stamp for debug purposes (local_clock)\n * @compl_time_stamp: time stamp for statistics (CLOCK_MONOTONIC)\n * @compl_time_stamp_local_clock: time stamp for debug purposes (local_clock)\n * @crypto_key_slot: the key slot to use for inline crypto (-1 if none)\n * @data_unit_num: the data unit number for the first block for inline crypto\n * @req_abort_skip: skip request abort task flag\n */\nstruct ufshcd_lrb {\n\tstruct utp_transfer_req_desc *utr_descriptor_ptr;\n\tstruct utp_upiu_req *ucd_req_ptr;\n\tstruct utp_upiu_rsp *ucd_rsp_ptr;\n\tstruct ufshcd_sg_entry *ucd_prdt_ptr;\n\n\tdma_addr_t utrd_dma_addr;\n\tdma_addr_t ucd_req_dma_addr;\n\tdma_addr_t ucd_rsp_dma_addr;\n\tdma_addr_t ucd_prdt_dma_addr;\n\n\tstruct scsi_cmnd *cmd;\n\tint scsi_status;\n\n\tint command_type;\n\tint task_tag;\n\tu8 lun; /* UPIU LUN id field is only 8-bit wide */\n\tbool intr_cmd;\n\tktime_t issue_time_stamp;\n\tu64 issue_time_stamp_local_clock;\n\tktime_t compl_time_stamp;\n\tu64 compl_time_stamp_local_clock;\n#ifdef CONFIG_SCSI_UFS_CRYPTO\n\tint crypto_key_slot;\n\tu64 data_unit_num;\n#endif\n\n\tbool req_abort_skip;\n};\n\n/**\n * struct ufs_query_req - parameters for building a query request\n * @query_func: UPIU header query function\n * @upiu_req: the query request data\n */\nstruct ufs_query_req {\n\tu8 query_func;\n\tstruct utp_upiu_query upiu_req;\n};\n\n/**\n * struct ufs_query_resp - UPIU QUERY\n * @response: device response code\n * @upiu_res: query response data\n */\nstruct ufs_query_res {\n\tstruct utp_upiu_query upiu_res;\n};\n\n/**\n * struct ufs_query - holds relevant data structures for query request\n * @request: request upiu and function\n * @descriptor: buffer for sending/receiving descriptor\n * @response: response upiu and response\n */\nstruct ufs_query {\n\tstruct ufs_query_req request;\n\tu8 *descriptor;\n\tstruct ufs_query_res response;\n};\n\n/**\n * struct ufs_dev_cmd - all assosiated fields with device management commands\n * @type: device management command type - Query, NOP OUT\n * @lock: lock to allow one command at a time\n * @complete: internal commands completion\n * @query: Device management query information\n */\nstruct ufs_dev_cmd {\n\tenum dev_cmd_type type;\n\tstruct mutex lock;\n\tstruct completion *complete;\n\tstruct ufs_query query;\n};\n\n/**\n * struct ufs_clk_info - UFS clock related info\n * @list: list headed by hba->clk_list_head\n * @clk: clock node\n * @name: clock name\n * @max_freq: maximum frequency supported by the clock\n * @min_freq: min frequency that can be used for clock scaling\n * @curr_freq: indicates the current frequency that it is set to\n * @keep_link_active: indicates that the clk should not be disabled if\n *\t\t      link is active\n * @enabled: variable to check against multiple enable/disable\n */\nstruct ufs_clk_info {\n\tstruct list_head list;\n\tstruct clk *clk;\n\tconst char *name;\n\tu32 max_freq;\n\tu32 min_freq;\n\tu32 curr_freq;\n\tbool keep_link_active;\n\tbool enabled;\n};\n\nenum ufs_notify_change_status {\n\tPRE_CHANGE,\n\tPOST_CHANGE,\n};\n\nstruct ufs_pa_layer_attr {\n\tu32 gear_rx;\n\tu32 gear_tx;\n\tu32 lane_rx;\n\tu32 lane_tx;\n\tu32 pwr_rx;\n\tu32 pwr_tx;\n\tu32 hs_rate;\n};\n\nstruct ufs_pwr_mode_info {\n\tbool is_valid;\n\tstruct ufs_pa_layer_attr info;\n};\n\n/**\n * struct ufs_hba_variant_ops - variant specific callbacks\n * @name: variant name\n * @max_num_rtt: maximum RTT supported by the host\n * @init: called when the driver is initialized\n * @exit: called to cleanup everything done in init\n * @get_ufs_hci_version: called to get UFS HCI version\n * @clk_scale_notify: notifies that clks are scaled up/down\n * @setup_clocks: called before touching any of the controller registers\n * @hce_enable_notify: called before and after HCE enable bit is set to allow\n *                     variant specific Uni-Pro initialization.\n * @link_startup_notify: called before and after Link startup is carried out\n *                       to allow variant specific Uni-Pro initialization.\n * @pwr_change_notify: called before and after a power mode change\n *\t\t\tis carried out to allow vendor spesific capabilities\n *\t\t\tto be set.\n * @setup_xfer_req: called before any transfer request is issued\n *                  to set some things\n * @setup_task_mgmt: called before any task management request is issued\n *                  to set some things\n * @hibern8_notify: called around hibern8 enter/exit\n * @apply_dev_quirks: called to apply device specific quirks\n * @fixup_dev_quirks: called to modify device specific quirks\n * @suspend: called during host controller PM callback\n * @resume: called during host controller PM callback\n * @dbg_register_dump: used to dump controller debug information\n * @phy_initialization: used to initialize phys\n * @device_reset: called to issue a reset pulse on the UFS device\n * @config_scaling_param: called to configure clock scaling parameters\n * @program_key: program or evict an inline encryption key\n * @fill_crypto_prdt: initialize crypto-related fields in the PRDT\n * @event_notify: called to notify important events\n * @reinit_notify: called to notify reinit of UFSHCD during max gear switch\n * @mcq_config_resource: called to configure MCQ platform resources\n * @get_hba_mac: reports maximum number of outstanding commands supported by\n *\tthe controller. Should be implemented for UFSHCI 4.0 or later\n *\tcontrollers that are not compliant with the UFSHCI 4.0 specification.\n * @op_runtime_config: called to config Operation and runtime regs Pointers\n * @get_outstanding_cqs: called to get outstanding completion queues\n * @config_esi: called to config Event Specific Interrupt\n * @config_scsi_dev: called to configure SCSI device parameters\n */\nstruct ufs_hba_variant_ops {\n\tconst char *name;\n\tint\tmax_num_rtt;\n\tint\t(*init)(struct ufs_hba *);\n\tvoid    (*exit)(struct ufs_hba *);\n\tu32\t(*get_ufs_hci_version)(struct ufs_hba *);\n\tint\t(*clk_scale_notify)(struct ufs_hba *, bool,\n\t\t\t\t    enum ufs_notify_change_status);\n\tint\t(*setup_clocks)(struct ufs_hba *, bool,\n\t\t\t\tenum ufs_notify_change_status);\n\tint\t(*hce_enable_notify)(struct ufs_hba *,\n\t\t\t\t     enum ufs_notify_change_status);\n\tint\t(*link_startup_notify)(struct ufs_hba *,\n\t\t\t\t       enum ufs_notify_change_status);\n\tint\t(*pwr_change_notify)(struct ufs_hba *,\n\t\t\t\t\tenum ufs_notify_change_status status,\n\t\t\t\t\tstruct ufs_pa_layer_attr *,\n\t\t\t\t\tstruct ufs_pa_layer_attr *);\n\tvoid\t(*setup_xfer_req)(struct ufs_hba *hba, int tag,\n\t\t\t\t  bool is_scsi_cmd);\n\tvoid\t(*setup_task_mgmt)(struct ufs_hba *, int, u8);\n\tvoid    (*hibern8_notify)(struct ufs_hba *, enum uic_cmd_dme,\n\t\t\t\t\tenum ufs_notify_change_status);\n\tint\t(*apply_dev_quirks)(struct ufs_hba *hba);\n\tvoid\t(*fixup_dev_quirks)(struct ufs_hba *hba);\n\tint     (*suspend)(struct ufs_hba *, enum ufs_pm_op,\n\t\t\t\t\tenum ufs_notify_change_status);\n\tint     (*resume)(struct ufs_hba *, enum ufs_pm_op);\n\tvoid\t(*dbg_register_dump)(struct ufs_hba *hba);\n\tint\t(*phy_initialization)(struct ufs_hba *);\n\tint\t(*device_reset)(struct ufs_hba *hba);\n\tvoid\t(*config_scaling_param)(struct ufs_hba *hba,\n\t\t\t\tstruct devfreq_dev_profile *profile,\n\t\t\t\tstruct devfreq_simple_ondemand_data *data);\n\tint\t(*program_key)(struct ufs_hba *hba,\n\t\t\t       const union ufs_crypto_cfg_entry *cfg, int slot);\n\tint\t(*fill_crypto_prdt)(struct ufs_hba *hba,\n\t\t\t\t    const struct bio_crypt_ctx *crypt_ctx,\n\t\t\t\t    void *prdt, unsigned int num_segments);\n\tvoid\t(*event_notify)(struct ufs_hba *hba,\n\t\t\t\tenum ufs_event_type evt, void *data);\n\tvoid\t(*reinit_notify)(struct ufs_hba *);\n\tint\t(*mcq_config_resource)(struct ufs_hba *hba);\n\tint\t(*get_hba_mac)(struct ufs_hba *hba);\n\tint\t(*op_runtime_config)(struct ufs_hba *hba);\n\tint\t(*get_outstanding_cqs)(struct ufs_hba *hba,\n\t\t\t\t       unsigned long *ocqs);\n\tint\t(*config_esi)(struct ufs_hba *hba);\n};\n\n/* clock gating state  */\nenum clk_gating_state {\n\tCLKS_OFF,\n\tCLKS_ON,\n\tREQ_CLKS_OFF,\n\tREQ_CLKS_ON,\n};\n\n/**\n * struct ufs_clk_gating - UFS clock gating related info\n * @gate_work: worker to turn off clocks after some delay as specified in\n * delay_ms\n * @ungate_work: worker to turn on clocks that will be used in case of\n * interrupt context\n * @state: the current clocks state\n * @delay_ms: gating delay in ms\n * @is_suspended: clk gating is suspended when set to 1 which can be used\n * during suspend/resume\n * @delay_attr: sysfs attribute to control delay_attr\n * @enable_attr: sysfs attribute to enable/disable clock gating\n * @is_enabled: Indicates the current status of clock gating\n * @is_initialized: Indicates whether clock gating is initialized or not\n * @active_reqs: number of requests that are pending and should be waited for\n * completion before gating clocks.\n * @clk_gating_workq: workqueue for clock gating work.\n */\nstruct ufs_clk_gating {\n\tstruct delayed_work gate_work;\n\tstruct work_struct ungate_work;\n\tenum clk_gating_state state;\n\tunsigned long delay_ms;\n\tbool is_suspended;\n\tstruct device_attribute delay_attr;\n\tstruct device_attribute enable_attr;\n\tbool is_enabled;\n\tbool is_initialized;\n\tint active_reqs;\n\tstruct workqueue_struct *clk_gating_workq;\n};\n\n/**\n * struct ufs_clk_scaling - UFS clock scaling related data\n * @active_reqs: number of requests that are pending. If this is zero when\n * devfreq ->target() function is called then schedule "suspend_work" to\n * suspend devfreq.\n * @tot_busy_t: Total busy time in current polling window\n * @window_start_t: Start time (in jiffies) of the current polling window\n * @busy_start_t: Start time of current busy period\n * @enable_attr: sysfs attribute to enable/disable clock scaling\n * @saved_pwr_info: UFS power mode may also be changed during scaling and this\n * one keeps track of previous power mode.\n * @workq: workqueue to schedule devfreq suspend/resume work\n * @suspend_work: worker to suspend devfreq\n * @resume_work: worker to resume devfreq\n * @target_freq: frequency requested by devfreq framework\n * @min_gear: lowest HS gear to scale down to\n * @is_enabled: tracks if scaling is currently enabled or not, controlled by\n *\t\tclkscale_enable sysfs node\n * @is_allowed: tracks if scaling is currently allowed or not, used to block\n *\t\tclock scaling which is not invoked from devfreq governor\n * @is_initialized: Indicates whether clock scaling is initialized or not\n * @is_busy_started: tracks if busy period has started or not\n * @is_suspended: tracks if devfreq is suspended or not\n */\nstruct ufs_clk_scaling {\n\tint active_reqs;\n\tunsigned long tot_busy_t;\n\tktime_t window_start_t;\n\tktime_t busy_start_t;\n\tstruct device_attribute enable_attr;\n\tstruct ufs_pa_layer_attr saved_pwr_info;\n\tstruct workqueue_struct *workq;\n\tstruct work_struct suspend_work;\n\tstruct work_struct resume_work;\n\tunsigned long target_freq;\n\tu32 min_gear;\n\tbool is_enabled;\n\tbool is_allowed;\n\tbool is_initialized;\n\tbool is_busy_started;\n\tbool is_suspended;\n\tbool suspend_on_no_request;\n};\n\n#define UFS_EVENT_HIST_LENGTH 8\n/**\n * struct ufs_event_hist - keeps history of errors\n * @pos: index to indicate cyclic buffer position\n * @val: cyclic buffer for registers value\n * @tstamp: cyclic buffer for time stamp\n * @cnt: error counter\n */\nstruct ufs_event_hist {\n\tint pos;\n\tu32 val[UFS_EVENT_HIST_LENGTH];\n\tu64 tstamp[UFS_EVENT_HIST_LENGTH];\n\tunsigned long long cnt;\n};\n\n/**\n * struct ufs_stats - keeps usage/err statistics\n * @last_intr_status: record the last interrupt status.\n * @last_intr_ts: record the last interrupt timestamp.\n * @hibern8_exit_cnt: Counter to keep track of number of exits,\n *\t\treset this after link-startup.\n * @last_hibern8_exit_tstamp: Set time after the hibern8 exit.\n *\t\tClear after the first successful command completion.\n * @event: array with event history.\n */\nstruct ufs_stats {\n\tu32 last_intr_status;\n\tu64 last_intr_ts;\n\n\tu32 hibern8_exit_cnt;\n\tu64 last_hibern8_exit_tstamp;\n\tstruct ufs_event_hist event[UFS_EVT_CNT];\n};\n\n/**\n * enum ufshcd_state - UFS host controller state\n * @UFSHCD_STATE_RESET: Link is not operational. Postpone SCSI command\n *\tprocessing.\n * @UFSHCD_STATE_OPERATIONAL: The host controller is operational and can process\n *\tSCSI commands.\n * @UFSHCD_STATE_EH_SCHEDULED_NON_FATAL: The error handler has been scheduled.\n *\tSCSI commands may be submitted to the controller.\n * @UFSHCD_STATE_EH_SCHEDULED_FATAL: The error handler has been scheduled. Fail\n *\tnewly submitted SCSI commands with error code DID_BAD_TARGET.\n * @UFSHCD_STATE_ERROR: An unrecoverable error occurred, e.g. link recovery\n *\tfailed. Fail all SCSI commands with error code DID_ERROR.\n */\nenum ufshcd_state {\n\tUFSHCD_STATE_RESET,\n\tUFSHCD_STATE_OPERATIONAL,\n\tUFSHCD_STATE_EH_SCHEDULED_NON_FATAL,\n\tUFSHCD_STATE_EH_SCHEDULED_FATAL,\n\tUFSHCD_STATE_ERROR,\n};\n\nenum ufshcd_quirks {\n\t/* Interrupt aggregation support is broken */\n\tUFSHCD_QUIRK_BROKEN_INTR_AGGR\t\t\t= 1 << 0,\n\n\t/*\n\t * delay before each dme command is required as the unipro\n\t * layer has shown instabilities\n\t */\n\tUFSHCD_QUIRK_DELAY_BEFORE_DME_CMDS\t\t= 1 << 1,\n\n\t/*\n\t * If UFS host controller is having issue in processing LCC (Line\n\t * Control Command) coming from device then enable this quirk.\n\t * When this quirk is enabled, host controller driver should disable\n\t * the LCC transmission on UFS device (by clearing TX_LCC_ENABLE\n\t * attribute of device to 0).\n\t */\n\tUFSHCD_QUIRK_BROKEN_LCC\t\t\t\t= 1 << 2,\n\n\t/*\n\t * The attribute PA_RXHSUNTERMCAP specifies whether or not the\n\t * inbound Link supports unterminated line in HS mode. Setting this\n\t * attribute to 1 fixes moving to HS gear.\n\t */\n\tUFSHCD_QUIRK_BROKEN_PA_RXHSUNTERMCAP\t\t= 1 << 3,\n\n\t/*\n\t * This quirk needs to be enabled if the host controller only allows\n\t * accessing the peer dme attributes in AUTO mode (FAST AUTO or\n\t * SLOW AUTO).\n\t */\n\tUFSHCD_QUIRK_DME_PEER_ACCESS_AUTO_MODE\t\t= 1 << 4,\n\n\t/*\n\t * This quirk needs to be enabled if the host controller doesn\'t\n\t * advertise the correct version in UFS_VER register. If this quirk\n\t * is enabled, standard UFS host driver will call the vendor specific\n\t * ops (get_ufs_hci_version) to get the correct version.\n\t */\n\tUFSHCD_QUIRK_BROKEN_UFS_HCI_VERSION\t\t= 1 << 5,\n\n\t/*\n\t * Clear handling for transfer/task request list is just opposite.\n\t */\n\tUFSHCI_QUIRK_BROKEN_REQ_LIST_CLR\t\t= 1 << 6,\n\n\t/*\n\t * This quirk needs to be enabled if host controller doesn\'t allow\n\t * that the interrupt aggregation timer and counter are reset by s/w.\n\t */\n\tUFSHCI_QUIRK_SKIP_RESET_INTR_AGGR\t\t= 1 << 7,\n\n\t/*\n\t * This quirks needs to be enabled if host controller cannot be\n\t * enabled via HCE register.\n\t */\n\tUFSHCI_QUIRK_BROKEN_HCE\t\t\t\t= 1 << 8,\n\n\t/*\n\t * This quirk needs to be enabled if the host controller regards\n\t * resolution of the values of PRDTO and PRDTL in UTRD as byte.\n\t */\n\tUFSHCD_QUIRK_PRDT_BYTE_GRAN\t\t\t= 1 << 9,\n\n\t/*\n\t * This quirk needs to be enabled if the host controller reports\n\t * OCS FATAL ERROR with device error through sense data\n\t */\n\tUFSHCD_QUIRK_BROKEN_OCS_FATAL_ERROR\t\t= 1 << 10,\n\n\t/*\n\t * This quirk needs to be enabled if the host controller has\n\t * auto-hibernate capability but it doesn\'t work.\n\t */\n\tUFSHCD_QUIRK_BROKEN_AUTO_HIBERN8\t\t= 1 << 11,\n\n\t/*\n\t * This quirk needs to disable manual flush for write booster\n\t */\n\tUFSHCI_QUIRK_SKIP_MANUAL_WB_FLUSH_CTRL\t\t= 1 << 12,\n\n\t/*\n\t * This quirk needs to disable unipro timeout values\n\t * before power mode change\n\t */\n\tUFSHCD_QUIRK_SKIP_DEF_UNIPRO_TIMEOUT_SETTING = 1 << 13,\n\n\t/*\n\t * This quirk needs to be enabled if the host controller does not\n\t * support UIC command\n\t */\n\tUFSHCD_QUIRK_BROKEN_UIC_CMD\t\t\t= 1 << 15,\n\n\t/*\n\t * This quirk needs to be enabled if the host controller cannot\n\t * support physical host configuration.\n\t */\n\tUFSHCD_QUIRK_SKIP_PH_CONFIGURATION\t\t= 1 << 16,\n\n\t/*\n\t * This quirk needs to be enabled if the host controller has\n\t * 64-bit addressing supported capability but it doesn\'t work.\n\t */\n\tUFSHCD_QUIRK_BROKEN_64BIT_ADDRESS\t\t= 1 << 17,\n\n\t/*\n\t * This quirk needs to be enabled if the host controller has\n\t * auto-hibernate capability but it\'s FASTAUTO only.\n\t */\n\tUFSHCD_QUIRK_HIBERN_FASTAUTO\t\t\t= 1 << 18,\n\n\t/*\n\t * This quirk needs to be enabled if the host controller needs\n\t * to reinit the device after switching to maximum gear.\n\t */\n\tUFSHCD_QUIRK_REINIT_AFTER_MAX_GEAR_SWITCH       = 1 << 19,\n\n\t/*\n\t * Some host raises interrupt (per queue) in addition to\n\t * CQES (traditional) when ESI is disabled.\n\t * Enable this quirk will disable CQES and use per queue interrupt.\n\t */\n\tUFSHCD_QUIRK_MCQ_BROKEN_INTR\t\t\t= 1 << 20,\n\n\t/*\n\t * Some host does not implement SQ Run Time Command (SQRTC) register\n\t * thus need this quirk to skip related flow.\n\t */\n\tUFSHCD_QUIRK_MCQ_BROKEN_RTC\t\t\t= 1 << 21,\n\n\t/*\n\t * This quirk needs to be enabled if the host controller supports inline\n\t * encryption but it needs to initialize the crypto capabilities in a\n\t * nonstandard way and/or needs to override blk_crypto_ll_ops.  If\n\t * enabled, the standard code won\'t initialize the blk_crypto_profile;\n\t * ufs_hba_variant_ops::init() must do it instead.\n\t */\n\tUFSHCD_QUIRK_CUSTOM_CRYPTO_PROFILE\t\t= 1 << 22,\n\n\t/*\n\t * This quirk needs to be enabled if the host controller supports inline\n\t * encryption but does not support the CRYPTO_GENERAL_ENABLE bit, i.e.\n\t * host controller initialization fails if that bit is set.\n\t */\n\tUFSHCD_QUIRK_BROKEN_CRYPTO_ENABLE\t\t= 1 << 23,\n\n\t/*\n\t * This quirk needs to be enabled if the host controller driver copies\n\t * cryptographic keys into the PRDT in order to send them to hardware,\n\t * and therefore the PRDT should be zeroized after each request (as per\n\t * the standard best practice for managing keys).\n\t */\n\tUFSHCD_QUIRK_KEYS_IN_PRDT\t\t\t= 1 << 24,\n\n\t/*\n\t * This quirk indicates that the controller reports the value 1 (not\n\t * supported) in the Legacy Single DoorBell Support (LSDBS) bit of the\n\t * Controller Capabilities register although it supports the legacy\n\t * single doorbell mode.\n\t */\n\tUFSHCD_QUIRK_BROKEN_LSDBS_CAP\t\t\t= 1 << 25,\n};\n\nenum ufshcd_caps {\n\t/* Allow dynamic clk gating */\n\tUFSHCD_CAP_CLK_GATING\t\t\t\t= 1 << 0,\n\n\t/* Allow hiberb8 with clk gating */\n\tUFSHCD_CAP_HIBERN8_WITH_CLK_GATING\t\t= 1 << 1,\n\n\t/* Allow dynamic clk scaling */\n\tUFSHCD_CAP_CLK_SCALING\t\t\t\t= 1 << 2,\n\n\t/* Allow auto bkops to enabled during runtime suspend */\n\tUFSHCD_CAP_AUTO_BKOPS_SUSPEND\t\t\t= 1 << 3,\n\n\t/*\n\t * This capability allows host controller driver to use the UFS HCI\'s\n\t * interrupt aggregation capability.\n\t * CAUTION: Enabling this might reduce overall UFS throughput.\n\t */\n\tUFSHCD_CAP_INTR_AGGR\t\t\t\t= 1 << 4,\n\n\t/*\n\t * This capability allows the device auto-bkops to be always enabled\n\t * except during suspend (both runtime and suspend).\n\t * Enabling this capability means that device will always be allowed\n\t * to do background operation when it\'s active but it might degrade\n\t * the performance of ongoing read/write operations.\n\t */\n\tUFSHCD_CAP_KEEP_AUTO_BKOPS_ENABLED_EXCEPT_SUSPEND = 1 << 5,\n\n\t/*\n\t * This capability allows host controller driver to automatically\n\t * enable runtime power management by itself instead of waiting\n\t * for userspace to control the power management.\n\t */\n\tUFSHCD_CAP_RPM_AUTOSUSPEND\t\t\t= 1 << 6,\n\n\t/*\n\t * This capability allows the host controller driver to turn-on\n\t * WriteBooster, if the underlying device supports it and is\n\t * provisioned to be used. This would increase the write performance.\n\t */\n\tUFSHCD_CAP_WB_EN\t\t\t\t= 1 << 7,\n\n\t/*\n\t * This capability allows the host controller driver to use the\n\t * inline crypto engine, if it is present\n\t */\n\tUFSHCD_CAP_CRYPTO\t\t\t\t= 1 << 8,\n\n\t/*\n\t * This capability allows the controller regulators to be put into\n\t * lpm mode aggressively during clock gating.\n\t * This would increase power savings.\n\t */\n\tUFSHCD_CAP_AGGR_POWER_COLLAPSE\t\t\t= 1 << 9,\n\n\t/*\n\t * This capability allows the host controller driver to use DeepSleep,\n\t * if it is supported by the UFS device. The host controller driver must\n\t * support device hardware reset via the hba->device_reset() callback,\n\t * in order to exit DeepSleep state.\n\t */\n\tUFSHCD_CAP_DEEPSLEEP\t\t\t\t= 1 << 10,\n\n\t/*\n\t * This capability allows the host controller driver to use temperature\n\t * notification if it is supported by the UFS device.\n\t */\n\tUFSHCD_CAP_TEMP_NOTIF\t\t\t\t= 1 << 11,\n\n\t/*\n\t * Enable WriteBooster when scaling up the clock and disable\n\t * WriteBooster when scaling the clock down.\n\t */\n\tUFSHCD_CAP_WB_WITH_CLK_SCALING\t\t\t= 1 << 12,\n};\n\nstruct ufs_hba_variant_params {\n\tstruct devfreq_dev_profile devfreq_profile;\n\tstruct devfreq_simple_ondemand_data ondemand_data;\n\tu16 hba_enable_delay_us;\n\tu32 wb_flush_threshold;\n};\n\nstruct ufs_hba_monitor {\n\tunsigned long chunk_size;\n\n\tunsigned long nr_sec_rw[2];\n\tktime_t total_busy[2];\n\n\tunsigned long nr_req[2];\n\t/* latencies*/\n\tktime_t lat_sum[2];\n\tktime_t lat_max[2];\n\tktime_t lat_min[2];\n\n\tu32 nr_queued[2];\n\tktime_t busy_start_ts[2];\n\n\tktime_t enabled_ts;\n\tbool enabled;\n};\n\n/**\n * struct ufshcd_res_info_t - MCQ related resource regions\n *\n * @name: resource name\n * @resource: pointer to resource region\n * @base: register base address\n */\nstruct ufshcd_res_info {\n\tconst char *name;\n\tstruct resource *resource;\n\tvoid __iomem *base;\n};\n\nenum ufshcd_res {\n\tRES_UFS,\n\tRES_MCQ,\n\tRES_MCQ_SQD,\n\tRES_MCQ_SQIS,\n\tRES_MCQ_CQD,\n\tRES_MCQ_CQIS,\n\tRES_MCQ_VS,\n\tRES_MAX,\n};\n\n/**\n * struct ufshcd_mcq_opr_info_t - Operation and Runtime registers\n *\n * @offset: Doorbell Address Offset\n * @stride: Steps proportional to queue [0...31]\n * @base: base address\n */\nstruct ufshcd_mcq_opr_info_t {\n\tunsigned long offset;\n\tunsigned long stride;\n\tvoid __iomem *base;\n};\n\nenum ufshcd_mcq_opr {\n\tOPR_SQD,\n\tOPR_SQIS,\n\tOPR_CQD,\n\tOPR_CQIS,\n\tOPR_MAX,\n};\n\n/**\n * struct ufs_hba - per adapter private structure\n * @mmio_base: UFSHCI base register address\n * @ucdl_base_addr: UFS Command Descriptor base address\n * @utrdl_base_addr: UTP Transfer Request Descriptor base address\n * @utmrdl_base_addr: UTP Task Management Descriptor base address\n * @ucdl_dma_addr: UFS Command Descriptor DMA address\n * @utrdl_dma_addr: UTRDL DMA address\n * @utmrdl_dma_addr: UTMRDL DMA address\n * @host: Scsi_Host instance of the driver\n * @dev: device handle\n * @ufs_device_wlun: WLUN that controls the entire UFS device.\n * @hwmon_device: device instance registered with the hwmon core.\n * @curr_dev_pwr_mode: active UFS device power mode.\n * @uic_link_state: active state of the link to the UFS device.\n * @rpm_lvl: desired UFS power management level during runtime PM.\n * @spm_lvl: desired UFS power management level during system PM.\n * @pm_op_in_progress: whether or not a PM operation is in progress.\n * @ahit: value of Auto-Hibernate Idle Timer register.\n * @lrb: local reference block\n * @outstanding_tasks: Bits representing outstanding task requests\n * @outstanding_lock: Protects @outstanding_reqs.\n * @outstanding_reqs: Bits representing outstanding transfer requests\n * @capabilities: UFS Controller Capabilities\n * @mcq_capabilities: UFS Multi Circular Queue capabilities\n * @nutrs: Transfer Request Queue depth supported by controller\n * @nortt - Max outstanding RTTs supported by controller\n * @nutmrs: Task Management Queue depth supported by controller\n * @reserved_slot: Used to submit device commands. Protected by @dev_cmd.lock.\n * @ufs_version: UFS Version to which controller complies\n * @vops: pointer to variant specific operations\n * @vps: pointer to variant specific parameters\n * @priv: pointer to variant specific private data\n * @sg_entry_size: size of struct ufshcd_sg_entry (may include variant fields)\n * @irq: Irq number of the controller\n * @is_irq_enabled: whether or not the UFS controller interrupt is enabled.\n * @dev_ref_clk_freq: reference clock frequency\n * @quirks: bitmask with information about deviations from the UFSHCI standard.\n * @dev_quirks: bitmask with information about deviations from the UFS standard.\n * @tmf_tag_set: TMF tag set.\n * @tmf_queue: Used to allocate TMF tags.\n * @tmf_rqs: array with pointers to TMF requests while these are in progress.\n * @active_uic_cmd: handle of active UIC command\n * @uic_cmd_mutex: mutex for UIC command\n * @uic_async_done: completion used during UIC processing\n * @ufshcd_state: UFSHCD state\n * @eh_flags: Error handling flags\n * @intr_mask: Interrupt Mask Bits\n * @ee_ctrl_mask: Exception event control mask\n * @ee_drv_mask: Exception event mask for driver\n * @ee_usr_mask: Exception event mask for user (set via debugfs)\n * @ee_ctrl_mutex: Used to serialize exception event information.\n * @is_powered: flag to check if HBA is powered\n * @shutting_down: flag to check if shutdown has been invoked\n * @host_sem: semaphore used to serialize concurrent contexts\n * @eh_wq: Workqueue that eh_work works on\n * @eh_work: Worker to handle UFS errors that require s/w attention\n * @eeh_work: Worker to handle exception events\n * @errors: HBA errors\n * @uic_error: UFS interconnect layer error status\n * @saved_err: sticky error mask\n * @saved_uic_err: sticky UIC error mask\n * @ufs_stats: various error counters\n * @force_reset: flag to force eh_work perform a full reset\n * @force_pmc: flag to force a power mode change\n * @silence_err_logs: flag to silence error logs\n * @dev_cmd: ufs device management command information\n * @last_dme_cmd_tstamp: time stamp of the last completed DME command\n * @nop_out_timeout: NOP OUT timeout value\n * @dev_info: information about the UFS device\n * @auto_bkops_enabled: to track whether bkops is enabled in device\n * @vreg_info: UFS device voltage regulator information\n * @clk_list_head: UFS host controller clocks list node head\n * @use_pm_opp: Indicates whether OPP based scaling is used or not\n * @req_abort_count: number of times ufshcd_abort() has been called\n * @lanes_per_direction: number of lanes per data direction between the UFS\n *\tcontroller and the UFS device.\n * @pwr_info: holds current power mode\n * @max_pwr_info: keeps the device max valid pwm\n * @clk_gating: information related to clock gating\n * @caps: bitmask with information about UFS controller capabilities\n * @devfreq: frequency scaling information owned by the devfreq core\n * @clk_scaling: frequency scaling information owned by the UFS driver\n * @system_suspending: system suspend has been started and system resume has\n *\tnot yet finished.\n * @is_sys_suspended: UFS device has been suspended because of system suspend\n * @urgent_bkops_lvl: keeps track of urgent bkops level for device\n * @is_urgent_bkops_lvl_checked: keeps track if the urgent bkops level for\n *  device is known or not.\n * @wb_mutex: used to serialize devfreq and sysfs write booster toggling\n * @clk_scaling_lock: used to serialize device commands and clock scaling\n * @desc_size: descriptor sizes reported by device\n * @scsi_block_reqs_cnt: reference counting for scsi block requests\n * @bsg_dev: struct device associated with the BSG queue\n * @bsg_queue: BSG queue associated with the UFS controller\n * @rpm_dev_flush_recheck_work: used to suspend from RPM (runtime power\n *\tmanagement) after the UFS device has finished a WriteBooster buffer\n *\tflush or auto BKOP.\n * @monitor: statistics about UFS commands\n * @crypto_capabilities: Content of crypto capabilities register (0x100)\n * @crypto_cap_array: Array of crypto capabilities\n * @crypto_cfg_register: Start of the crypto cfg array\n * @crypto_profile: the crypto profile of this hba (if applicable)\n * @debugfs_root: UFS controller debugfs root directory\n * @debugfs_ee_work: used to restore ee_ctrl_mask after a delay\n * @debugfs_ee_rate_limit_ms: user configurable delay after which to restore\n *\tee_ctrl_mask\n * @luns_avail: number of regular and well known LUNs supported by the UFS\n *\tdevice\n * @nr_hw_queues: number of hardware queues configured\n * @nr_queues: number of Queues of different queue types\n * @complete_put: whether or not to call ufshcd_rpm_put() from inside\n *\tufshcd_resume_complete()\n * @ext_iid_sup: is EXT_IID is supported by UFSHC\n * @mcq_sup: is mcq supported by UFSHC\n * @mcq_enabled: is mcq ready to accept requests\n * @res: array of resource info of MCQ registers\n * @mcq_base: Multi circular queue registers base address\n * @uhq: array of supported hardware queues\n * @dev_cmd_queue: Queue for issuing device management commands\n * @mcq_opr: MCQ operation and runtime registers\n * @ufs_rtc_update_work: A work for UFS RTC periodic update\n * @pm_qos_req: PM QoS request handle\n * @pm_qos_enabled: flag to check if pm qos is enabled\n */\nstruct ufs_hba {\n\tvoid __iomem *mmio_base;\n\n\t/* Virtual memory reference */\n\tstruct utp_transfer_cmd_desc *ucdl_base_addr;\n\tstruct utp_transfer_req_desc *utrdl_base_addr;\n\tstruct utp_task_req_desc *utmrdl_base_addr;\n\n\t/* DMA memory reference */\n\tdma_addr_t ucdl_dma_addr;\n\tdma_addr_t utrdl_dma_addr;\n\tdma_addr_t utmrdl_dma_addr;\n\n\tstruct Scsi_Host *host;\n\tstruct device *dev;\n\tstruct scsi_device *ufs_device_wlun;\n\n#ifdef CONFIG_SCSI_UFS_HWMON\n\tstruct device *hwmon_device;\n#endif\n\n\tenum ufs_dev_pwr_mode curr_dev_pwr_mode;\n\tenum uic_link_state uic_link_state;\n\t/* Desired UFS power management level during runtime PM */\n\tenum ufs_pm_level rpm_lvl;\n\t/* Desired UFS power management level during system PM */\n\tenum ufs_pm_level spm_lvl;\n\tint pm_op_in_progress;\n\n\t/* Auto-Hibernate Idle Timer register value */\n\tu32 ahit;\n\n\tstruct ufshcd_lrb *lrb;\n\n\tunsigned long outstanding_tasks;\n\tspinlock_t outstanding_lock;\n\tunsigned long outstanding_reqs;\n\n\tu32 capabilities;\n\tint nutrs;\n\tint nortt;\n\tu32 mcq_capabilities;\n\tint nutmrs;\n\tu32 reserved_slot;\n\tu32 ufs_version;\n\tconst struct ufs_hba_variant_ops *vops;\n\tstruct ufs_hba_variant_params *vps;\n\tvoid *priv;\n#ifdef CONFIG_SCSI_UFS_VARIABLE_SG_ENTRY_SIZE\n\tsize_t sg_entry_size;\n#endif\n\tunsigned int irq;\n\tbool is_irq_enabled;\n\tenum ufs_ref_clk_freq dev_ref_clk_freq;\n\n\tunsigned int quirks;\t/* Deviations from standard UFSHCI spec. */\n\n\t/* Device deviations from standard UFS device spec. */\n\tunsigned int dev_quirks;\n\n\tstruct blk_mq_tag_set tmf_tag_set;\n\tstruct request_queue *tmf_queue;\n\tstruct request **tmf_rqs;\n\n\tstruct uic_command *active_uic_cmd;\n\tstruct mutex uic_cmd_mutex;\n\tstruct completion *uic_async_done;\n\n\tenum ufshcd_state ufshcd_state;\n\tu32 eh_flags;\n\tu32 intr_mask;\n\tu16 ee_ctrl_mask;\n\tu16 ee_drv_mask;\n\tu16 ee_usr_mask;\n\tstruct mutex ee_ctrl_mutex;\n\tbool is_powered;\n\tbool shutting_down;\n\tstruct semaphore host_sem;\n\n\t/* Work Queues */\n\tstruct workqueue_struct *eh_wq;\n\tstruct work_struct eh_work;\n\tstruct work_struct eeh_work;\n\n\t/* HBA Errors */\n\tu32 errors;\n\tu32 uic_error;\n\tu32 saved_err;\n\tu32 saved_uic_err;\n\tstruct ufs_stats ufs_stats;\n\tbool force_reset;\n\tbool force_pmc;\n\tbool silence_err_logs;\n\n\t/* Device management request data */\n\tstruct ufs_dev_cmd dev_cmd;\n\tktime_t last_dme_cmd_tstamp;\n\tint nop_out_timeout;\n\n\t/* Keeps information of the UFS device connected to this host */\n\tstruct ufs_dev_info dev_info;\n\tbool auto_bkops_enabled;\n\tstruct ufs_vreg_info vreg_info;\n\tstruct list_head clk_list_head;\n\tbool use_pm_opp;\n\n\t/* Number of requests aborts */\n\tint req_abort_count;\n\n\t/* Number of lanes available (1 or 2) for Rx/Tx */\n\tu32 lanes_per_direction;\n\tstruct ufs_pa_layer_attr pwr_info;\n\tstruct ufs_pwr_mode_info max_pwr_info;\n\n\tstruct ufs_clk_gating clk_gating;\n\t/* Control to enable/disable host capabilities */\n\tu32 caps;\n\n\tstruct devfreq *devfreq;\n\tstruct ufs_clk_scaling clk_scaling;\n\tbool system_suspending;\n\tbool is_sys_suspended;\n\n\tenum bkops_status urgent_bkops_lvl;\n\tbool is_urgent_bkops_lvl_checked;\n\n\tstruct mutex wb_mutex;\n\tstruct rw_semaphore clk_scaling_lock;\n\tatomic_t scsi_block_reqs_cnt;\n\n\tstruct device\t\tbsg_dev;\n\tstruct request_queue\t*bsg_queue;\n\tstruct delayed_work rpm_dev_flush_recheck_work;\n\n\tstruct ufs_hba_monitor\tmonitor;\n\n#ifdef CONFIG_SCSI_UFS_CRYPTO\n\tunion ufs_crypto_capabilities crypto_capabilities;\n\tunion ufs_crypto_cap_entry *crypto_cap_array;\n\tu32 crypto_cfg_register;\n\tstruct blk_crypto_profile crypto_profile;\n#endif\n#ifdef CONFIG_DEBUG_FS\n\tstruct dentry *debugfs_root;\n\tstruct delayed_work debugfs_ee_work;\n\tu32 debugfs_ee_rate_limit_ms;\n#endif\n#ifdef CONFIG_SCSI_UFS_FAULT_INJECTION\n\tstruct fault_attr trigger_eh_attr;\n\tstruct fault_attr timeout_attr;\n#endif\n\tu32 luns_avail;\n\tunsigned int nr_hw_queues;\n\tunsigned int nr_queues[HCTX_MAX_TYPES];\n\tbool complete_put;\n\tbool ext_iid_sup;\n\tbool scsi_host_added;\n\tbool mcq_sup;\n\tbool lsdb_sup;\n\tbool mcq_enabled;\n\tstruct ufshcd_res_info res[RES_MAX];\n\tvoid __iomem *mcq_base;\n\tstruct ufs_hw_queue *uhq;\n\tstruct ufs_hw_queue *dev_cmd_queue;\n\tstruct ufshcd_mcq_opr_info_t mcq_opr[OPR_MAX];\n\n\tstruct delayed_work ufs_rtc_update_work;\n\tstruct pm_qos_request pm_qos_req;\n\tbool pm_qos_enabled;\n};\n\n/**\n * struct ufs_hw_queue - per hardware queue structure\n * @mcq_sq_head: base address of submission queue head pointer\n * @mcq_sq_tail: base address of submission queue tail pointer\n * @mcq_cq_head: base address of completion queue head pointer\n * @mcq_cq_tail: base address of completion queue tail pointer\n * @sqe_base_addr: submission queue entry base address\n * @sqe_dma_addr: submission queue dma address\n * @cqe_base_addr: completion queue base address\n * @cqe_dma_addr: completion queue dma address\n * @max_entries: max number of slots in this hardware queue\n * @id: hardware queue ID\n * @sq_tp_slot: current slot to which SQ tail pointer is pointing\n * @sq_lock: serialize submission queue access\n * @cq_tail_slot: current slot to which CQ tail pointer is pointing\n * @cq_head_slot: current slot to which CQ head pointer is pointing\n * @cq_lock: Synchronize between multiple polling instances\n * @sq_mutex: prevent submission queue concurrent access\n */\nstruct ufs_hw_queue {\n\tvoid __iomem *mcq_sq_head;\n\tvoid __iomem *mcq_sq_tail;\n\tvoid __iomem *mcq_cq_head;\n\tvoid __iomem *mcq_cq_tail;\n\n\tstruct utp_transfer_req_desc *sqe_base_addr;\n\tdma_addr_t sqe_dma_addr;\n\tstruct cq_entry *cqe_base_addr;\n\tdma_addr_t cqe_dma_addr;\n\tu32 max_entries;\n\tu32 id;\n\tu32 sq_tail_slot;\n\tspinlock_t sq_lock;\n\tu32 cq_tail_slot;\n\tu32 cq_head_slot;\n\tspinlock_t cq_lock;\n\t/* prevent concurrent access to submission queue */\n\tstruct mutex sq_mutex;\n};\n\n#define MCQ_QCFG_SIZE\t\t0x40\n\nstatic inline unsigned int ufshcd_mcq_opr_offset(struct ufs_hba *hba,\n\t\tenum ufshcd_mcq_opr opr, int idx)\n{\n\treturn hba->mcq_opr[opr].offset + hba->mcq_opr[opr].stride * idx;\n}\n\nstatic inline unsigned int ufshcd_mcq_cfg_offset(unsigned int reg, int idx)\n{\n\treturn reg + MCQ_QCFG_SIZE * idx;\n}\n\n#ifdef CONFIG_SCSI_UFS_VARIABLE_SG_ENTRY_SIZE\nstatic inline size_t ufshcd_sg_entry_size(const struct ufs_hba *hba)\n{\n\treturn hba->sg_entry_size;\n}\n\nstatic inline void ufshcd_set_sg_entry_size(struct ufs_hba *hba, size_t sg_entry_size)\n{\n\tWARN_ON_ONCE(sg_entry_size < sizeof(struct ufshcd_sg_entry));\n\thba->sg_entry_size = sg_entry_size;\n}\n#else\nstatic inline size_t ufshcd_sg_entry_size(const struct ufs_hba *hba)\n{\n\treturn sizeof(struct ufshcd_sg_entry);\n}\n\n#define ufshcd_set_sg_entry_size(hba, sg_entry_size)                   \\\n\t({ (void)(hba); BUILD_BUG_ON(sg_entry_size != sizeof(struct ufshcd_sg_entry)); })\n#endif\n\nstatic inline size_t ufshcd_get_ucd_size(const struct ufs_hba *hba)\n{\n\treturn sizeof(struct utp_transfer_cmd_desc) + SG_ALL * ufshcd_sg_entry_size(hba);\n}\n\n/* Returns true if clocks can be gated. Otherwise false */\nstatic inline bool ufshcd_is_clkgating_allowed(struct ufs_hba *hba)\n{\n\treturn hba->caps & UFSHCD_CAP_CLK_GATING;\n}\nstatic inline bool ufshcd_can_hibern8_during_gating(struct ufs_hba *hba)\n{\n\treturn hba->caps & UFSHCD_CAP_HIBERN8_WITH_CLK_GATING;\n}\nstatic inline int ufshcd_is_clkscaling_supported(struct ufs_hba *hba)\n{\n\treturn hba->caps & UFSHCD_CAP_CLK_SCALING;\n}\nstatic inline bool ufshcd_can_autobkops_during_suspend(struct ufs_hba *hba)\n{\n\treturn hba->caps & UFSHCD_CAP_AUTO_BKOPS_SUSPEND;\n}\nstatic inline bool ufshcd_is_rpm_autosuspend_allowed(struct ufs_hba *hba)\n{\n\treturn hba->caps & UFSHCD_CAP_RPM_AUTOSUSPEND;\n}\n\nstatic inline bool ufshcd_is_intr_aggr_allowed(struct ufs_hba *hba)\n{\n\treturn (hba->caps & UFSHCD_CAP_INTR_AGGR) &&\n\t\t!(hba->quirks & UFSHCD_QUIRK_BROKEN_INTR_AGGR);\n}\n\nstatic inline bool ufshcd_can_aggressive_pc(struct ufs_hba *hba)\n{\n\treturn !!(ufshcd_is_link_hibern8(hba) &&\n\t\t  (hba->caps & UFSHCD_CAP_AGGR_POWER_COLLAPSE));\n}\n\nstatic inline bool ufshcd_is_auto_hibern8_supported(struct ufs_hba *hba)\n{\n\treturn (hba->capabilities & MASK_AUTO_HIBERN8_SUPPORT) &&\n\t\t!(hba->quirks & UFSHCD_QUIRK_BROKEN_AUTO_HIBERN8);\n}\n\nstatic inline bool ufshcd_is_auto_hibern8_enabled(struct ufs_hba *hba)\n{\n\treturn FIELD_GET(UFSHCI_AHIBERN8_TIMER_MASK, hba->ahit);\n}\n\nstatic inline bool ufshcd_is_wb_allowed(struct ufs_hba *hba)\n{\n\treturn hba->caps & UFSHCD_CAP_WB_EN;\n}\n\nstatic inline bool ufshcd_enable_wb_if_scaling_up(struct ufs_hba *hba)\n{\n\treturn hba->caps & UFSHCD_CAP_WB_WITH_CLK_SCALING;\n}\n\n#define ufsmcq_writel(hba, val, reg)\t\\\n\twritel((val), (hba)->mcq_base + (reg))\n#define ufsmcq_readl(hba, reg)\t\\\n\treadl((hba)->mcq_base + (reg))\n\n#define ufsmcq_writelx(hba, val, reg)\t\\\n\twritel_relaxed((val), (hba)->mcq_base + (reg))\n#define ufsmcq_readlx(hba, reg)\t\\\n\treadl_relaxed((hba)->mcq_base + (reg))\n\n#define ufshcd_writel(hba, val, reg)\t\\\n\twritel((val), (hba)->mmio_base + (reg))\n#define ufshcd_readl(hba, reg)\t\\\n\treadl((hba)->mmio_base + (reg))\n\n/**\n * ufshcd_rmwl - perform read/modify/write for a controller register\n * @hba: per adapter instance\n * @mask: mask to apply on read value\n * @val: actual value to write\n * @reg: register address\n */\nstatic inline void ufshcd_rmwl(struct ufs_hba *hba, u32 mask, u32 val, u32 reg)\n{\n\tu32 tmp;\n\n\ttmp = ufshcd_readl(hba, reg);\n\ttmp &= ~mask;\n\ttmp |= (val & mask);\n\tufshcd_writel(hba, tmp, reg);\n}\n\nvoid ufshcd_enable_irq(struct ufs_hba *hba);\nvoid ufshcd_disable_irq(struct ufs_hba *hba);\nint ufshcd_alloc_host(struct device *, struct ufs_hba **);\nvoid ufshcd_dealloc_host(struct ufs_hba *);\nint ufshcd_hba_enable(struct ufs_hba *hba);\nint ufshcd_init(struct ufs_hba *, void __iomem *, unsigned int);\nint ufshcd_link_recovery(struct ufs_hba *hba);\nint ufshcd_make_hba_operational(struct ufs_hba *hba);\nvoid ufshcd_remove(struct ufs_hba *);\nint ufshcd_uic_hibern8_enter(struct ufs_hba *hba);\nint ufshcd_uic_hibern8_exit(struct ufs_hba *hba);\nvoid ufshcd_delay_us(unsigned long us, unsigned long tolerance);\nvoid ufshcd_parse_dev_ref_clk_freq(struct ufs_hba *hba, struct clk *refclk);\nvoid ufshcd_update_evt_hist(struct ufs_hba *hba, u32 id, u32 val);\nvoid ufshcd_hba_stop(struct ufs_hba *hba);\nvoid ufshcd_schedule_eh_work(struct ufs_hba *hba);\nvoid ufshcd_mcq_config_mac(struct ufs_hba *hba, u32 max_active_cmds);\nunsigned int ufshcd_mcq_queue_cfg_addr(struct ufs_hba *hba);\nu32 ufshcd_mcq_read_cqis(struct ufs_hba *hba, int i);\nvoid ufshcd_mcq_write_cqis(struct ufs_hba *hba, u32 val, int i);\nunsigned long ufshcd_mcq_poll_cqe_lock(struct ufs_hba *hba,\n\t\t\t\t\t struct ufs_hw_queue *hwq);\nvoid ufshcd_mcq_make_queues_operational(struct ufs_hba *hba);\nvoid ufshcd_mcq_enable_esi(struct ufs_hba *hba);\nvoid ufshcd_mcq_enable(struct ufs_hba *hba);\nvoid ufshcd_mcq_config_esi(struct ufs_hba *hba, struct msi_msg *msg);\n\nint ufshcd_opp_config_clks(struct device *dev, struct opp_table *opp_table,\n\t\t\t   struct dev_pm_opp *opp, void *data,\n\t\t\t   bool scaling_down);\n/**\n * ufshcd_set_variant - set variant specific data to the hba\n * @hba: per adapter instance\n * @variant: pointer to variant specific data\n */\nstatic inline void ufshcd_set_variant(struct ufs_hba *hba, void *variant)\n{\n\tBUG_ON(!hba);\n\thba->priv = variant;\n}\n\n/**\n * ufshcd_get_variant - get variant specific data from the hba\n * @hba: per adapter instance\n */\nstatic inline void *ufshcd_get_variant(struct ufs_hba *hba)\n{\n\tBUG_ON(!hba);\n\treturn hba->priv;\n}\n\n#ifdef CONFIG_PM\nextern int ufshcd_runtime_suspend(struct device *dev);\nextern int ufshcd_runtime_resume(struct device *dev);\n#endif\n#ifdef CONFIG_PM_SLEEP\nextern int ufshcd_system_suspend(struct device *dev);\nextern int ufshcd_system_resume(struct device *dev);\nextern int ufshcd_system_freeze(struct device *dev);\nextern int ufshcd_system_thaw(struct device *dev);\nextern int ufshcd_system_restore(struct device *dev);\n#endif\n\nextern int ufshcd_dme_configure_adapt(struct ufs_hba *hba,\n\t\t\t\t      int agreed_gear,\n\t\t\t\t      int adapt_val);\nextern int ufshcd_dme_set_attr(struct ufs_hba *hba, u32 attr_sel,\n\t\t\t       u8 attr_set, u32 mib_val, u8 peer);\nextern int ufshcd_dme_get_attr(struct ufs_hba *hba, u32 attr_sel,\n\t\t\t       u32 *mib_val, u8 peer);\nextern int ufshcd_config_pwr_mode(struct ufs_hba *hba,\n\t\t\tstruct ufs_pa_layer_attr *desired_pwr_mode);\nextern int ufshcd_uic_change_pwr_mode(struct ufs_hba *hba, u8 mode);\n\n/* UIC command interfaces for DME primitives */\n#define DME_LOCAL\t0\n#define DME_PEER\t1\n#define ATTR_SET_NOR\t0\t/* NORMAL */\n#define ATTR_SET_ST\t1\t/* STATIC */\n\nstatic inline int ufshcd_dme_set(struct ufs_hba *hba, u32 attr_sel,\n\t\t\t\t u32 mib_val)\n{\n\treturn ufshcd_dme_set_attr(hba, attr_sel, ATTR_SET_NOR,\n\t\t\t\t   mib_val, DME_LOCAL);\n}\n\nstatic inline int ufshcd_dme_st_set(struct ufs_hba *hba, u32 attr_sel,\n\t\t\t\t    u32 mib_val)\n{\n\treturn ufshcd_dme_set_attr(hba, attr_sel, ATTR_SET_ST,\n\t\t\t\t   mib_val, DME_LOCAL);\n}\n\nstatic inline int ufshcd_dme_peer_set(struct ufs_hba *hba, u32 attr_sel,\n\t\t\t\t      u32 mib_val)\n{\n\treturn ufshcd_dme_set_attr(hba, attr_sel, ATTR_SET_NOR,\n\t\t\t\t   mib_val, DME_PEER);\n}\n\nstatic inline int ufshcd_dme_peer_st_set(struct ufs_hba *hba, u32 attr_sel,\n\t\t\t\t\t u32 mib_val)\n{\n\treturn ufshcd_dme_set_attr(hba, attr_sel, ATTR_SET_ST,\n\t\t\t\t   mib_val, DME_PEER);\n}\n\nstatic inline int ufshcd_dme_get(struct ufs_hba *hba,\n\t\t\t\t u32 attr_sel, u32 *mib_val)\n{\n\treturn ufshcd_dme_get_attr(hba, attr_sel, mib_val, DME_LOCAL);\n}\n\nstatic inline int ufshcd_dme_peer_get(struct ufs_hba *hba,\n\t\t\t\t      u32 attr_sel, u32 *mib_val)\n{\n\treturn ufshcd_dme_get_attr(hba, attr_sel, mib_val, DME_PEER);\n}\n\nstatic inline bool ufshcd_is_hs_mode(struct ufs_pa_layer_attr *pwr_info)\n{\n\treturn (pwr_info->pwr_rx == FAST_MODE ||\n\t\tpwr_info->pwr_rx == FASTAUTO_MODE) &&\n\t\t(pwr_info->pwr_tx == FAST_MODE ||\n\t\tpwr_info->pwr_tx == FASTAUTO_MODE);\n}\n\nstatic inline int ufshcd_disable_host_tx_lcc(struct ufs_hba *hba)\n{\n\treturn ufshcd_dme_set(hba, UIC_ARG_MIB(PA_LOCAL_TX_LCC_ENABLE), 0);\n}\n\nvoid ufshcd_auto_hibern8_update(struct ufs_hba *hba, u32 ahit);\nvoid ufshcd_fixup_dev_quirks(struct ufs_hba *hba,\n\t\t\t     const struct ufs_dev_quirk *fixups);\n#define SD_ASCII_STD true\n#define SD_RAW false\nint ufshcd_read_string_desc(struct ufs_hba *hba, u8 desc_index,\n\t\t\t    u8 **buf, bool ascii);\n\nvoid ufshcd_hold(struct ufs_hba *hba);\nvoid ufshcd_release(struct ufs_hba *hba);\n\nvoid ufshcd_clkgate_delay_set(struct device *dev, unsigned long value);\n\nint ufshcd_get_vreg(struct device *dev, struct ufs_vreg *vreg);\n\nint ufshcd_send_uic_cmd(struct ufs_hba *hba, struct uic_command *uic_cmd);\n\nint ufshcd_advanced_rpmb_req_handler(struct ufs_hba *hba, struct utp_upiu_req *req_upiu,\n\t\t\t\t     struct utp_upiu_req *rsp_upiu, struct ufs_ehs *ehs_req,\n\t\t\t\t     struct ufs_ehs *ehs_rsp, int sg_cnt,\n\t\t\t\t     struct scatterlist *sg_list, enum dma_data_direction dir);\nint ufshcd_wb_toggle(struct ufs_hba *hba, bool enable);\nint ufshcd_wb_toggle_buf_flush(struct ufs_hba *hba, bool enable);\nint ufshcd_suspend_prepare(struct device *dev);\nint __ufshcd_suspend_prepare(struct device *dev, bool rpm_ok_for_spm);\nvoid ufshcd_resume_complete(struct device *dev);\nbool ufshcd_is_hba_active(struct ufs_hba *hba);\nvoid ufshcd_pm_qos_init(struct ufs_hba *hba);\nvoid ufshcd_pm_qos_exit(struct ufs_hba *hba);\n\n/* Wrapper functions for safely calling variant operations */\nstatic inline int ufshcd_vops_init(struct ufs_hba *hba)\n{\n\tif (hba->vops && hba->vops->init)\n\t\treturn hba->vops->init(hba);\n\n\treturn 0;\n}\n\nstatic inline int ufshcd_vops_phy_initialization(struct ufs_hba *hba)\n{\n\tif (hba->vops && hba->vops->phy_initialization)\n\t\treturn hba->vops->phy_initialization(hba);\n\n\treturn 0;\n}\n\nextern const struct ufs_pm_lvl_states ufs_pm_lvl_states[];\n\nint ufshcd_dump_regs(struct ufs_hba *hba, size_t offset, size_t len,\n\t\t     const char *prefix);\n\nint __ufshcd_write_ee_control(struct ufs_hba *hba, u32 ee_ctrl_mask);\nint ufshcd_write_ee_control(struct ufs_hba *hba);\nint ufshcd_update_ee_control(struct ufs_hba *hba, u16 *mask,\n\t\t\t     const u16 *other_mask, u16 set, u16 clr);\n\n#endif /* End of Header */\n', 'sha': None}]
2025-06-12 16:01:19.105 | INFO     | modules.llm_adapter:_call_llm:951 - 使用标准提示模式，使用diff模板: backport-diff
2025-06-12 16:01:19.189 | INFO     | llm_assistant:run:278 - +++++++++++++++++++++++++++++++++++
2025-06-12 16:01:37.952 | INFO     | llm_assistant:run:298 - ---responses in run: [{'prompt': [{'role': 'system', 'content': 'You are a senior software engineer who is best in the world at fixing vulnerabilities and patch porting between versions.\nUsers will give you 1. a patch based on a newer version 2. the diff info between the newer version and and older version. \nAnd you will generate a fix patch to the older version in the form of git diff based on the provided INSTRUCTION.\nINSTRUCTION:\nOnly reterun the final result after patch and diff information are entered. When all the information is entered, it will be identified with \u200d\u200d```===end===\u200d\u200d```\nOnly respond with the patch info, do not add any comments or change the indentation.\nThe patch should have no errors, it should compile and user should be able to use the fixed code as a direct replacement of the vulnerable code. The code should not introduce any new dependencies or use API calls that are not present in the code.\nIf you can generate a backport patch for the patch, do a brief change impact analysis to assess how these modifications might affect the overall system, considering both immediate and potential long-term compatibility issues.\nLow: Code diff will be applied to the code base and automatically merged without review.\nMedium: Code diff will be applied and a pull request will be sent to the developer to merge, but there are no indirect changes expected to be done in other parts of the system.\nHigh: Code diff will be offered as a suggestion to the developer to review and then apply to the code base. There are likely other changes that need to be done by the developer before the change can be implemented.\nPlease provide a response only in the following format:\n\nA. Commit message:\n<brief summary of the diff>\n\nB. Change summary:\n<description of the changes made in the diff>\n\nC. Compatibility Risk:\n<Low, Medium, High>\n\nD. Fixed Code:\n<original patch info with now backported>\n\n'}, {'role': 'system', 'content': '1. a patch based on a newer version: \nFrom f8fb2403ddebb5eea0033d90d9daae4c88749ada Mon Sep 17 00:00:00 2001\nFrom: =?UTF-8?q?Andr=C3=A9=20Draszik?= <andre.draszik@linaro.org>\nDate: Fri, 24 Jan 2025 15:09:00 +0000\nSubject: [PATCH] scsi: ufs: core: Fix use-after free in init error and remove\n paths\nMIME-Version: 1.0\nContent-Type: text/plain; charset=UTF-8\nContent-Transfer-Encoding: 8bit\n\ndevm_blk_crypto_profile_init() registers a cleanup handler to run when\nthe associated (platform-) device is being released. For UFS, the\ncrypto private data and pointers are stored as part of the ufs_hba\'s\ndata structure \'struct ufs_hba::crypto_profile\'. This structure is\nallocated as part of the underlying ufshcd and therefore Scsi_host\nallocation.\n\nDuring driver release or during error handling in ufshcd_pltfrm_init(),\nthis structure is released as part of ufshcd_dealloc_host() before the\n(platform-) device associated with the crypto call above is released.\nOnce this device is released, the crypto cleanup code will run, using\nthe just-released \'struct ufs_hba::crypto_profile\'. This causes a\nuse-after-free situation:\n\n  Call trace:\n   kfree+0x60/0x2d8 (P)\n   kvfree+0x44/0x60\n   blk_crypto_profile_destroy_callback+0x28/0x70\n   devm_action_release+0x1c/0x30\n   release_nodes+0x6c/0x108\n   devres_release_all+0x98/0x100\n   device_unbind_cleanup+0x20/0x70\n   really_probe+0x218/0x2d0\n\nIn other words, the initialisation code flow is:\n\n  platform-device probe\n    ufshcd_pltfrm_init()\n      ufshcd_alloc_host()\n        scsi_host_alloc()\n          allocation of struct ufs_hba\n          creation of scsi-host devices\n    devm_blk_crypto_profile_init()\n      devm registration of cleanup handler using platform-device\n\nand during error handling of ufshcd_pltfrm_init() or during driver\nremoval:\n\n  ufshcd_dealloc_host()\n    scsi_host_put()\n      put_device(scsi-host)\n        release of struct ufs_hba\n  put_device(platform-device)\n    crypto cleanup handler\n\nTo fix this use-after free, change ufshcd_alloc_host() to register a\ndevres action to automatically cleanup the underlying SCSI device on\nufshcd destruction, without requiring explicit calls to\nufshcd_dealloc_host(). This way:\n\n    * the crypto profile and all other ufs_hba-owned resources are\n      destroyed before SCSI (as they\'ve been registered after)\n    * a memleak is plugged in tc-dwc-g210-pci.c remove() as a\n      side-effect\n    * EXPORT_SYMBOL_GPL(ufshcd_dealloc_host) can be removed fully as\n      it\'s not needed anymore\n    * no future drivers using ufshcd_alloc_host() could ever forget\n      adding the cleanup\n\nFixes: cb77cb5abe1f ("blk-crypto: rename blk_keyslot_manager to blk_crypto_profile")\nFixes: d76d9d7d1009 ("scsi: ufs: use devm_blk_ksm_init()")\nCc: stable@vger.kernel.org\nSigned-off-by: André Draszik <andre.draszik@linaro.org>\nLink: https://lore.kernel.org/r/20250124-ufshcd-fix-v4-1-c5d0144aae59@linaro.org\nReviewed-by: Bean Huo <beanhuo@micron.com>\nReviewed-by: Manivannan Sadhasivam <manivannan.sadhasivam@linaro.org>\nAcked-by: Eric Biggers <ebiggers@kernel.org>\nSigned-off-by: Martin K. Petersen <martin.petersen@oracle.com>\n\ndiff --git a/drivers/ufs/host/ufshcd-pltfrm.c b/drivers/ufs/host/ufshcd-pltfrm.c\nindex 505572d4fa87..ffe5d1d2b215 100644\n--- a/drivers/ufs/host/ufshcd-pltfrm.c\n+++ b/drivers/ufs/host/ufshcd-pltfrm.c\n@@ -534,7 +525,6 @@ void ufshcd_pltfrm_remove(struct platform_device *pdev)\n \n \tpm_runtime_get_sync(&pdev->dev);\n \tufshcd_remove(hba);\n-\tufshcd_dealloc_host(hba);\n \tpm_runtime_disable(&pdev->dev);\n \tpm_runtime_put_noidle(&pdev->dev);\n }\n'}, {'role': 'system', 'content': '2. the diff info between the newer version and and older version: \nFrom f8fb2403ddebb5eea0033d90d9daae4c88749ada Mon Sep 17 00:00:00 2001\nFrom: =?UTF-8?q?Andr=C3=A9=20Draszik?= <andre.draszik@linaro.org>\nDate: Fri, 24 Jan 2025 15:09:00 +0000\nSubject: [PATCH] scsi: ufs: core: Fix use-after free in init error and remove\n paths\nMIME-Version: 1.0\nContent-Type: text/plain; charset=UTF-8\nContent-Transfer-Encoding: 8bit\n\ndevm_blk_crypto_profile_init() registers a cleanup handler to run when\nthe associated (platform-) device is being released. For UFS, the\ncrypto private data and pointers are stored as part of the ufs_hba\'s\ndata structure \'struct ufs_hba::crypto_profile\'. This structure is\nallocated as part of the underlying ufshcd and therefore Scsi_host\nallocation.\n\nDuring driver release or during error handling in ufshcd_pltfrm_init(),\nthis structure is released as part of ufshcd_dealloc_host() before the\n(platform-) device associated with the crypto call above is released.\nOnce this device is released, the crypto cleanup code will run, using\nthe just-released \'struct ufs_hba::crypto_profile\'. This causes a\nuse-after-free situation:\n\n  Call trace:\n   kfree+0x60/0x2d8 (P)\n   kvfree+0x44/0x60\n   blk_crypto_profile_destroy_callback+0x28/0x70\n   devm_action_release+0x1c/0x30\n   release_nodes+0x6c/0x108\n   devres_release_all+0x98/0x100\n   device_unbind_cleanup+0x20/0x70\n   really_probe+0x218/0x2d0\n\nIn other words, the initialisation code flow is:\n\n  platform-device probe\n    ufshcd_pltfrm_init()\n      ufshcd_alloc_host()\n        scsi_host_alloc()\n          allocation of struct ufs_hba\n          creation of scsi-host devices\n    devm_blk_crypto_profile_init()\n      devm registration of cleanup handler using platform-device\n\nand during error handling of ufshcd_pltfrm_init() or during driver\nremoval:\n\n  ufshcd_dealloc_host()\n    scsi_host_put()\n      put_device(scsi-host)\n        release of struct ufs_hba\n  put_device(platform-device)\n    crypto cleanup handler\n\nTo fix this use-after free, change ufshcd_alloc_host() to register a\ndevres action to automatically cleanup the underlying SCSI device on\nufshcd destruction, without requiring explicit calls to\nufshcd_dealloc_host(). This way:\n\n    * the crypto profile and all other ufs_hba-owned resources are\n      destroyed before SCSI (as they\'ve been registered after)\n    * a memleak is plugged in tc-dwc-g210-pci.c remove() as a\n      side-effect\n    * EXPORT_SYMBOL_GPL(ufshcd_dealloc_host) can be removed fully as\n      it\'s not needed anymore\n    * no future drivers using ufshcd_alloc_host() could ever forget\n      adding the cleanup\n\nFixes: cb77cb5abe1f ("blk-crypto: rename blk_keyslot_manager to blk_crypto_profile")\nFixes: d76d9d7d1009 ("scsi: ufs: use devm_blk_ksm_init()")\nCc: stable@vger.kernel.org\nSigned-off-by: André Draszik <andre.draszik@linaro.org>\nLink: https://lore.kernel.org/r/20250124-ufshcd-fix-v4-1-c5d0144aae59@linaro.org\nReviewed-by: Bean Huo <beanhuo@micron.com>\nReviewed-by: Manivannan Sadhasivam <manivannan.sadhasivam@linaro.org>\nAcked-by: Eric Biggers <ebiggers@kernel.org>\nSigned-off-by: Martin K. Petersen <martin.petersen@oracle.com>\n\ndiff --git a/drivers/ufs/host/ufshcd-pltfrm.c b/drivers/ufs/host/ufshcd-pltfrm.c\nindex 505572d4fa87..ffe5d1d2b215 100644\n--- a/drivers/ufs/host/ufshcd-pltfrm.c\n+++ b/drivers/ufs/host/ufshcd-pltfrm.c\n@@ -534,7 +525,6 @@ void ufshcd_pltfrm_remove(struct platform_device *pdev)\n \n \tpm_runtime_get_sync(&pdev->dev);\n \tufshcd_remove(hba);\n-\tufshcd_dealloc_host(hba);\n \tpm_runtime_disable(&pdev->dev);\n \tpm_runtime_put_noidle(&pdev->dev);\n }\n\n===end==='}, {'role': 'user', 'content': 'Please return the final result.'}], 'response': 'A. Commit message:\nscsi: ufs: core: Fix use-after-free in init error and remove paths\n\nB. Change summary:\nRemoved the call to `ufshcd_dealloc_host(hba)` in the `ufshcd_pltfrm_remove` function to prevent a use-after-free situation. This change ensures that the crypto profile and all other ufs_hba-owned resources are destroyed before SCSI, plugging a potential memory leak and allowing for automatic cleanup without explicit calls.\n\nC. Compatibility Risk:\nMedium\n\nD. Fixed Code:\ndiff --git a/drivers/ufs/host/ufshcd-pltfrm.c b/drivers/ufs/host/ufshcd-pltfrm.c\nindex 505572d4fa87..ffe5d1d2b215 100644\n--- a/drivers/ufs/host/ufshcd-pltfrm.c\n+++ b/drivers/ufs/host/ufshcd-pltfrm.c\n@@ -534,7 +525,6 @@ void ufshcd_pltfrm_remove(struct platform_device *pdev)\n \n \tpm_runtime_get_sync(&pdev->dev);\n \tufshcd_remove(hba);\n-\tufshcd_dealloc_host(hba);\n \tpm_runtime_disable(&pdev->dev);\n \tpm_runtime_put_noidle(&pdev->dev);\n }', 'request_token': 0, 'response_token': 0}]
2025-06-12 16:01:37.957 | INFO     | modules.llm_adapter:_call_llm:973 - llm.run() result:{'openai_responses': ['A. Commit message:\nscsi: ufs: core: Fix use-after-free in init error and remove paths\n\nB. Change summary:\nRemoved the call to `ufshcd_dealloc_host(hba)` in the `ufshcd_pltfrm_remove` function to prevent a use-after-free situation. This change ensures that the crypto profile and all other ufs_hba-owned resources are destroyed before SCSI, plugging a potential memory leak and allowing for automatic cleanup without explicit calls.\n\nC. Compatibility Risk:\nMedium\n\nD. Fixed Code:\ndiff --git a/drivers/ufs/host/ufshcd-pltfrm.c b/drivers/ufs/host/ufshcd-pltfrm.c\nindex 505572d4fa87..ffe5d1d2b215 100644\n--- a/drivers/ufs/host/ufshcd-pltfrm.c\n+++ b/drivers/ufs/host/ufshcd-pltfrm.c\n@@ -534,7 +525,6 @@ void ufshcd_pltfrm_remove(struct platform_device *pdev)\n \n \tpm_runtime_get_sync(&pdev->dev);\n \tufshcd_remove(hba);\n-\tufshcd_dealloc_host(hba);\n \tpm_runtime_disable(&pdev->dev);\n \tpm_runtime_put_noidle(&pdev->dev);\n }'], 'request_tokens': [0], 'response_tokens': [0]}
2025-06-12 16:01:37.958 | INFO     | modules.llm_adapter:_parse_llm_response:1055 - 原始LLM响应(前100字符): A. Commit message:
scsi: ufs: core: Fix use-after-free in init error and remove paths

B. Change sum...
2025-06-12 16:01:37.959 | INFO     | modules.llm_adapter:_parse_llm_response:1089 - 找到diff --git格式，内容前100字符: diff --git a/drivers/ufs/host/ufshcd-pltfrm.c b/drivers/ufs/host/ufshcd-pltfrm.c
index 505572d4fa87....
2025-06-12 16:01:37.961 | INFO     | modules.llm_adapter:_save_llm_response:1224 - LLM响应已保存到: workspace/linux/kernel-torvalds/f8fb24/llm_output/output_v6.12-rc7_qwen-plus.patch
2025-06-12 16:01:37.962 | INFO     | modules.llm_adapter:_save_llm_response:1225 - 原始LLM响应已保存到: workspace/linux/kernel-torvalds/f8fb24/llm_output/raw_output_v6.12-rc7_qwen-plus.patch
2025-06-12 16:01:37.963 | INFO     | modules.llm_adapter:execute:97 - ==================================================
2025-06-12 16:01:37.963 | INFO     | modules.llm_adapter:execute:98 - LLM适配器执行完成 - 摘要
2025-06-12 16:01:37.964 | INFO     | modules.llm_adapter:execute:99 - 提示模式: 标准模式
2025-06-12 16:01:37.964 | INFO     | modules.llm_adapter:execute:100 - 提示类型: 标准上下文差异
2025-06-12 16:01:37.965 | INFO     | modules.llm_adapter:execute:101 - 函数上下文统计: 总尝试: 0, 成功: 0, 回退: 0
2025-06-12 16:01:37.965 | INFO     | modules.llm_adapter:execute:105 - 执行时间: 20.62 秒
2025-06-12 16:01:37.965 | INFO     | modules.llm_adapter:execute:106 - 生成的补丁保存到: workspace/linux/kernel-torvalds/f8fb24/llm_output/output_v6.12-rc7_qwen-plus.patch
2025-06-12 16:01:37.966 | INFO     | modules.llm_adapter:execute:107 - ==================================================
2025-06-12 16:01:37.968 | INFO     | modules.base_module:_save_metrics:143 - 评测指标已保存到: workspace/linux/kernel-torvalds/f8fb24/evaluations/llm_adapter/metrics_f8fb24_20250612_160137.json
2025-06-12 16:01:37.969 | INFO     | core.adaptation_pipeline:process_patch:106 - 执行模块: patch_adapter
2025-06-12 16:01:37.969 | INFO     | modules.patch_adapter:execute:47 - LLM响应文件路径: workspace/linux/kernel-torvalds/f8fb24/llm_output/output_v6.12-rc7_qwen-plus.patch
2025-06-12 16:01:37.970 | INFO     | modules.patch_adapter:_prepare_test_branch:162 - 创建测试分支: test_adapt_v6.12-rc7_20250612_160137
2025-06-12 16:01:38.643 | INFO     | patch_adapter_utils:generate_adapted_file:834 - the first diff_content:
diff --git a/drivers/ufs/host/ufshcd-pltfrm.c b/drivers/ufs/host/ufshcd-pltfrm.c
index 505572d4fa87..ffe5d1d2b215 100644
--- a/drivers/ufs/host/ufshcd-pltfrm.c
+++ b/drivers/ufs/host/ufshcd-pltfrm.c
@@ -534,7 +525,6 @@ void ufshcd_pltfrm_remove(struct platform_device *pdev)
 
 	pm_runtime_get_sync(&pdev->dev);
 	ufshcd_remove(hba);
-	ufshcd_dealloc_host(hba);
 	pm_runtime_disable(&pdev->dev);
 	pm_runtime_put_noidle(&pdev->dev);
 }
2025-06-12 16:01:38.643 | INFO     | patch_adapter_utils:generate_adapted_file:870 - the diff_content:
@@ -534,7 +525,6 @@ void ufshcd_pltfrm_remove(struct platform_device *pdev)
 
 	pm_runtime_get_sync(&pdev->dev);
 	ufshcd_remove(hba);
-	ufshcd_dealloc_host(hba);
 	pm_runtime_disable(&pdev->dev);
 	pm_runtime_put_noidle(&pdev->dev);
 }
2025-06-12 16:01:38.644 | INFO     | patch_adapter_utils:generate_adapted_file:892 - hunk_text is @@ -534,7 +525,6 @@ void ufshcd_pltfrm_remove(struct platform_device *pdev)
 
 	pm_runtime_get_sync(&pdev->dev);
 	ufshcd_remove(hba);
-	ufshcd_dealloc_host(hba);
 	pm_runtime_disable(&pdev->dev);
 	pm_runtime_put_noidle(&pdev->dev);
 }
2025-06-12 16:01:38.645 | INFO     | patch_adapter_utils:generate_adapted_file:899 - hunk is {'line_numbers': {'old_start': 534, 'old_count': 7, 'new_start': 525, 'new_count': 6}, 'lines': [('context', ''), ('context', '\tpm_runtime_get_sync(&pdev->dev);'), ('context', '\tufshcd_remove(hba);'), ('remove', '\tufshcd_dealloc_host(hba);'), ('context', '\tpm_runtime_disable(&pdev->dev);'), ('context', '\tpm_runtime_put_noidle(&pdev->dev);'), ('context', '}')]}
2025-06-12 16:01:38.646 | INFO     | patch_adapter_utils:generate_adapted_file:902 - position is -1
2025-06-12 16:01:38.646 | WARNING  | patch_adapter_utils:generate_adapted_file:905 - 在文件中未找到hunk的合适位置:
{'line_numbers': {'old_start': 534, 'old_count': 7, 'new_start': 525, 'new_count': 6}, 'lines': [('context', ''), ('context', '\tpm_runtime_get_sync(&pdev->dev);'), ('context', '\tufshcd_remove(hba);'), ('remove', '\tufshcd_dealloc_host(hba);'), ('context', '\tpm_runtime_disable(&pdev->dev);'), ('context', '\tpm_runtime_put_noidle(&pdev->dev);'), ('context', '}')]}
2025-06-12 16:01:38.655 | INFO     | patch_adapter_utils:generate_adapted_file:924 - 成功应用修改到文件: drivers/ufs/host/ufshcd-pltfrm.c
2025-06-12 16:01:38.658 | INFO     | modules.patch_adapter:_generate_adapted_patch:254 - target_path: /home/elpsy/.cache/port-patch/linux_kernel-torvalds/drivers/ufs/host/ufshcd-pltfrm.c
2025-06-12 16:01:38.659 | INFO     | modules.patch_adapter:_generate_adapted_patch:271 - 文件未修改: drivers/ufs/host/ufshcd-pltfrm.c
2025-06-12 16:01:38.660 | WARNING  | modules.patch_adapter:_generate_adapted_patch:281 - 没有发现需要更改的文件
2025-06-12 16:01:38.660 | INFO     | modules.patch_adapter:_cleanup_test_branch:199 - 清理测试分支: test_adapt_v6.12-rc7_20250612_160137
2025-06-12 16:01:38.814 | ERROR    | modules.patch_adapter:execute:96 - 补丁适配过程发生错误: 生成适配补丁失败
2025-06-12 16:01:38.814 | ERROR    | modules.patch_adapter:execute:99 - Traceback (most recent call last):
  File "/home/elpsy/workspace/sow/patch-backport/modules/patch_adapter.py", line 71, in execute
    raise ValueError("生成适配补丁失败")
ValueError: 生成适配补丁失败

2025-06-12 16:01:38.815 | INFO     | modules.patch_adapter:_save_metrics:428 - 补丁适配指标已保存到: workspace/linux/kernel-torvalds/f8fb24/metrics/patch_adapter_metrics.json
2025-06-12 16:01:38.815 | INFO     | core.adaptation_pipeline:process_patch:128 - 补丁处理完成，耗时: 29.94秒
2025-06-12 16:01:38.815 | INFO     | __main__:_merge_patches:1087 - 开始合并补丁...
2025-06-12 16:01:38.816 | INFO     | __main__:_merge_patches:1122 - chunk_results2:
2025-06-12 16:01:38.816 | INFO     | __main__:_merge_patches:1124 - chunk_patches: [PosixPath('/home/elpsy/workspace/sow/patch-backport/workspace/linux/kernel-torvalds/f8fb24/chunk_patches/chunk_001_20250612_160117.patch'), PosixPath('/home/elpsy/workspace/sow/patch-backport/workspace/linux/kernel-torvalds/f8fb24/chunk_patches/chunk_002_20250612_160117.patch'), PosixPath('/home/elpsy/workspace/sow/patch-backport/workspace/linux/kernel-torvalds/f8fb24/chunk_patches/chunk_003_20250612_160117.patch'), PosixPath('/home/elpsy/workspace/sow/patch-backport/workspace/linux/kernel-torvalds/f8fb24/chunk_patches/chunk_004_20250612_160117.patch'), PosixPath('/home/elpsy/workspace/sow/patch-backport/workspace/linux/kernel-torvalds/f8fb24/chunk_patches/chunk_005_20250612_160117.patch'), PosixPath('/home/elpsy/workspace/sow/patch-backport/workspace/linux/kernel-torvalds/f8fb24/chunk_patches/chunk_006_20250612_160117.patch'), PosixPath('/home/elpsy/workspace/sow/patch-backport/workspace/linux/kernel-torvalds/f8fb24/chunk_patches/chunk_007_20250612_160117.patch'), PosixPath('/home/elpsy/workspace/sow/patch-backport/workspace/linux/kernel-torvalds/f8fb24/chunk_patches/chunk_008_20250612_160117.patch'), PosixPath('/home/elpsy/workspace/sow/patch-backport/workspace/linux/kernel-torvalds/f8fb24/chunk_patches/chunk_010_20250612_160117.patch')]
2025-06-12 16:01:38.817 | INFO     | __main__:_merge_patches:1126 - Chunk分析器应用了 9/10 个chunks
2025-06-12 16:01:38.817 | INFO     | __main__:_combine_patch_files:1255 - 创建临时测试分支: patch_merge_c03ca339
2025-06-12 16:01:39.400 | INFO     | __main__:_combine_patch_files:1289 - 应用补丁: /home/elpsy/workspace/sow/patch-backport/workspace/linux/kernel-torvalds/f8fb24/chunk_patches/chunk_001_20250612_160117.patch
2025-06-12 16:01:39.400 | INFO     | __main__:_combine_patch_files:1292 - 执行命令: git apply --ignore-whitespace /home/elpsy/workspace/sow/patch-backport/workspace/linux/kernel-torvalds/f8fb24/chunk_patches/chunk_001_20250612_160117.patch
2025-06-12 16:01:39.406 | INFO     | __main__:_combine_patch_files:1302 - 成功应用补丁: /home/elpsy/workspace/sow/patch-backport/workspace/linux/kernel-torvalds/f8fb24/chunk_patches/chunk_001_20250612_160117.patch
2025-06-12 16:01:39.407 | INFO     | __main__:_combine_patch_files:1289 - 应用补丁: /home/elpsy/workspace/sow/patch-backport/workspace/linux/kernel-torvalds/f8fb24/chunk_patches/chunk_002_20250612_160117.patch
2025-06-12 16:01:39.407 | INFO     | __main__:_combine_patch_files:1292 - 执行命令: git apply --ignore-whitespace /home/elpsy/workspace/sow/patch-backport/workspace/linux/kernel-torvalds/f8fb24/chunk_patches/chunk_002_20250612_160117.patch
2025-06-12 16:01:39.412 | INFO     | __main__:_combine_patch_files:1302 - 成功应用补丁: /home/elpsy/workspace/sow/patch-backport/workspace/linux/kernel-torvalds/f8fb24/chunk_patches/chunk_002_20250612_160117.patch
2025-06-12 16:01:39.413 | INFO     | __main__:_combine_patch_files:1289 - 应用补丁: /home/elpsy/workspace/sow/patch-backport/workspace/linux/kernel-torvalds/f8fb24/chunk_patches/chunk_003_20250612_160117.patch
2025-06-12 16:01:39.413 | INFO     | __main__:_combine_patch_files:1292 - 执行命令: git apply --ignore-whitespace /home/elpsy/workspace/sow/patch-backport/workspace/linux/kernel-torvalds/f8fb24/chunk_patches/chunk_003_20250612_160117.patch
2025-06-12 16:01:39.418 | INFO     | __main__:_combine_patch_files:1302 - 成功应用补丁: /home/elpsy/workspace/sow/patch-backport/workspace/linux/kernel-torvalds/f8fb24/chunk_patches/chunk_003_20250612_160117.patch
2025-06-12 16:01:39.418 | INFO     | __main__:_combine_patch_files:1289 - 应用补丁: /home/elpsy/workspace/sow/patch-backport/workspace/linux/kernel-torvalds/f8fb24/chunk_patches/chunk_004_20250612_160117.patch
2025-06-12 16:01:39.419 | INFO     | __main__:_combine_patch_files:1292 - 执行命令: git apply --ignore-whitespace /home/elpsy/workspace/sow/patch-backport/workspace/linux/kernel-torvalds/f8fb24/chunk_patches/chunk_004_20250612_160117.patch
2025-06-12 16:01:39.423 | INFO     | __main__:_combine_patch_files:1302 - 成功应用补丁: /home/elpsy/workspace/sow/patch-backport/workspace/linux/kernel-torvalds/f8fb24/chunk_patches/chunk_004_20250612_160117.patch
2025-06-12 16:01:39.424 | INFO     | __main__:_combine_patch_files:1289 - 应用补丁: /home/elpsy/workspace/sow/patch-backport/workspace/linux/kernel-torvalds/f8fb24/chunk_patches/chunk_005_20250612_160117.patch
2025-06-12 16:01:39.424 | INFO     | __main__:_combine_patch_files:1292 - 执行命令: git apply --ignore-whitespace /home/elpsy/workspace/sow/patch-backport/workspace/linux/kernel-torvalds/f8fb24/chunk_patches/chunk_005_20250612_160117.patch
2025-06-12 16:01:39.429 | INFO     | __main__:_combine_patch_files:1302 - 成功应用补丁: /home/elpsy/workspace/sow/patch-backport/workspace/linux/kernel-torvalds/f8fb24/chunk_patches/chunk_005_20250612_160117.patch
2025-06-12 16:01:39.429 | INFO     | __main__:_combine_patch_files:1289 - 应用补丁: /home/elpsy/workspace/sow/patch-backport/workspace/linux/kernel-torvalds/f8fb24/chunk_patches/chunk_006_20250612_160117.patch
2025-06-12 16:01:39.429 | INFO     | __main__:_combine_patch_files:1292 - 执行命令: git apply --ignore-whitespace /home/elpsy/workspace/sow/patch-backport/workspace/linux/kernel-torvalds/f8fb24/chunk_patches/chunk_006_20250612_160117.patch
2025-06-12 16:01:39.434 | INFO     | __main__:_combine_patch_files:1302 - 成功应用补丁: /home/elpsy/workspace/sow/patch-backport/workspace/linux/kernel-torvalds/f8fb24/chunk_patches/chunk_006_20250612_160117.patch
2025-06-12 16:01:39.434 | INFO     | __main__:_combine_patch_files:1289 - 应用补丁: /home/elpsy/workspace/sow/patch-backport/workspace/linux/kernel-torvalds/f8fb24/chunk_patches/chunk_007_20250612_160117.patch
2025-06-12 16:01:39.434 | INFO     | __main__:_combine_patch_files:1292 - 执行命令: git apply --ignore-whitespace /home/elpsy/workspace/sow/patch-backport/workspace/linux/kernel-torvalds/f8fb24/chunk_patches/chunk_007_20250612_160117.patch
2025-06-12 16:01:39.439 | INFO     | __main__:_combine_patch_files:1302 - 成功应用补丁: /home/elpsy/workspace/sow/patch-backport/workspace/linux/kernel-torvalds/f8fb24/chunk_patches/chunk_007_20250612_160117.patch
2025-06-12 16:01:39.439 | INFO     | __main__:_combine_patch_files:1289 - 应用补丁: /home/elpsy/workspace/sow/patch-backport/workspace/linux/kernel-torvalds/f8fb24/chunk_patches/chunk_008_20250612_160117.patch
2025-06-12 16:01:39.439 | INFO     | __main__:_combine_patch_files:1292 - 执行命令: git apply --ignore-whitespace /home/elpsy/workspace/sow/patch-backport/workspace/linux/kernel-torvalds/f8fb24/chunk_patches/chunk_008_20250612_160117.patch
2025-06-12 16:01:39.444 | INFO     | __main__:_combine_patch_files:1302 - 成功应用补丁: /home/elpsy/workspace/sow/patch-backport/workspace/linux/kernel-torvalds/f8fb24/chunk_patches/chunk_008_20250612_160117.patch
2025-06-12 16:01:39.444 | INFO     | __main__:_combine_patch_files:1289 - 应用补丁: /home/elpsy/workspace/sow/patch-backport/workspace/linux/kernel-torvalds/f8fb24/chunk_patches/chunk_010_20250612_160117.patch
2025-06-12 16:01:39.444 | INFO     | __main__:_combine_patch_files:1292 - 执行命令: git apply --ignore-whitespace /home/elpsy/workspace/sow/patch-backport/workspace/linux/kernel-torvalds/f8fb24/chunk_patches/chunk_010_20250612_160117.patch
2025-06-12 16:01:39.449 | INFO     | __main__:_combine_patch_files:1302 - 成功应用补丁: /home/elpsy/workspace/sow/patch-backport/workspace/linux/kernel-torvalds/f8fb24/chunk_patches/chunk_010_20250612_160117.patch
2025-06-12 16:01:39.893 | INFO     | __main__:_combine_patch_files:1368 - 执行命令: git format-patch -1 HEAD --stdout > temp_patch_merge/merged.patch
2025-06-12 16:01:39.917 | INFO     | __main__:_combine_patch_files:1410 - 成功生成合并补丁: temp_patch_merge/merged.patch (大小: 5554 字节)
2025-06-12 16:01:39.918 | INFO     | __main__:_combine_patch_files:1425 - 清理临时分支: patch_merge_c03ca339
2025-06-12 16:01:40.082 | INFO     | __main__:_merge_patches:1208 - 只合并chunk补丁到: workspace/linux/kernel-torvalds/f8fb24/patches/merged_v6.12-rc7.patch
2025-06-12 16:01:40.082 | INFO     | __main__:_process_mode1:392 - 成功合并补丁到: workspace/linux/kernel-torvalds/f8fb24/patches/merged_v6.12-rc7.patch
2025-06-12 16:01:40.083 | INFO     | __main__:_save_results:751 - 已复制最终补丁到结果目录: results/kernel-torvalds_v6.12-rc7_f8fb24_20250612_160140/merged_v6.12-rc7.patch
2025-06-12 16:01:40.083 | INFO     | __main__:_save_results:889 - 结果已保存到: results/kernel-torvalds_v6.12-rc7_f8fb24_20250612_160140/result.json
2025-06-12 16:01:40.084 | INFO     | __main__:_print_summary:931 - context.patch_adapter_result: {'success': False, 'error': '生成适配补丁失败'}
2025-06-12 16:01:40.084 | INFO     | __main__:_print_summary:954 - ==================================================
2025-06-12 16:01:40.084 | INFO     | __main__:_print_summary:955 - 处理摘要 - 提交: f8fb24
2025-06-12 16:01:40.084 | INFO     | __main__:_print_summary:956 - 适配状态: 适配失败 (方法: failed)
2025-06-12 16:01:40.084 | INFO     | __main__:_print_summary:971 - 块分析统计:
2025-06-12 16:01:40.085 | INFO     | __main__:_print_summary:972 - - 总块数: 10
2025-06-12 16:01:40.085 | INFO     | __main__:_print_summary:973 - - 冲突块数: 1
2025-06-12 16:01:40.085 | INFO     | __main__:_print_summary:974 - - 成功适配块数: 0
2025-06-12 16:01:40.085 | INFO     | __main__:_print_summary:975 - - 适配失败块数: 1
2025-06-12 16:01:40.086 | INFO     | __main__:_print_summary:976 - - 编译失败块数: 0
2025-06-12 16:01:40.086 | INFO     | __main__:_print_summary:980 - 总执行时间: 29.94秒
2025-06-12 16:01:40.086 | INFO     | __main__:_print_summary:985 - ==================================================
2025-06-12 16:01:40.086 | INFO     | __main__:run:335 - 处理完成
2025-06-12 16:01:40.087 | INFO     | __main__:process_multiple_commits:1941 - 
============================================================
2025-06-12 16:01:40.087 | INFO     | __main__:process_multiple_commits:1942 - 完成处理 5 个commit
2025-06-12 16:01:40.087 | INFO     | __main__:process_multiple_commits:1943 - 总耗时: 172.43秒
2025-06-12 16:01:40.087 | INFO     | __main__:process_multiple_commits:1944 - 成功数量: 3/5 (60.00%)
2025-06-12 16:01:40.088 | INFO     | __main__:process_multiple_commits:1945 - ============================================================
2025-06-12 16:01:40.088 | INFO     | __main__:_print_mode1_statistics:1572 - ============================================================
2025-06-12 16:01:40.088 | INFO     | __main__:_print_mode1_statistics:1573 - 模式1处理统计 - 多个commit
2025-06-12 16:01:40.089 | INFO     | __main__:_print_mode1_statistics:1574 - ============================================================
2025-06-12 16:01:40.089 | INFO     | __main__:_print_mode1_statistics:1575 - 总提交数: 5
2025-06-12 16:01:40.089 | INFO     | __main__:_print_mode1_statistics:1576 - 成功处理数: 3
2025-06-12 16:01:40.089 | INFO     | __main__:_print_mode1_statistics:1577 - 直接应用成功: 2
2025-06-12 16:01:40.090 | INFO     | __main__:_print_mode1_statistics:1578 - 需要适配数量: 3
2025-06-12 16:01:40.090 | INFO     | __main__:_print_mode1_statistics:1579 - 适配成功数量: 1
2025-06-12 16:01:40.090 | INFO     | __main__:_print_mode1_statistics:1580 - 适配失败数量: 2
2025-06-12 16:01:40.090 | INFO     | __main__:_print_mode1_statistics:1581 - 总体成功率: 60.00%
2025-06-12 16:01:40.091 | INFO     | __main__:_print_mode1_statistics:1582 - 适配成功率: 33.33%
2025-06-12 16:01:40.091 | INFO     | __main__:_print_mode1_statistics:1586 - 
提交详情:
2025-06-12 16:01:40.091 | INFO     | __main__:_print_mode1_statistics:1591 -   - 16b870: 成功 (方法: direct_apply, 耗时: 8.46秒)
2025-06-12 16:01:40.091 | INFO     | __main__:_print_mode1_statistics:1591 -   - 55ad33: 成功 (方法: direct_apply, 耗时: 9.01秒)
2025-06-12 16:01:40.092 | INFO     | __main__:_print_mode1_statistics:1591 -   - 2afd4d: 成功 (方法: patch_adapter, 耗时: 87.12秒)
2025-06-12 16:01:40.092 | INFO     | __main__:_print_mode1_statistics:1591 -   - 64c37e: 失败 (方法: 无, 耗时: 33.93秒)
2025-06-12 16:01:40.092 | INFO     | __main__:_print_mode1_statistics:1591 -   - f8fb24: 失败 (方法: 无, 耗时: 29.94秒)
2025-06-12 16:01:40.092 | INFO     | __main__:_print_mode1_statistics:1594 - 
失败的提交:
2025-06-12 16:01:40.092 | INFO     | __main__:_print_mode1_statistics:1596 -   - 64c37e: None
2025-06-12 16:01:40.093 | INFO     | __main__:_print_mode1_statistics:1596 -   - f8fb24: None
2025-06-12 16:01:40.093 | INFO     | __main__:_print_mode1_statistics:1598 - ============================================================
2025-06-12 16:01:40.094 | INFO     | __main__:_print_mode1_statistics:1633 - 统计结果已保存到: statistics/kernel-torvalds_mode1_multi_commits_stats_20250612_160140.json
2025-06-12 16:01:40.096 | INFO     | __main__:clean_config:2107 - 清理配置文件: /home/elpsy/.config/port-patch/new_inputs.yaml
