2025-06-05 17:09:58.464 | INFO     | __main__:_setup_logger:325 - 日志文件: logs/backport_20250605_170958.log
2025-06-05 17:09:58.464 | INFO     | __main__:run:329 - 开始执行 模式1
2025-06-05 17:09:58.465 | INFO     | __main__:_process_mode1:351 - 处理补丁: https://github.com/linux/kernel-stable/commit/b9b588f22a0c049a14885399e27625635ae6ef91.patch
2025-06-05 17:09:58.465 | INFO     | core.adaptation_pipeline:_load_modules:66 - 已加载模块: direct_apply
2025-06-05 17:09:58.465 | INFO     | core.adaptation_pipeline:_load_modules:66 - 已加载模块: chunk_analyzer
2025-06-05 17:09:58.466 | INFO     | core.adaptation_pipeline:_load_modules:66 - 已加载模块: llm_adapter
2025-06-05 17:09:58.466 | INFO     | core.adaptation_pipeline:_load_modules:66 - 已加载模块: patch_adapter
2025-06-05 17:09:58.467 | INFO     | __main__:_process_mode1:358 - 目标版本: ['v6.12-rc7']
2025-06-05 17:09:58.467 | INFO     | __main__:_process_mode1:365 - 开始处理版本: v6.12-rc7
2025-06-05 17:09:58.467 | INFO     | core.adaptation_pipeline:process_patch:85 - 开始处理补丁: b9b588f22a0c049a14885399e27625635ae6ef91.patch
2025-06-05 17:09:58.467 | INFO     | core.adaptation_pipeline:process_patch:106 - 执行模块: direct_apply
2025-06-05 17:09:58.468 | INFO     | modules.direct_apply:_download_patch:245 - 上游补丁文件不存在，下载补丁
2025-06-05 17:09:58.469 | INFO     | patch_utils:_download_github_patch:232 - GitHub patch URL parts: ['https:', '', 'github.com', 'linux', 'kernel-stable', 'commit', 'b9b588f22a0c049a14885399e27625635ae6ef91.patch']
2025-06-05 17:09:58.469 | INFO     | patch_utils:_download_github_patch:240 - 使用GitHub Commit API下载patch: https://api.github.com/repos/linux/kernel-stable/commits/b9b588f22a0c049a14885399e27625635ae6ef91
2025-06-05 17:10:00.296 | ERROR    | patch_utils:_download_github_patch:260 - 使用GitHub API下载patch失败: 404 Client Error: Not Found for url: https://api.github.com/repos/linux/kernel-stable/commits/b9b588f22a0c049a14885399e27625635ae6ef91
2025-06-05 17:10:00.297 | INFO     | patch_utils:_download_direct_patch:396 - 直接下载补丁文件: https://github.com/linux/kernel-stable/commit/b9b588f22a0c049a14885399e27625635ae6ef91.patch
2025-06-05 17:10:28.427 | ERROR    | patch_utils:_download_direct_patch:427 - 直接下载patch失败: Exceeded 30 redirects.
2025-06-05 17:10:28.428 | WARNING  | modules.direct_apply:_download_patch:258 - 补丁下载出错: 无法下载补丁: https://github.com/linux/kernel-stable/commit/b9b588f22a0c049a14885399e27625635ae6ef91.patch - Exceeded 30 redirects.
2025-06-05 17:10:28.429 | INFO     | modules.direct_apply:_download_patch:261 - 尝试从本地仓库生成补丁
2025-06-05 17:10:28.430 | INFO     | patch_utils:generate_patch_from_git:452 - 尝试从本地仓库生成补丁: b9b588f22a0c049a14885399e27625635ae6ef91.patch
2025-06-05 17:10:28.447 | INFO     | patch_utils:generate_patch_from_git:483 - 成功从本地仓库生成补丁: workspace/linux/kernel-stable/b9b588/patches/upstream_b9b588.patch
2025-06-05 17:10:28.447 | INFO     | modules.direct_apply:_download_patch:269 - 成功从本地仓库生成补丁: workspace/linux/kernel-stable/b9b588/patches/upstream_b9b588.patch
2025-06-05 17:10:28.448 | INFO     | modules.direct_apply:execute:62 - 此时upstream_patch_path存在状态: True
2025-06-05 17:10:28.448 | INFO     | modules.direct_apply:execute:63 - 下载补丁成功: /home/elpsy/workspace/sow/patch-backport/workspace/linux/kernel-stable/b9b588/patches/upstream_b9b588.patch
2025-06-05 17:10:28.624 | INFO     | modules.direct_apply:_prepare_test_branch:375 - 创建测试分支: test_patch_v6.12-rc7
2025-06-05 17:10:29.216 | ERROR    | modules.direct_apply:_apply_patch:315 - 补丁应用失败: error: patch failed: fs/libfs.c:247
error: fs/libfs.c: patch does not apply
hint: Use 'git am --show-current-patch' to see the failed patch

2025-06-05 17:10:29.660 | INFO     | modules.direct_apply:_cleanup_test_branch:467 - 清理测试分支: test_patch_v6.12-rc7
2025-06-05 17:10:29.660 | INFO     | core.adaptation_pipeline:process_patch:106 - 执行模块: chunk_analyzer
2025-06-05 17:10:29.661 | INFO     | modules.chunk_analyzer:execute:52 - 开始分析补丁: /home/elpsy/workspace/sow/patch-backport/workspace/linux/kernel-stable/b9b588/patches/upstream_b9b588.patch
2025-06-05 17:10:29.661 | INFO     | modules.chunk_analyzer:_split_patch_into_chunks:175 - 开始分解补丁文件: /home/elpsy/workspace/sow/patch-backport/workspace/linux/kernel-stable/b9b588/patches/upstream_b9b588.patch
2025-06-05 17:10:29.661 | INFO     | modules.chunk_analyzer:_split_patch_into_chunks:180 - 补丁文件包含 169 行内容
2025-06-05 17:10:29.662 | INFO     | modules.chunk_analyzer:_split_patch_into_chunks:195 - 发现修改文件: fs/libfs.c
2025-06-05 17:10:29.664 | INFO     | modules.chunk_analyzer:_split_patch_into_chunks:246 - 发现修改块: fs/libfs.c @@ -247,12 +247,13 @@ (modification)
2025-06-05 17:10:29.664 | INFO     | modules.chunk_analyzer:_split_patch_into_chunks:246 - 发现修改块: fs/libfs.c @@ -457,51 +458,82 @@ (modification)
2025-06-05 17:10:29.664 | INFO     | modules.chunk_analyzer:_split_patch_into_chunks:246 - 发现修改块: fs/libfs.c @@ -540,7 +572,7 @@ (modification)
2025-06-05 17:10:29.665 | INFO     | modules.chunk_analyzer:_split_patch_into_chunks:266 - 补丁分解完成，共找到 3 个修改块
2025-06-05 17:10:29.666 | INFO     | modules.chunk_analyzer:execute:56 - 补丁被分解为 3 个块
2025-06-05 17:10:29.667 | INFO     | modules.chunk_analyzer:_create_chunk_patches:285 - 从原始补丁提取头部信息: /home/elpsy/workspace/sow/patch-backport/workspace/linux/kernel-stable/b9b588/patches/upstream_b9b588.patch
2025-06-05 17:10:29.668 | INFO     | modules.chunk_analyzer:_create_chunk_patches:311 - 创建块补丁文件: /home/elpsy/workspace/sow/patch-backport/workspace/linux/kernel-stable/b9b588/chunk_patches/chunk_001_20250605_171029.patch (修改文件: fs/libfs.c)
2025-06-05 17:10:29.669 | INFO     | modules.chunk_analyzer:_create_chunk_patches:311 - 创建块补丁文件: /home/elpsy/workspace/sow/patch-backport/workspace/linux/kernel-stable/b9b588/chunk_patches/chunk_002_20250605_171029.patch (修改文件: fs/libfs.c)
2025-06-05 17:10:29.669 | INFO     | modules.chunk_analyzer:_create_chunk_patches:311 - 创建块补丁文件: /home/elpsy/workspace/sow/patch-backport/workspace/linux/kernel-stable/b9b588/chunk_patches/chunk_003_20250605_171029.patch (修改文件: fs/libfs.c)
2025-06-05 17:10:29.669 | INFO     | modules.chunk_analyzer:execute:60 - 已为 3 个块创建单独的补丁文件
2025-06-05 17:10:29.670 | INFO     | modules.chunk_analyzer:execute:62 - 第 1 个补丁文件为：
2025-06-05 17:10:29.670 | INFO     | modules.chunk_analyzer:execute:66 - From b9b588f22a0c049a14885399e27625635ae6ef91 Mon Sep 17 00:00:00 2001
From: Chuck Lever <chuck.lever@oracle.com>
Date: Sat, 28 Dec 2024 12:55:21 -0500
Subject: [PATCH] libfs: Use d_children list to iterate simple_offset
 directories

The mtree mechanism has been effective at creating directory offsets
that are stable over multiple opendir instances. However, it has not
been able to handle the subtleties of renames that are concurrent
with readdir.

Instead of using the mtree to emit entries in the order of their
offset values, use it only to map incoming ctx->pos to a starting
entry. Then use the directory's d_children list, which is already
maintained properly by the dcache, to find the next child to emit.

One of the sneaky things about this is that when the mtree-allocated
offset value wraps (which is very rare), looking up ctx->pos++ is
not going to find the next entry; it will return NULL. Instead, by
following the d_children list, the offset values can appear in any
order but all of the entries in the directory will be visited
eventually.

Note also that the readdir() is guaranteed to reach the tail of this
list. Entries are added only at the head of d_children, and readdir
walks from its current position in that list towards its tail.

Signed-off-by: Chuck Lever <chuck.lever@oracle.com>
Link: https://lore.kernel.org/r/20241228175522.1854234-6-cel@kernel.org
Signed-off-by: Christian Brauner <brauner@kernel.org>

diff --git a/fs/libfs.c b/fs/libfs.c
index 47399f90511a..279442b1fe96 100644
--- a/fs/libfs.c
+++ b/fs/libfs.c
@@ -247,12 +247,13 @@ EXPORT_SYMBOL(simple_dir_inode_operations);
 
 /* simple_offset_add() never assigns these to a dentry */
 enum {
+	DIR_OFFSET_FIRST	= 2,		/* Find first real entry */
 	DIR_OFFSET_EOD		= S32_MAX,
 };
 
 /* simple_offset_add() allocation range */
 enum {
-	DIR_OFFSET_MIN		= 2,
+	DIR_OFFSET_MIN		= DIR_OFFSET_FIRST + 1,
 	DIR_OFFSET_MAX		= DIR_OFFSET_EOD - 1,
 };
 

2025-06-05 17:10:29.670 | INFO     | modules.chunk_analyzer:execute:62 - 第 2 个补丁文件为：
2025-06-05 17:10:29.671 | INFO     | modules.chunk_analyzer:execute:66 - From b9b588f22a0c049a14885399e27625635ae6ef91 Mon Sep 17 00:00:00 2001
From: Chuck Lever <chuck.lever@oracle.com>
Date: Sat, 28 Dec 2024 12:55:21 -0500
Subject: [PATCH] libfs: Use d_children list to iterate simple_offset
 directories

The mtree mechanism has been effective at creating directory offsets
that are stable over multiple opendir instances. However, it has not
been able to handle the subtleties of renames that are concurrent
with readdir.

Instead of using the mtree to emit entries in the order of their
offset values, use it only to map incoming ctx->pos to a starting
entry. Then use the directory's d_children list, which is already
maintained properly by the dcache, to find the next child to emit.

One of the sneaky things about this is that when the mtree-allocated
offset value wraps (which is very rare), looking up ctx->pos++ is
not going to find the next entry; it will return NULL. Instead, by
following the d_children list, the offset values can appear in any
order but all of the entries in the directory will be visited
eventually.

Note also that the readdir() is guaranteed to reach the tail of this
list. Entries are added only at the head of d_children, and readdir
walks from its current position in that list towards its tail.

Signed-off-by: Chuck Lever <chuck.lever@oracle.com>
Link: https://lore.kernel.org/r/20241228175522.1854234-6-cel@kernel.org
Signed-off-by: Christian Brauner <brauner@kernel.org>

diff --git a/fs/libfs.c b/fs/libfs.c
index 47399f90511a..279442b1fe96 100644
--- a/fs/libfs.c
+++ b/fs/libfs.c
@@ -457,51 +458,82 @@ static loff_t offset_dir_llseek(struct file *file, loff_t offset, int whence)
 	return vfs_setpos(file, offset, LONG_MAX);
 }
 
-static struct dentry *offset_find_next(struct offset_ctx *octx, loff_t offset)
+static struct dentry *find_positive_dentry(struct dentry *parent,
+					   struct dentry *dentry,
+					   bool next)
 {
-	MA_STATE(mas, &octx->mt, offset, offset);
+	struct dentry *found = NULL;
+
+	spin_lock(&parent->d_lock);
+	if (next)
+		dentry = d_next_sibling(dentry);
+	else if (!dentry)
+		dentry = d_first_child(parent);
+	hlist_for_each_entry_from(dentry, d_sib) {
+		if (!simple_positive(dentry))
+			continue;
+		spin_lock_nested(&dentry->d_lock, DENTRY_D_LOCK_NESTED);
+		if (simple_positive(dentry))
+			found = dget_dlock(dentry);
+		spin_unlock(&dentry->d_lock);
+		if (likely(found))
+			break;
+	}
+	spin_unlock(&parent->d_lock);
+	return found;
+}
+
+static noinline_for_stack struct dentry *
+offset_dir_lookup(struct dentry *parent, loff_t offset)
+{
+	struct inode *inode = d_inode(parent);
+	struct offset_ctx *octx = inode->i_op->get_offset_ctx(inode);
 	struct dentry *child, *found = NULL;
 
-	rcu_read_lock();
-	child = mas_find(&mas, DIR_OFFSET_MAX);
-	if (!child)
-		goto out;
-	spin_lock(&child->d_lock);
-	if (simple_positive(child))
-		found = dget_dlock(child);
-	spin_unlock(&child->d_lock);
-out:
-	rcu_read_unlock();
+	MA_STATE(mas, &octx->mt, offset, offset);
+
+	if (offset == DIR_OFFSET_FIRST)
+		found = find_positive_dentry(parent, NULL, false);
+	else {
+		rcu_read_lock();
+		child = mas_find(&mas, DIR_OFFSET_MAX);
+		found = find_positive_dentry(parent, child, false);
+		rcu_read_unlock();
+	}
 	return found;
 }
 
 static bool offset_dir_emit(struct dir_context *ctx, struct dentry *dentry)
 {
 	struct inode *inode = d_inode(dentry);
-	long offset = dentry2offset(dentry);
 
-	return ctx->actor(ctx, dentry->d_name.name, dentry->d_name.len, offset,
-			  inode->i_ino, fs_umode_to_dtype(inode->i_mode));
+	return dir_emit(ctx, dentry->d_name.name, dentry->d_name.len,
+			inode->i_ino, fs_umode_to_dtype(inode->i_mode));
 }
 
-static void offset_iterate_dir(struct inode *inode, struct dir_context *ctx)
+static void offset_iterate_dir(struct file *file, struct dir_context *ctx)
 {
-	struct offset_ctx *octx = inode->i_op->get_offset_ctx(inode);
+	struct dentry *dir = file->f_path.dentry;
 	struct dentry *dentry;
 
+	dentry = offset_dir_lookup(dir, ctx->pos);
+	if (!dentry)
+		goto out_eod;
 	while (true) {
-		dentry = offset_find_next(octx, ctx->pos);
-		if (!dentry)
-			goto out_eod;
+		struct dentry *next;
 
-		if (!offset_dir_emit(ctx, dentry)) {
-			dput(dentry);
+		ctx->pos = dentry2offset(dentry);
+		if (!offset_dir_emit(ctx, dentry))
 			break;
-		}
 
-		ctx->pos = dentry2offset(dentry) + 1;
+		next = find_positive_dentry(dir, dentry, true);
 		dput(dentry);
+
+		if (!next)
+			goto out_eod;
+		dentry = next;
 	}
+	dput(dentry);
 	return;
 
 out_eod:

2025-06-05 17:10:29.671 | INFO     | modules.chunk_analyzer:execute:62 - 第 3 个补丁文件为：
2025-06-05 17:10:29.672 | INFO     | modules.chunk_analyzer:execute:66 - From b9b588f22a0c049a14885399e27625635ae6ef91 Mon Sep 17 00:00:00 2001
From: Chuck Lever <chuck.lever@oracle.com>
Date: Sat, 28 Dec 2024 12:55:21 -0500
Subject: [PATCH] libfs: Use d_children list to iterate simple_offset
 directories

The mtree mechanism has been effective at creating directory offsets
that are stable over multiple opendir instances. However, it has not
been able to handle the subtleties of renames that are concurrent
with readdir.

Instead of using the mtree to emit entries in the order of their
offset values, use it only to map incoming ctx->pos to a starting
entry. Then use the directory's d_children list, which is already
maintained properly by the dcache, to find the next child to emit.

One of the sneaky things about this is that when the mtree-allocated
offset value wraps (which is very rare), looking up ctx->pos++ is
not going to find the next entry; it will return NULL. Instead, by
following the d_children list, the offset values can appear in any
order but all of the entries in the directory will be visited
eventually.

Note also that the readdir() is guaranteed to reach the tail of this
list. Entries are added only at the head of d_children, and readdir
walks from its current position in that list towards its tail.

Signed-off-by: Chuck Lever <chuck.lever@oracle.com>
Link: https://lore.kernel.org/r/20241228175522.1854234-6-cel@kernel.org
Signed-off-by: Christian Brauner <brauner@kernel.org>

diff --git a/fs/libfs.c b/fs/libfs.c
index 47399f90511a..279442b1fe96 100644
--- a/fs/libfs.c
+++ b/fs/libfs.c
@@ -540,7 +572,7 @@ static int offset_readdir(struct file *file, struct dir_context *ctx)
 	if (!dir_emit_dots(file, ctx))
 		return 0;
 	if (ctx->pos != DIR_OFFSET_EOD)
-		offset_iterate_dir(d_inode(dir), ctx);
+		offset_iterate_dir(file, ctx);
 	return 0;
 }
 
-- 
2.25.1


2025-06-05 17:10:29.672 | INFO     | modules.chunk_analyzer:_apply_chunk_patches:347 - 尝试应用第 1/3 个块补丁: chunk_001_20250605_171029.patch
2025-06-05 17:10:29.680 | WARNING  | modules.chunk_analyzer:_apply_chunk_patches:379 - 块补丁 chunk_001_20250605_171029.patch 应用失败: error: patch failed: fs/libfs.c:247
error: fs/libfs.c: patch does not apply

2025-06-05 17:10:29.681 | INFO     | modules.chunk_analyzer:_apply_chunk_patches:347 - 尝试应用第 2/3 个块补丁: chunk_002_20250605_171029.patch
2025-06-05 17:10:29.690 | WARNING  | modules.chunk_analyzer:_apply_chunk_patches:379 - 块补丁 chunk_002_20250605_171029.patch 应用失败: error: patch failed: fs/libfs.c:457
error: fs/libfs.c: patch does not apply

2025-06-05 17:10:29.691 | INFO     | modules.chunk_analyzer:_apply_chunk_patches:347 - 尝试应用第 3/3 个块补丁: chunk_003_20250605_171029.patch
2025-06-05 17:10:29.698 | WARNING  | modules.chunk_analyzer:_apply_chunk_patches:379 - 块补丁 chunk_003_20250605_171029.patch 应用失败: error: patch failed: fs/libfs.c:540
error: fs/libfs.c: patch does not apply

2025-06-05 17:10:29.698 | INFO     | modules.chunk_analyzer:_apply_chunk_patches:389 - 块补丁应用统计信息:
2025-06-05 17:10:29.698 | INFO     | modules.chunk_analyzer:_apply_chunk_patches:390 - - 总块数: 3
2025-06-05 17:10:29.699 | INFO     | modules.chunk_analyzer:_apply_chunk_patches:391 - - 无冲突块数: 0
2025-06-05 17:10:29.699 | INFO     | modules.chunk_analyzer:_apply_chunk_patches:392 - - 适配失败块数: 3
2025-06-05 17:10:29.699 | INFO     | modules.chunk_analyzer:execute:70 - 成功应用了 0 个块补丁，总共 3 个
2025-06-05 17:10:29.701 | INFO     | modules.chunk_analyzer:_create_remaining_patch:465 - 创建剩余块补丁文件: /home/elpsy/workspace/sow/patch-backport/workspace/linux/kernel-stable/b9b588/chunk_patches/remaining_chunks_20250605_171029.patch
2025-06-05 17:10:29.702 | INFO     | modules.chunk_analyzer:execute:78 - 创建了包含 3 个未应用块的剩余补丁: /home/elpsy/workspace/sow/patch-backport/workspace/linux/kernel-stable/b9b588/chunk_patches/remaining_chunks_20250605_171029.patch
2025-06-05 17:10:29.703 | INFO     | modules.chunk_analyzer:execute:102 - 已将剩余补丁路径存储到上下文: /home/elpsy/workspace/sow/patch-backport/workspace/linux/kernel-stable/b9b588/chunk_patches/remaining_chunks_20250605_171029.patch
2025-06-05 17:10:29.703 | INFO     | modules.chunk_analyzer:execute:114 - 补丁分块分析完成，耗时: 0.04秒
2025-06-05 17:10:29.704 | INFO     | modules.base_module:_save_metrics:143 - 评测指标已保存到: workspace/linux/kernel-stable/b9b588/evaluations/chunk_analyzer/metrics_b9b588_20250605_171029.json
2025-06-05 17:10:29.705 | INFO     | modules.chunk_analyzer:_generate_additional_html_sections:855 - 找到当前评估会话目录: workspace/linux/kernel-stable/b9b588/evaluations/chunk_analyzer/details_b9b588_20250605_171029
2025-06-05 17:10:29.706 | INFO     | modules.chunk_analyzer:_get_patch_content:1089 - 使用当前会话评估目录: workspace/linux/kernel-stable/b9b588/evaluations/chunk_analyzer/details_b9b588_20250605_171029
2025-06-05 17:10:29.706 | WARNING  | modules.chunk_analyzer:_get_patch_content:1145 - 补丁目录不存在: workspace/linux/kernel-stable/b9b588/evaluations/chunk_analyzer/details_b9b588_20250605_171029/patches
2025-06-05 17:10:29.707 | INFO     | modules.chunk_analyzer:_get_patch_content:1150 - 成功创建补丁目录: workspace/linux/kernel-stable/b9b588/evaluations/chunk_analyzer/details_b9b588_20250605_171029/patches
2025-06-05 17:10:29.707 | INFO     | modules.chunk_analyzer:_get_patch_content:1168 - 已将原始补丁内容保存到: workspace/linux/kernel-stable/b9b588/evaluations/chunk_analyzer/details_b9b588_20250605_171029/patches/original_patch.txt
2025-06-05 17:10:29.707 | INFO     | modules.chunk_analyzer:_get_patch_content:1089 - 使用当前会话评估目录: workspace/linux/kernel-stable/b9b588/evaluations/chunk_analyzer/details_b9b588_20250605_171029
2025-06-05 17:10:29.708 | WARNING  | modules.chunk_analyzer:_get_patch_content:1289 - 未找到任何应用成功的补丁文件
2025-06-05 17:10:29.708 | INFO     | modules.chunk_analyzer:_get_patch_content:1089 - 使用当前会话评估目录: workspace/linux/kernel-stable/b9b588/evaluations/chunk_analyzer/details_b9b588_20250605_171029
2025-06-05 17:10:29.709 | INFO     | modules.chunk_analyzer:_get_patch_content:1337 - 已将剩余补丁内容保存到: workspace/linux/kernel-stable/b9b588/evaluations/chunk_analyzer/details_b9b588_20250605_171029/patches/remaining_patch.txt
2025-06-05 17:10:29.709 | INFO     | modules.chunk_analyzer:_get_patch_content:1341 - 从context获取剩余补丁内容: /home/elpsy/workspace/sow/patch-backport/workspace/linux/kernel-stable/b9b588/chunk_patches/remaining_chunks_20250605_171029.patch
2025-06-05 17:10:29.710 | INFO     | modules.base_module:_save_evaluation_info:198 - 美观易读的评估信息已保存到: workspace/linux/kernel-stable/b9b588/evaluations/chunk_analyzer/details_b9b588_20250605_171029
2025-06-05 17:10:29.711 | INFO     | core.adaptation_pipeline:process_patch:106 - 执行模块: llm_adapter
2025-06-05 17:10:29.712 | INFO     | modules.llm_adapter:execute:70 - context.commit.patch_path: /home/elpsy/workspace/sow/patch-backport/workspace/linux/kernel-stable/b9b588/patches/upstream_b9b588.patch
2025-06-05 17:10:29.712 | INFO     | modules.llm_adapter:execute:72 - 使用原始补丁文件: /home/elpsy/workspace/sow/patch-backport/workspace/linux/kernel-stable/b9b588/patches/upstream_b9b588.patch
2025-06-05 17:10:29.712 | INFO     | modules.llm_adapter:_prepare_prompt_data:222 - 使用传统上下文差异
2025-06-05 17:10:29.713 | INFO     | modules.llm_adapter:_get_context_diff:807 - diff_file: /home/elpsy/workspace/sow/patch-backport/workspace/linux/kernel-stable/b9b588/diff
2025-06-05 17:10:29.713 | INFO     | modules.llm_adapter:_get_context_diff:821 - 修正URL格式，移除.patch后缀: https://github.com/linux/kernel-stable/commit/b9b588f22a0c049a14885399e27625635ae6ef91
2025-06-05 17:10:31.684 | WARNING  | git_operations:get_commit_content:143 - GitHub API获取提交内容失败: 404, {"message":"Not Found","documentation_url":"https://docs.github.com/rest/commits/commits#get-a-commit","status":"404"}
2025-06-05 17:10:31.685 | INFO     | git_operations:get_commit_content:144 - 尝试使用本地Git仓库获取提交内容...
2025-06-05 17:10:31.707 | INFO     | git_operations:_get_commit_content_local:234 - 成功从本地Git仓库获取提交 b9b588f22a0c049a14885399e27625635ae6ef91 的内容，包含 1 个文件
2025-06-05 17:10:47.319 | WARNING  | git_operations:get_commit_content:147 - GitHub API获取提交内容失败: HTTPSConnectionPool(host='api.github.com', port=443): Max retries exceeded with url: /repos/linux/kernel-stable/commits/b9b588f22a0c049a14885399e27625635ae6ef91 (Caused by SSLError(SSLEOFError(8, '[SSL: UNEXPECTED_EOF_WHILE_READING] EOF occurred in violation of protocol (_ssl.c:1000)')))
2025-06-05 17:10:47.320 | INFO     | git_operations:get_commit_content:148 - 尝试使用本地Git仓库获取提交内容...
2025-06-05 17:10:47.342 | INFO     | git_operations:_get_commit_content_local:234 - 成功从本地Git仓库获取提交 b9b588f22a0c049a14885399e27625635ae6ef91 的内容，包含 1 个文件
2025-06-05 17:10:47.342 | INFO     | git_operations:get_file_contents_from_ref:264 - 获取内容中：['fs/libfs.c']
2025-06-05 17:10:47.343 | INFO     | git_operations:_get_file_contents_local:280 - 正在从本地仓库获取文件 fs/libfs.c 在 68a3a65003145644efcbb651e91db249ccd96281 的内容
2025-06-05 17:10:47.351 | INFO     | git_operations:_get_file_contents_local:300 - 本地获取文件内容为: [{'filename': 'fs/libfs.c', 'content': '// SPDX-License-Identifier: GPL-2.0-only\n/*\n *\tfs/libfs.c\n *\tLibrary for filesystems writers.\n */\n\n#include <linux/blkdev.h>\n#include <linux/export.h>\n#include <linux/pagemap.h>\n#include <linux/slab.h>\n#include <linux/cred.h>\n#include <linux/mount.h>\n#include <linux/vfs.h>\n#include <linux/quotaops.h>\n#include <linux/mutex.h>\n#include <linux/namei.h>\n#include <linux/exportfs.h>\n#include <linux/iversion.h>\n#include <linux/writeback.h>\n#include <linux/buffer_head.h> /* sync_mapping_buffers */\n#include <linux/fs_context.h>\n#include <linux/pseudo_fs.h>\n#include <linux/fsnotify.h>\n#include <linux/unicode.h>\n#include <linux/fscrypt.h>\n#include <linux/pidfs.h>\n\n#include <linux/uaccess.h>\n\n#include "internal.h"\n\nint simple_getattr(struct mnt_idmap *idmap, const struct path *path,\n\t\t   struct kstat *stat, u32 request_mask,\n\t\t   unsigned int query_flags)\n{\n\tstruct inode *inode = d_inode(path->dentry);\n\tgeneric_fillattr(&nop_mnt_idmap, request_mask, inode, stat);\n\tstat->blocks = inode->i_mapping->nrpages << (PAGE_SHIFT - 9);\n\treturn 0;\n}\nEXPORT_SYMBOL(simple_getattr);\n\nint simple_statfs(struct dentry *dentry, struct kstatfs *buf)\n{\n\tu64 id = huge_encode_dev(dentry->d_sb->s_dev);\n\n\tbuf->f_fsid = u64_to_fsid(id);\n\tbuf->f_type = dentry->d_sb->s_magic;\n\tbuf->f_bsize = PAGE_SIZE;\n\tbuf->f_namelen = NAME_MAX;\n\treturn 0;\n}\nEXPORT_SYMBOL(simple_statfs);\n\n/*\n * Retaining negative dentries for an in-memory filesystem just wastes\n * memory and lookup time: arrange for them to be deleted immediately.\n */\nint always_delete_dentry(const struct dentry *dentry)\n{\n\treturn 1;\n}\nEXPORT_SYMBOL(always_delete_dentry);\n\nconst struct dentry_operations simple_dentry_operations = {\n\t.d_delete = always_delete_dentry,\n};\nEXPORT_SYMBOL(simple_dentry_operations);\n\n/*\n * Lookup the data. This is trivial - if the dentry didn\'t already\n * exist, we know it is negative.  Set d_op to delete negative dentries.\n */\nstruct dentry *simple_lookup(struct inode *dir, struct dentry *dentry, unsigned int flags)\n{\n\tif (dentry->d_name.len > NAME_MAX)\n\t\treturn ERR_PTR(-ENAMETOOLONG);\n\tif (!dentry->d_sb->s_d_op)\n\t\td_set_d_op(dentry, &simple_dentry_operations);\n\n\tif (IS_ENABLED(CONFIG_UNICODE) && IS_CASEFOLDED(dir))\n\t\treturn NULL;\n\n\td_add(dentry, NULL);\n\treturn NULL;\n}\nEXPORT_SYMBOL(simple_lookup);\n\nint dcache_dir_open(struct inode *inode, struct file *file)\n{\n\tfile->private_data = d_alloc_cursor(file->f_path.dentry);\n\n\treturn file->private_data ? 0 : -ENOMEM;\n}\nEXPORT_SYMBOL(dcache_dir_open);\n\nint dcache_dir_close(struct inode *inode, struct file *file)\n{\n\tdput(file->private_data);\n\treturn 0;\n}\nEXPORT_SYMBOL(dcache_dir_close);\n\n/* parent is locked at least shared */\n/*\n * Returns an element of siblings\' list.\n * We are looking for <count>th positive after <p>; if\n * found, dentry is grabbed and returned to caller.\n * If no such element exists, NULL is returned.\n */\nstatic struct dentry *scan_positives(struct dentry *cursor,\n\t\t\t\t\tstruct hlist_node **p,\n\t\t\t\t\tloff_t count,\n\t\t\t\t\tstruct dentry *last)\n{\n\tstruct dentry *dentry = cursor->d_parent, *found = NULL;\n\n\tspin_lock(&dentry->d_lock);\n\twhile (*p) {\n\t\tstruct dentry *d = hlist_entry(*p, struct dentry, d_sib);\n\t\tp = &d->d_sib.next;\n\t\t// we must at least skip cursors, to avoid livelocks\n\t\tif (d->d_flags & DCACHE_DENTRY_CURSOR)\n\t\t\tcontinue;\n\t\tif (simple_positive(d) && !--count) {\n\t\t\tspin_lock_nested(&d->d_lock, DENTRY_D_LOCK_NESTED);\n\t\t\tif (simple_positive(d))\n\t\t\t\tfound = dget_dlock(d);\n\t\t\tspin_unlock(&d->d_lock);\n\t\t\tif (likely(found))\n\t\t\t\tbreak;\n\t\t\tcount = 1;\n\t\t}\n\t\tif (need_resched()) {\n\t\t\tif (!hlist_unhashed(&cursor->d_sib))\n\t\t\t\t__hlist_del(&cursor->d_sib);\n\t\t\thlist_add_behind(&cursor->d_sib, &d->d_sib);\n\t\t\tp = &cursor->d_sib.next;\n\t\t\tspin_unlock(&dentry->d_lock);\n\t\t\tcond_resched();\n\t\t\tspin_lock(&dentry->d_lock);\n\t\t}\n\t}\n\tspin_unlock(&dentry->d_lock);\n\tdput(last);\n\treturn found;\n}\n\nloff_t dcache_dir_lseek(struct file *file, loff_t offset, int whence)\n{\n\tstruct dentry *dentry = file->f_path.dentry;\n\tswitch (whence) {\n\t\tcase 1:\n\t\t\toffset += file->f_pos;\n\t\t\tfallthrough;\n\t\tcase 0:\n\t\t\tif (offset >= 0)\n\t\t\t\tbreak;\n\t\t\tfallthrough;\n\t\tdefault:\n\t\t\treturn -EINVAL;\n\t}\n\tif (offset != file->f_pos) {\n\t\tstruct dentry *cursor = file->private_data;\n\t\tstruct dentry *to = NULL;\n\n\t\tinode_lock_shared(dentry->d_inode);\n\n\t\tif (offset > 2)\n\t\t\tto = scan_positives(cursor, &dentry->d_children.first,\n\t\t\t\t\t    offset - 2, NULL);\n\t\tspin_lock(&dentry->d_lock);\n\t\thlist_del_init(&cursor->d_sib);\n\t\tif (to)\n\t\t\thlist_add_behind(&cursor->d_sib, &to->d_sib);\n\t\tspin_unlock(&dentry->d_lock);\n\t\tdput(to);\n\n\t\tfile->f_pos = offset;\n\n\t\tinode_unlock_shared(dentry->d_inode);\n\t}\n\treturn offset;\n}\nEXPORT_SYMBOL(dcache_dir_lseek);\n\n/*\n * Directory is locked and all positive dentries in it are safe, since\n * for ramfs-type trees they can\'t go away without unlink() or rmdir(),\n * both impossible due to the lock on directory.\n */\n\nint dcache_readdir(struct file *file, struct dir_context *ctx)\n{\n\tstruct dentry *dentry = file->f_path.dentry;\n\tstruct dentry *cursor = file->private_data;\n\tstruct dentry *next = NULL;\n\tstruct hlist_node **p;\n\n\tif (!dir_emit_dots(file, ctx))\n\t\treturn 0;\n\n\tif (ctx->pos == 2)\n\t\tp = &dentry->d_children.first;\n\telse\n\t\tp = &cursor->d_sib.next;\n\n\twhile ((next = scan_positives(cursor, p, 1, next)) != NULL) {\n\t\tif (!dir_emit(ctx, next->d_name.name, next->d_name.len,\n\t\t\t      d_inode(next)->i_ino,\n\t\t\t      fs_umode_to_dtype(d_inode(next)->i_mode)))\n\t\t\tbreak;\n\t\tctx->pos++;\n\t\tp = &next->d_sib.next;\n\t}\n\tspin_lock(&dentry->d_lock);\n\thlist_del_init(&cursor->d_sib);\n\tif (next)\n\t\thlist_add_before(&cursor->d_sib, &next->d_sib);\n\tspin_unlock(&dentry->d_lock);\n\tdput(next);\n\n\treturn 0;\n}\nEXPORT_SYMBOL(dcache_readdir);\n\nssize_t generic_read_dir(struct file *filp, char __user *buf, size_t siz, loff_t *ppos)\n{\n\treturn -EISDIR;\n}\nEXPORT_SYMBOL(generic_read_dir);\n\nconst struct file_operations simple_dir_operations = {\n\t.open\t\t= dcache_dir_open,\n\t.release\t= dcache_dir_close,\n\t.llseek\t\t= dcache_dir_lseek,\n\t.read\t\t= generic_read_dir,\n\t.iterate_shared\t= dcache_readdir,\n\t.fsync\t\t= noop_fsync,\n};\nEXPORT_SYMBOL(simple_dir_operations);\n\nconst struct inode_operations simple_dir_inode_operations = {\n\t.lookup\t\t= simple_lookup,\n};\nEXPORT_SYMBOL(simple_dir_inode_operations);\n\n/* simple_offset_add() never assigns these to a dentry */\nenum {\n\tDIR_OFFSET_EOD\t\t= S32_MAX,\n};\n\n/* simple_offset_add() allocation range */\nenum {\n\tDIR_OFFSET_MIN\t\t= 2,\n\tDIR_OFFSET_MAX\t\t= DIR_OFFSET_EOD - 1,\n};\n\nstatic void offset_set(struct dentry *dentry, long offset)\n{\n\tdentry->d_fsdata = (void *)offset;\n}\n\nstatic long dentry2offset(struct dentry *dentry)\n{\n\treturn (long)dentry->d_fsdata;\n}\n\nstatic struct lock_class_key simple_offset_lock_class;\n\n/**\n * simple_offset_init - initialize an offset_ctx\n * @octx: directory offset map to be initialized\n *\n */\nvoid simple_offset_init(struct offset_ctx *octx)\n{\n\tmt_init_flags(&octx->mt, MT_FLAGS_ALLOC_RANGE);\n\tlockdep_set_class(&octx->mt.ma_lock, &simple_offset_lock_class);\n\toctx->next_offset = DIR_OFFSET_MIN;\n}\n\n/**\n * simple_offset_add - Add an entry to a directory\'s offset map\n * @octx: directory offset ctx to be updated\n * @dentry: new dentry being added\n *\n * Returns zero on success. @octx and the dentry\'s offset are updated.\n * Otherwise, a negative errno value is returned.\n */\nint simple_offset_add(struct offset_ctx *octx, struct dentry *dentry)\n{\n\tunsigned long offset;\n\tint ret;\n\n\tif (dentry2offset(dentry) != 0)\n\t\treturn -EBUSY;\n\n\tret = mtree_alloc_cyclic(&octx->mt, &offset, dentry, DIR_OFFSET_MIN,\n\t\t\t\t DIR_OFFSET_MAX, &octx->next_offset,\n\t\t\t\t GFP_KERNEL);\n\tif (unlikely(ret < 0))\n\t\treturn ret == -EBUSY ? -ENOSPC : ret;\n\n\toffset_set(dentry, offset);\n\treturn 0;\n}\n\nstatic int simple_offset_replace(struct offset_ctx *octx, struct dentry *dentry,\n\t\t\t\t long offset)\n{\n\tint ret;\n\n\tret = mtree_store(&octx->mt, offset, dentry, GFP_KERNEL);\n\tif (ret)\n\t\treturn ret;\n\toffset_set(dentry, offset);\n\treturn 0;\n}\n\n/**\n * simple_offset_remove - Remove an entry to a directory\'s offset map\n * @octx: directory offset ctx to be updated\n * @dentry: dentry being removed\n *\n */\nvoid simple_offset_remove(struct offset_ctx *octx, struct dentry *dentry)\n{\n\tlong offset;\n\n\toffset = dentry2offset(dentry);\n\tif (offset == 0)\n\t\treturn;\n\n\tmtree_erase(&octx->mt, offset);\n\toffset_set(dentry, 0);\n}\n\n/**\n * simple_offset_rename - handle directory offsets for rename\n * @old_dir: parent directory of source entry\n * @old_dentry: dentry of source entry\n * @new_dir: parent_directory of destination entry\n * @new_dentry: dentry of destination\n *\n * Caller provides appropriate serialization.\n *\n * User space expects the directory offset value of the replaced\n * (new) directory entry to be unchanged after a rename.\n *\n * Returns zero on success, a negative errno value on failure.\n */\nint simple_offset_rename(struct inode *old_dir, struct dentry *old_dentry,\n\t\t\t struct inode *new_dir, struct dentry *new_dentry)\n{\n\tstruct offset_ctx *old_ctx = old_dir->i_op->get_offset_ctx(old_dir);\n\tstruct offset_ctx *new_ctx = new_dir->i_op->get_offset_ctx(new_dir);\n\tlong new_offset = dentry2offset(new_dentry);\n\n\tsimple_offset_remove(old_ctx, old_dentry);\n\n\tif (new_offset) {\n\t\toffset_set(new_dentry, 0);\n\t\treturn simple_offset_replace(new_ctx, old_dentry, new_offset);\n\t}\n\treturn simple_offset_add(new_ctx, old_dentry);\n}\n\n/**\n * simple_offset_rename_exchange - exchange rename with directory offsets\n * @old_dir: parent of dentry being moved\n * @old_dentry: dentry being moved\n * @new_dir: destination parent\n * @new_dentry: destination dentry\n *\n * This API preserves the directory offset values. Caller provides\n * appropriate serialization.\n *\n * Returns zero on success. Otherwise a negative errno is returned and the\n * rename is rolled back.\n */\nint simple_offset_rename_exchange(struct inode *old_dir,\n\t\t\t\t  struct dentry *old_dentry,\n\t\t\t\t  struct inode *new_dir,\n\t\t\t\t  struct dentry *new_dentry)\n{\n\tstruct offset_ctx *old_ctx = old_dir->i_op->get_offset_ctx(old_dir);\n\tstruct offset_ctx *new_ctx = new_dir->i_op->get_offset_ctx(new_dir);\n\tlong old_index = dentry2offset(old_dentry);\n\tlong new_index = dentry2offset(new_dentry);\n\tint ret;\n\n\tsimple_offset_remove(old_ctx, old_dentry);\n\tsimple_offset_remove(new_ctx, new_dentry);\n\n\tret = simple_offset_replace(new_ctx, old_dentry, new_index);\n\tif (ret)\n\t\tgoto out_restore;\n\n\tret = simple_offset_replace(old_ctx, new_dentry, old_index);\n\tif (ret) {\n\t\tsimple_offset_remove(new_ctx, old_dentry);\n\t\tgoto out_restore;\n\t}\n\n\tret = simple_rename_exchange(old_dir, old_dentry, new_dir, new_dentry);\n\tif (ret) {\n\t\tsimple_offset_remove(new_ctx, old_dentry);\n\t\tsimple_offset_remove(old_ctx, new_dentry);\n\t\tgoto out_restore;\n\t}\n\treturn 0;\n\nout_restore:\n\t(void)simple_offset_replace(old_ctx, old_dentry, old_index);\n\t(void)simple_offset_replace(new_ctx, new_dentry, new_index);\n\treturn ret;\n}\n\n/**\n * simple_offset_destroy - Release offset map\n * @octx: directory offset ctx that is about to be destroyed\n *\n * During fs teardown (eg. umount), a directory\'s offset map might still\n * contain entries. xa_destroy() cleans out anything that remains.\n */\nvoid simple_offset_destroy(struct offset_ctx *octx)\n{\n\tmtree_destroy(&octx->mt);\n}\n\n/**\n * offset_dir_llseek - Advance the read position of a directory descriptor\n * @file: an open directory whose position is to be updated\n * @offset: a byte offset\n * @whence: enumerator describing the starting position for this update\n *\n * SEEK_END, SEEK_DATA, and SEEK_HOLE are not supported for directories.\n *\n * Returns the updated read position if successful; otherwise a\n * negative errno is returned and the read position remains unchanged.\n */\nstatic loff_t offset_dir_llseek(struct file *file, loff_t offset, int whence)\n{\n\tswitch (whence) {\n\tcase SEEK_CUR:\n\t\toffset += file->f_pos;\n\t\tfallthrough;\n\tcase SEEK_SET:\n\t\tif (offset >= 0)\n\t\t\tbreak;\n\t\tfallthrough;\n\tdefault:\n\t\treturn -EINVAL;\n\t}\n\n\treturn vfs_setpos(file, offset, LONG_MAX);\n}\n\nstatic struct dentry *offset_find_next(struct offset_ctx *octx, loff_t offset)\n{\n\tMA_STATE(mas, &octx->mt, offset, offset);\n\tstruct dentry *child, *found = NULL;\n\n\trcu_read_lock();\n\tchild = mas_find(&mas, DIR_OFFSET_MAX);\n\tif (!child)\n\t\tgoto out;\n\tspin_lock(&child->d_lock);\n\tif (simple_positive(child))\n\t\tfound = dget_dlock(child);\n\tspin_unlock(&child->d_lock);\nout:\n\trcu_read_unlock();\n\treturn found;\n}\n\nstatic bool offset_dir_emit(struct dir_context *ctx, struct dentry *dentry)\n{\n\tstruct inode *inode = d_inode(dentry);\n\tlong offset = dentry2offset(dentry);\n\n\treturn ctx->actor(ctx, dentry->d_name.name, dentry->d_name.len, offset,\n\t\t\t  inode->i_ino, fs_umode_to_dtype(inode->i_mode));\n}\n\nstatic void offset_iterate_dir(struct inode *inode, struct dir_context *ctx)\n{\n\tstruct offset_ctx *octx = inode->i_op->get_offset_ctx(inode);\n\tstruct dentry *dentry;\n\n\twhile (true) {\n\t\tdentry = offset_find_next(octx, ctx->pos);\n\t\tif (!dentry)\n\t\t\tgoto out_eod;\n\n\t\tif (!offset_dir_emit(ctx, dentry)) {\n\t\t\tdput(dentry);\n\t\t\tbreak;\n\t\t}\n\n\t\tctx->pos = dentry2offset(dentry) + 1;\n\t\tdput(dentry);\n\t}\n\treturn;\n\nout_eod:\n\tctx->pos = DIR_OFFSET_EOD;\n}\n\n/**\n * offset_readdir - Emit entries starting at offset @ctx->pos\n * @file: an open directory to iterate over\n * @ctx: directory iteration context\n *\n * Caller must hold @file\'s i_rwsem to prevent insertion or removal of\n * entries during this call.\n *\n * On entry, @ctx->pos contains an offset that represents the first entry\n * to be read from the directory.\n *\n * The operation continues until there are no more entries to read, or\n * until the ctx->actor indicates there is no more space in the caller\'s\n * output buffer.\n *\n * On return, @ctx->pos contains an offset that will read the next entry\n * in this directory when offset_readdir() is called again with @ctx.\n * Caller places this value in the d_off field of the last entry in the\n * user\'s buffer.\n *\n * Return values:\n *   %0 - Complete\n */\nstatic int offset_readdir(struct file *file, struct dir_context *ctx)\n{\n\tstruct dentry *dir = file->f_path.dentry;\n\n\tlockdep_assert_held(&d_inode(dir)->i_rwsem);\n\n\tif (!dir_emit_dots(file, ctx))\n\t\treturn 0;\n\tif (ctx->pos != DIR_OFFSET_EOD)\n\t\toffset_iterate_dir(d_inode(dir), ctx);\n\treturn 0;\n}\n\nconst struct file_operations simple_offset_dir_operations = {\n\t.llseek\t\t= offset_dir_llseek,\n\t.iterate_shared\t= offset_readdir,\n\t.read\t\t= generic_read_dir,\n\t.fsync\t\t= noop_fsync,\n};\n\nstatic struct dentry *find_next_child(struct dentry *parent, struct dentry *prev)\n{\n\tstruct dentry *child = NULL, *d;\n\n\tspin_lock(&parent->d_lock);\n\td = prev ? d_next_sibling(prev) : d_first_child(parent);\n\thlist_for_each_entry_from(d, d_sib) {\n\t\tif (simple_positive(d)) {\n\t\t\tspin_lock_nested(&d->d_lock, DENTRY_D_LOCK_NESTED);\n\t\t\tif (simple_positive(d))\n\t\t\t\tchild = dget_dlock(d);\n\t\t\tspin_unlock(&d->d_lock);\n\t\t\tif (likely(child))\n\t\t\t\tbreak;\n\t\t}\n\t}\n\tspin_unlock(&parent->d_lock);\n\tdput(prev);\n\treturn child;\n}\n\nvoid simple_recursive_removal(struct dentry *dentry,\n                              void (*callback)(struct dentry *))\n{\n\tstruct dentry *this = dget(dentry);\n\twhile (true) {\n\t\tstruct dentry *victim = NULL, *child;\n\t\tstruct inode *inode = this->d_inode;\n\n\t\tinode_lock(inode);\n\t\tif (d_is_dir(this))\n\t\t\tinode->i_flags |= S_DEAD;\n\t\twhile ((child = find_next_child(this, victim)) == NULL) {\n\t\t\t// kill and ascend\n\t\t\t// update metadata while it\'s still locked\n\t\t\tinode_set_ctime_current(inode);\n\t\t\tclear_nlink(inode);\n\t\t\tinode_unlock(inode);\n\t\t\tvictim = this;\n\t\t\tthis = this->d_parent;\n\t\t\tinode = this->d_inode;\n\t\t\tinode_lock(inode);\n\t\t\tif (simple_positive(victim)) {\n\t\t\t\td_invalidate(victim);\t// avoid lost mounts\n\t\t\t\tif (d_is_dir(victim))\n\t\t\t\t\tfsnotify_rmdir(inode, victim);\n\t\t\t\telse\n\t\t\t\t\tfsnotify_unlink(inode, victim);\n\t\t\t\tif (callback)\n\t\t\t\t\tcallback(victim);\n\t\t\t\tdput(victim);\t\t// unpin it\n\t\t\t}\n\t\t\tif (victim == dentry) {\n\t\t\t\tinode_set_mtime_to_ts(inode,\n\t\t\t\t\t\t      inode_set_ctime_current(inode));\n\t\t\t\tif (d_is_dir(dentry))\n\t\t\t\t\tdrop_nlink(inode);\n\t\t\t\tinode_unlock(inode);\n\t\t\t\tdput(dentry);\n\t\t\t\treturn;\n\t\t\t}\n\t\t}\n\t\tinode_unlock(inode);\n\t\tthis = child;\n\t}\n}\nEXPORT_SYMBOL(simple_recursive_removal);\n\nstatic const struct super_operations simple_super_operations = {\n\t.statfs\t\t= simple_statfs,\n};\n\nstatic int pseudo_fs_fill_super(struct super_block *s, struct fs_context *fc)\n{\n\tstruct pseudo_fs_context *ctx = fc->fs_private;\n\tstruct inode *root;\n\n\ts->s_maxbytes = MAX_LFS_FILESIZE;\n\ts->s_blocksize = PAGE_SIZE;\n\ts->s_blocksize_bits = PAGE_SHIFT;\n\ts->s_magic = ctx->magic;\n\ts->s_op = ctx->ops ?: &simple_super_operations;\n\ts->s_xattr = ctx->xattr;\n\ts->s_time_gran = 1;\n\troot = new_inode(s);\n\tif (!root)\n\t\treturn -ENOMEM;\n\n\t/*\n\t * since this is the first inode, make it number 1. New inodes created\n\t * after this must take care not to collide with it (by passing\n\t * max_reserved of 1 to iunique).\n\t */\n\troot->i_ino = 1;\n\troot->i_mode = S_IFDIR | S_IRUSR | S_IWUSR;\n\tsimple_inode_init_ts(root);\n\ts->s_root = d_make_root(root);\n\tif (!s->s_root)\n\t\treturn -ENOMEM;\n\ts->s_d_op = ctx->dops;\n\treturn 0;\n}\n\nstatic int pseudo_fs_get_tree(struct fs_context *fc)\n{\n\treturn get_tree_nodev(fc, pseudo_fs_fill_super);\n}\n\nstatic void pseudo_fs_free(struct fs_context *fc)\n{\n\tkfree(fc->fs_private);\n}\n\nstatic const struct fs_context_operations pseudo_fs_context_ops = {\n\t.free\t\t= pseudo_fs_free,\n\t.get_tree\t= pseudo_fs_get_tree,\n};\n\n/*\n * Common helper for pseudo-filesystems (sockfs, pipefs, bdev - stuff that\n * will never be mountable)\n */\nstruct pseudo_fs_context *init_pseudo(struct fs_context *fc,\n\t\t\t\t\tunsigned long magic)\n{\n\tstruct pseudo_fs_context *ctx;\n\n\tctx = kzalloc(sizeof(struct pseudo_fs_context), GFP_KERNEL);\n\tif (likely(ctx)) {\n\t\tctx->magic = magic;\n\t\tfc->fs_private = ctx;\n\t\tfc->ops = &pseudo_fs_context_ops;\n\t\tfc->sb_flags |= SB_NOUSER;\n\t\tfc->global = true;\n\t}\n\treturn ctx;\n}\nEXPORT_SYMBOL(init_pseudo);\n\nint simple_open(struct inode *inode, struct file *file)\n{\n\tif (inode->i_private)\n\t\tfile->private_data = inode->i_private;\n\treturn 0;\n}\nEXPORT_SYMBOL(simple_open);\n\nint simple_link(struct dentry *old_dentry, struct inode *dir, struct dentry *dentry)\n{\n\tstruct inode *inode = d_inode(old_dentry);\n\n\tinode_set_mtime_to_ts(dir,\n\t\t\t      inode_set_ctime_to_ts(dir, inode_set_ctime_current(inode)));\n\tinc_nlink(inode);\n\tihold(inode);\n\tdget(dentry);\n\td_instantiate(dentry, inode);\n\treturn 0;\n}\nEXPORT_SYMBOL(simple_link);\n\nint simple_empty(struct dentry *dentry)\n{\n\tstruct dentry *child;\n\tint ret = 0;\n\n\tspin_lock(&dentry->d_lock);\n\thlist_for_each_entry(child, &dentry->d_children, d_sib) {\n\t\tspin_lock_nested(&child->d_lock, DENTRY_D_LOCK_NESTED);\n\t\tif (simple_positive(child)) {\n\t\t\tspin_unlock(&child->d_lock);\n\t\t\tgoto out;\n\t\t}\n\t\tspin_unlock(&child->d_lock);\n\t}\n\tret = 1;\nout:\n\tspin_unlock(&dentry->d_lock);\n\treturn ret;\n}\nEXPORT_SYMBOL(simple_empty);\n\nint simple_unlink(struct inode *dir, struct dentry *dentry)\n{\n\tstruct inode *inode = d_inode(dentry);\n\n\tinode_set_mtime_to_ts(dir,\n\t\t\t      inode_set_ctime_to_ts(dir, inode_set_ctime_current(inode)));\n\tdrop_nlink(inode);\n\tdput(dentry);\n\treturn 0;\n}\nEXPORT_SYMBOL(simple_unlink);\n\nint simple_rmdir(struct inode *dir, struct dentry *dentry)\n{\n\tif (!simple_empty(dentry))\n\t\treturn -ENOTEMPTY;\n\n\tdrop_nlink(d_inode(dentry));\n\tsimple_unlink(dir, dentry);\n\tdrop_nlink(dir);\n\treturn 0;\n}\nEXPORT_SYMBOL(simple_rmdir);\n\n/**\n * simple_rename_timestamp - update the various inode timestamps for rename\n * @old_dir: old parent directory\n * @old_dentry: dentry that is being renamed\n * @new_dir: new parent directory\n * @new_dentry: target for rename\n *\n * POSIX mandates that the old and new parent directories have their ctime and\n * mtime updated, and that inodes of @old_dentry and @new_dentry (if any), have\n * their ctime updated.\n */\nvoid simple_rename_timestamp(struct inode *old_dir, struct dentry *old_dentry,\n\t\t\t     struct inode *new_dir, struct dentry *new_dentry)\n{\n\tstruct inode *newino = d_inode(new_dentry);\n\n\tinode_set_mtime_to_ts(old_dir, inode_set_ctime_current(old_dir));\n\tif (new_dir != old_dir)\n\t\tinode_set_mtime_to_ts(new_dir,\n\t\t\t\t      inode_set_ctime_current(new_dir));\n\tinode_set_ctime_current(d_inode(old_dentry));\n\tif (newino)\n\t\tinode_set_ctime_current(newino);\n}\nEXPORT_SYMBOL_GPL(simple_rename_timestamp);\n\nint simple_rename_exchange(struct inode *old_dir, struct dentry *old_dentry,\n\t\t\t   struct inode *new_dir, struct dentry *new_dentry)\n{\n\tbool old_is_dir = d_is_dir(old_dentry);\n\tbool new_is_dir = d_is_dir(new_dentry);\n\n\tif (old_dir != new_dir && old_is_dir != new_is_dir) {\n\t\tif (old_is_dir) {\n\t\t\tdrop_nlink(old_dir);\n\t\t\tinc_nlink(new_dir);\n\t\t} else {\n\t\t\tdrop_nlink(new_dir);\n\t\t\tinc_nlink(old_dir);\n\t\t}\n\t}\n\tsimple_rename_timestamp(old_dir, old_dentry, new_dir, new_dentry);\n\treturn 0;\n}\nEXPORT_SYMBOL_GPL(simple_rename_exchange);\n\nint simple_rename(struct mnt_idmap *idmap, struct inode *old_dir,\n\t\t  struct dentry *old_dentry, struct inode *new_dir,\n\t\t  struct dentry *new_dentry, unsigned int flags)\n{\n\tint they_are_dirs = d_is_dir(old_dentry);\n\n\tif (flags & ~(RENAME_NOREPLACE | RENAME_EXCHANGE))\n\t\treturn -EINVAL;\n\n\tif (flags & RENAME_EXCHANGE)\n\t\treturn simple_rename_exchange(old_dir, old_dentry, new_dir, new_dentry);\n\n\tif (!simple_empty(new_dentry))\n\t\treturn -ENOTEMPTY;\n\n\tif (d_really_is_positive(new_dentry)) {\n\t\tsimple_unlink(new_dir, new_dentry);\n\t\tif (they_are_dirs) {\n\t\t\tdrop_nlink(d_inode(new_dentry));\n\t\t\tdrop_nlink(old_dir);\n\t\t}\n\t} else if (they_are_dirs) {\n\t\tdrop_nlink(old_dir);\n\t\tinc_nlink(new_dir);\n\t}\n\n\tsimple_rename_timestamp(old_dir, old_dentry, new_dir, new_dentry);\n\treturn 0;\n}\nEXPORT_SYMBOL(simple_rename);\n\n/**\n * simple_setattr - setattr for simple filesystem\n * @idmap: idmap of the target mount\n * @dentry: dentry\n * @iattr: iattr structure\n *\n * Returns 0 on success, -error on failure.\n *\n * simple_setattr is a simple ->setattr implementation without a proper\n * implementation of size changes.\n *\n * It can either be used for in-memory filesystems or special files\n * on simple regular filesystems.  Anything that needs to change on-disk\n * or wire state on size changes needs its own setattr method.\n */\nint simple_setattr(struct mnt_idmap *idmap, struct dentry *dentry,\n\t\t   struct iattr *iattr)\n{\n\tstruct inode *inode = d_inode(dentry);\n\tint error;\n\n\terror = setattr_prepare(idmap, dentry, iattr);\n\tif (error)\n\t\treturn error;\n\n\tif (iattr->ia_valid & ATTR_SIZE)\n\t\ttruncate_setsize(inode, iattr->ia_size);\n\tsetattr_copy(idmap, inode, iattr);\n\tmark_inode_dirty(inode);\n\treturn 0;\n}\nEXPORT_SYMBOL(simple_setattr);\n\nstatic int simple_read_folio(struct file *file, struct folio *folio)\n{\n\tfolio_zero_range(folio, 0, folio_size(folio));\n\tflush_dcache_folio(folio);\n\tfolio_mark_uptodate(folio);\n\tfolio_unlock(folio);\n\treturn 0;\n}\n\nint simple_write_begin(struct file *file, struct address_space *mapping,\n\t\t\tloff_t pos, unsigned len,\n\t\t\tstruct folio **foliop, void **fsdata)\n{\n\tstruct folio *folio;\n\n\tfolio = __filemap_get_folio(mapping, pos / PAGE_SIZE, FGP_WRITEBEGIN,\n\t\t\tmapping_gfp_mask(mapping));\n\tif (IS_ERR(folio))\n\t\treturn PTR_ERR(folio);\n\n\t*foliop = folio;\n\n\tif (!folio_test_uptodate(folio) && (len != folio_size(folio))) {\n\t\tsize_t from = offset_in_folio(folio, pos);\n\n\t\tfolio_zero_segments(folio, 0, from,\n\t\t\t\tfrom + len, folio_size(folio));\n\t}\n\treturn 0;\n}\nEXPORT_SYMBOL(simple_write_begin);\n\n/**\n * simple_write_end - .write_end helper for non-block-device FSes\n * @file: See .write_end of address_space_operations\n * @mapping: \t\t"\n * @pos: \t\t"\n * @len: \t\t"\n * @copied: \t\t"\n * @folio: \t\t"\n * @fsdata: \t\t"\n *\n * simple_write_end does the minimum needed for updating a folio after\n * writing is done. It has the same API signature as the .write_end of\n * address_space_operations vector. So it can just be set onto .write_end for\n * FSes that don\'t need any other processing. i_mutex is assumed to be held.\n * Block based filesystems should use generic_write_end().\n * NOTE: Even though i_size might get updated by this function, mark_inode_dirty\n * is not called, so a filesystem that actually does store data in .write_inode\n * should extend on what\'s done here with a call to mark_inode_dirty() in the\n * case that i_size has changed.\n *\n * Use *ONLY* with simple_read_folio()\n */\nstatic int simple_write_end(struct file *file, struct address_space *mapping,\n\t\t\tloff_t pos, unsigned len, unsigned copied,\n\t\t\tstruct folio *folio, void *fsdata)\n{\n\tstruct inode *inode = folio->mapping->host;\n\tloff_t last_pos = pos + copied;\n\n\t/* zero the stale part of the folio if we did a short copy */\n\tif (!folio_test_uptodate(folio)) {\n\t\tif (copied < len) {\n\t\t\tsize_t from = offset_in_folio(folio, pos);\n\n\t\t\tfolio_zero_range(folio, from + copied, len - copied);\n\t\t}\n\t\tfolio_mark_uptodate(folio);\n\t}\n\t/*\n\t * No need to use i_size_read() here, the i_size\n\t * cannot change under us because we hold the i_mutex.\n\t */\n\tif (last_pos > inode->i_size)\n\t\ti_size_write(inode, last_pos);\n\n\tfolio_mark_dirty(folio);\n\tfolio_unlock(folio);\n\tfolio_put(folio);\n\n\treturn copied;\n}\n\n/*\n * Provides ramfs-style behavior: data in the pagecache, but no writeback.\n */\nconst struct address_space_operations ram_aops = {\n\t.read_folio\t= simple_read_folio,\n\t.write_begin\t= simple_write_begin,\n\t.write_end\t= simple_write_end,\n\t.dirty_folio\t= noop_dirty_folio,\n};\nEXPORT_SYMBOL(ram_aops);\n\n/*\n * the inodes created here are not hashed. If you use iunique to generate\n * unique inode values later for this filesystem, then you must take care\n * to pass it an appropriate max_reserved value to avoid collisions.\n */\nint simple_fill_super(struct super_block *s, unsigned long magic,\n\t\t      const struct tree_descr *files)\n{\n\tstruct inode *inode;\n\tstruct dentry *dentry;\n\tint i;\n\n\ts->s_blocksize = PAGE_SIZE;\n\ts->s_blocksize_bits = PAGE_SHIFT;\n\ts->s_magic = magic;\n\ts->s_op = &simple_super_operations;\n\ts->s_time_gran = 1;\n\n\tinode = new_inode(s);\n\tif (!inode)\n\t\treturn -ENOMEM;\n\t/*\n\t * because the root inode is 1, the files array must not contain an\n\t * entry at index 1\n\t */\n\tinode->i_ino = 1;\n\tinode->i_mode = S_IFDIR | 0755;\n\tsimple_inode_init_ts(inode);\n\tinode->i_op = &simple_dir_inode_operations;\n\tinode->i_fop = &simple_dir_operations;\n\tset_nlink(inode, 2);\n\ts->s_root = d_make_root(inode);\n\tif (!s->s_root)\n\t\treturn -ENOMEM;\n\tfor (i = 0; !files->name || files->name[0]; i++, files++) {\n\t\tif (!files->name)\n\t\t\tcontinue;\n\n\t\t/* warn if it tries to conflict with the root inode */\n\t\tif (unlikely(i == 1))\n\t\t\tprintk(KERN_WARNING "%s: %s passed in a files array"\n\t\t\t\t"with an index of 1!\\n", __func__,\n\t\t\t\ts->s_type->name);\n\n\t\tdentry = d_alloc_name(s->s_root, files->name);\n\t\tif (!dentry)\n\t\t\treturn -ENOMEM;\n\t\tinode = new_inode(s);\n\t\tif (!inode) {\n\t\t\tdput(dentry);\n\t\t\treturn -ENOMEM;\n\t\t}\n\t\tinode->i_mode = S_IFREG | files->mode;\n\t\tsimple_inode_init_ts(inode);\n\t\tinode->i_fop = files->ops;\n\t\tinode->i_ino = i;\n\t\td_add(dentry, inode);\n\t}\n\treturn 0;\n}\nEXPORT_SYMBOL(simple_fill_super);\n\nstatic DEFINE_SPINLOCK(pin_fs_lock);\n\nint simple_pin_fs(struct file_system_type *type, struct vfsmount **mount, int *count)\n{\n\tstruct vfsmount *mnt = NULL;\n\tspin_lock(&pin_fs_lock);\n\tif (unlikely(!*mount)) {\n\t\tspin_unlock(&pin_fs_lock);\n\t\tmnt = vfs_kern_mount(type, SB_KERNMOUNT, type->name, NULL);\n\t\tif (IS_ERR(mnt))\n\t\t\treturn PTR_ERR(mnt);\n\t\tspin_lock(&pin_fs_lock);\n\t\tif (!*mount)\n\t\t\t*mount = mnt;\n\t}\n\tmntget(*mount);\n\t++*count;\n\tspin_unlock(&pin_fs_lock);\n\tmntput(mnt);\n\treturn 0;\n}\nEXPORT_SYMBOL(simple_pin_fs);\n\nvoid simple_release_fs(struct vfsmount **mount, int *count)\n{\n\tstruct vfsmount *mnt;\n\tspin_lock(&pin_fs_lock);\n\tmnt = *mount;\n\tif (!--*count)\n\t\t*mount = NULL;\n\tspin_unlock(&pin_fs_lock);\n\tmntput(mnt);\n}\nEXPORT_SYMBOL(simple_release_fs);\n\n/**\n * simple_read_from_buffer - copy data from the buffer to user space\n * @to: the user space buffer to read to\n * @count: the maximum number of bytes to read\n * @ppos: the current position in the buffer\n * @from: the buffer to read from\n * @available: the size of the buffer\n *\n * The simple_read_from_buffer() function reads up to @count bytes from the\n * buffer @from at offset @ppos into the user space address starting at @to.\n *\n * On success, the number of bytes read is returned and the offset @ppos is\n * advanced by this number, or negative value is returned on error.\n **/\nssize_t simple_read_from_buffer(void __user *to, size_t count, loff_t *ppos,\n\t\t\t\tconst void *from, size_t available)\n{\n\tloff_t pos = *ppos;\n\tsize_t ret;\n\n\tif (pos < 0)\n\t\treturn -EINVAL;\n\tif (pos >= available || !count)\n\t\treturn 0;\n\tif (count > available - pos)\n\t\tcount = available - pos;\n\tret = copy_to_user(to, from + pos, count);\n\tif (ret == count)\n\t\treturn -EFAULT;\n\tcount -= ret;\n\t*ppos = pos + count;\n\treturn count;\n}\nEXPORT_SYMBOL(simple_read_from_buffer);\n\n/**\n * simple_write_to_buffer - copy data from user space to the buffer\n * @to: the buffer to write to\n * @available: the size of the buffer\n * @ppos: the current position in the buffer\n * @from: the user space buffer to read from\n * @count: the maximum number of bytes to read\n *\n * The simple_write_to_buffer() function reads up to @count bytes from the user\n * space address starting at @from into the buffer @to at offset @ppos.\n *\n * On success, the number of bytes written is returned and the offset @ppos is\n * advanced by this number, or negative value is returned on error.\n **/\nssize_t simple_write_to_buffer(void *to, size_t available, loff_t *ppos,\n\t\tconst void __user *from, size_t count)\n{\n\tloff_t pos = *ppos;\n\tsize_t res;\n\n\tif (pos < 0)\n\t\treturn -EINVAL;\n\tif (pos >= available || !count)\n\t\treturn 0;\n\tif (count > available - pos)\n\t\tcount = available - pos;\n\tres = copy_from_user(to + pos, from, count);\n\tif (res == count)\n\t\treturn -EFAULT;\n\tcount -= res;\n\t*ppos = pos + count;\n\treturn count;\n}\nEXPORT_SYMBOL(simple_write_to_buffer);\n\n/**\n * memory_read_from_buffer - copy data from the buffer\n * @to: the kernel space buffer to read to\n * @count: the maximum number of bytes to read\n * @ppos: the current position in the buffer\n * @from: the buffer to read from\n * @available: the size of the buffer\n *\n * The memory_read_from_buffer() function reads up to @count bytes from the\n * buffer @from at offset @ppos into the kernel space address starting at @to.\n *\n * On success, the number of bytes read is returned and the offset @ppos is\n * advanced by this number, or negative value is returned on error.\n **/\nssize_t memory_read_from_buffer(void *to, size_t count, loff_t *ppos,\n\t\t\t\tconst void *from, size_t available)\n{\n\tloff_t pos = *ppos;\n\n\tif (pos < 0)\n\t\treturn -EINVAL;\n\tif (pos >= available)\n\t\treturn 0;\n\tif (count > available - pos)\n\t\tcount = available - pos;\n\tmemcpy(to, from + pos, count);\n\t*ppos = pos + count;\n\n\treturn count;\n}\nEXPORT_SYMBOL(memory_read_from_buffer);\n\n/*\n * Transaction based IO.\n * The file expects a single write which triggers the transaction, and then\n * possibly a read which collects the result - which is stored in a\n * file-local buffer.\n */\n\nvoid simple_transaction_set(struct file *file, size_t n)\n{\n\tstruct simple_transaction_argresp *ar = file->private_data;\n\n\tBUG_ON(n > SIMPLE_TRANSACTION_LIMIT);\n\n\t/*\n\t * The barrier ensures that ar->size will really remain zero until\n\t * ar->data is ready for reading.\n\t */\n\tsmp_mb();\n\tar->size = n;\n}\nEXPORT_SYMBOL(simple_transaction_set);\n\nchar *simple_transaction_get(struct file *file, const char __user *buf, size_t size)\n{\n\tstruct simple_transaction_argresp *ar;\n\tstatic DEFINE_SPINLOCK(simple_transaction_lock);\n\n\tif (size > SIMPLE_TRANSACTION_LIMIT - 1)\n\t\treturn ERR_PTR(-EFBIG);\n\n\tar = (struct simple_transaction_argresp *)get_zeroed_page(GFP_KERNEL);\n\tif (!ar)\n\t\treturn ERR_PTR(-ENOMEM);\n\n\tspin_lock(&simple_transaction_lock);\n\n\t/* only one write allowed per open */\n\tif (file->private_data) {\n\t\tspin_unlock(&simple_transaction_lock);\n\t\tfree_page((unsigned long)ar);\n\t\treturn ERR_PTR(-EBUSY);\n\t}\n\n\tfile->private_data = ar;\n\n\tspin_unlock(&simple_transaction_lock);\n\n\tif (copy_from_user(ar->data, buf, size))\n\t\treturn ERR_PTR(-EFAULT);\n\n\treturn ar->data;\n}\nEXPORT_SYMBOL(simple_transaction_get);\n\nssize_t simple_transaction_read(struct file *file, char __user *buf, size_t size, loff_t *pos)\n{\n\tstruct simple_transaction_argresp *ar = file->private_data;\n\n\tif (!ar)\n\t\treturn 0;\n\treturn simple_read_from_buffer(buf, size, pos, ar->data, ar->size);\n}\nEXPORT_SYMBOL(simple_transaction_read);\n\nint simple_transaction_release(struct inode *inode, struct file *file)\n{\n\tfree_page((unsigned long)file->private_data);\n\treturn 0;\n}\nEXPORT_SYMBOL(simple_transaction_release);\n\n/* Simple attribute files */\n\nstruct simple_attr {\n\tint (*get)(void *, u64 *);\n\tint (*set)(void *, u64);\n\tchar get_buf[24];\t/* enough to store a u64 and "\\n\\0" */\n\tchar set_buf[24];\n\tvoid *data;\n\tconst char *fmt;\t/* format for read operation */\n\tstruct mutex mutex;\t/* protects access to these buffers */\n};\n\n/* simple_attr_open is called by an actual attribute open file operation\n * to set the attribute specific access operations. */\nint simple_attr_open(struct inode *inode, struct file *file,\n\t\t     int (*get)(void *, u64 *), int (*set)(void *, u64),\n\t\t     const char *fmt)\n{\n\tstruct simple_attr *attr;\n\n\tattr = kzalloc(sizeof(*attr), GFP_KERNEL);\n\tif (!attr)\n\t\treturn -ENOMEM;\n\n\tattr->get = get;\n\tattr->set = set;\n\tattr->data = inode->i_private;\n\tattr->fmt = fmt;\n\tmutex_init(&attr->mutex);\n\n\tfile->private_data = attr;\n\n\treturn nonseekable_open(inode, file);\n}\nEXPORT_SYMBOL_GPL(simple_attr_open);\n\nint simple_attr_release(struct inode *inode, struct file *file)\n{\n\tkfree(file->private_data);\n\treturn 0;\n}\nEXPORT_SYMBOL_GPL(simple_attr_release);\t/* GPL-only?  This?  Really? */\n\n/* read from the buffer that is filled with the get function */\nssize_t simple_attr_read(struct file *file, char __user *buf,\n\t\t\t size_t len, loff_t *ppos)\n{\n\tstruct simple_attr *attr;\n\tsize_t size;\n\tssize_t ret;\n\n\tattr = file->private_data;\n\n\tif (!attr->get)\n\t\treturn -EACCES;\n\n\tret = mutex_lock_interruptible(&attr->mutex);\n\tif (ret)\n\t\treturn ret;\n\n\tif (*ppos && attr->get_buf[0]) {\n\t\t/* continued read */\n\t\tsize = strlen(attr->get_buf);\n\t} else {\n\t\t/* first read */\n\t\tu64 val;\n\t\tret = attr->get(attr->data, &val);\n\t\tif (ret)\n\t\t\tgoto out;\n\n\t\tsize = scnprintf(attr->get_buf, sizeof(attr->get_buf),\n\t\t\t\t attr->fmt, (unsigned long long)val);\n\t}\n\n\tret = simple_read_from_buffer(buf, len, ppos, attr->get_buf, size);\nout:\n\tmutex_unlock(&attr->mutex);\n\treturn ret;\n}\nEXPORT_SYMBOL_GPL(simple_attr_read);\n\n/* interpret the buffer as a number to call the set function with */\nstatic ssize_t simple_attr_write_xsigned(struct file *file, const char __user *buf,\n\t\t\t  size_t len, loff_t *ppos, bool is_signed)\n{\n\tstruct simple_attr *attr;\n\tunsigned long long val;\n\tsize_t size;\n\tssize_t ret;\n\n\tattr = file->private_data;\n\tif (!attr->set)\n\t\treturn -EACCES;\n\n\tret = mutex_lock_interruptible(&attr->mutex);\n\tif (ret)\n\t\treturn ret;\n\n\tret = -EFAULT;\n\tsize = min(sizeof(attr->set_buf) - 1, len);\n\tif (copy_from_user(attr->set_buf, buf, size))\n\t\tgoto out;\n\n\tattr->set_buf[size] = \'\\0\';\n\tif (is_signed)\n\t\tret = kstrtoll(attr->set_buf, 0, &val);\n\telse\n\t\tret = kstrtoull(attr->set_buf, 0, &val);\n\tif (ret)\n\t\tgoto out;\n\tret = attr->set(attr->data, val);\n\tif (ret == 0)\n\t\tret = len; /* on success, claim we got the whole input */\nout:\n\tmutex_unlock(&attr->mutex);\n\treturn ret;\n}\n\nssize_t simple_attr_write(struct file *file, const char __user *buf,\n\t\t\t  size_t len, loff_t *ppos)\n{\n\treturn simple_attr_write_xsigned(file, buf, len, ppos, false);\n}\nEXPORT_SYMBOL_GPL(simple_attr_write);\n\nssize_t simple_attr_write_signed(struct file *file, const char __user *buf,\n\t\t\t  size_t len, loff_t *ppos)\n{\n\treturn simple_attr_write_xsigned(file, buf, len, ppos, true);\n}\nEXPORT_SYMBOL_GPL(simple_attr_write_signed);\n\n/**\n * generic_encode_ino32_fh - generic export_operations->encode_fh function\n * @inode:   the object to encode\n * @fh:      where to store the file handle fragment\n * @max_len: maximum length to store there (in 4 byte units)\n * @parent:  parent directory inode, if wanted\n *\n * This generic encode_fh function assumes that the 32 inode number\n * is suitable for locating an inode, and that the generation number\n * can be used to check that it is still valid.  It places them in the\n * filehandle fragment where export_decode_fh expects to find them.\n */\nint generic_encode_ino32_fh(struct inode *inode, __u32 *fh, int *max_len,\n\t\t\t    struct inode *parent)\n{\n\tstruct fid *fid = (void *)fh;\n\tint len = *max_len;\n\tint type = FILEID_INO32_GEN;\n\n\tif (parent && (len < 4)) {\n\t\t*max_len = 4;\n\t\treturn FILEID_INVALID;\n\t} else if (len < 2) {\n\t\t*max_len = 2;\n\t\treturn FILEID_INVALID;\n\t}\n\n\tlen = 2;\n\tfid->i32.ino = inode->i_ino;\n\tfid->i32.gen = inode->i_generation;\n\tif (parent) {\n\t\tfid->i32.parent_ino = parent->i_ino;\n\t\tfid->i32.parent_gen = parent->i_generation;\n\t\tlen = 4;\n\t\ttype = FILEID_INO32_GEN_PARENT;\n\t}\n\t*max_len = len;\n\treturn type;\n}\nEXPORT_SYMBOL_GPL(generic_encode_ino32_fh);\n\n/**\n * generic_fh_to_dentry - generic helper for the fh_to_dentry export operation\n * @sb:\t\tfilesystem to do the file handle conversion on\n * @fid:\tfile handle to convert\n * @fh_len:\tlength of the file handle in bytes\n * @fh_type:\ttype of file handle\n * @get_inode:\tfilesystem callback to retrieve inode\n *\n * This function decodes @fid as long as it has one of the well-known\n * Linux filehandle types and calls @get_inode on it to retrieve the\n * inode for the object specified in the file handle.\n */\nstruct dentry *generic_fh_to_dentry(struct super_block *sb, struct fid *fid,\n\t\tint fh_len, int fh_type, struct inode *(*get_inode)\n\t\t\t(struct super_block *sb, u64 ino, u32 gen))\n{\n\tstruct inode *inode = NULL;\n\n\tif (fh_len < 2)\n\t\treturn NULL;\n\n\tswitch (fh_type) {\n\tcase FILEID_INO32_GEN:\n\tcase FILEID_INO32_GEN_PARENT:\n\t\tinode = get_inode(sb, fid->i32.ino, fid->i32.gen);\n\t\tbreak;\n\t}\n\n\treturn d_obtain_alias(inode);\n}\nEXPORT_SYMBOL_GPL(generic_fh_to_dentry);\n\n/**\n * generic_fh_to_parent - generic helper for the fh_to_parent export operation\n * @sb:\t\tfilesystem to do the file handle conversion on\n * @fid:\tfile handle to convert\n * @fh_len:\tlength of the file handle in bytes\n * @fh_type:\ttype of file handle\n * @get_inode:\tfilesystem callback to retrieve inode\n *\n * This function decodes @fid as long as it has one of the well-known\n * Linux filehandle types and calls @get_inode on it to retrieve the\n * inode for the _parent_ object specified in the file handle if it\n * is specified in the file handle, or NULL otherwise.\n */\nstruct dentry *generic_fh_to_parent(struct super_block *sb, struct fid *fid,\n\t\tint fh_len, int fh_type, struct inode *(*get_inode)\n\t\t\t(struct super_block *sb, u64 ino, u32 gen))\n{\n\tstruct inode *inode = NULL;\n\n\tif (fh_len <= 2)\n\t\treturn NULL;\n\n\tswitch (fh_type) {\n\tcase FILEID_INO32_GEN_PARENT:\n\t\tinode = get_inode(sb, fid->i32.parent_ino,\n\t\t\t\t  (fh_len > 3 ? fid->i32.parent_gen : 0));\n\t\tbreak;\n\t}\n\n\treturn d_obtain_alias(inode);\n}\nEXPORT_SYMBOL_GPL(generic_fh_to_parent);\n\n/**\n * __generic_file_fsync - generic fsync implementation for simple filesystems\n *\n * @file:\tfile to synchronize\n * @start:\tstart offset in bytes\n * @end:\tend offset in bytes (inclusive)\n * @datasync:\tonly synchronize essential metadata if true\n *\n * This is a generic implementation of the fsync method for simple\n * filesystems which track all non-inode metadata in the buffers list\n * hanging off the address_space structure.\n */\nint __generic_file_fsync(struct file *file, loff_t start, loff_t end,\n\t\t\t\t int datasync)\n{\n\tstruct inode *inode = file->f_mapping->host;\n\tint err;\n\tint ret;\n\n\terr = file_write_and_wait_range(file, start, end);\n\tif (err)\n\t\treturn err;\n\n\tinode_lock(inode);\n\tret = sync_mapping_buffers(inode->i_mapping);\n\tif (!(inode->i_state & I_DIRTY_ALL))\n\t\tgoto out;\n\tif (datasync && !(inode->i_state & I_DIRTY_DATASYNC))\n\t\tgoto out;\n\n\terr = sync_inode_metadata(inode, 1);\n\tif (ret == 0)\n\t\tret = err;\n\nout:\n\tinode_unlock(inode);\n\t/* check and advance again to catch errors after syncing out buffers */\n\terr = file_check_and_advance_wb_err(file);\n\tif (ret == 0)\n\t\tret = err;\n\treturn ret;\n}\nEXPORT_SYMBOL(__generic_file_fsync);\n\n/**\n * generic_file_fsync - generic fsync implementation for simple filesystems\n *\t\t\twith flush\n * @file:\tfile to synchronize\n * @start:\tstart offset in bytes\n * @end:\tend offset in bytes (inclusive)\n * @datasync:\tonly synchronize essential metadata if true\n *\n */\n\nint generic_file_fsync(struct file *file, loff_t start, loff_t end,\n\t\t       int datasync)\n{\n\tstruct inode *inode = file->f_mapping->host;\n\tint err;\n\n\terr = __generic_file_fsync(file, start, end, datasync);\n\tif (err)\n\t\treturn err;\n\treturn blkdev_issue_flush(inode->i_sb->s_bdev);\n}\nEXPORT_SYMBOL(generic_file_fsync);\n\n/**\n * generic_check_addressable - Check addressability of file system\n * @blocksize_bits:\tlog of file system block size\n * @num_blocks:\t\tnumber of blocks in file system\n *\n * Determine whether a file system with @num_blocks blocks (and a\n * block size of 2**@blocksize_bits) is addressable by the sector_t\n * and page cache of the system.  Return 0 if so and -EFBIG otherwise.\n */\nint generic_check_addressable(unsigned blocksize_bits, u64 num_blocks)\n{\n\tu64 last_fs_block = num_blocks - 1;\n\tu64 last_fs_page =\n\t\tlast_fs_block >> (PAGE_SHIFT - blocksize_bits);\n\n\tif (unlikely(num_blocks == 0))\n\t\treturn 0;\n\n\tif ((blocksize_bits < 9) || (blocksize_bits > PAGE_SHIFT))\n\t\treturn -EINVAL;\n\n\tif ((last_fs_block > (sector_t)(~0ULL) >> (blocksize_bits - 9)) ||\n\t    (last_fs_page > (pgoff_t)(~0ULL))) {\n\t\treturn -EFBIG;\n\t}\n\treturn 0;\n}\nEXPORT_SYMBOL(generic_check_addressable);\n\n/*\n * No-op implementation of ->fsync for in-memory filesystems.\n */\nint noop_fsync(struct file *file, loff_t start, loff_t end, int datasync)\n{\n\treturn 0;\n}\nEXPORT_SYMBOL(noop_fsync);\n\nssize_t noop_direct_IO(struct kiocb *iocb, struct iov_iter *iter)\n{\n\t/*\n\t * iomap based filesystems support direct I/O without need for\n\t * this callback. However, it still needs to be set in\n\t * inode->a_ops so that open/fcntl know that direct I/O is\n\t * generally supported.\n\t */\n\treturn -EINVAL;\n}\nEXPORT_SYMBOL_GPL(noop_direct_IO);\n\n/* Because kfree isn\'t assignment-compatible with void(void*) ;-/ */\nvoid kfree_link(void *p)\n{\n\tkfree(p);\n}\nEXPORT_SYMBOL(kfree_link);\n\nstruct inode *alloc_anon_inode(struct super_block *s)\n{\n\tstatic const struct address_space_operations anon_aops = {\n\t\t.dirty_folio\t= noop_dirty_folio,\n\t};\n\tstruct inode *inode = new_inode_pseudo(s);\n\n\tif (!inode)\n\t\treturn ERR_PTR(-ENOMEM);\n\n\tinode->i_ino = get_next_ino();\n\tinode->i_mapping->a_ops = &anon_aops;\n\n\t/*\n\t * Mark the inode dirty from the very beginning,\n\t * that way it will never be moved to the dirty\n\t * list because mark_inode_dirty() will think\n\t * that it already _is_ on the dirty list.\n\t */\n\tinode->i_state = I_DIRTY;\n\tinode->i_mode = S_IRUSR | S_IWUSR;\n\tinode->i_uid = current_fsuid();\n\tinode->i_gid = current_fsgid();\n\tinode->i_flags |= S_PRIVATE;\n\tsimple_inode_init_ts(inode);\n\treturn inode;\n}\nEXPORT_SYMBOL(alloc_anon_inode);\n\n/**\n * simple_nosetlease - generic helper for prohibiting leases\n * @filp: file pointer\n * @arg: type of lease to obtain\n * @flp: new lease supplied for insertion\n * @priv: private data for lm_setup operation\n *\n * Generic helper for filesystems that do not wish to allow leases to be set.\n * All arguments are ignored and it just returns -EINVAL.\n */\nint\nsimple_nosetlease(struct file *filp, int arg, struct file_lease **flp,\n\t\t  void **priv)\n{\n\treturn -EINVAL;\n}\nEXPORT_SYMBOL(simple_nosetlease);\n\n/**\n * simple_get_link - generic helper to get the target of "fast" symlinks\n * @dentry: not used here\n * @inode: the symlink inode\n * @done: not used here\n *\n * Generic helper for filesystems to use for symlink inodes where a pointer to\n * the symlink target is stored in ->i_link.  NOTE: this isn\'t normally called,\n * since as an optimization the path lookup code uses any non-NULL ->i_link\n * directly, without calling ->get_link().  But ->get_link() still must be set,\n * to mark the inode_operations as being for a symlink.\n *\n * Return: the symlink target\n */\nconst char *simple_get_link(struct dentry *dentry, struct inode *inode,\n\t\t\t    struct delayed_call *done)\n{\n\treturn inode->i_link;\n}\nEXPORT_SYMBOL(simple_get_link);\n\nconst struct inode_operations simple_symlink_inode_operations = {\n\t.get_link = simple_get_link,\n};\nEXPORT_SYMBOL(simple_symlink_inode_operations);\n\n/*\n * Operations for a permanently empty directory.\n */\nstatic struct dentry *empty_dir_lookup(struct inode *dir, struct dentry *dentry, unsigned int flags)\n{\n\treturn ERR_PTR(-ENOENT);\n}\n\nstatic int empty_dir_setattr(struct mnt_idmap *idmap,\n\t\t\t     struct dentry *dentry, struct iattr *attr)\n{\n\treturn -EPERM;\n}\n\nstatic ssize_t empty_dir_listxattr(struct dentry *dentry, char *list, size_t size)\n{\n\treturn -EOPNOTSUPP;\n}\n\nstatic const struct inode_operations empty_dir_inode_operations = {\n\t.lookup\t\t= empty_dir_lookup,\n\t.setattr\t= empty_dir_setattr,\n\t.listxattr\t= empty_dir_listxattr,\n};\n\nstatic loff_t empty_dir_llseek(struct file *file, loff_t offset, int whence)\n{\n\t/* An empty directory has two entries . and .. at offsets 0 and 1 */\n\treturn generic_file_llseek_size(file, offset, whence, 2, 2);\n}\n\nstatic int empty_dir_readdir(struct file *file, struct dir_context *ctx)\n{\n\tdir_emit_dots(file, ctx);\n\treturn 0;\n}\n\nstatic const struct file_operations empty_dir_operations = {\n\t.llseek\t\t= empty_dir_llseek,\n\t.read\t\t= generic_read_dir,\n\t.iterate_shared\t= empty_dir_readdir,\n\t.fsync\t\t= noop_fsync,\n};\n\n\nvoid make_empty_dir_inode(struct inode *inode)\n{\n\tset_nlink(inode, 2);\n\tinode->i_mode = S_IFDIR | S_IRUGO | S_IXUGO;\n\tinode->i_uid = GLOBAL_ROOT_UID;\n\tinode->i_gid = GLOBAL_ROOT_GID;\n\tinode->i_rdev = 0;\n\tinode->i_size = 0;\n\tinode->i_blkbits = PAGE_SHIFT;\n\tinode->i_blocks = 0;\n\n\tinode->i_op = &empty_dir_inode_operations;\n\tinode->i_opflags &= ~IOP_XATTR;\n\tinode->i_fop = &empty_dir_operations;\n}\n\nbool is_empty_dir_inode(struct inode *inode)\n{\n\treturn (inode->i_fop == &empty_dir_operations) &&\n\t\t(inode->i_op == &empty_dir_inode_operations);\n}\n\n#if IS_ENABLED(CONFIG_UNICODE)\n/**\n * generic_ci_d_compare - generic d_compare implementation for casefolding filesystems\n * @dentry:\tdentry whose name we are checking against\n * @len:\tlen of name of dentry\n * @str:\tstr pointer to name of dentry\n * @name:\tName to compare against\n *\n * Return: 0 if names match, 1 if mismatch, or -ERRNO\n */\nint generic_ci_d_compare(const struct dentry *dentry, unsigned int len,\n\t\t\t const char *str, const struct qstr *name)\n{\n\tconst struct dentry *parent;\n\tconst struct inode *dir;\n\tchar strbuf[DNAME_INLINE_LEN];\n\tstruct qstr qstr;\n\n\t/*\n\t * Attempt a case-sensitive match first. It is cheaper and\n\t * should cover most lookups, including all the sane\n\t * applications that expect a case-sensitive filesystem.\n\t *\n\t * This comparison is safe under RCU because the caller\n\t * guarantees the consistency between str and len. See\n\t * __d_lookup_rcu_op_compare() for details.\n\t */\n\tif (len == name->len && !memcmp(str, name->name, len))\n\t\treturn 0;\n\n\tparent = READ_ONCE(dentry->d_parent);\n\tdir = READ_ONCE(parent->d_inode);\n\tif (!dir || !IS_CASEFOLDED(dir))\n\t\treturn 1;\n\n\t/*\n\t * If the dentry name is stored in-line, then it may be concurrently\n\t * modified by a rename.  If this happens, the VFS will eventually retry\n\t * the lookup, so it doesn\'t matter what ->d_compare() returns.\n\t * However, it\'s unsafe to call utf8_strncasecmp() with an unstable\n\t * string.  Therefore, we have to copy the name into a temporary buffer.\n\t */\n\tif (len <= DNAME_INLINE_LEN - 1) {\n\t\tmemcpy(strbuf, str, len);\n\t\tstrbuf[len] = 0;\n\t\tstr = strbuf;\n\t\t/* prevent compiler from optimizing out the temporary buffer */\n\t\tbarrier();\n\t}\n\tqstr.len = len;\n\tqstr.name = str;\n\n\treturn utf8_strncasecmp(dentry->d_sb->s_encoding, name, &qstr);\n}\nEXPORT_SYMBOL(generic_ci_d_compare);\n\n/**\n * generic_ci_d_hash - generic d_hash implementation for casefolding filesystems\n * @dentry:\tdentry of the parent directory\n * @str:\tqstr of name whose hash we should fill in\n *\n * Return: 0 if hash was successful or unchanged, and -EINVAL on error\n */\nint generic_ci_d_hash(const struct dentry *dentry, struct qstr *str)\n{\n\tconst struct inode *dir = READ_ONCE(dentry->d_inode);\n\tstruct super_block *sb = dentry->d_sb;\n\tconst struct unicode_map *um = sb->s_encoding;\n\tint ret;\n\n\tif (!dir || !IS_CASEFOLDED(dir))\n\t\treturn 0;\n\n\tret = utf8_casefold_hash(um, dentry, str);\n\tif (ret < 0 && sb_has_strict_encoding(sb))\n\t\treturn -EINVAL;\n\treturn 0;\n}\nEXPORT_SYMBOL(generic_ci_d_hash);\n\nstatic const struct dentry_operations generic_ci_dentry_ops = {\n\t.d_hash = generic_ci_d_hash,\n\t.d_compare = generic_ci_d_compare,\n#ifdef CONFIG_FS_ENCRYPTION\n\t.d_revalidate = fscrypt_d_revalidate,\n#endif\n};\n\n/**\n * generic_ci_match() - Match a name (case-insensitively) with a dirent.\n * This is a filesystem helper for comparison with directory entries.\n * generic_ci_d_compare should be used in VFS\' ->d_compare instead.\n *\n * @parent: Inode of the parent of the dirent under comparison\n * @name: name under lookup.\n * @folded_name: Optional pre-folded name under lookup\n * @de_name: Dirent name.\n * @de_name_len: dirent name length.\n *\n * Test whether a case-insensitive directory entry matches the filename\n * being searched.  If @folded_name is provided, it is used instead of\n * recalculating the casefold of @name.\n *\n * Return: > 0 if the directory entry matches, 0 if it doesn\'t match, or\n * < 0 on error.\n */\nint generic_ci_match(const struct inode *parent,\n\t\t     const struct qstr *name,\n\t\t     const struct qstr *folded_name,\n\t\t     const u8 *de_name, u32 de_name_len)\n{\n\tconst struct super_block *sb = parent->i_sb;\n\tconst struct unicode_map *um = sb->s_encoding;\n\tstruct fscrypt_str decrypted_name = FSTR_INIT(NULL, de_name_len);\n\tstruct qstr dirent = QSTR_INIT(de_name, de_name_len);\n\tint res = 0;\n\n\tif (IS_ENCRYPTED(parent)) {\n\t\tconst struct fscrypt_str encrypted_name =\n\t\t\tFSTR_INIT((u8 *) de_name, de_name_len);\n\n\t\tif (WARN_ON_ONCE(!fscrypt_has_encryption_key(parent)))\n\t\t\treturn -EINVAL;\n\n\t\tdecrypted_name.name = kmalloc(de_name_len, GFP_KERNEL);\n\t\tif (!decrypted_name.name)\n\t\t\treturn -ENOMEM;\n\t\tres = fscrypt_fname_disk_to_usr(parent, 0, 0, &encrypted_name,\n\t\t\t\t\t\t&decrypted_name);\n\t\tif (res < 0) {\n\t\t\tkfree(decrypted_name.name);\n\t\t\treturn res;\n\t\t}\n\t\tdirent.name = decrypted_name.name;\n\t\tdirent.len = decrypted_name.len;\n\t}\n\n\t/*\n\t * Attempt a case-sensitive match first. It is cheaper and\n\t * should cover most lookups, including all the sane\n\t * applications that expect a case-sensitive filesystem.\n\t */\n\n\tif (dirent.len == name->len &&\n\t    !memcmp(name->name, dirent.name, dirent.len))\n\t\tgoto out;\n\n\tif (folded_name->name)\n\t\tres = utf8_strncasecmp_folded(um, folded_name, &dirent);\n\telse\n\t\tres = utf8_strncasecmp(um, name, &dirent);\n\nout:\n\tkfree(decrypted_name.name);\n\tif (res < 0 && sb_has_strict_encoding(sb)) {\n\t\tpr_err_ratelimited("Directory contains filename that is invalid UTF-8");\n\t\treturn 0;\n\t}\n\treturn !res;\n}\nEXPORT_SYMBOL(generic_ci_match);\n#endif\n\n#ifdef CONFIG_FS_ENCRYPTION\nstatic const struct dentry_operations generic_encrypted_dentry_ops = {\n\t.d_revalidate = fscrypt_d_revalidate,\n};\n#endif\n\n/**\n * generic_set_sb_d_ops - helper for choosing the set of\n * filesystem-wide dentry operations for the enabled features\n * @sb: superblock to be configured\n *\n * Filesystems supporting casefolding and/or fscrypt can call this\n * helper at mount-time to configure sb->s_d_op to best set of dentry\n * operations required for the enabled features. The helper must be\n * called after these have been configured, but before the root dentry\n * is created.\n */\nvoid generic_set_sb_d_ops(struct super_block *sb)\n{\n#if IS_ENABLED(CONFIG_UNICODE)\n\tif (sb->s_encoding) {\n\t\tsb->s_d_op = &generic_ci_dentry_ops;\n\t\treturn;\n\t}\n#endif\n#ifdef CONFIG_FS_ENCRYPTION\n\tif (sb->s_cop) {\n\t\tsb->s_d_op = &generic_encrypted_dentry_ops;\n\t\treturn;\n\t}\n#endif\n}\nEXPORT_SYMBOL(generic_set_sb_d_ops);\n\n/**\n * inode_maybe_inc_iversion - increments i_version\n * @inode: inode with the i_version that should be updated\n * @force: increment the counter even if it\'s not necessary?\n *\n * Every time the inode is modified, the i_version field must be seen to have\n * changed by any observer.\n *\n * If "force" is set or the QUERIED flag is set, then ensure that we increment\n * the value, and clear the queried flag.\n *\n * In the common case where neither is set, then we can return "false" without\n * updating i_version.\n *\n * If this function returns false, and no other metadata has changed, then we\n * can avoid logging the metadata.\n */\nbool inode_maybe_inc_iversion(struct inode *inode, bool force)\n{\n\tu64 cur, new;\n\n\t/*\n\t * The i_version field is not strictly ordered with any other inode\n\t * information, but the legacy inode_inc_iversion code used a spinlock\n\t * to serialize increments.\n\t *\n\t * We add a full memory barrier to ensure that any de facto ordering\n\t * with other state is preserved (either implicitly coming from cmpxchg\n\t * or explicitly from smp_mb if we don\'t know upfront if we will execute\n\t * the former).\n\t *\n\t * These barriers pair with inode_query_iversion().\n\t */\n\tcur = inode_peek_iversion_raw(inode);\n\tif (!force && !(cur & I_VERSION_QUERIED)) {\n\t\tsmp_mb();\n\t\tcur = inode_peek_iversion_raw(inode);\n\t}\n\n\tdo {\n\t\t/* If flag is clear then we needn\'t do anything */\n\t\tif (!force && !(cur & I_VERSION_QUERIED))\n\t\t\treturn false;\n\n\t\t/* Since lowest bit is flag, add 2 to avoid it */\n\t\tnew = (cur & ~I_VERSION_QUERIED) + I_VERSION_INCREMENT;\n\t} while (!atomic64_try_cmpxchg(&inode->i_version, &cur, new));\n\treturn true;\n}\nEXPORT_SYMBOL(inode_maybe_inc_iversion);\n\n/**\n * inode_query_iversion - read i_version for later use\n * @inode: inode from which i_version should be read\n *\n * Read the inode i_version counter. This should be used by callers that wish\n * to store the returned i_version for later comparison. This will guarantee\n * that a later query of the i_version will result in a different value if\n * anything has changed.\n *\n * In this implementation, we fetch the current value, set the QUERIED flag and\n * then try to swap it into place with a cmpxchg, if it wasn\'t already set. If\n * that fails, we try again with the newly fetched value from the cmpxchg.\n */\nu64 inode_query_iversion(struct inode *inode)\n{\n\tu64 cur, new;\n\tbool fenced = false;\n\n\t/*\n\t * Memory barriers (implicit in cmpxchg, explicit in smp_mb) pair with\n\t * inode_maybe_inc_iversion(), see that routine for more details.\n\t */\n\tcur = inode_peek_iversion_raw(inode);\n\tdo {\n\t\t/* If flag is already set, then no need to swap */\n\t\tif (cur & I_VERSION_QUERIED) {\n\t\t\tif (!fenced)\n\t\t\t\tsmp_mb();\n\t\t\tbreak;\n\t\t}\n\n\t\tfenced = true;\n\t\tnew = cur | I_VERSION_QUERIED;\n\t} while (!atomic64_try_cmpxchg(&inode->i_version, &cur, new));\n\treturn cur >> I_VERSION_QUERIED_SHIFT;\n}\nEXPORT_SYMBOL(inode_query_iversion);\n\nssize_t direct_write_fallback(struct kiocb *iocb, struct iov_iter *iter,\n\t\tssize_t direct_written, ssize_t buffered_written)\n{\n\tstruct address_space *mapping = iocb->ki_filp->f_mapping;\n\tloff_t pos = iocb->ki_pos - buffered_written;\n\tloff_t end = iocb->ki_pos - 1;\n\tint err;\n\n\t/*\n\t * If the buffered write fallback returned an error, we want to return\n\t * the number of bytes which were written by direct I/O, or the error\n\t * code if that was zero.\n\t *\n\t * Note that this differs from normal direct-io semantics, which will\n\t * return -EFOO even if some bytes were written.\n\t */\n\tif (unlikely(buffered_written < 0)) {\n\t\tif (direct_written)\n\t\t\treturn direct_written;\n\t\treturn buffered_written;\n\t}\n\n\t/*\n\t * We need to ensure that the page cache pages are written to disk and\n\t * invalidated to preserve the expected O_DIRECT semantics.\n\t */\n\terr = filemap_write_and_wait_range(mapping, pos, end);\n\tif (err < 0) {\n\t\t/*\n\t\t * We don\'t know how much we wrote, so just return the number of\n\t\t * bytes which were direct-written\n\t\t */\n\t\tiocb->ki_pos -= buffered_written;\n\t\tif (direct_written)\n\t\t\treturn direct_written;\n\t\treturn err;\n\t}\n\tinvalidate_mapping_pages(mapping, pos >> PAGE_SHIFT, end >> PAGE_SHIFT);\n\treturn direct_written + buffered_written;\n}\nEXPORT_SYMBOL_GPL(direct_write_fallback);\n\n/**\n * simple_inode_init_ts - initialize the timestamps for a new inode\n * @inode: inode to be initialized\n *\n * When a new inode is created, most filesystems set the timestamps to the\n * current time. Add a helper to do this.\n */\nstruct timespec64 simple_inode_init_ts(struct inode *inode)\n{\n\tstruct timespec64 ts = inode_set_ctime_current(inode);\n\n\tinode_set_atime_to_ts(inode, ts);\n\tinode_set_mtime_to_ts(inode, ts);\n\treturn ts;\n}\nEXPORT_SYMBOL(simple_inode_init_ts);\n\nstatic inline struct dentry *get_stashed_dentry(struct dentry **stashed)\n{\n\tstruct dentry *dentry;\n\n\tguard(rcu)();\n\tdentry = rcu_dereference(*stashed);\n\tif (!dentry)\n\t\treturn NULL;\n\tif (!lockref_get_not_dead(&dentry->d_lockref))\n\t\treturn NULL;\n\treturn dentry;\n}\n\nstatic struct dentry *prepare_anon_dentry(struct dentry **stashed,\n\t\t\t\t\t  struct super_block *sb,\n\t\t\t\t\t  void *data)\n{\n\tstruct dentry *dentry;\n\tstruct inode *inode;\n\tconst struct stashed_operations *sops = sb->s_fs_info;\n\tint ret;\n\n\tinode = new_inode_pseudo(sb);\n\tif (!inode) {\n\t\tsops->put_data(data);\n\t\treturn ERR_PTR(-ENOMEM);\n\t}\n\n\tinode->i_flags |= S_IMMUTABLE;\n\tinode->i_mode = S_IFREG;\n\tsimple_inode_init_ts(inode);\n\n\tret = sops->init_inode(inode, data);\n\tif (ret < 0) {\n\t\tiput(inode);\n\t\treturn ERR_PTR(ret);\n\t}\n\n\t/* Notice when this is changed. */\n\tWARN_ON_ONCE(!S_ISREG(inode->i_mode));\n\tWARN_ON_ONCE(!IS_IMMUTABLE(inode));\n\n\tdentry = d_alloc_anon(sb);\n\tif (!dentry) {\n\t\tiput(inode);\n\t\treturn ERR_PTR(-ENOMEM);\n\t}\n\n\t/* Store address of location where dentry\'s supposed to be stashed. */\n\tdentry->d_fsdata = stashed;\n\n\t/* @data is now owned by the fs */\n\td_instantiate(dentry, inode);\n\treturn dentry;\n}\n\nstatic struct dentry *stash_dentry(struct dentry **stashed,\n\t\t\t\t   struct dentry *dentry)\n{\n\tguard(rcu)();\n\tfor (;;) {\n\t\tstruct dentry *old;\n\n\t\t/* Assume any old dentry was cleared out. */\n\t\told = cmpxchg(stashed, NULL, dentry);\n\t\tif (likely(!old))\n\t\t\treturn dentry;\n\n\t\t/* Check if somebody else installed a reusable dentry. */\n\t\tif (lockref_get_not_dead(&old->d_lockref))\n\t\t\treturn old;\n\n\t\t/* There\'s an old dead dentry there, try to take it over. */\n\t\tif (likely(try_cmpxchg(stashed, &old, dentry)))\n\t\t\treturn dentry;\n\t}\n}\n\n/**\n * path_from_stashed - create path from stashed or new dentry\n * @stashed:    where to retrieve or stash dentry\n * @mnt:        mnt of the filesystems to use\n * @data:       data to store in inode->i_private\n * @path:       path to create\n *\n * The function tries to retrieve a stashed dentry from @stashed. If the dentry\n * is still valid then it will be reused. If the dentry isn\'t able the function\n * will allocate a new dentry and inode. It will then check again whether it\n * can reuse an existing dentry in case one has been added in the meantime or\n * update @stashed with the newly added dentry.\n *\n * Special-purpose helper for nsfs and pidfs.\n *\n * Return: On success zero and on failure a negative error is returned.\n */\nint path_from_stashed(struct dentry **stashed, struct vfsmount *mnt, void *data,\n\t\t      struct path *path)\n{\n\tstruct dentry *dentry;\n\tconst struct stashed_operations *sops = mnt->mnt_sb->s_fs_info;\n\n\t/* See if dentry can be reused. */\n\tpath->dentry = get_stashed_dentry(stashed);\n\tif (path->dentry) {\n\t\tsops->put_data(data);\n\t\tgoto out_path;\n\t}\n\n\t/* Allocate a new dentry. */\n\tdentry = prepare_anon_dentry(stashed, mnt->mnt_sb, data);\n\tif (IS_ERR(dentry))\n\t\treturn PTR_ERR(dentry);\n\n\t/* Added a new dentry. @data is now owned by the filesystem. */\n\tpath->dentry = stash_dentry(stashed, dentry);\n\tif (path->dentry != dentry)\n\t\tdput(dentry);\n\nout_path:\n\tWARN_ON_ONCE(path->dentry->d_fsdata != stashed);\n\tWARN_ON_ONCE(d_inode(path->dentry)->i_private != data);\n\tpath->mnt = mntget(mnt);\n\treturn 0;\n}\n\nvoid stashed_dentry_prune(struct dentry *dentry)\n{\n\tstruct dentry **stashed = dentry->d_fsdata;\n\tstruct inode *inode = d_inode(dentry);\n\n\tif (WARN_ON_ONCE(!stashed))\n\t\treturn;\n\n\tif (!inode)\n\t\treturn;\n\n\t/*\n\t * Only replace our own @dentry as someone else might\'ve\n\t * already cleared out @dentry and stashed their own\n\t * dentry in there.\n\t */\n\tcmpxchg(stashed, dentry, NULL);\n}\n', 'sha': None}]
2025-06-05 17:10:47.354 | INFO     | git_operations:get_file_contents_from_ref:264 - 获取内容中：['fs/libfs.c']
2025-06-05 17:10:47.355 | INFO     | git_operations:_get_file_contents_local:280 - 正在从本地仓库获取文件 fs/libfs.c 在 v6.12-rc7 的内容
2025-06-05 17:10:47.361 | INFO     | git_operations:_get_file_contents_local:300 - 本地获取文件内容为: [{'filename': 'fs/libfs.c', 'content': '// SPDX-License-Identifier: GPL-2.0-only\n/*\n *\tfs/libfs.c\n *\tLibrary for filesystems writers.\n */\n\n#include <linux/blkdev.h>\n#include <linux/export.h>\n#include <linux/pagemap.h>\n#include <linux/slab.h>\n#include <linux/cred.h>\n#include <linux/mount.h>\n#include <linux/vfs.h>\n#include <linux/quotaops.h>\n#include <linux/mutex.h>\n#include <linux/namei.h>\n#include <linux/exportfs.h>\n#include <linux/iversion.h>\n#include <linux/writeback.h>\n#include <linux/buffer_head.h> /* sync_mapping_buffers */\n#include <linux/fs_context.h>\n#include <linux/pseudo_fs.h>\n#include <linux/fsnotify.h>\n#include <linux/unicode.h>\n#include <linux/fscrypt.h>\n#include <linux/pidfs.h>\n\n#include <linux/uaccess.h>\n\n#include "internal.h"\n\nint simple_getattr(struct mnt_idmap *idmap, const struct path *path,\n\t\t   struct kstat *stat, u32 request_mask,\n\t\t   unsigned int query_flags)\n{\n\tstruct inode *inode = d_inode(path->dentry);\n\tgeneric_fillattr(&nop_mnt_idmap, request_mask, inode, stat);\n\tstat->blocks = inode->i_mapping->nrpages << (PAGE_SHIFT - 9);\n\treturn 0;\n}\nEXPORT_SYMBOL(simple_getattr);\n\nint simple_statfs(struct dentry *dentry, struct kstatfs *buf)\n{\n\tu64 id = huge_encode_dev(dentry->d_sb->s_dev);\n\n\tbuf->f_fsid = u64_to_fsid(id);\n\tbuf->f_type = dentry->d_sb->s_magic;\n\tbuf->f_bsize = PAGE_SIZE;\n\tbuf->f_namelen = NAME_MAX;\n\treturn 0;\n}\nEXPORT_SYMBOL(simple_statfs);\n\n/*\n * Retaining negative dentries for an in-memory filesystem just wastes\n * memory and lookup time: arrange for them to be deleted immediately.\n */\nint always_delete_dentry(const struct dentry *dentry)\n{\n\treturn 1;\n}\nEXPORT_SYMBOL(always_delete_dentry);\n\nconst struct dentry_operations simple_dentry_operations = {\n\t.d_delete = always_delete_dentry,\n};\nEXPORT_SYMBOL(simple_dentry_operations);\n\n/*\n * Lookup the data. This is trivial - if the dentry didn\'t already\n * exist, we know it is negative.  Set d_op to delete negative dentries.\n */\nstruct dentry *simple_lookup(struct inode *dir, struct dentry *dentry, unsigned int flags)\n{\n\tif (dentry->d_name.len > NAME_MAX)\n\t\treturn ERR_PTR(-ENAMETOOLONG);\n\tif (!dentry->d_sb->s_d_op)\n\t\td_set_d_op(dentry, &simple_dentry_operations);\n\td_add(dentry, NULL);\n\treturn NULL;\n}\nEXPORT_SYMBOL(simple_lookup);\n\nint dcache_dir_open(struct inode *inode, struct file *file)\n{\n\tfile->private_data = d_alloc_cursor(file->f_path.dentry);\n\n\treturn file->private_data ? 0 : -ENOMEM;\n}\nEXPORT_SYMBOL(dcache_dir_open);\n\nint dcache_dir_close(struct inode *inode, struct file *file)\n{\n\tdput(file->private_data);\n\treturn 0;\n}\nEXPORT_SYMBOL(dcache_dir_close);\n\n/* parent is locked at least shared */\n/*\n * Returns an element of siblings\' list.\n * We are looking for <count>th positive after <p>; if\n * found, dentry is grabbed and returned to caller.\n * If no such element exists, NULL is returned.\n */\nstatic struct dentry *scan_positives(struct dentry *cursor,\n\t\t\t\t\tstruct hlist_node **p,\n\t\t\t\t\tloff_t count,\n\t\t\t\t\tstruct dentry *last)\n{\n\tstruct dentry *dentry = cursor->d_parent, *found = NULL;\n\n\tspin_lock(&dentry->d_lock);\n\twhile (*p) {\n\t\tstruct dentry *d = hlist_entry(*p, struct dentry, d_sib);\n\t\tp = &d->d_sib.next;\n\t\t// we must at least skip cursors, to avoid livelocks\n\t\tif (d->d_flags & DCACHE_DENTRY_CURSOR)\n\t\t\tcontinue;\n\t\tif (simple_positive(d) && !--count) {\n\t\t\tspin_lock_nested(&d->d_lock, DENTRY_D_LOCK_NESTED);\n\t\t\tif (simple_positive(d))\n\t\t\t\tfound = dget_dlock(d);\n\t\t\tspin_unlock(&d->d_lock);\n\t\t\tif (likely(found))\n\t\t\t\tbreak;\n\t\t\tcount = 1;\n\t\t}\n\t\tif (need_resched()) {\n\t\t\tif (!hlist_unhashed(&cursor->d_sib))\n\t\t\t\t__hlist_del(&cursor->d_sib);\n\t\t\thlist_add_behind(&cursor->d_sib, &d->d_sib);\n\t\t\tp = &cursor->d_sib.next;\n\t\t\tspin_unlock(&dentry->d_lock);\n\t\t\tcond_resched();\n\t\t\tspin_lock(&dentry->d_lock);\n\t\t}\n\t}\n\tspin_unlock(&dentry->d_lock);\n\tdput(last);\n\treturn found;\n}\n\nloff_t dcache_dir_lseek(struct file *file, loff_t offset, int whence)\n{\n\tstruct dentry *dentry = file->f_path.dentry;\n\tswitch (whence) {\n\t\tcase 1:\n\t\t\toffset += file->f_pos;\n\t\t\tfallthrough;\n\t\tcase 0:\n\t\t\tif (offset >= 0)\n\t\t\t\tbreak;\n\t\t\tfallthrough;\n\t\tdefault:\n\t\t\treturn -EINVAL;\n\t}\n\tif (offset != file->f_pos) {\n\t\tstruct dentry *cursor = file->private_data;\n\t\tstruct dentry *to = NULL;\n\n\t\tinode_lock_shared(dentry->d_inode);\n\n\t\tif (offset > 2)\n\t\t\tto = scan_positives(cursor, &dentry->d_children.first,\n\t\t\t\t\t    offset - 2, NULL);\n\t\tspin_lock(&dentry->d_lock);\n\t\thlist_del_init(&cursor->d_sib);\n\t\tif (to)\n\t\t\thlist_add_behind(&cursor->d_sib, &to->d_sib);\n\t\tspin_unlock(&dentry->d_lock);\n\t\tdput(to);\n\n\t\tfile->f_pos = offset;\n\n\t\tinode_unlock_shared(dentry->d_inode);\n\t}\n\treturn offset;\n}\nEXPORT_SYMBOL(dcache_dir_lseek);\n\n/*\n * Directory is locked and all positive dentries in it are safe, since\n * for ramfs-type trees they can\'t go away without unlink() or rmdir(),\n * both impossible due to the lock on directory.\n */\n\nint dcache_readdir(struct file *file, struct dir_context *ctx)\n{\n\tstruct dentry *dentry = file->f_path.dentry;\n\tstruct dentry *cursor = file->private_data;\n\tstruct dentry *next = NULL;\n\tstruct hlist_node **p;\n\n\tif (!dir_emit_dots(file, ctx))\n\t\treturn 0;\n\n\tif (ctx->pos == 2)\n\t\tp = &dentry->d_children.first;\n\telse\n\t\tp = &cursor->d_sib.next;\n\n\twhile ((next = scan_positives(cursor, p, 1, next)) != NULL) {\n\t\tif (!dir_emit(ctx, next->d_name.name, next->d_name.len,\n\t\t\t      d_inode(next)->i_ino,\n\t\t\t      fs_umode_to_dtype(d_inode(next)->i_mode)))\n\t\t\tbreak;\n\t\tctx->pos++;\n\t\tp = &next->d_sib.next;\n\t}\n\tspin_lock(&dentry->d_lock);\n\thlist_del_init(&cursor->d_sib);\n\tif (next)\n\t\thlist_add_before(&cursor->d_sib, &next->d_sib);\n\tspin_unlock(&dentry->d_lock);\n\tdput(next);\n\n\treturn 0;\n}\nEXPORT_SYMBOL(dcache_readdir);\n\nssize_t generic_read_dir(struct file *filp, char __user *buf, size_t siz, loff_t *ppos)\n{\n\treturn -EISDIR;\n}\nEXPORT_SYMBOL(generic_read_dir);\n\nconst struct file_operations simple_dir_operations = {\n\t.open\t\t= dcache_dir_open,\n\t.release\t= dcache_dir_close,\n\t.llseek\t\t= dcache_dir_lseek,\n\t.read\t\t= generic_read_dir,\n\t.iterate_shared\t= dcache_readdir,\n\t.fsync\t\t= noop_fsync,\n};\nEXPORT_SYMBOL(simple_dir_operations);\n\nconst struct inode_operations simple_dir_inode_operations = {\n\t.lookup\t\t= simple_lookup,\n};\nEXPORT_SYMBOL(simple_dir_inode_operations);\n\n/* 0 is \'.\', 1 is \'..\', so always start with offset 2 or more */\nenum {\n\tDIR_OFFSET_MIN\t= 2,\n};\n\nstatic void offset_set(struct dentry *dentry, long offset)\n{\n\tdentry->d_fsdata = (void *)offset;\n}\n\nstatic long dentry2offset(struct dentry *dentry)\n{\n\treturn (long)dentry->d_fsdata;\n}\n\nstatic struct lock_class_key simple_offset_lock_class;\n\n/**\n * simple_offset_init - initialize an offset_ctx\n * @octx: directory offset map to be initialized\n *\n */\nvoid simple_offset_init(struct offset_ctx *octx)\n{\n\tmt_init_flags(&octx->mt, MT_FLAGS_ALLOC_RANGE);\n\tlockdep_set_class(&octx->mt.ma_lock, &simple_offset_lock_class);\n\toctx->next_offset = DIR_OFFSET_MIN;\n}\n\n/**\n * simple_offset_add - Add an entry to a directory\'s offset map\n * @octx: directory offset ctx to be updated\n * @dentry: new dentry being added\n *\n * Returns zero on success. @octx and the dentry\'s offset are updated.\n * Otherwise, a negative errno value is returned.\n */\nint simple_offset_add(struct offset_ctx *octx, struct dentry *dentry)\n{\n\tunsigned long offset;\n\tint ret;\n\n\tif (dentry2offset(dentry) != 0)\n\t\treturn -EBUSY;\n\n\tret = mtree_alloc_cyclic(&octx->mt, &offset, dentry, DIR_OFFSET_MIN,\n\t\t\t\t LONG_MAX, &octx->next_offset, GFP_KERNEL);\n\tif (ret < 0)\n\t\treturn ret;\n\n\toffset_set(dentry, offset);\n\treturn 0;\n}\n\nstatic int simple_offset_replace(struct offset_ctx *octx, struct dentry *dentry,\n\t\t\t\t long offset)\n{\n\tint ret;\n\n\tret = mtree_store(&octx->mt, offset, dentry, GFP_KERNEL);\n\tif (ret)\n\t\treturn ret;\n\toffset_set(dentry, offset);\n\treturn 0;\n}\n\n/**\n * simple_offset_remove - Remove an entry to a directory\'s offset map\n * @octx: directory offset ctx to be updated\n * @dentry: dentry being removed\n *\n */\nvoid simple_offset_remove(struct offset_ctx *octx, struct dentry *dentry)\n{\n\tlong offset;\n\n\toffset = dentry2offset(dentry);\n\tif (offset == 0)\n\t\treturn;\n\n\tmtree_erase(&octx->mt, offset);\n\toffset_set(dentry, 0);\n}\n\n/**\n * simple_offset_empty - Check if a dentry can be unlinked\n * @dentry: dentry to be tested\n *\n * Returns 0 if @dentry is a non-empty directory; otherwise returns 1.\n */\nint simple_offset_empty(struct dentry *dentry)\n{\n\tstruct inode *inode = d_inode(dentry);\n\tstruct offset_ctx *octx;\n\tstruct dentry *child;\n\tunsigned long index;\n\tint ret = 1;\n\n\tif (!inode || !S_ISDIR(inode->i_mode))\n\t\treturn ret;\n\n\tindex = DIR_OFFSET_MIN;\n\toctx = inode->i_op->get_offset_ctx(inode);\n\tmt_for_each(&octx->mt, child, index, LONG_MAX) {\n\t\tspin_lock(&child->d_lock);\n\t\tif (simple_positive(child)) {\n\t\t\tspin_unlock(&child->d_lock);\n\t\t\tret = 0;\n\t\t\tbreak;\n\t\t}\n\t\tspin_unlock(&child->d_lock);\n\t}\n\n\treturn ret;\n}\n\n/**\n * simple_offset_rename - handle directory offsets for rename\n * @old_dir: parent directory of source entry\n * @old_dentry: dentry of source entry\n * @new_dir: parent_directory of destination entry\n * @new_dentry: dentry of destination\n *\n * Caller provides appropriate serialization.\n *\n * User space expects the directory offset value of the replaced\n * (new) directory entry to be unchanged after a rename.\n *\n * Returns zero on success, a negative errno value on failure.\n */\nint simple_offset_rename(struct inode *old_dir, struct dentry *old_dentry,\n\t\t\t struct inode *new_dir, struct dentry *new_dentry)\n{\n\tstruct offset_ctx *old_ctx = old_dir->i_op->get_offset_ctx(old_dir);\n\tstruct offset_ctx *new_ctx = new_dir->i_op->get_offset_ctx(new_dir);\n\tlong new_offset = dentry2offset(new_dentry);\n\n\tsimple_offset_remove(old_ctx, old_dentry);\n\n\tif (new_offset) {\n\t\toffset_set(new_dentry, 0);\n\t\treturn simple_offset_replace(new_ctx, old_dentry, new_offset);\n\t}\n\treturn simple_offset_add(new_ctx, old_dentry);\n}\n\n/**\n * simple_offset_rename_exchange - exchange rename with directory offsets\n * @old_dir: parent of dentry being moved\n * @old_dentry: dentry being moved\n * @new_dir: destination parent\n * @new_dentry: destination dentry\n *\n * This API preserves the directory offset values. Caller provides\n * appropriate serialization.\n *\n * Returns zero on success. Otherwise a negative errno is returned and the\n * rename is rolled back.\n */\nint simple_offset_rename_exchange(struct inode *old_dir,\n\t\t\t\t  struct dentry *old_dentry,\n\t\t\t\t  struct inode *new_dir,\n\t\t\t\t  struct dentry *new_dentry)\n{\n\tstruct offset_ctx *old_ctx = old_dir->i_op->get_offset_ctx(old_dir);\n\tstruct offset_ctx *new_ctx = new_dir->i_op->get_offset_ctx(new_dir);\n\tlong old_index = dentry2offset(old_dentry);\n\tlong new_index = dentry2offset(new_dentry);\n\tint ret;\n\n\tsimple_offset_remove(old_ctx, old_dentry);\n\tsimple_offset_remove(new_ctx, new_dentry);\n\n\tret = simple_offset_replace(new_ctx, old_dentry, new_index);\n\tif (ret)\n\t\tgoto out_restore;\n\n\tret = simple_offset_replace(old_ctx, new_dentry, old_index);\n\tif (ret) {\n\t\tsimple_offset_remove(new_ctx, old_dentry);\n\t\tgoto out_restore;\n\t}\n\n\tret = simple_rename_exchange(old_dir, old_dentry, new_dir, new_dentry);\n\tif (ret) {\n\t\tsimple_offset_remove(new_ctx, old_dentry);\n\t\tsimple_offset_remove(old_ctx, new_dentry);\n\t\tgoto out_restore;\n\t}\n\treturn 0;\n\nout_restore:\n\t(void)simple_offset_replace(old_ctx, old_dentry, old_index);\n\t(void)simple_offset_replace(new_ctx, new_dentry, new_index);\n\treturn ret;\n}\n\n/**\n * simple_offset_destroy - Release offset map\n * @octx: directory offset ctx that is about to be destroyed\n *\n * During fs teardown (eg. umount), a directory\'s offset map might still\n * contain entries. xa_destroy() cleans out anything that remains.\n */\nvoid simple_offset_destroy(struct offset_ctx *octx)\n{\n\tmtree_destroy(&octx->mt);\n}\n\nstatic int offset_dir_open(struct inode *inode, struct file *file)\n{\n\tstruct offset_ctx *ctx = inode->i_op->get_offset_ctx(inode);\n\n\tfile->private_data = (void *)ctx->next_offset;\n\treturn 0;\n}\n\n/**\n * offset_dir_llseek - Advance the read position of a directory descriptor\n * @file: an open directory whose position is to be updated\n * @offset: a byte offset\n * @whence: enumerator describing the starting position for this update\n *\n * SEEK_END, SEEK_DATA, and SEEK_HOLE are not supported for directories.\n *\n * Returns the updated read position if successful; otherwise a\n * negative errno is returned and the read position remains unchanged.\n */\nstatic loff_t offset_dir_llseek(struct file *file, loff_t offset, int whence)\n{\n\tstruct inode *inode = file->f_inode;\n\tstruct offset_ctx *ctx = inode->i_op->get_offset_ctx(inode);\n\n\tswitch (whence) {\n\tcase SEEK_CUR:\n\t\toffset += file->f_pos;\n\t\tfallthrough;\n\tcase SEEK_SET:\n\t\tif (offset >= 0)\n\t\t\tbreak;\n\t\tfallthrough;\n\tdefault:\n\t\treturn -EINVAL;\n\t}\n\n\t/* In this case, ->private_data is protected by f_pos_lock */\n\tif (!offset)\n\t\tfile->private_data = (void *)ctx->next_offset;\n\treturn vfs_setpos(file, offset, LONG_MAX);\n}\n\nstatic struct dentry *offset_find_next(struct offset_ctx *octx, loff_t offset)\n{\n\tMA_STATE(mas, &octx->mt, offset, offset);\n\tstruct dentry *child, *found = NULL;\n\n\trcu_read_lock();\n\tchild = mas_find(&mas, LONG_MAX);\n\tif (!child)\n\t\tgoto out;\n\tspin_lock(&child->d_lock);\n\tif (simple_positive(child))\n\t\tfound = dget_dlock(child);\n\tspin_unlock(&child->d_lock);\nout:\n\trcu_read_unlock();\n\treturn found;\n}\n\nstatic bool offset_dir_emit(struct dir_context *ctx, struct dentry *dentry)\n{\n\tstruct inode *inode = d_inode(dentry);\n\tlong offset = dentry2offset(dentry);\n\n\treturn ctx->actor(ctx, dentry->d_name.name, dentry->d_name.len, offset,\n\t\t\t  inode->i_ino, fs_umode_to_dtype(inode->i_mode));\n}\n\nstatic void offset_iterate_dir(struct inode *inode, struct dir_context *ctx, long last_index)\n{\n\tstruct offset_ctx *octx = inode->i_op->get_offset_ctx(inode);\n\tstruct dentry *dentry;\n\n\twhile (true) {\n\t\tdentry = offset_find_next(octx, ctx->pos);\n\t\tif (!dentry)\n\t\t\treturn;\n\n\t\tif (dentry2offset(dentry) >= last_index) {\n\t\t\tdput(dentry);\n\t\t\treturn;\n\t\t}\n\n\t\tif (!offset_dir_emit(ctx, dentry)) {\n\t\t\tdput(dentry);\n\t\t\treturn;\n\t\t}\n\n\t\tctx->pos = dentry2offset(dentry) + 1;\n\t\tdput(dentry);\n\t}\n}\n\n/**\n * offset_readdir - Emit entries starting at offset @ctx->pos\n * @file: an open directory to iterate over\n * @ctx: directory iteration context\n *\n * Caller must hold @file\'s i_rwsem to prevent insertion or removal of\n * entries during this call.\n *\n * On entry, @ctx->pos contains an offset that represents the first entry\n * to be read from the directory.\n *\n * The operation continues until there are no more entries to read, or\n * until the ctx->actor indicates there is no more space in the caller\'s\n * output buffer.\n *\n * On return, @ctx->pos contains an offset that will read the next entry\n * in this directory when offset_readdir() is called again with @ctx.\n *\n * Return values:\n *   %0 - Complete\n */\nstatic int offset_readdir(struct file *file, struct dir_context *ctx)\n{\n\tstruct dentry *dir = file->f_path.dentry;\n\tlong last_index = (long)file->private_data;\n\n\tlockdep_assert_held(&d_inode(dir)->i_rwsem);\n\n\tif (!dir_emit_dots(file, ctx))\n\t\treturn 0;\n\n\toffset_iterate_dir(d_inode(dir), ctx, last_index);\n\treturn 0;\n}\n\nconst struct file_operations simple_offset_dir_operations = {\n\t.open\t\t= offset_dir_open,\n\t.llseek\t\t= offset_dir_llseek,\n\t.iterate_shared\t= offset_readdir,\n\t.read\t\t= generic_read_dir,\n\t.fsync\t\t= noop_fsync,\n};\n\nstatic struct dentry *find_next_child(struct dentry *parent, struct dentry *prev)\n{\n\tstruct dentry *child = NULL, *d;\n\n\tspin_lock(&parent->d_lock);\n\td = prev ? d_next_sibling(prev) : d_first_child(parent);\n\thlist_for_each_entry_from(d, d_sib) {\n\t\tif (simple_positive(d)) {\n\t\t\tspin_lock_nested(&d->d_lock, DENTRY_D_LOCK_NESTED);\n\t\t\tif (simple_positive(d))\n\t\t\t\tchild = dget_dlock(d);\n\t\t\tspin_unlock(&d->d_lock);\n\t\t\tif (likely(child))\n\t\t\t\tbreak;\n\t\t}\n\t}\n\tspin_unlock(&parent->d_lock);\n\tdput(prev);\n\treturn child;\n}\n\nvoid simple_recursive_removal(struct dentry *dentry,\n                              void (*callback)(struct dentry *))\n{\n\tstruct dentry *this = dget(dentry);\n\twhile (true) {\n\t\tstruct dentry *victim = NULL, *child;\n\t\tstruct inode *inode = this->d_inode;\n\n\t\tinode_lock(inode);\n\t\tif (d_is_dir(this))\n\t\t\tinode->i_flags |= S_DEAD;\n\t\twhile ((child = find_next_child(this, victim)) == NULL) {\n\t\t\t// kill and ascend\n\t\t\t// update metadata while it\'s still locked\n\t\t\tinode_set_ctime_current(inode);\n\t\t\tclear_nlink(inode);\n\t\t\tinode_unlock(inode);\n\t\t\tvictim = this;\n\t\t\tthis = this->d_parent;\n\t\t\tinode = this->d_inode;\n\t\t\tinode_lock(inode);\n\t\t\tif (simple_positive(victim)) {\n\t\t\t\td_invalidate(victim);\t// avoid lost mounts\n\t\t\t\tif (d_is_dir(victim))\n\t\t\t\t\tfsnotify_rmdir(inode, victim);\n\t\t\t\telse\n\t\t\t\t\tfsnotify_unlink(inode, victim);\n\t\t\t\tif (callback)\n\t\t\t\t\tcallback(victim);\n\t\t\t\tdput(victim);\t\t// unpin it\n\t\t\t}\n\t\t\tif (victim == dentry) {\n\t\t\t\tinode_set_mtime_to_ts(inode,\n\t\t\t\t\t\t      inode_set_ctime_current(inode));\n\t\t\t\tif (d_is_dir(dentry))\n\t\t\t\t\tdrop_nlink(inode);\n\t\t\t\tinode_unlock(inode);\n\t\t\t\tdput(dentry);\n\t\t\t\treturn;\n\t\t\t}\n\t\t}\n\t\tinode_unlock(inode);\n\t\tthis = child;\n\t}\n}\nEXPORT_SYMBOL(simple_recursive_removal);\n\nstatic const struct super_operations simple_super_operations = {\n\t.statfs\t\t= simple_statfs,\n};\n\nstatic int pseudo_fs_fill_super(struct super_block *s, struct fs_context *fc)\n{\n\tstruct pseudo_fs_context *ctx = fc->fs_private;\n\tstruct inode *root;\n\n\ts->s_maxbytes = MAX_LFS_FILESIZE;\n\ts->s_blocksize = PAGE_SIZE;\n\ts->s_blocksize_bits = PAGE_SHIFT;\n\ts->s_magic = ctx->magic;\n\ts->s_op = ctx->ops ?: &simple_super_operations;\n\ts->s_xattr = ctx->xattr;\n\ts->s_time_gran = 1;\n\troot = new_inode(s);\n\tif (!root)\n\t\treturn -ENOMEM;\n\n\t/*\n\t * since this is the first inode, make it number 1. New inodes created\n\t * after this must take care not to collide with it (by passing\n\t * max_reserved of 1 to iunique).\n\t */\n\troot->i_ino = 1;\n\troot->i_mode = S_IFDIR | S_IRUSR | S_IWUSR;\n\tsimple_inode_init_ts(root);\n\ts->s_root = d_make_root(root);\n\tif (!s->s_root)\n\t\treturn -ENOMEM;\n\ts->s_d_op = ctx->dops;\n\treturn 0;\n}\n\nstatic int pseudo_fs_get_tree(struct fs_context *fc)\n{\n\treturn get_tree_nodev(fc, pseudo_fs_fill_super);\n}\n\nstatic void pseudo_fs_free(struct fs_context *fc)\n{\n\tkfree(fc->fs_private);\n}\n\nstatic const struct fs_context_operations pseudo_fs_context_ops = {\n\t.free\t\t= pseudo_fs_free,\n\t.get_tree\t= pseudo_fs_get_tree,\n};\n\n/*\n * Common helper for pseudo-filesystems (sockfs, pipefs, bdev - stuff that\n * will never be mountable)\n */\nstruct pseudo_fs_context *init_pseudo(struct fs_context *fc,\n\t\t\t\t\tunsigned long magic)\n{\n\tstruct pseudo_fs_context *ctx;\n\n\tctx = kzalloc(sizeof(struct pseudo_fs_context), GFP_KERNEL);\n\tif (likely(ctx)) {\n\t\tctx->magic = magic;\n\t\tfc->fs_private = ctx;\n\t\tfc->ops = &pseudo_fs_context_ops;\n\t\tfc->sb_flags |= SB_NOUSER;\n\t\tfc->global = true;\n\t}\n\treturn ctx;\n}\nEXPORT_SYMBOL(init_pseudo);\n\nint simple_open(struct inode *inode, struct file *file)\n{\n\tif (inode->i_private)\n\t\tfile->private_data = inode->i_private;\n\treturn 0;\n}\nEXPORT_SYMBOL(simple_open);\n\nint simple_link(struct dentry *old_dentry, struct inode *dir, struct dentry *dentry)\n{\n\tstruct inode *inode = d_inode(old_dentry);\n\n\tinode_set_mtime_to_ts(dir,\n\t\t\t      inode_set_ctime_to_ts(dir, inode_set_ctime_current(inode)));\n\tinc_nlink(inode);\n\tihold(inode);\n\tdget(dentry);\n\td_instantiate(dentry, inode);\n\treturn 0;\n}\nEXPORT_SYMBOL(simple_link);\n\nint simple_empty(struct dentry *dentry)\n{\n\tstruct dentry *child;\n\tint ret = 0;\n\n\tspin_lock(&dentry->d_lock);\n\thlist_for_each_entry(child, &dentry->d_children, d_sib) {\n\t\tspin_lock_nested(&child->d_lock, DENTRY_D_LOCK_NESTED);\n\t\tif (simple_positive(child)) {\n\t\t\tspin_unlock(&child->d_lock);\n\t\t\tgoto out;\n\t\t}\n\t\tspin_unlock(&child->d_lock);\n\t}\n\tret = 1;\nout:\n\tspin_unlock(&dentry->d_lock);\n\treturn ret;\n}\nEXPORT_SYMBOL(simple_empty);\n\nint simple_unlink(struct inode *dir, struct dentry *dentry)\n{\n\tstruct inode *inode = d_inode(dentry);\n\n\tinode_set_mtime_to_ts(dir,\n\t\t\t      inode_set_ctime_to_ts(dir, inode_set_ctime_current(inode)));\n\tdrop_nlink(inode);\n\tdput(dentry);\n\treturn 0;\n}\nEXPORT_SYMBOL(simple_unlink);\n\nint simple_rmdir(struct inode *dir, struct dentry *dentry)\n{\n\tif (!simple_empty(dentry))\n\t\treturn -ENOTEMPTY;\n\n\tdrop_nlink(d_inode(dentry));\n\tsimple_unlink(dir, dentry);\n\tdrop_nlink(dir);\n\treturn 0;\n}\nEXPORT_SYMBOL(simple_rmdir);\n\n/**\n * simple_rename_timestamp - update the various inode timestamps for rename\n * @old_dir: old parent directory\n * @old_dentry: dentry that is being renamed\n * @new_dir: new parent directory\n * @new_dentry: target for rename\n *\n * POSIX mandates that the old and new parent directories have their ctime and\n * mtime updated, and that inodes of @old_dentry and @new_dentry (if any), have\n * their ctime updated.\n */\nvoid simple_rename_timestamp(struct inode *old_dir, struct dentry *old_dentry,\n\t\t\t     struct inode *new_dir, struct dentry *new_dentry)\n{\n\tstruct inode *newino = d_inode(new_dentry);\n\n\tinode_set_mtime_to_ts(old_dir, inode_set_ctime_current(old_dir));\n\tif (new_dir != old_dir)\n\t\tinode_set_mtime_to_ts(new_dir,\n\t\t\t\t      inode_set_ctime_current(new_dir));\n\tinode_set_ctime_current(d_inode(old_dentry));\n\tif (newino)\n\t\tinode_set_ctime_current(newino);\n}\nEXPORT_SYMBOL_GPL(simple_rename_timestamp);\n\nint simple_rename_exchange(struct inode *old_dir, struct dentry *old_dentry,\n\t\t\t   struct inode *new_dir, struct dentry *new_dentry)\n{\n\tbool old_is_dir = d_is_dir(old_dentry);\n\tbool new_is_dir = d_is_dir(new_dentry);\n\n\tif (old_dir != new_dir && old_is_dir != new_is_dir) {\n\t\tif (old_is_dir) {\n\t\t\tdrop_nlink(old_dir);\n\t\t\tinc_nlink(new_dir);\n\t\t} else {\n\t\t\tdrop_nlink(new_dir);\n\t\t\tinc_nlink(old_dir);\n\t\t}\n\t}\n\tsimple_rename_timestamp(old_dir, old_dentry, new_dir, new_dentry);\n\treturn 0;\n}\nEXPORT_SYMBOL_GPL(simple_rename_exchange);\n\nint simple_rename(struct mnt_idmap *idmap, struct inode *old_dir,\n\t\t  struct dentry *old_dentry, struct inode *new_dir,\n\t\t  struct dentry *new_dentry, unsigned int flags)\n{\n\tint they_are_dirs = d_is_dir(old_dentry);\n\n\tif (flags & ~(RENAME_NOREPLACE | RENAME_EXCHANGE))\n\t\treturn -EINVAL;\n\n\tif (flags & RENAME_EXCHANGE)\n\t\treturn simple_rename_exchange(old_dir, old_dentry, new_dir, new_dentry);\n\n\tif (!simple_empty(new_dentry))\n\t\treturn -ENOTEMPTY;\n\n\tif (d_really_is_positive(new_dentry)) {\n\t\tsimple_unlink(new_dir, new_dentry);\n\t\tif (they_are_dirs) {\n\t\t\tdrop_nlink(d_inode(new_dentry));\n\t\t\tdrop_nlink(old_dir);\n\t\t}\n\t} else if (they_are_dirs) {\n\t\tdrop_nlink(old_dir);\n\t\tinc_nlink(new_dir);\n\t}\n\n\tsimple_rename_timestamp(old_dir, old_dentry, new_dir, new_dentry);\n\treturn 0;\n}\nEXPORT_SYMBOL(simple_rename);\n\n/**\n * simple_setattr - setattr for simple filesystem\n * @idmap: idmap of the target mount\n * @dentry: dentry\n * @iattr: iattr structure\n *\n * Returns 0 on success, -error on failure.\n *\n * simple_setattr is a simple ->setattr implementation without a proper\n * implementation of size changes.\n *\n * It can either be used for in-memory filesystems or special files\n * on simple regular filesystems.  Anything that needs to change on-disk\n * or wire state on size changes needs its own setattr method.\n */\nint simple_setattr(struct mnt_idmap *idmap, struct dentry *dentry,\n\t\t   struct iattr *iattr)\n{\n\tstruct inode *inode = d_inode(dentry);\n\tint error;\n\n\terror = setattr_prepare(idmap, dentry, iattr);\n\tif (error)\n\t\treturn error;\n\n\tif (iattr->ia_valid & ATTR_SIZE)\n\t\ttruncate_setsize(inode, iattr->ia_size);\n\tsetattr_copy(idmap, inode, iattr);\n\tmark_inode_dirty(inode);\n\treturn 0;\n}\nEXPORT_SYMBOL(simple_setattr);\n\nstatic int simple_read_folio(struct file *file, struct folio *folio)\n{\n\tfolio_zero_range(folio, 0, folio_size(folio));\n\tflush_dcache_folio(folio);\n\tfolio_mark_uptodate(folio);\n\tfolio_unlock(folio);\n\treturn 0;\n}\n\nint simple_write_begin(struct file *file, struct address_space *mapping,\n\t\t\tloff_t pos, unsigned len,\n\t\t\tstruct folio **foliop, void **fsdata)\n{\n\tstruct folio *folio;\n\n\tfolio = __filemap_get_folio(mapping, pos / PAGE_SIZE, FGP_WRITEBEGIN,\n\t\t\tmapping_gfp_mask(mapping));\n\tif (IS_ERR(folio))\n\t\treturn PTR_ERR(folio);\n\n\t*foliop = folio;\n\n\tif (!folio_test_uptodate(folio) && (len != folio_size(folio))) {\n\t\tsize_t from = offset_in_folio(folio, pos);\n\n\t\tfolio_zero_segments(folio, 0, from,\n\t\t\t\tfrom + len, folio_size(folio));\n\t}\n\treturn 0;\n}\nEXPORT_SYMBOL(simple_write_begin);\n\n/**\n * simple_write_end - .write_end helper for non-block-device FSes\n * @file: See .write_end of address_space_operations\n * @mapping: \t\t"\n * @pos: \t\t"\n * @len: \t\t"\n * @copied: \t\t"\n * @folio: \t\t"\n * @fsdata: \t\t"\n *\n * simple_write_end does the minimum needed for updating a folio after\n * writing is done. It has the same API signature as the .write_end of\n * address_space_operations vector. So it can just be set onto .write_end for\n * FSes that don\'t need any other processing. i_mutex is assumed to be held.\n * Block based filesystems should use generic_write_end().\n * NOTE: Even though i_size might get updated by this function, mark_inode_dirty\n * is not called, so a filesystem that actually does store data in .write_inode\n * should extend on what\'s done here with a call to mark_inode_dirty() in the\n * case that i_size has changed.\n *\n * Use *ONLY* with simple_read_folio()\n */\nstatic int simple_write_end(struct file *file, struct address_space *mapping,\n\t\t\tloff_t pos, unsigned len, unsigned copied,\n\t\t\tstruct folio *folio, void *fsdata)\n{\n\tstruct inode *inode = folio->mapping->host;\n\tloff_t last_pos = pos + copied;\n\n\t/* zero the stale part of the folio if we did a short copy */\n\tif (!folio_test_uptodate(folio)) {\n\t\tif (copied < len) {\n\t\t\tsize_t from = offset_in_folio(folio, pos);\n\n\t\t\tfolio_zero_range(folio, from + copied, len - copied);\n\t\t}\n\t\tfolio_mark_uptodate(folio);\n\t}\n\t/*\n\t * No need to use i_size_read() here, the i_size\n\t * cannot change under us because we hold the i_mutex.\n\t */\n\tif (last_pos > inode->i_size)\n\t\ti_size_write(inode, last_pos);\n\n\tfolio_mark_dirty(folio);\n\tfolio_unlock(folio);\n\tfolio_put(folio);\n\n\treturn copied;\n}\n\n/*\n * Provides ramfs-style behavior: data in the pagecache, but no writeback.\n */\nconst struct address_space_operations ram_aops = {\n\t.read_folio\t= simple_read_folio,\n\t.write_begin\t= simple_write_begin,\n\t.write_end\t= simple_write_end,\n\t.dirty_folio\t= noop_dirty_folio,\n};\nEXPORT_SYMBOL(ram_aops);\n\n/*\n * the inodes created here are not hashed. If you use iunique to generate\n * unique inode values later for this filesystem, then you must take care\n * to pass it an appropriate max_reserved value to avoid collisions.\n */\nint simple_fill_super(struct super_block *s, unsigned long magic,\n\t\t      const struct tree_descr *files)\n{\n\tstruct inode *inode;\n\tstruct dentry *dentry;\n\tint i;\n\n\ts->s_blocksize = PAGE_SIZE;\n\ts->s_blocksize_bits = PAGE_SHIFT;\n\ts->s_magic = magic;\n\ts->s_op = &simple_super_operations;\n\ts->s_time_gran = 1;\n\n\tinode = new_inode(s);\n\tif (!inode)\n\t\treturn -ENOMEM;\n\t/*\n\t * because the root inode is 1, the files array must not contain an\n\t * entry at index 1\n\t */\n\tinode->i_ino = 1;\n\tinode->i_mode = S_IFDIR | 0755;\n\tsimple_inode_init_ts(inode);\n\tinode->i_op = &simple_dir_inode_operations;\n\tinode->i_fop = &simple_dir_operations;\n\tset_nlink(inode, 2);\n\ts->s_root = d_make_root(inode);\n\tif (!s->s_root)\n\t\treturn -ENOMEM;\n\tfor (i = 0; !files->name || files->name[0]; i++, files++) {\n\t\tif (!files->name)\n\t\t\tcontinue;\n\n\t\t/* warn if it tries to conflict with the root inode */\n\t\tif (unlikely(i == 1))\n\t\t\tprintk(KERN_WARNING "%s: %s passed in a files array"\n\t\t\t\t"with an index of 1!\\n", __func__,\n\t\t\t\ts->s_type->name);\n\n\t\tdentry = d_alloc_name(s->s_root, files->name);\n\t\tif (!dentry)\n\t\t\treturn -ENOMEM;\n\t\tinode = new_inode(s);\n\t\tif (!inode) {\n\t\t\tdput(dentry);\n\t\t\treturn -ENOMEM;\n\t\t}\n\t\tinode->i_mode = S_IFREG | files->mode;\n\t\tsimple_inode_init_ts(inode);\n\t\tinode->i_fop = files->ops;\n\t\tinode->i_ino = i;\n\t\td_add(dentry, inode);\n\t}\n\treturn 0;\n}\nEXPORT_SYMBOL(simple_fill_super);\n\nstatic DEFINE_SPINLOCK(pin_fs_lock);\n\nint simple_pin_fs(struct file_system_type *type, struct vfsmount **mount, int *count)\n{\n\tstruct vfsmount *mnt = NULL;\n\tspin_lock(&pin_fs_lock);\n\tif (unlikely(!*mount)) {\n\t\tspin_unlock(&pin_fs_lock);\n\t\tmnt = vfs_kern_mount(type, SB_KERNMOUNT, type->name, NULL);\n\t\tif (IS_ERR(mnt))\n\t\t\treturn PTR_ERR(mnt);\n\t\tspin_lock(&pin_fs_lock);\n\t\tif (!*mount)\n\t\t\t*mount = mnt;\n\t}\n\tmntget(*mount);\n\t++*count;\n\tspin_unlock(&pin_fs_lock);\n\tmntput(mnt);\n\treturn 0;\n}\nEXPORT_SYMBOL(simple_pin_fs);\n\nvoid simple_release_fs(struct vfsmount **mount, int *count)\n{\n\tstruct vfsmount *mnt;\n\tspin_lock(&pin_fs_lock);\n\tmnt = *mount;\n\tif (!--*count)\n\t\t*mount = NULL;\n\tspin_unlock(&pin_fs_lock);\n\tmntput(mnt);\n}\nEXPORT_SYMBOL(simple_release_fs);\n\n/**\n * simple_read_from_buffer - copy data from the buffer to user space\n * @to: the user space buffer to read to\n * @count: the maximum number of bytes to read\n * @ppos: the current position in the buffer\n * @from: the buffer to read from\n * @available: the size of the buffer\n *\n * The simple_read_from_buffer() function reads up to @count bytes from the\n * buffer @from at offset @ppos into the user space address starting at @to.\n *\n * On success, the number of bytes read is returned and the offset @ppos is\n * advanced by this number, or negative value is returned on error.\n **/\nssize_t simple_read_from_buffer(void __user *to, size_t count, loff_t *ppos,\n\t\t\t\tconst void *from, size_t available)\n{\n\tloff_t pos = *ppos;\n\tsize_t ret;\n\n\tif (pos < 0)\n\t\treturn -EINVAL;\n\tif (pos >= available || !count)\n\t\treturn 0;\n\tif (count > available - pos)\n\t\tcount = available - pos;\n\tret = copy_to_user(to, from + pos, count);\n\tif (ret == count)\n\t\treturn -EFAULT;\n\tcount -= ret;\n\t*ppos = pos + count;\n\treturn count;\n}\nEXPORT_SYMBOL(simple_read_from_buffer);\n\n/**\n * simple_write_to_buffer - copy data from user space to the buffer\n * @to: the buffer to write to\n * @available: the size of the buffer\n * @ppos: the current position in the buffer\n * @from: the user space buffer to read from\n * @count: the maximum number of bytes to read\n *\n * The simple_write_to_buffer() function reads up to @count bytes from the user\n * space address starting at @from into the buffer @to at offset @ppos.\n *\n * On success, the number of bytes written is returned and the offset @ppos is\n * advanced by this number, or negative value is returned on error.\n **/\nssize_t simple_write_to_buffer(void *to, size_t available, loff_t *ppos,\n\t\tconst void __user *from, size_t count)\n{\n\tloff_t pos = *ppos;\n\tsize_t res;\n\n\tif (pos < 0)\n\t\treturn -EINVAL;\n\tif (pos >= available || !count)\n\t\treturn 0;\n\tif (count > available - pos)\n\t\tcount = available - pos;\n\tres = copy_from_user(to + pos, from, count);\n\tif (res == count)\n\t\treturn -EFAULT;\n\tcount -= res;\n\t*ppos = pos + count;\n\treturn count;\n}\nEXPORT_SYMBOL(simple_write_to_buffer);\n\n/**\n * memory_read_from_buffer - copy data from the buffer\n * @to: the kernel space buffer to read to\n * @count: the maximum number of bytes to read\n * @ppos: the current position in the buffer\n * @from: the buffer to read from\n * @available: the size of the buffer\n *\n * The memory_read_from_buffer() function reads up to @count bytes from the\n * buffer @from at offset @ppos into the kernel space address starting at @to.\n *\n * On success, the number of bytes read is returned and the offset @ppos is\n * advanced by this number, or negative value is returned on error.\n **/\nssize_t memory_read_from_buffer(void *to, size_t count, loff_t *ppos,\n\t\t\t\tconst void *from, size_t available)\n{\n\tloff_t pos = *ppos;\n\n\tif (pos < 0)\n\t\treturn -EINVAL;\n\tif (pos >= available)\n\t\treturn 0;\n\tif (count > available - pos)\n\t\tcount = available - pos;\n\tmemcpy(to, from + pos, count);\n\t*ppos = pos + count;\n\n\treturn count;\n}\nEXPORT_SYMBOL(memory_read_from_buffer);\n\n/*\n * Transaction based IO.\n * The file expects a single write which triggers the transaction, and then\n * possibly a read which collects the result - which is stored in a\n * file-local buffer.\n */\n\nvoid simple_transaction_set(struct file *file, size_t n)\n{\n\tstruct simple_transaction_argresp *ar = file->private_data;\n\n\tBUG_ON(n > SIMPLE_TRANSACTION_LIMIT);\n\n\t/*\n\t * The barrier ensures that ar->size will really remain zero until\n\t * ar->data is ready for reading.\n\t */\n\tsmp_mb();\n\tar->size = n;\n}\nEXPORT_SYMBOL(simple_transaction_set);\n\nchar *simple_transaction_get(struct file *file, const char __user *buf, size_t size)\n{\n\tstruct simple_transaction_argresp *ar;\n\tstatic DEFINE_SPINLOCK(simple_transaction_lock);\n\n\tif (size > SIMPLE_TRANSACTION_LIMIT - 1)\n\t\treturn ERR_PTR(-EFBIG);\n\n\tar = (struct simple_transaction_argresp *)get_zeroed_page(GFP_KERNEL);\n\tif (!ar)\n\t\treturn ERR_PTR(-ENOMEM);\n\n\tspin_lock(&simple_transaction_lock);\n\n\t/* only one write allowed per open */\n\tif (file->private_data) {\n\t\tspin_unlock(&simple_transaction_lock);\n\t\tfree_page((unsigned long)ar);\n\t\treturn ERR_PTR(-EBUSY);\n\t}\n\n\tfile->private_data = ar;\n\n\tspin_unlock(&simple_transaction_lock);\n\n\tif (copy_from_user(ar->data, buf, size))\n\t\treturn ERR_PTR(-EFAULT);\n\n\treturn ar->data;\n}\nEXPORT_SYMBOL(simple_transaction_get);\n\nssize_t simple_transaction_read(struct file *file, char __user *buf, size_t size, loff_t *pos)\n{\n\tstruct simple_transaction_argresp *ar = file->private_data;\n\n\tif (!ar)\n\t\treturn 0;\n\treturn simple_read_from_buffer(buf, size, pos, ar->data, ar->size);\n}\nEXPORT_SYMBOL(simple_transaction_read);\n\nint simple_transaction_release(struct inode *inode, struct file *file)\n{\n\tfree_page((unsigned long)file->private_data);\n\treturn 0;\n}\nEXPORT_SYMBOL(simple_transaction_release);\n\n/* Simple attribute files */\n\nstruct simple_attr {\n\tint (*get)(void *, u64 *);\n\tint (*set)(void *, u64);\n\tchar get_buf[24];\t/* enough to store a u64 and "\\n\\0" */\n\tchar set_buf[24];\n\tvoid *data;\n\tconst char *fmt;\t/* format for read operation */\n\tstruct mutex mutex;\t/* protects access to these buffers */\n};\n\n/* simple_attr_open is called by an actual attribute open file operation\n * to set the attribute specific access operations. */\nint simple_attr_open(struct inode *inode, struct file *file,\n\t\t     int (*get)(void *, u64 *), int (*set)(void *, u64),\n\t\t     const char *fmt)\n{\n\tstruct simple_attr *attr;\n\n\tattr = kzalloc(sizeof(*attr), GFP_KERNEL);\n\tif (!attr)\n\t\treturn -ENOMEM;\n\n\tattr->get = get;\n\tattr->set = set;\n\tattr->data = inode->i_private;\n\tattr->fmt = fmt;\n\tmutex_init(&attr->mutex);\n\n\tfile->private_data = attr;\n\n\treturn nonseekable_open(inode, file);\n}\nEXPORT_SYMBOL_GPL(simple_attr_open);\n\nint simple_attr_release(struct inode *inode, struct file *file)\n{\n\tkfree(file->private_data);\n\treturn 0;\n}\nEXPORT_SYMBOL_GPL(simple_attr_release);\t/* GPL-only?  This?  Really? */\n\n/* read from the buffer that is filled with the get function */\nssize_t simple_attr_read(struct file *file, char __user *buf,\n\t\t\t size_t len, loff_t *ppos)\n{\n\tstruct simple_attr *attr;\n\tsize_t size;\n\tssize_t ret;\n\n\tattr = file->private_data;\n\n\tif (!attr->get)\n\t\treturn -EACCES;\n\n\tret = mutex_lock_interruptible(&attr->mutex);\n\tif (ret)\n\t\treturn ret;\n\n\tif (*ppos && attr->get_buf[0]) {\n\t\t/* continued read */\n\t\tsize = strlen(attr->get_buf);\n\t} else {\n\t\t/* first read */\n\t\tu64 val;\n\t\tret = attr->get(attr->data, &val);\n\t\tif (ret)\n\t\t\tgoto out;\n\n\t\tsize = scnprintf(attr->get_buf, sizeof(attr->get_buf),\n\t\t\t\t attr->fmt, (unsigned long long)val);\n\t}\n\n\tret = simple_read_from_buffer(buf, len, ppos, attr->get_buf, size);\nout:\n\tmutex_unlock(&attr->mutex);\n\treturn ret;\n}\nEXPORT_SYMBOL_GPL(simple_attr_read);\n\n/* interpret the buffer as a number to call the set function with */\nstatic ssize_t simple_attr_write_xsigned(struct file *file, const char __user *buf,\n\t\t\t  size_t len, loff_t *ppos, bool is_signed)\n{\n\tstruct simple_attr *attr;\n\tunsigned long long val;\n\tsize_t size;\n\tssize_t ret;\n\n\tattr = file->private_data;\n\tif (!attr->set)\n\t\treturn -EACCES;\n\n\tret = mutex_lock_interruptible(&attr->mutex);\n\tif (ret)\n\t\treturn ret;\n\n\tret = -EFAULT;\n\tsize = min(sizeof(attr->set_buf) - 1, len);\n\tif (copy_from_user(attr->set_buf, buf, size))\n\t\tgoto out;\n\n\tattr->set_buf[size] = \'\\0\';\n\tif (is_signed)\n\t\tret = kstrtoll(attr->set_buf, 0, &val);\n\telse\n\t\tret = kstrtoull(attr->set_buf, 0, &val);\n\tif (ret)\n\t\tgoto out;\n\tret = attr->set(attr->data, val);\n\tif (ret == 0)\n\t\tret = len; /* on success, claim we got the whole input */\nout:\n\tmutex_unlock(&attr->mutex);\n\treturn ret;\n}\n\nssize_t simple_attr_write(struct file *file, const char __user *buf,\n\t\t\t  size_t len, loff_t *ppos)\n{\n\treturn simple_attr_write_xsigned(file, buf, len, ppos, false);\n}\nEXPORT_SYMBOL_GPL(simple_attr_write);\n\nssize_t simple_attr_write_signed(struct file *file, const char __user *buf,\n\t\t\t  size_t len, loff_t *ppos)\n{\n\treturn simple_attr_write_xsigned(file, buf, len, ppos, true);\n}\nEXPORT_SYMBOL_GPL(simple_attr_write_signed);\n\n/**\n * generic_encode_ino32_fh - generic export_operations->encode_fh function\n * @inode:   the object to encode\n * @fh:      where to store the file handle fragment\n * @max_len: maximum length to store there (in 4 byte units)\n * @parent:  parent directory inode, if wanted\n *\n * This generic encode_fh function assumes that the 32 inode number\n * is suitable for locating an inode, and that the generation number\n * can be used to check that it is still valid.  It places them in the\n * filehandle fragment where export_decode_fh expects to find them.\n */\nint generic_encode_ino32_fh(struct inode *inode, __u32 *fh, int *max_len,\n\t\t\t    struct inode *parent)\n{\n\tstruct fid *fid = (void *)fh;\n\tint len = *max_len;\n\tint type = FILEID_INO32_GEN;\n\n\tif (parent && (len < 4)) {\n\t\t*max_len = 4;\n\t\treturn FILEID_INVALID;\n\t} else if (len < 2) {\n\t\t*max_len = 2;\n\t\treturn FILEID_INVALID;\n\t}\n\n\tlen = 2;\n\tfid->i32.ino = inode->i_ino;\n\tfid->i32.gen = inode->i_generation;\n\tif (parent) {\n\t\tfid->i32.parent_ino = parent->i_ino;\n\t\tfid->i32.parent_gen = parent->i_generation;\n\t\tlen = 4;\n\t\ttype = FILEID_INO32_GEN_PARENT;\n\t}\n\t*max_len = len;\n\treturn type;\n}\nEXPORT_SYMBOL_GPL(generic_encode_ino32_fh);\n\n/**\n * generic_fh_to_dentry - generic helper for the fh_to_dentry export operation\n * @sb:\t\tfilesystem to do the file handle conversion on\n * @fid:\tfile handle to convert\n * @fh_len:\tlength of the file handle in bytes\n * @fh_type:\ttype of file handle\n * @get_inode:\tfilesystem callback to retrieve inode\n *\n * This function decodes @fid as long as it has one of the well-known\n * Linux filehandle types and calls @get_inode on it to retrieve the\n * inode for the object specified in the file handle.\n */\nstruct dentry *generic_fh_to_dentry(struct super_block *sb, struct fid *fid,\n\t\tint fh_len, int fh_type, struct inode *(*get_inode)\n\t\t\t(struct super_block *sb, u64 ino, u32 gen))\n{\n\tstruct inode *inode = NULL;\n\n\tif (fh_len < 2)\n\t\treturn NULL;\n\n\tswitch (fh_type) {\n\tcase FILEID_INO32_GEN:\n\tcase FILEID_INO32_GEN_PARENT:\n\t\tinode = get_inode(sb, fid->i32.ino, fid->i32.gen);\n\t\tbreak;\n\t}\n\n\treturn d_obtain_alias(inode);\n}\nEXPORT_SYMBOL_GPL(generic_fh_to_dentry);\n\n/**\n * generic_fh_to_parent - generic helper for the fh_to_parent export operation\n * @sb:\t\tfilesystem to do the file handle conversion on\n * @fid:\tfile handle to convert\n * @fh_len:\tlength of the file handle in bytes\n * @fh_type:\ttype of file handle\n * @get_inode:\tfilesystem callback to retrieve inode\n *\n * This function decodes @fid as long as it has one of the well-known\n * Linux filehandle types and calls @get_inode on it to retrieve the\n * inode for the _parent_ object specified in the file handle if it\n * is specified in the file handle, or NULL otherwise.\n */\nstruct dentry *generic_fh_to_parent(struct super_block *sb, struct fid *fid,\n\t\tint fh_len, int fh_type, struct inode *(*get_inode)\n\t\t\t(struct super_block *sb, u64 ino, u32 gen))\n{\n\tstruct inode *inode = NULL;\n\n\tif (fh_len <= 2)\n\t\treturn NULL;\n\n\tswitch (fh_type) {\n\tcase FILEID_INO32_GEN_PARENT:\n\t\tinode = get_inode(sb, fid->i32.parent_ino,\n\t\t\t\t  (fh_len > 3 ? fid->i32.parent_gen : 0));\n\t\tbreak;\n\t}\n\n\treturn d_obtain_alias(inode);\n}\nEXPORT_SYMBOL_GPL(generic_fh_to_parent);\n\n/**\n * __generic_file_fsync - generic fsync implementation for simple filesystems\n *\n * @file:\tfile to synchronize\n * @start:\tstart offset in bytes\n * @end:\tend offset in bytes (inclusive)\n * @datasync:\tonly synchronize essential metadata if true\n *\n * This is a generic implementation of the fsync method for simple\n * filesystems which track all non-inode metadata in the buffers list\n * hanging off the address_space structure.\n */\nint __generic_file_fsync(struct file *file, loff_t start, loff_t end,\n\t\t\t\t int datasync)\n{\n\tstruct inode *inode = file->f_mapping->host;\n\tint err;\n\tint ret;\n\n\terr = file_write_and_wait_range(file, start, end);\n\tif (err)\n\t\treturn err;\n\n\tinode_lock(inode);\n\tret = sync_mapping_buffers(inode->i_mapping);\n\tif (!(inode->i_state & I_DIRTY_ALL))\n\t\tgoto out;\n\tif (datasync && !(inode->i_state & I_DIRTY_DATASYNC))\n\t\tgoto out;\n\n\terr = sync_inode_metadata(inode, 1);\n\tif (ret == 0)\n\t\tret = err;\n\nout:\n\tinode_unlock(inode);\n\t/* check and advance again to catch errors after syncing out buffers */\n\terr = file_check_and_advance_wb_err(file);\n\tif (ret == 0)\n\t\tret = err;\n\treturn ret;\n}\nEXPORT_SYMBOL(__generic_file_fsync);\n\n/**\n * generic_file_fsync - generic fsync implementation for simple filesystems\n *\t\t\twith flush\n * @file:\tfile to synchronize\n * @start:\tstart offset in bytes\n * @end:\tend offset in bytes (inclusive)\n * @datasync:\tonly synchronize essential metadata if true\n *\n */\n\nint generic_file_fsync(struct file *file, loff_t start, loff_t end,\n\t\t       int datasync)\n{\n\tstruct inode *inode = file->f_mapping->host;\n\tint err;\n\n\terr = __generic_file_fsync(file, start, end, datasync);\n\tif (err)\n\t\treturn err;\n\treturn blkdev_issue_flush(inode->i_sb->s_bdev);\n}\nEXPORT_SYMBOL(generic_file_fsync);\n\n/**\n * generic_check_addressable - Check addressability of file system\n * @blocksize_bits:\tlog of file system block size\n * @num_blocks:\t\tnumber of blocks in file system\n *\n * Determine whether a file system with @num_blocks blocks (and a\n * block size of 2**@blocksize_bits) is addressable by the sector_t\n * and page cache of the system.  Return 0 if so and -EFBIG otherwise.\n */\nint generic_check_addressable(unsigned blocksize_bits, u64 num_blocks)\n{\n\tu64 last_fs_block = num_blocks - 1;\n\tu64 last_fs_page =\n\t\tlast_fs_block >> (PAGE_SHIFT - blocksize_bits);\n\n\tif (unlikely(num_blocks == 0))\n\t\treturn 0;\n\n\tif ((blocksize_bits < 9) || (blocksize_bits > PAGE_SHIFT))\n\t\treturn -EINVAL;\n\n\tif ((last_fs_block > (sector_t)(~0ULL) >> (blocksize_bits - 9)) ||\n\t    (last_fs_page > (pgoff_t)(~0ULL))) {\n\t\treturn -EFBIG;\n\t}\n\treturn 0;\n}\nEXPORT_SYMBOL(generic_check_addressable);\n\n/*\n * No-op implementation of ->fsync for in-memory filesystems.\n */\nint noop_fsync(struct file *file, loff_t start, loff_t end, int datasync)\n{\n\treturn 0;\n}\nEXPORT_SYMBOL(noop_fsync);\n\nssize_t noop_direct_IO(struct kiocb *iocb, struct iov_iter *iter)\n{\n\t/*\n\t * iomap based filesystems support direct I/O without need for\n\t * this callback. However, it still needs to be set in\n\t * inode->a_ops so that open/fcntl know that direct I/O is\n\t * generally supported.\n\t */\n\treturn -EINVAL;\n}\nEXPORT_SYMBOL_GPL(noop_direct_IO);\n\n/* Because kfree isn\'t assignment-compatible with void(void*) ;-/ */\nvoid kfree_link(void *p)\n{\n\tkfree(p);\n}\nEXPORT_SYMBOL(kfree_link);\n\nstruct inode *alloc_anon_inode(struct super_block *s)\n{\n\tstatic const struct address_space_operations anon_aops = {\n\t\t.dirty_folio\t= noop_dirty_folio,\n\t};\n\tstruct inode *inode = new_inode_pseudo(s);\n\n\tif (!inode)\n\t\treturn ERR_PTR(-ENOMEM);\n\n\tinode->i_ino = get_next_ino();\n\tinode->i_mapping->a_ops = &anon_aops;\n\n\t/*\n\t * Mark the inode dirty from the very beginning,\n\t * that way it will never be moved to the dirty\n\t * list because mark_inode_dirty() will think\n\t * that it already _is_ on the dirty list.\n\t */\n\tinode->i_state = I_DIRTY;\n\tinode->i_mode = S_IRUSR | S_IWUSR;\n\tinode->i_uid = current_fsuid();\n\tinode->i_gid = current_fsgid();\n\tinode->i_flags |= S_PRIVATE;\n\tsimple_inode_init_ts(inode);\n\treturn inode;\n}\nEXPORT_SYMBOL(alloc_anon_inode);\n\n/**\n * simple_nosetlease - generic helper for prohibiting leases\n * @filp: file pointer\n * @arg: type of lease to obtain\n * @flp: new lease supplied for insertion\n * @priv: private data for lm_setup operation\n *\n * Generic helper for filesystems that do not wish to allow leases to be set.\n * All arguments are ignored and it just returns -EINVAL.\n */\nint\nsimple_nosetlease(struct file *filp, int arg, struct file_lease **flp,\n\t\t  void **priv)\n{\n\treturn -EINVAL;\n}\nEXPORT_SYMBOL(simple_nosetlease);\n\n/**\n * simple_get_link - generic helper to get the target of "fast" symlinks\n * @dentry: not used here\n * @inode: the symlink inode\n * @done: not used here\n *\n * Generic helper for filesystems to use for symlink inodes where a pointer to\n * the symlink target is stored in ->i_link.  NOTE: this isn\'t normally called,\n * since as an optimization the path lookup code uses any non-NULL ->i_link\n * directly, without calling ->get_link().  But ->get_link() still must be set,\n * to mark the inode_operations as being for a symlink.\n *\n * Return: the symlink target\n */\nconst char *simple_get_link(struct dentry *dentry, struct inode *inode,\n\t\t\t    struct delayed_call *done)\n{\n\treturn inode->i_link;\n}\nEXPORT_SYMBOL(simple_get_link);\n\nconst struct inode_operations simple_symlink_inode_operations = {\n\t.get_link = simple_get_link,\n};\nEXPORT_SYMBOL(simple_symlink_inode_operations);\n\n/*\n * Operations for a permanently empty directory.\n */\nstatic struct dentry *empty_dir_lookup(struct inode *dir, struct dentry *dentry, unsigned int flags)\n{\n\treturn ERR_PTR(-ENOENT);\n}\n\nstatic int empty_dir_getattr(struct mnt_idmap *idmap,\n\t\t\t     const struct path *path, struct kstat *stat,\n\t\t\t     u32 request_mask, unsigned int query_flags)\n{\n\tstruct inode *inode = d_inode(path->dentry);\n\tgeneric_fillattr(&nop_mnt_idmap, request_mask, inode, stat);\n\treturn 0;\n}\n\nstatic int empty_dir_setattr(struct mnt_idmap *idmap,\n\t\t\t     struct dentry *dentry, struct iattr *attr)\n{\n\treturn -EPERM;\n}\n\nstatic ssize_t empty_dir_listxattr(struct dentry *dentry, char *list, size_t size)\n{\n\treturn -EOPNOTSUPP;\n}\n\nstatic const struct inode_operations empty_dir_inode_operations = {\n\t.lookup\t\t= empty_dir_lookup,\n\t.permission\t= generic_permission,\n\t.setattr\t= empty_dir_setattr,\n\t.getattr\t= empty_dir_getattr,\n\t.listxattr\t= empty_dir_listxattr,\n};\n\nstatic loff_t empty_dir_llseek(struct file *file, loff_t offset, int whence)\n{\n\t/* An empty directory has two entries . and .. at offsets 0 and 1 */\n\treturn generic_file_llseek_size(file, offset, whence, 2, 2);\n}\n\nstatic int empty_dir_readdir(struct file *file, struct dir_context *ctx)\n{\n\tdir_emit_dots(file, ctx);\n\treturn 0;\n}\n\nstatic const struct file_operations empty_dir_operations = {\n\t.llseek\t\t= empty_dir_llseek,\n\t.read\t\t= generic_read_dir,\n\t.iterate_shared\t= empty_dir_readdir,\n\t.fsync\t\t= noop_fsync,\n};\n\n\nvoid make_empty_dir_inode(struct inode *inode)\n{\n\tset_nlink(inode, 2);\n\tinode->i_mode = S_IFDIR | S_IRUGO | S_IXUGO;\n\tinode->i_uid = GLOBAL_ROOT_UID;\n\tinode->i_gid = GLOBAL_ROOT_GID;\n\tinode->i_rdev = 0;\n\tinode->i_size = 0;\n\tinode->i_blkbits = PAGE_SHIFT;\n\tinode->i_blocks = 0;\n\n\tinode->i_op = &empty_dir_inode_operations;\n\tinode->i_opflags &= ~IOP_XATTR;\n\tinode->i_fop = &empty_dir_operations;\n}\n\nbool is_empty_dir_inode(struct inode *inode)\n{\n\treturn (inode->i_fop == &empty_dir_operations) &&\n\t\t(inode->i_op == &empty_dir_inode_operations);\n}\n\n#if IS_ENABLED(CONFIG_UNICODE)\n/**\n * generic_ci_d_compare - generic d_compare implementation for casefolding filesystems\n * @dentry:\tdentry whose name we are checking against\n * @len:\tlen of name of dentry\n * @str:\tstr pointer to name of dentry\n * @name:\tName to compare against\n *\n * Return: 0 if names match, 1 if mismatch, or -ERRNO\n */\nstatic int generic_ci_d_compare(const struct dentry *dentry, unsigned int len,\n\t\t\t\tconst char *str, const struct qstr *name)\n{\n\tconst struct dentry *parent;\n\tconst struct inode *dir;\n\tchar strbuf[DNAME_INLINE_LEN];\n\tstruct qstr qstr;\n\n\t/*\n\t * Attempt a case-sensitive match first. It is cheaper and\n\t * should cover most lookups, including all the sane\n\t * applications that expect a case-sensitive filesystem.\n\t *\n\t * This comparison is safe under RCU because the caller\n\t * guarantees the consistency between str and len. See\n\t * __d_lookup_rcu_op_compare() for details.\n\t */\n\tif (len == name->len && !memcmp(str, name->name, len))\n\t\treturn 0;\n\n\tparent = READ_ONCE(dentry->d_parent);\n\tdir = READ_ONCE(parent->d_inode);\n\tif (!dir || !IS_CASEFOLDED(dir))\n\t\treturn 1;\n\n\t/*\n\t * If the dentry name is stored in-line, then it may be concurrently\n\t * modified by a rename.  If this happens, the VFS will eventually retry\n\t * the lookup, so it doesn\'t matter what ->d_compare() returns.\n\t * However, it\'s unsafe to call utf8_strncasecmp() with an unstable\n\t * string.  Therefore, we have to copy the name into a temporary buffer.\n\t */\n\tif (len <= DNAME_INLINE_LEN - 1) {\n\t\tmemcpy(strbuf, str, len);\n\t\tstrbuf[len] = 0;\n\t\tstr = strbuf;\n\t\t/* prevent compiler from optimizing out the temporary buffer */\n\t\tbarrier();\n\t}\n\tqstr.len = len;\n\tqstr.name = str;\n\n\treturn utf8_strncasecmp(dentry->d_sb->s_encoding, name, &qstr);\n}\n\n/**\n * generic_ci_d_hash - generic d_hash implementation for casefolding filesystems\n * @dentry:\tdentry of the parent directory\n * @str:\tqstr of name whose hash we should fill in\n *\n * Return: 0 if hash was successful or unchanged, and -EINVAL on error\n */\nstatic int generic_ci_d_hash(const struct dentry *dentry, struct qstr *str)\n{\n\tconst struct inode *dir = READ_ONCE(dentry->d_inode);\n\tstruct super_block *sb = dentry->d_sb;\n\tconst struct unicode_map *um = sb->s_encoding;\n\tint ret;\n\n\tif (!dir || !IS_CASEFOLDED(dir))\n\t\treturn 0;\n\n\tret = utf8_casefold_hash(um, dentry, str);\n\tif (ret < 0 && sb_has_strict_encoding(sb))\n\t\treturn -EINVAL;\n\treturn 0;\n}\n\nstatic const struct dentry_operations generic_ci_dentry_ops = {\n\t.d_hash = generic_ci_d_hash,\n\t.d_compare = generic_ci_d_compare,\n#ifdef CONFIG_FS_ENCRYPTION\n\t.d_revalidate = fscrypt_d_revalidate,\n#endif\n};\n\n/**\n * generic_ci_match() - Match a name (case-insensitively) with a dirent.\n * This is a filesystem helper for comparison with directory entries.\n * generic_ci_d_compare should be used in VFS\' ->d_compare instead.\n *\n * @parent: Inode of the parent of the dirent under comparison\n * @name: name under lookup.\n * @folded_name: Optional pre-folded name under lookup\n * @de_name: Dirent name.\n * @de_name_len: dirent name length.\n *\n * Test whether a case-insensitive directory entry matches the filename\n * being searched.  If @folded_name is provided, it is used instead of\n * recalculating the casefold of @name.\n *\n * Return: > 0 if the directory entry matches, 0 if it doesn\'t match, or\n * < 0 on error.\n */\nint generic_ci_match(const struct inode *parent,\n\t\t     const struct qstr *name,\n\t\t     const struct qstr *folded_name,\n\t\t     const u8 *de_name, u32 de_name_len)\n{\n\tconst struct super_block *sb = parent->i_sb;\n\tconst struct unicode_map *um = sb->s_encoding;\n\tstruct fscrypt_str decrypted_name = FSTR_INIT(NULL, de_name_len);\n\tstruct qstr dirent = QSTR_INIT(de_name, de_name_len);\n\tint res = 0;\n\n\tif (IS_ENCRYPTED(parent)) {\n\t\tconst struct fscrypt_str encrypted_name =\n\t\t\tFSTR_INIT((u8 *) de_name, de_name_len);\n\n\t\tif (WARN_ON_ONCE(!fscrypt_has_encryption_key(parent)))\n\t\t\treturn -EINVAL;\n\n\t\tdecrypted_name.name = kmalloc(de_name_len, GFP_KERNEL);\n\t\tif (!decrypted_name.name)\n\t\t\treturn -ENOMEM;\n\t\tres = fscrypt_fname_disk_to_usr(parent, 0, 0, &encrypted_name,\n\t\t\t\t\t\t&decrypted_name);\n\t\tif (res < 0) {\n\t\t\tkfree(decrypted_name.name);\n\t\t\treturn res;\n\t\t}\n\t\tdirent.name = decrypted_name.name;\n\t\tdirent.len = decrypted_name.len;\n\t}\n\n\t/*\n\t * Attempt a case-sensitive match first. It is cheaper and\n\t * should cover most lookups, including all the sane\n\t * applications that expect a case-sensitive filesystem.\n\t */\n\n\tif (dirent.len == name->len &&\n\t    !memcmp(name->name, dirent.name, dirent.len))\n\t\tgoto out;\n\n\tif (folded_name->name)\n\t\tres = utf8_strncasecmp_folded(um, folded_name, &dirent);\n\telse\n\t\tres = utf8_strncasecmp(um, name, &dirent);\n\nout:\n\tkfree(decrypted_name.name);\n\tif (res < 0 && sb_has_strict_encoding(sb)) {\n\t\tpr_err_ratelimited("Directory contains filename that is invalid UTF-8");\n\t\treturn 0;\n\t}\n\treturn !res;\n}\nEXPORT_SYMBOL(generic_ci_match);\n#endif\n\n#ifdef CONFIG_FS_ENCRYPTION\nstatic const struct dentry_operations generic_encrypted_dentry_ops = {\n\t.d_revalidate = fscrypt_d_revalidate,\n};\n#endif\n\n/**\n * generic_set_sb_d_ops - helper for choosing the set of\n * filesystem-wide dentry operations for the enabled features\n * @sb: superblock to be configured\n *\n * Filesystems supporting casefolding and/or fscrypt can call this\n * helper at mount-time to configure sb->s_d_op to best set of dentry\n * operations required for the enabled features. The helper must be\n * called after these have been configured, but before the root dentry\n * is created.\n */\nvoid generic_set_sb_d_ops(struct super_block *sb)\n{\n#if IS_ENABLED(CONFIG_UNICODE)\n\tif (sb->s_encoding) {\n\t\tsb->s_d_op = &generic_ci_dentry_ops;\n\t\treturn;\n\t}\n#endif\n#ifdef CONFIG_FS_ENCRYPTION\n\tif (sb->s_cop) {\n\t\tsb->s_d_op = &generic_encrypted_dentry_ops;\n\t\treturn;\n\t}\n#endif\n}\nEXPORT_SYMBOL(generic_set_sb_d_ops);\n\n/**\n * inode_maybe_inc_iversion - increments i_version\n * @inode: inode with the i_version that should be updated\n * @force: increment the counter even if it\'s not necessary?\n *\n * Every time the inode is modified, the i_version field must be seen to have\n * changed by any observer.\n *\n * If "force" is set or the QUERIED flag is set, then ensure that we increment\n * the value, and clear the queried flag.\n *\n * In the common case where neither is set, then we can return "false" without\n * updating i_version.\n *\n * If this function returns false, and no other metadata has changed, then we\n * can avoid logging the metadata.\n */\nbool inode_maybe_inc_iversion(struct inode *inode, bool force)\n{\n\tu64 cur, new;\n\n\t/*\n\t * The i_version field is not strictly ordered with any other inode\n\t * information, but the legacy inode_inc_iversion code used a spinlock\n\t * to serialize increments.\n\t *\n\t * We add a full memory barrier to ensure that any de facto ordering\n\t * with other state is preserved (either implicitly coming from cmpxchg\n\t * or explicitly from smp_mb if we don\'t know upfront if we will execute\n\t * the former).\n\t *\n\t * These barriers pair with inode_query_iversion().\n\t */\n\tcur = inode_peek_iversion_raw(inode);\n\tif (!force && !(cur & I_VERSION_QUERIED)) {\n\t\tsmp_mb();\n\t\tcur = inode_peek_iversion_raw(inode);\n\t}\n\n\tdo {\n\t\t/* If flag is clear then we needn\'t do anything */\n\t\tif (!force && !(cur & I_VERSION_QUERIED))\n\t\t\treturn false;\n\n\t\t/* Since lowest bit is flag, add 2 to avoid it */\n\t\tnew = (cur & ~I_VERSION_QUERIED) + I_VERSION_INCREMENT;\n\t} while (!atomic64_try_cmpxchg(&inode->i_version, &cur, new));\n\treturn true;\n}\nEXPORT_SYMBOL(inode_maybe_inc_iversion);\n\n/**\n * inode_query_iversion - read i_version for later use\n * @inode: inode from which i_version should be read\n *\n * Read the inode i_version counter. This should be used by callers that wish\n * to store the returned i_version for later comparison. This will guarantee\n * that a later query of the i_version will result in a different value if\n * anything has changed.\n *\n * In this implementation, we fetch the current value, set the QUERIED flag and\n * then try to swap it into place with a cmpxchg, if it wasn\'t already set. If\n * that fails, we try again with the newly fetched value from the cmpxchg.\n */\nu64 inode_query_iversion(struct inode *inode)\n{\n\tu64 cur, new;\n\tbool fenced = false;\n\n\t/*\n\t * Memory barriers (implicit in cmpxchg, explicit in smp_mb) pair with\n\t * inode_maybe_inc_iversion(), see that routine for more details.\n\t */\n\tcur = inode_peek_iversion_raw(inode);\n\tdo {\n\t\t/* If flag is already set, then no need to swap */\n\t\tif (cur & I_VERSION_QUERIED) {\n\t\t\tif (!fenced)\n\t\t\t\tsmp_mb();\n\t\t\tbreak;\n\t\t}\n\n\t\tfenced = true;\n\t\tnew = cur | I_VERSION_QUERIED;\n\t} while (!atomic64_try_cmpxchg(&inode->i_version, &cur, new));\n\treturn cur >> I_VERSION_QUERIED_SHIFT;\n}\nEXPORT_SYMBOL(inode_query_iversion);\n\nssize_t direct_write_fallback(struct kiocb *iocb, struct iov_iter *iter,\n\t\tssize_t direct_written, ssize_t buffered_written)\n{\n\tstruct address_space *mapping = iocb->ki_filp->f_mapping;\n\tloff_t pos = iocb->ki_pos - buffered_written;\n\tloff_t end = iocb->ki_pos - 1;\n\tint err;\n\n\t/*\n\t * If the buffered write fallback returned an error, we want to return\n\t * the number of bytes which were written by direct I/O, or the error\n\t * code if that was zero.\n\t *\n\t * Note that this differs from normal direct-io semantics, which will\n\t * return -EFOO even if some bytes were written.\n\t */\n\tif (unlikely(buffered_written < 0)) {\n\t\tif (direct_written)\n\t\t\treturn direct_written;\n\t\treturn buffered_written;\n\t}\n\n\t/*\n\t * We need to ensure that the page cache pages are written to disk and\n\t * invalidated to preserve the expected O_DIRECT semantics.\n\t */\n\terr = filemap_write_and_wait_range(mapping, pos, end);\n\tif (err < 0) {\n\t\t/*\n\t\t * We don\'t know how much we wrote, so just return the number of\n\t\t * bytes which were direct-written\n\t\t */\n\t\tiocb->ki_pos -= buffered_written;\n\t\tif (direct_written)\n\t\t\treturn direct_written;\n\t\treturn err;\n\t}\n\tinvalidate_mapping_pages(mapping, pos >> PAGE_SHIFT, end >> PAGE_SHIFT);\n\treturn direct_written + buffered_written;\n}\nEXPORT_SYMBOL_GPL(direct_write_fallback);\n\n/**\n * simple_inode_init_ts - initialize the timestamps for a new inode\n * @inode: inode to be initialized\n *\n * When a new inode is created, most filesystems set the timestamps to the\n * current time. Add a helper to do this.\n */\nstruct timespec64 simple_inode_init_ts(struct inode *inode)\n{\n\tstruct timespec64 ts = inode_set_ctime_current(inode);\n\n\tinode_set_atime_to_ts(inode, ts);\n\tinode_set_mtime_to_ts(inode, ts);\n\treturn ts;\n}\nEXPORT_SYMBOL(simple_inode_init_ts);\n\nstatic inline struct dentry *get_stashed_dentry(struct dentry **stashed)\n{\n\tstruct dentry *dentry;\n\n\tguard(rcu)();\n\tdentry = rcu_dereference(*stashed);\n\tif (!dentry)\n\t\treturn NULL;\n\tif (!lockref_get_not_dead(&dentry->d_lockref))\n\t\treturn NULL;\n\treturn dentry;\n}\n\nstatic struct dentry *prepare_anon_dentry(struct dentry **stashed,\n\t\t\t\t\t  struct super_block *sb,\n\t\t\t\t\t  void *data)\n{\n\tstruct dentry *dentry;\n\tstruct inode *inode;\n\tconst struct stashed_operations *sops = sb->s_fs_info;\n\tint ret;\n\n\tinode = new_inode_pseudo(sb);\n\tif (!inode) {\n\t\tsops->put_data(data);\n\t\treturn ERR_PTR(-ENOMEM);\n\t}\n\n\tinode->i_flags |= S_IMMUTABLE;\n\tinode->i_mode = S_IFREG;\n\tsimple_inode_init_ts(inode);\n\n\tret = sops->init_inode(inode, data);\n\tif (ret < 0) {\n\t\tiput(inode);\n\t\treturn ERR_PTR(ret);\n\t}\n\n\t/* Notice when this is changed. */\n\tWARN_ON_ONCE(!S_ISREG(inode->i_mode));\n\tWARN_ON_ONCE(!IS_IMMUTABLE(inode));\n\n\tdentry = d_alloc_anon(sb);\n\tif (!dentry) {\n\t\tiput(inode);\n\t\treturn ERR_PTR(-ENOMEM);\n\t}\n\n\t/* Store address of location where dentry\'s supposed to be stashed. */\n\tdentry->d_fsdata = stashed;\n\n\t/* @data is now owned by the fs */\n\td_instantiate(dentry, inode);\n\treturn dentry;\n}\n\nstatic struct dentry *stash_dentry(struct dentry **stashed,\n\t\t\t\t   struct dentry *dentry)\n{\n\tguard(rcu)();\n\tfor (;;) {\n\t\tstruct dentry *old;\n\n\t\t/* Assume any old dentry was cleared out. */\n\t\told = cmpxchg(stashed, NULL, dentry);\n\t\tif (likely(!old))\n\t\t\treturn dentry;\n\n\t\t/* Check if somebody else installed a reusable dentry. */\n\t\tif (lockref_get_not_dead(&old->d_lockref))\n\t\t\treturn old;\n\n\t\t/* There\'s an old dead dentry there, try to take it over. */\n\t\tif (likely(try_cmpxchg(stashed, &old, dentry)))\n\t\t\treturn dentry;\n\t}\n}\n\n/**\n * path_from_stashed - create path from stashed or new dentry\n * @stashed:    where to retrieve or stash dentry\n * @mnt:        mnt of the filesystems to use\n * @data:       data to store in inode->i_private\n * @path:       path to create\n *\n * The function tries to retrieve a stashed dentry from @stashed. If the dentry\n * is still valid then it will be reused. If the dentry isn\'t able the function\n * will allocate a new dentry and inode. It will then check again whether it\n * can reuse an existing dentry in case one has been added in the meantime or\n * update @stashed with the newly added dentry.\n *\n * Special-purpose helper for nsfs and pidfs.\n *\n * Return: On success zero and on failure a negative error is returned.\n */\nint path_from_stashed(struct dentry **stashed, struct vfsmount *mnt, void *data,\n\t\t      struct path *path)\n{\n\tstruct dentry *dentry;\n\tconst struct stashed_operations *sops = mnt->mnt_sb->s_fs_info;\n\n\t/* See if dentry can be reused. */\n\tpath->dentry = get_stashed_dentry(stashed);\n\tif (path->dentry) {\n\t\tsops->put_data(data);\n\t\tgoto out_path;\n\t}\n\n\t/* Allocate a new dentry. */\n\tdentry = prepare_anon_dentry(stashed, mnt->mnt_sb, data);\n\tif (IS_ERR(dentry))\n\t\treturn PTR_ERR(dentry);\n\n\t/* Added a new dentry. @data is now owned by the filesystem. */\n\tpath->dentry = stash_dentry(stashed, dentry);\n\tif (path->dentry != dentry)\n\t\tdput(dentry);\n\nout_path:\n\tWARN_ON_ONCE(path->dentry->d_fsdata != stashed);\n\tWARN_ON_ONCE(d_inode(path->dentry)->i_private != data);\n\tpath->mnt = mntget(mnt);\n\treturn 0;\n}\n\nvoid stashed_dentry_prune(struct dentry *dentry)\n{\n\tstruct dentry **stashed = dentry->d_fsdata;\n\tstruct inode *inode = d_inode(dentry);\n\n\tif (WARN_ON_ONCE(!stashed))\n\t\treturn;\n\n\tif (!inode)\n\t\treturn;\n\n\t/*\n\t * Only replace our own @dentry as someone else might\'ve\n\t * already cleared out @dentry and stashed their own\n\t * dentry in there.\n\t */\n\tcmpxchg(stashed, dentry, NULL);\n}\n', 'sha': None}]
2025-06-05 17:10:47.372 | INFO     | modules.llm_adapter:_get_context_diff:835 - ==========
2025-06-05 17:10:47.372 | INFO     | modules.llm_adapter:_get_context_diff:836 - patch_processor result: {'status': 'success', 'prompt_values': [{'patchCode': "From b9b588f22a0c049a14885399e27625635ae6ef91 Mon Sep 17 00:00:00 2001\nFrom: Chuck Lever <chuck.lever@oracle.com>\nDate: Sat, 28 Dec 2024 12:55:21 -0500\nSubject: [PATCH] libfs: Use d_children list to iterate simple_offset\n directories\n\nThe mtree mechanism has been effective at creating directory offsets\nthat are stable over multiple opendir instances. However, it has not\nbeen able to handle the subtleties of renames that are concurrent\nwith readdir.\n\nInstead of using the mtree to emit entries in the order of their\noffset values, use it only to map incoming ctx->pos to a starting\nentry. Then use the directory's d_children list, which is already\nmaintained properly by the dcache, to find the next child to emit.\n\nOne of the sneaky things about this is that when the mtree-allocated\noffset value wraps (which is very rare), looking up ctx->pos++ is\nnot going to find the next entry; it will return NULL. Instead, by\nfollowing the d_children list, the offset values can appear in any\norder but all of the entries in the directory will be visited\neventually.\n\nNote also that the readdir() is guaranteed to reach the tail of this\nlist. Entries are added only at the head of d_children, and readdir\nwalks from its current position in that list towards its tail.\n\nSigned-off-by: Chuck Lever <chuck.lever@oracle.com>\nLink: https://lore.kernel.org/r/20241228175522.1854234-6-cel@kernel.org\nSigned-off-by: Christian Brauner <brauner@kernel.org>\n\ndiff --git a/fs/libfs.c b/fs/libfs.c\nindex 47399f90511a..279442b1fe96 100644\n--- a/fs/libfs.c\n+++ b/fs/libfs.c\n@@ -247,12 +247,13 @@ EXPORT_SYMBOL(simple_dir_inode_operations);\n \n /* simple_offset_add() never assigns these to a dentry */\n enum {\n+\tDIR_OFFSET_FIRST\t= 2,\t\t/* Find first real entry */\n \tDIR_OFFSET_EOD\t\t= S32_MAX,\n };\n \n /* simple_offset_add() allocation range */\n enum {\n-\tDIR_OFFSET_MIN\t\t= 2,\n+\tDIR_OFFSET_MIN\t\t= DIR_OFFSET_FIRST + 1,\n \tDIR_OFFSET_MAX\t\t= DIR_OFFSET_EOD - 1,\n };\n \n@@ -457,51 +458,82 @@ static loff_t offset_dir_llseek(struct file *file, loff_t offset, int whence)\n \treturn vfs_setpos(file, offset, LONG_MAX);\n }\n \n-static struct dentry *offset_find_next(struct offset_ctx *octx, loff_t offset)\n+static struct dentry *find_positive_dentry(struct dentry *parent,\n+\t\t\t\t\t   struct dentry *dentry,\n+\t\t\t\t\t   bool next)\n {\n-\tMA_STATE(mas, &octx->mt, offset, offset);\n+\tstruct dentry *found = NULL;\n+\n+\tspin_lock(&parent->d_lock);\n+\tif (next)\n+\t\tdentry = d_next_sibling(dentry);\n+\telse if (!dentry)\n+\t\tdentry = d_first_child(parent);\n+\thlist_for_each_entry_from(dentry, d_sib) {\n+\t\tif (!simple_positive(dentry))\n+\t\t\tcontinue;\n+\t\tspin_lock_nested(&dentry->d_lock, DENTRY_D_LOCK_NESTED);\n+\t\tif (simple_positive(dentry))\n+\t\t\tfound = dget_dlock(dentry);\n+\t\tspin_unlock(&dentry->d_lock);\n+\t\tif (likely(found))\n+\t\t\tbreak;\n+\t}\n+\tspin_unlock(&parent->d_lock);\n+\treturn found;\n+}\n+\n+static noinline_for_stack struct dentry *\n+offset_dir_lookup(struct dentry *parent, loff_t offset)\n+{\n+\tstruct inode *inode = d_inode(parent);\n+\tstruct offset_ctx *octx = inode->i_op->get_offset_ctx(inode);\n \tstruct dentry *child, *found = NULL;\n \n-\trcu_read_lock();\n-\tchild = mas_find(&mas, DIR_OFFSET_MAX);\n-\tif (!child)\n-\t\tgoto out;\n-\tspin_lock(&child->d_lock);\n-\tif (simple_positive(child))\n-\t\tfound = dget_dlock(child);\n-\tspin_unlock(&child->d_lock);\n-out:\n-\trcu_read_unlock();\n+\tMA_STATE(mas, &octx->mt, offset, offset);\n+\n+\tif (offset == DIR_OFFSET_FIRST)\n+\t\tfound = find_positive_dentry(parent, NULL, false);\n+\telse {\n+\t\trcu_read_lock();\n+\t\tchild = mas_find(&mas, DIR_OFFSET_MAX);\n+\t\tfound = find_positive_dentry(parent, child, false);\n+\t\trcu_read_unlock();\n+\t}\n \treturn found;\n }\n \n static bool offset_dir_emit(struct dir_context *ctx, struct dentry *dentry)\n {\n \tstruct inode *inode = d_inode(dentry);\n-\tlong offset = dentry2offset(dentry);\n \n-\treturn ctx->actor(ctx, dentry->d_name.name, dentry->d_name.len, offset,\n-\t\t\t  inode->i_ino, fs_umode_to_dtype(inode->i_mode));\n+\treturn dir_emit(ctx, dentry->d_name.name, dentry->d_name.len,\n+\t\t\tinode->i_ino, fs_umode_to_dtype(inode->i_mode));\n }\n \n-static void offset_iterate_dir(struct inode *inode, struct dir_context *ctx)\n+static void offset_iterate_dir(struct file *file, struct dir_context *ctx)\n {\n-\tstruct offset_ctx *octx = inode->i_op->get_offset_ctx(inode);\n+\tstruct dentry *dir = file->f_path.dentry;\n \tstruct dentry *dentry;\n \n+\tdentry = offset_dir_lookup(dir, ctx->pos);\n+\tif (!dentry)\n+\t\tgoto out_eod;\n \twhile (true) {\n-\t\tdentry = offset_find_next(octx, ctx->pos);\n-\t\tif (!dentry)\n-\t\t\tgoto out_eod;\n+\t\tstruct dentry *next;\n \n-\t\tif (!offset_dir_emit(ctx, dentry)) {\n-\t\t\tdput(dentry);\n+\t\tctx->pos = dentry2offset(dentry);\n+\t\tif (!offset_dir_emit(ctx, dentry))\n \t\t\tbreak;\n-\t\t}\n \n-\t\tctx->pos = dentry2offset(dentry) + 1;\n+\t\tnext = find_positive_dentry(dir, dentry, true);\n \t\tdput(dentry);\n+\n+\t\tif (!next)\n+\t\t\tgoto out_eod;\n+\t\tdentry = next;\n \t}\n+\tdput(dentry);\n \treturn;\n \n out_eod:\n@@ -540,7 +572,7 @@ static int offset_readdir(struct file *file, struct dir_context *ctx)\n \tif (!dir_emit_dots(file, ctx))\n \t\treturn 0;\n \tif (ctx->pos != DIR_OFFSET_EOD)\n-\t\toffset_iterate_dir(d_inode(dir), ctx);\n+\t\toffset_iterate_dir(file, ctx);\n \treturn 0;\n }\n \n-- \n2.25.1\n\n", 'diffCode': 'modified file: fs/libfs.c\n--- workspace/linux/kernel-stable/b9b588/newer/fs/libfs.c\n+++ workspace/linux/kernel-stable/b9b588/v6.12-rc7/fs/libfs.c\n@@ -77,10 +77,6 @@\n  \t\treturn ERR_PTR(-ENAMETOOLONG);\n  \tif (!dentry->d_sb->s_d_op)\n  \t\td_set_d_op(dentry, &simple_dentry_operations);\n -\n -\tif (IS_ENABLED(CONFIG_UNICODE) && IS_CASEFOLDED(dir))\n -\t\treturn NULL;\n -\n  \td_add(dentry, NULL);\n  \treturn NULL;\n  }\n@@ -245,15 +241,9 @@\n  };\n  EXPORT_SYMBOL(simple_dir_inode_operations);\n  \n -/* simple_offset_add() never assigns these to a dentry */\n +/* 0 is \'.\', 1 is \'..\', so always start with offset 2 or more */\n  enum {\n -\tDIR_OFFSET_EOD\t\t= S32_MAX,\n -};\n -\n -/* simple_offset_add() allocation range */\n -enum {\n -\tDIR_OFFSET_MIN\t\t= 2,\n -\tDIR_OFFSET_MAX\t\t= DIR_OFFSET_EOD - 1,\n +\tDIR_OFFSET_MIN\t= 2,\n  };\n  \n  static void offset_set(struct dentry *dentry, long offset)\n@@ -297,10 +287,9 @@\n  \t\treturn -EBUSY;\n  \n  \tret = mtree_alloc_cyclic(&octx->mt, &offset, dentry, DIR_OFFSET_MIN,\n -\t\t\t\t DIR_OFFSET_MAX, &octx->next_offset,\n -\t\t\t\t GFP_KERNEL);\n -\tif (unlikely(ret < 0))\n -\t\treturn ret == -EBUSY ? -ENOSPC : ret;\n +\t\t\t\t LONG_MAX, &octx->next_offset, GFP_KERNEL);\n +\tif (ret < 0)\n +\t\treturn ret;\n  \n  \toffset_set(dentry, offset);\n  \treturn 0;\n@@ -334,6 +323,38 @@\n  \n  \tmtree_erase(&octx->mt, offset);\n  \toffset_set(dentry, 0);\n +}\n +\n +/**\n + * simple_offset_empty - Check if a dentry can be unlinked\n + * @dentry: dentry to be tested\n + *\n + * Returns 0 if @dentry is a non-empty directory; otherwise returns 1.\n + */\n +int simple_offset_empty(struct dentry *dentry)\n +{\n +\tstruct inode *inode = d_inode(dentry);\n +\tstruct offset_ctx *octx;\n +\tstruct dentry *child;\n +\tunsigned long index;\n +\tint ret = 1;\n +\n +\tif (!inode || !S_ISDIR(inode->i_mode))\n +\t\treturn ret;\n +\n +\tindex = DIR_OFFSET_MIN;\n +\toctx = inode->i_op->get_offset_ctx(inode);\n +\tmt_for_each(&octx->mt, child, index, LONG_MAX) {\n +\t\tspin_lock(&child->d_lock);\n +\t\tif (simple_positive(child)) {\n +\t\t\tspin_unlock(&child->d_lock);\n +\t\t\tret = 0;\n +\t\t\tbreak;\n +\t\t}\n +\t\tspin_unlock(&child->d_lock);\n +\t}\n +\n +\treturn ret;\n  }\n  \n  static loff_t offset_dir_llseek(struct file *file, loff_t offset, int whence)\n  {\n +\tstruct inode *inode = file->f_inode;\n +\tstruct offset_ctx *ctx = inode->i_op->get_offset_ctx(inode);\n +\n  \tswitch (whence) {\n  \tcase SEEK_CUR:\n  \t\toffset += file->f_pos;\n@@ -454,6 +486,9 @@\n  \t\treturn -EINVAL;\n  \t}\n  \n +\t/* In this case, ->private_data is protected by f_pos_lock */\n +\tif (!offset)\n +\t\tfile->private_data = (void *)ctx->next_offset;\n  \treturn vfs_setpos(file, offset, LONG_MAX);\n  }\n  \n@@ -463,7 +498,7 @@\n  \tstruct dentry *child, *found = NULL;\n  \n  \trcu_read_lock();\n -\tchild = mas_find(&mas, DIR_OFFSET_MAX);\n +\tchild = mas_find(&mas, LONG_MAX);\n  \tif (!child)\n  \t\tgoto out;\n  \tspin_lock(&child->d_lock);\n@@ -484,7 +519,7 @@\n  \t\t\t  inode->i_ino, fs_umode_to_dtype(inode->i_mode));\n  }\n  \n -static void offset_iterate_dir(struct inode *inode, struct dir_context *ctx)\n +static void offset_iterate_dir(struct inode *inode, struct dir_context *ctx, long last_index)\n  {\n  \tstruct offset_ctx *octx = inode->i_op->get_offset_ctx(inode);\n  \tstruct dentry *dentry;\n@@ -492,20 +527,21 @@\n  \twhile (true) {\n  \t\tdentry = offset_find_next(octx, ctx->pos);\n  \t\tif (!dentry)\n -\t\t\tgoto out_eod;\n +\t\t\treturn;\n +\n +\t\tif (dentry2offset(dentry) >= last_index) {\n +\t\t\tdput(dentry);\n +\t\t\treturn;\n +\t\t}\n  \n  \t\tif (!offset_dir_emit(ctx, dentry)) {\n  \t\t\tdput(dentry);\n -\t\t\tbreak;\n +\t\t\treturn;\n  \t\t}\n  \n  \t\tctx->pos = dentry2offset(dentry) + 1;\n  \t\tdput(dentry);\n  \t}\n -\treturn;\n -\n -out_eod:\n -\tctx->pos = DIR_OFFSET_EOD;\n  }\n  \n -int generic_ci_d_compare(const struct dentry *dentry, unsigned int len,\n -\t\t\t const char *str, const struct qstr *name)\n +static int generic_ci_d_compare(const struct dentry *dentry, unsigned int len,\n +\t\t\t\tconst char *str, const struct qstr *name)\n  {\n  \tconst struct dentry *parent;\n  \tconst struct inode *dir;\n@@ -1788,7 +1835,6 @@\n  \n  \treturn utf8_strncasecmp(dentry->d_sb->s_encoding, name, &qstr);\n  }\n -EXPORT_SYMBOL(generic_ci_d_compare);\n  \n -int generic_ci_d_hash(const struct dentry *dentry, struct qstr *str)\n +static int generic_ci_d_hash(const struct dentry *dentry, struct qstr *str)\n  {\n  \tconst struct inode *dir = READ_ONCE(dentry->d_inode);\n  \tstruct super_block *sb = dentry->d_sb;\n@@ -1812,7 +1858,6 @@\n  \t\treturn -EINVAL;\n  \treturn 0;\n  }\n -EXPORT_SYMBOL(generic_ci_d_hash);\n  \n  static const struct dentry_operations generic_ci_dentry_ops = {\n  \t.d_hash = generic_ci_d_hash,\n\n""""""\n'}]}
2025-06-05 17:10:47.372 | INFO     | modules.llm_adapter:_get_context_diff:837 - ==========
2025-06-05 17:10:47.373 | INFO     | modules.llm_adapter:_call_llm:932 - 使用标准提示模式，使用diff模板: backport-diff
2025-06-05 17:10:47.462 | INFO     | llm_assistant:run:278 - +++++++++++++++++++++++++++++++++++
2025-06-05 17:11:45.625 | INFO     | llm_assistant:run:298 - ---responses in run: [{'prompt': [{'role': 'system', 'content': 'You are a senior software engineer who is best in the world at fixing vulnerabilities and patch porting between versions.\nUsers will give you 1. a patch based on a newer version 2. the diff info between the newer version and and older version. \nAnd you will generate a fix patch to the older version in the form of git diff based on the provided INSTRUCTION.\nINSTRUCTION:\nOnly reterun the final result after patch and diff information are entered. When all the information is entered, it will be identified with \u200d\u200d```===end===\u200d\u200d```\nOnly respond with the patch info, do not add any comments or change the indentation.\nThe patch should have no errors, it should compile and user should be able to use the fixed code as a direct replacement of the vulnerable code. The code should not introduce any new dependencies or use API calls that are not present in the code.\nIf you can generate a backport patch for the patch, do a brief change impact analysis to assess how these modifications might affect the overall system, considering both immediate and potential long-term compatibility issues.\nLow: Code diff will be applied to the code base and automatically merged without review.\nMedium: Code diff will be applied and a pull request will be sent to the developer to merge, but there are no indirect changes expected to be done in other parts of the system.\nHigh: Code diff will be offered as a suggestion to the developer to review and then apply to the code base. There are likely other changes that need to be done by the developer before the change can be implemented.\nPlease provide a response only in the following format:\n\nA. Commit message:\n<brief summary of the diff>\n\nB. Change summary:\n<description of the changes made in the diff>\n\nC. Compatibility Risk:\n<Low, Medium, High>\n\nD. Fixed Code:\n<original patch info with now backported>\n\n'}, {'role': 'system', 'content': "1. a patch based on a newer version: \nFrom b9b588f22a0c049a14885399e27625635ae6ef91 Mon Sep 17 00:00:00 2001\nFrom: Chuck Lever <chuck.lever@oracle.com>\nDate: Sat, 28 Dec 2024 12:55:21 -0500\nSubject: [PATCH] libfs: Use d_children list to iterate simple_offset\n directories\n\nThe mtree mechanism has been effective at creating directory offsets\nthat are stable over multiple opendir instances. However, it has not\nbeen able to handle the subtleties of renames that are concurrent\nwith readdir.\n\nInstead of using the mtree to emit entries in the order of their\noffset values, use it only to map incoming ctx->pos to a starting\nentry. Then use the directory's d_children list, which is already\nmaintained properly by the dcache, to find the next child to emit.\n\nOne of the sneaky things about this is that when the mtree-allocated\noffset value wraps (which is very rare), looking up ctx->pos++ is\nnot going to find the next entry; it will return NULL. Instead, by\nfollowing the d_children list, the offset values can appear in any\norder but all of the entries in the directory will be visited\neventually.\n\nNote also that the readdir() is guaranteed to reach the tail of this\nlist. Entries are added only at the head of d_children, and readdir\nwalks from its current position in that list towards its tail.\n\nSigned-off-by: Chuck Lever <chuck.lever@oracle.com>\nLink: https://lore.kernel.org/r/20241228175522.1854234-6-cel@kernel.org\nSigned-off-by: Christian Brauner <brauner@kernel.org>\n\ndiff --git a/fs/libfs.c b/fs/libfs.c\nindex 47399f90511a..279442b1fe96 100644\n--- a/fs/libfs.c\n+++ b/fs/libfs.c\n@@ -247,12 +247,13 @@ EXPORT_SYMBOL(simple_dir_inode_operations);\n \n /* simple_offset_add() never assigns these to a dentry */\n enum {\n+\tDIR_OFFSET_FIRST\t= 2,\t\t/* Find first real entry */\n \tDIR_OFFSET_EOD\t\t= S32_MAX,\n };\n \n /* simple_offset_add() allocation range */\n enum {\n-\tDIR_OFFSET_MIN\t\t= 2,\n+\tDIR_OFFSET_MIN\t\t= DIR_OFFSET_FIRST + 1,\n \tDIR_OFFSET_MAX\t\t= DIR_OFFSET_EOD - 1,\n };\n \n@@ -457,51 +458,82 @@ static loff_t offset_dir_llseek(struct file *file, loff_t offset, int whence)\n \treturn vfs_setpos(file, offset, LONG_MAX);\n }\n \n-static struct dentry *offset_find_next(struct offset_ctx *octx, loff_t offset)\n+static struct dentry *find_positive_dentry(struct dentry *parent,\n+\t\t\t\t\t   struct dentry *dentry,\n+\t\t\t\t\t   bool next)\n {\n-\tMA_STATE(mas, &octx->mt, offset, offset);\n+\tstruct dentry *found = NULL;\n+\n+\tspin_lock(&parent->d_lock);\n+\tif (next)\n+\t\tdentry = d_next_sibling(dentry);\n+\telse if (!dentry)\n+\t\tdentry = d_first_child(parent);\n+\thlist_for_each_entry_from(dentry, d_sib) {\n+\t\tif (!simple_positive(dentry))\n+\t\t\tcontinue;\n+\t\tspin_lock_nested(&dentry->d_lock, DENTRY_D_LOCK_NESTED);\n+\t\tif (simple_positive(dentry))\n+\t\t\tfound = dget_dlock(dentry);\n+\t\tspin_unlock(&dentry->d_lock);\n+\t\tif (likely(found))\n+\t\t\tbreak;\n+\t}\n+\tspin_unlock(&parent->d_lock);\n+\treturn found;\n+}\n+\n+static noinline_for_stack struct dentry *\n+offset_dir_lookup(struct dentry *parent, loff_t offset)\n+{\n+\tstruct inode *inode = d_inode(parent);\n+\tstruct offset_ctx *octx = inode->i_op->get_offset_ctx(inode);\n \tstruct dentry *child, *found = NULL;\n \n-\trcu_read_lock();\n-\tchild = mas_find(&mas, DIR_OFFSET_MAX);\n-\tif (!child)\n-\t\tgoto out;\n-\tspin_lock(&child->d_lock);\n-\tif (simple_positive(child))\n-\t\tfound = dget_dlock(child);\n-\tspin_unlock(&child->d_lock);\n-out:\n-\trcu_read_unlock();\n+\tMA_STATE(mas, &octx->mt, offset, offset);\n+\n+\tif (offset == DIR_OFFSET_FIRST)\n+\t\tfound = find_positive_dentry(parent, NULL, false);\n+\telse {\n+\t\trcu_read_lock();\n+\t\tchild = mas_find(&mas, DIR_OFFSET_MAX);\n+\t\tfound = find_positive_dentry(parent, child, false);\n+\t\trcu_read_unlock();\n+\t}\n \treturn found;\n }\n \n static bool offset_dir_emit(struct dir_context *ctx, struct dentry *dentry)\n {\n \tstruct inode *inode = d_inode(dentry);\n-\tlong offset = dentry2offset(dentry);\n \n-\treturn ctx->actor(ctx, dentry->d_name.name, dentry->d_name.len, offset,\n-\t\t\t  inode->i_ino, fs_umode_to_dtype(inode->i_mode));\n+\treturn dir_emit(ctx, dentry->d_name.name, dentry->d_name.len,\n+\t\t\tinode->i_ino, fs_umode_to_dtype(inode->i_mode));\n }\n \n-static void offset_iterate_dir(struct inode *inode, struct dir_context *ctx)\n+static void offset_iterate_dir(struct file *file, struct dir_context *ctx)\n {\n-\tstruct offset_ctx *octx = inode->i_op->get_offset_ctx(inode);\n+\tstruct dentry *dir = file->f_path.dentry;\n \tstruct dentry *dentry;\n \n+\tdentry = offset_dir_lookup(dir, ctx->pos);\n+\tif (!dentry)\n+\t\tgoto out_eod;\n \twhile (true) {\n-\t\tdentry = offset_find_next(octx, ctx->pos);\n-\t\tif (!dentry)\n-\t\t\tgoto out_eod;\n+\t\tstruct dentry *next;\n \n-\t\tif (!offset_dir_emit(ctx, dentry)) {\n-\t\t\tdput(dentry);\n+\t\tctx->pos = dentry2offset(dentry);\n+\t\tif (!offset_dir_emit(ctx, dentry))\n \t\t\tbreak;\n-\t\t}\n \n-\t\tctx->pos = dentry2offset(dentry) + 1;\n+\t\tnext = find_positive_dentry(dir, dentry, true);\n \t\tdput(dentry);\n+\n+\t\tif (!next)\n+\t\t\tgoto out_eod;\n+\t\tdentry = next;\n \t}\n+\tdput(dentry);\n \treturn;\n \n out_eod:\n@@ -540,7 +572,7 @@ static int offset_readdir(struct file *file, struct dir_context *ctx)\n \tif (!dir_emit_dots(file, ctx))\n \t\treturn 0;\n \tif (ctx->pos != DIR_OFFSET_EOD)\n-\t\toffset_iterate_dir(d_inode(dir), ctx);\n+\t\toffset_iterate_dir(file, ctx);\n \treturn 0;\n }\n \n-- \n2.25.1\n\n"}, {'role': 'system', 'content': '2. the diff info between the newer version and and older version: \nmodified file: fs/libfs.c\n--- workspace/linux/kernel-stable/b9b588/newer/fs/libfs.c\n+++ workspace/linux/kernel-stable/b9b588/v6.12-rc7/fs/libfs.c\n@@ -77,10 +77,6 @@\n  \t\treturn ERR_PTR(-ENAMETOOLONG);\n  \tif (!dentry->d_sb->s_d_op)\n  \t\td_set_d_op(dentry, &simple_dentry_operations);\n -\n -\tif (IS_ENABLED(CONFIG_UNICODE) && IS_CASEFOLDED(dir))\n -\t\treturn NULL;\n -\n  \td_add(dentry, NULL);\n  \treturn NULL;\n  }\n@@ -245,15 +241,9 @@\n  };\n  EXPORT_SYMBOL(simple_dir_inode_operations);\n  \n -/* simple_offset_add() never assigns these to a dentry */\n +/* 0 is \'.\', 1 is \'..\', so always start with offset 2 or more */\n  enum {\n -\tDIR_OFFSET_EOD\t\t= S32_MAX,\n -};\n -\n -/* simple_offset_add() allocation range */\n -enum {\n -\tDIR_OFFSET_MIN\t\t= 2,\n -\tDIR_OFFSET_MAX\t\t= DIR_OFFSET_EOD - 1,\n +\tDIR_OFFSET_MIN\t= 2,\n  };\n  \n  static void offset_set(struct dentry *dentry, long offset)\n@@ -297,10 +287,9 @@\n  \t\treturn -EBUSY;\n  \n  \tret = mtree_alloc_cyclic(&octx->mt, &offset, dentry, DIR_OFFSET_MIN,\n -\t\t\t\t DIR_OFFSET_MAX, &octx->next_offset,\n -\t\t\t\t GFP_KERNEL);\n -\tif (unlikely(ret < 0))\n -\t\treturn ret == -EBUSY ? -ENOSPC : ret;\n +\t\t\t\t LONG_MAX, &octx->next_offset, GFP_KERNEL);\n +\tif (ret < 0)\n +\t\treturn ret;\n  \n  \toffset_set(dentry, offset);\n  \treturn 0;\n@@ -334,6 +323,38 @@\n  \n  \tmtree_erase(&octx->mt, offset);\n  \toffset_set(dentry, 0);\n +}\n +\n +/**\n + * simple_offset_empty - Check if a dentry can be unlinked\n + * @dentry: dentry to be tested\n + *\n + * Returns 0 if @dentry is a non-empty directory; otherwise returns 1.\n + */\n +int simple_offset_empty(struct dentry *dentry)\n +{\n +\tstruct inode *inode = d_inode(dentry);\n +\tstruct offset_ctx *octx;\n +\tstruct dentry *child;\n +\tunsigned long index;\n +\tint ret = 1;\n +\n +\tif (!inode || !S_ISDIR(inode->i_mode))\n +\t\treturn ret;\n +\n +\tindex = DIR_OFFSET_MIN;\n +\toctx = inode->i_op->get_offset_ctx(inode);\n +\tmt_for_each(&octx->mt, child, index, LONG_MAX) {\n +\t\tspin_lock(&child->d_lock);\n +\t\tif (simple_positive(child)) {\n +\t\t\tspin_unlock(&child->d_lock);\n +\t\t\tret = 0;\n +\t\t\tbreak;\n +\t\t}\n +\t\tspin_unlock(&child->d_lock);\n +\t}\n +\n +\treturn ret;\n  }\n  \n  static loff_t offset_dir_llseek(struct file *file, loff_t offset, int whence)\n  {\n +\tstruct inode *inode = file->f_inode;\n +\tstruct offset_ctx *ctx = inode->i_op->get_offset_ctx(inode);\n +\n  \tswitch (whence) {\n  \tcase SEEK_CUR:\n  \t\toffset += file->f_pos;\n@@ -454,6 +486,9 @@\n  \t\treturn -EINVAL;\n  \t}\n  \n +\t/* In this case, ->private_data is protected by f_pos_lock */\n +\tif (!offset)\n +\t\tfile->private_data = (void *)ctx->next_offset;\n  \treturn vfs_setpos(file, offset, LONG_MAX);\n  }\n  \n@@ -463,7 +498,7 @@\n  \tstruct dentry *child, *found = NULL;\n  \n  \trcu_read_lock();\n -\tchild = mas_find(&mas, DIR_OFFSET_MAX);\n +\tchild = mas_find(&mas, LONG_MAX);\n  \tif (!child)\n  \t\tgoto out;\n  \tspin_lock(&child->d_lock);\n@@ -484,7 +519,7 @@\n  \t\t\t  inode->i_ino, fs_umode_to_dtype(inode->i_mode));\n  }\n  \n -static void offset_iterate_dir(struct inode *inode, struct dir_context *ctx)\n +static void offset_iterate_dir(struct inode *inode, struct dir_context *ctx, long last_index)\n  {\n  \tstruct offset_ctx *octx = inode->i_op->get_offset_ctx(inode);\n  \tstruct dentry *dentry;\n@@ -492,20 +527,21 @@\n  \twhile (true) {\n  \t\tdentry = offset_find_next(octx, ctx->pos);\n  \t\tif (!dentry)\n -\t\t\tgoto out_eod;\n +\t\t\treturn;\n +\n +\t\tif (dentry2offset(dentry) >= last_index) {\n +\t\t\tdput(dentry);\n +\t\t\treturn;\n +\t\t}\n  \n  \t\tif (!offset_dir_emit(ctx, dentry)) {\n  \t\t\tdput(dentry);\n -\t\t\tbreak;\n +\t\t\treturn;\n  \t\t}\n  \n  \t\tctx->pos = dentry2offset(dentry) + 1;\n  \t\tdput(dentry);\n  \t}\n -\treturn;\n -\n -out_eod:\n -\tctx->pos = DIR_OFFSET_EOD;\n  }\n  \n -int generic_ci_d_compare(const struct dentry *dentry, unsigned int len,\n -\t\t\t const char *str, const struct qstr *name)\n +static int generic_ci_d_compare(const struct dentry *dentry, unsigned int len,\n +\t\t\t\tconst char *str, const struct qstr *name)\n  {\n  \tconst struct dentry *parent;\n  \tconst struct inode *dir;\n@@ -1788,7 +1835,6 @@\n  \n  \treturn utf8_strncasecmp(dentry->d_sb->s_encoding, name, &qstr);\n  }\n -EXPORT_SYMBOL(generic_ci_d_compare);\n  \n -int generic_ci_d_hash(const struct dentry *dentry, struct qstr *str)\n +static int generic_ci_d_hash(const struct dentry *dentry, struct qstr *str)\n  {\n  \tconst struct inode *dir = READ_ONCE(dentry->d_inode);\n  \tstruct super_block *sb = dentry->d_sb;\n@@ -1812,7 +1858,6 @@\n  \t\treturn -EINVAL;\n  \treturn 0;\n  }\n -EXPORT_SYMBOL(generic_ci_d_hash);\n  \n  static const struct dentry_operations generic_ci_dentry_ops = {\n  \t.d_hash = generic_ci_d_hash,\n\n""""""\n\n===end==='}, {'role': 'user', 'content': 'Please return the final result.'}], 'response': "A. Commit message:\nlibfs: Backport patch to use d_children list for iterating simple_offset directories\n\nB. Change summary:\nBackported the changes from the newer version to the older version of fs/libfs.c. The key modifications include updating the directory iteration logic to leverage the d_children list maintained by the dcache instead of relying solely on mtree offsets. Adjusted function signatures and logic to ensure compatibility with the older codebase while preserving the functionality improvements.\n\nC. Compatibility Risk:\nMedium\n\nD. Fixed Code:\ndiff --git a/fs/libfs.c b/fs/libfs.c\nindex 47399f90511a..279442b1fe96 100644\n--- a/fs/libfs.c\n+++ b/fs/libfs.c\n@@ -241,11 +241,13 @@ EXPORT_SYMBOL(simple_dir_inode_operations);\n \n /* 0 is '.', 1 is '..', so always start with offset 2 or more */\n enum {\n+\tDIR_OFFSET_FIRST\t= 2,\t\t/* Find first real entry */\n \tDIR_OFFSET_MIN\t= 2,\n };\n \n static void offset_set(struct dentry *dentry, long offset)\n {\n+\tif (offset == DIR_OFFSET_FIRST)\n+\t\treturn;\n \tdentry->d_fsdata = (void *)(unsigned long)offset;\n }\n \n@@ -486,6 +488,38 @@ static loff_t offset_dir_llseek(struct file *file, loff_t offset, int whence)\n  \treturn vfs_setpos(file, offset, LONG_MAX);\n }\n \n+static struct dentry *find_positive_dentry(struct dentry *parent,\n+\t\t\t\t\t   struct dentry *dentry,\n+\t\t\t\t\t   bool next)\n+{\n+\tstruct dentry *found = NULL;\n+\n+\tspin_lock(&parent->d_lock);\n+\tif (next)\n+\t\tdentry = d_next_sibling(dentry);\n+\telse if (!dentry)\n+\t\tdentry = d_first_child(parent);\n+\thlist_for_each_entry_from(dentry, d_sib) {\n+\t\tif (!simple_positive(dentry))\n+\t\t\tcontinue;\n+\t\tspin_lock_nested(&dentry->d_lock, DENTRY_D_LOCK_NESTED);\n+\t\tif (simple_positive(dentry))\n+\t\t\tfound = dget_dlock(dentry);\n+\t\tspin_unlock(&dentry->d_lock);\n+\t\tif (likely(found))\n+\t\t\tbreak;\n+\t}\n+\tspin_unlock(&parent->d_lock);\n+\treturn found;\n+}\n+\n+static noinline_for_stack struct dentry *\n+offset_dir_lookup(struct dentry *parent, loff_t offset)\n+{\n+\tstruct inode *inode = d_inode(parent);\n+\tstruct offset_ctx *octx = inode->i_op->get_offset_ctx(inode);\n+\tstruct dentry *child, *found = NULL;\n+\n+\tMA_STATE(mas, &octx->mt, offset, LONG_MAX);\n+\n+\tif (offset == DIR_OFFSET_FIRST)\n+\t\tfound = find_positive_dentry(parent, NULL, false);\n+\telse {\n+\t\trcu_read_lock();\n+\t\tchild = mas_find(&mas, LONG_MAX);\n+\t\tfound = find_positive_dentry(parent, child, false);\n+\t\trcu_read_unlock();\n+\t}\n+\treturn found;\n+}\n+\n static bool offset_dir_emit(struct dir_context *ctx, struct dentry *dentry)\n {\n \tstruct inode *inode = d_inode(dentry);\n-\tlong offset = dentry2offset(dentry);\n \n-\treturn ctx->actor(ctx, dentry->d_name.name, dentry->d_name.len, offset,\n-\t\t\t  inode->i_ino, fs_umode_to_dtype(inode->i_mode));\n+\treturn dir_emit(ctx, dentry->d_name.name, dentry->d_name.len,\n+\t\t\tinode->i_ino, fs_umode_to_dtype(inode->i_mode));\n }\n \n-static void offset_iterate_dir(struct inode *inode, struct dir_context *ctx, long last_index)\n+static void offset_iterate_dir(struct file *file, struct dir_context *ctx)\n {\n-\tstruct offset_ctx *octx = inode->i_op->get_offset_ctx(inode);\n+\tstruct dentry *dir = file->f_path.dentry;\n \tstruct dentry *dentry;\n \n+\tdentry = offset_dir_lookup(dir, ctx->pos);\n+\tif (!dentry)\n+\t\tgoto out_eod;\n \twhile (true) {\n-\t\tdentry = offset_find_next(octx, ctx->pos);\n-\t\tif (!dentry)\n-\t\t\tgoto out_eod;\n+\t\tstruct dentry *next;\n \n-\t\tif (dentry2offset(dentry) >= last_index) {\n-\t\t\tdput(dentry);\n-\t\t\treturn;\n-\t\t}\n+\t\tctx->pos = dentry2offset(dentry);\n+\t\tif (!offset_dir_emit(ctx, dentry))\n+\t\t\tbreak;\n \n-\t\tif (!offset_dir_emit(ctx, dentry)) {\n-\t\t\tdput(dentry);\n-\t\t\treturn;\n-\t\t}\n+\t\tnext = find_positive_dentry(dir, dentry, true);\n \t\tdput(dentry);\n+\n+\t\tif (!next)\n+\t\t\tgoto out_eod;\n+\t\tdentry = next;\n \t}\n+\tdput(dentry);\n \treturn;\n \n-out_eod:\n-\tctx->pos = DIR_OFFSET_EOD;\n+out_eod:\n+\tctx->pos = 2; /* Reset position for next iteration */\n }\n \n static int offset_readdir(struct file *file, struct dir_context *ctx)\n \tif (!dir_emit_dots(file, ctx))\n \t\treturn 0;\n \tif (ctx->pos != 2)\n-\t\toffset_iterate_dir(d_inode(dir), ctx, LONG_MAX);\n+\t\toffset_iterate_dir(file, ctx);\n \treturn 0;\n }", 'request_token': 0, 'response_token': 0}]
2025-06-05 17:11:45.628 | INFO     | modules.llm_adapter:_call_llm:954 - llm.run() result:{'openai_responses': ["A. Commit message:\nlibfs: Backport patch to use d_children list for iterating simple_offset directories\n\nB. Change summary:\nBackported the changes from the newer version to the older version of fs/libfs.c. The key modifications include updating the directory iteration logic to leverage the d_children list maintained by the dcache instead of relying solely on mtree offsets. Adjusted function signatures and logic to ensure compatibility with the older codebase while preserving the functionality improvements.\n\nC. Compatibility Risk:\nMedium\n\nD. Fixed Code:\ndiff --git a/fs/libfs.c b/fs/libfs.c\nindex 47399f90511a..279442b1fe96 100644\n--- a/fs/libfs.c\n+++ b/fs/libfs.c\n@@ -241,11 +241,13 @@ EXPORT_SYMBOL(simple_dir_inode_operations);\n \n /* 0 is '.', 1 is '..', so always start with offset 2 or more */\n enum {\n+\tDIR_OFFSET_FIRST\t= 2,\t\t/* Find first real entry */\n \tDIR_OFFSET_MIN\t= 2,\n };\n \n static void offset_set(struct dentry *dentry, long offset)\n {\n+\tif (offset == DIR_OFFSET_FIRST)\n+\t\treturn;\n \tdentry->d_fsdata = (void *)(unsigned long)offset;\n }\n \n@@ -486,6 +488,38 @@ static loff_t offset_dir_llseek(struct file *file, loff_t offset, int whence)\n  \treturn vfs_setpos(file, offset, LONG_MAX);\n }\n \n+static struct dentry *find_positive_dentry(struct dentry *parent,\n+\t\t\t\t\t   struct dentry *dentry,\n+\t\t\t\t\t   bool next)\n+{\n+\tstruct dentry *found = NULL;\n+\n+\tspin_lock(&parent->d_lock);\n+\tif (next)\n+\t\tdentry = d_next_sibling(dentry);\n+\telse if (!dentry)\n+\t\tdentry = d_first_child(parent);\n+\thlist_for_each_entry_from(dentry, d_sib) {\n+\t\tif (!simple_positive(dentry))\n+\t\t\tcontinue;\n+\t\tspin_lock_nested(&dentry->d_lock, DENTRY_D_LOCK_NESTED);\n+\t\tif (simple_positive(dentry))\n+\t\t\tfound = dget_dlock(dentry);\n+\t\tspin_unlock(&dentry->d_lock);\n+\t\tif (likely(found))\n+\t\t\tbreak;\n+\t}\n+\tspin_unlock(&parent->d_lock);\n+\treturn found;\n+}\n+\n+static noinline_for_stack struct dentry *\n+offset_dir_lookup(struct dentry *parent, loff_t offset)\n+{\n+\tstruct inode *inode = d_inode(parent);\n+\tstruct offset_ctx *octx = inode->i_op->get_offset_ctx(inode);\n+\tstruct dentry *child, *found = NULL;\n+\n+\tMA_STATE(mas, &octx->mt, offset, LONG_MAX);\n+\n+\tif (offset == DIR_OFFSET_FIRST)\n+\t\tfound = find_positive_dentry(parent, NULL, false);\n+\telse {\n+\t\trcu_read_lock();\n+\t\tchild = mas_find(&mas, LONG_MAX);\n+\t\tfound = find_positive_dentry(parent, child, false);\n+\t\trcu_read_unlock();\n+\t}\n+\treturn found;\n+}\n+\n static bool offset_dir_emit(struct dir_context *ctx, struct dentry *dentry)\n {\n \tstruct inode *inode = d_inode(dentry);\n-\tlong offset = dentry2offset(dentry);\n \n-\treturn ctx->actor(ctx, dentry->d_name.name, dentry->d_name.len, offset,\n-\t\t\t  inode->i_ino, fs_umode_to_dtype(inode->i_mode));\n+\treturn dir_emit(ctx, dentry->d_name.name, dentry->d_name.len,\n+\t\t\tinode->i_ino, fs_umode_to_dtype(inode->i_mode));\n }\n \n-static void offset_iterate_dir(struct inode *inode, struct dir_context *ctx, long last_index)\n+static void offset_iterate_dir(struct file *file, struct dir_context *ctx)\n {\n-\tstruct offset_ctx *octx = inode->i_op->get_offset_ctx(inode);\n+\tstruct dentry *dir = file->f_path.dentry;\n \tstruct dentry *dentry;\n \n+\tdentry = offset_dir_lookup(dir, ctx->pos);\n+\tif (!dentry)\n+\t\tgoto out_eod;\n \twhile (true) {\n-\t\tdentry = offset_find_next(octx, ctx->pos);\n-\t\tif (!dentry)\n-\t\t\tgoto out_eod;\n+\t\tstruct dentry *next;\n \n-\t\tif (dentry2offset(dentry) >= last_index) {\n-\t\t\tdput(dentry);\n-\t\t\treturn;\n-\t\t}\n+\t\tctx->pos = dentry2offset(dentry);\n+\t\tif (!offset_dir_emit(ctx, dentry))\n+\t\t\tbreak;\n \n-\t\tif (!offset_dir_emit(ctx, dentry)) {\n-\t\t\tdput(dentry);\n-\t\t\treturn;\n-\t\t}\n+\t\tnext = find_positive_dentry(dir, dentry, true);\n \t\tdput(dentry);\n+\n+\t\tif (!next)\n+\t\t\tgoto out_eod;\n+\t\tdentry = next;\n \t}\n+\tdput(dentry);\n \treturn;\n \n-out_eod:\n-\tctx->pos = DIR_OFFSET_EOD;\n+out_eod:\n+\tctx->pos = 2; /* Reset position for next iteration */\n }\n \n static int offset_readdir(struct file *file, struct dir_context *ctx)\n \tif (!dir_emit_dots(file, ctx))\n \t\treturn 0;\n \tif (ctx->pos != 2)\n-\t\toffset_iterate_dir(d_inode(dir), ctx, LONG_MAX);\n+\t\toffset_iterate_dir(file, ctx);\n \treturn 0;\n }"], 'request_tokens': [0], 'response_tokens': [0]}
2025-06-05 17:11:45.629 | INFO     | modules.llm_adapter:_parse_llm_response:1036 - 原始LLM响应(前100字符): A. Commit message:
libfs: Backport patch to use d_children list for iterating simple_offset director...
2025-06-05 17:11:45.631 | INFO     | modules.llm_adapter:_parse_llm_response:1070 - 找到diff --git格式，内容前100字符: diff --git a/fs/libfs.c b/fs/libfs.c
index 47399f90511a..279442b1fe96 100644
--- a/fs/libfs.c
+++ b/...
2025-06-05 17:11:45.632 | INFO     | modules.llm_adapter:_save_llm_response:1205 - LLM响应已保存到: workspace/linux/kernel-stable/b9b588/llm_output/output_v6.12-rc7_qwen-plus.patch
2025-06-05 17:11:45.633 | INFO     | modules.llm_adapter:_save_llm_response:1206 - 原始LLM响应已保存到: workspace/linux/kernel-stable/b9b588/llm_output/raw_output_v6.12-rc7_qwen-plus.patch
2025-06-05 17:11:45.633 | INFO     | modules.llm_adapter:execute:96 - ==================================================
2025-06-05 17:11:45.633 | INFO     | modules.llm_adapter:execute:97 - LLM适配器执行完成 - 摘要
2025-06-05 17:11:45.634 | INFO     | modules.llm_adapter:execute:98 - 提示模式: 标准模式
2025-06-05 17:11:45.634 | INFO     | modules.llm_adapter:execute:99 - 提示类型: 标准上下文差异
2025-06-05 17:11:45.634 | INFO     | modules.llm_adapter:execute:100 - 函数上下文统计: 总尝试: 0, 成功: 0, 回退: 0
2025-06-05 17:11:45.635 | INFO     | modules.llm_adapter:execute:104 - 执行时间: 75.92 秒
2025-06-05 17:11:45.635 | INFO     | modules.llm_adapter:execute:105 - 生成的补丁保存到: workspace/linux/kernel-stable/b9b588/llm_output/output_v6.12-rc7_qwen-plus.patch
2025-06-05 17:11:45.635 | INFO     | modules.llm_adapter:execute:106 - ==================================================
2025-06-05 17:11:45.636 | INFO     | modules.base_module:_save_metrics:143 - 评测指标已保存到: workspace/linux/kernel-stable/b9b588/evaluations/llm_adapter/metrics_b9b588_20250605_171145.json
2025-06-05 17:11:45.637 | INFO     | core.adaptation_pipeline:process_patch:106 - 执行模块: patch_adapter
2025-06-05 17:11:45.637 | INFO     | modules.patch_adapter:execute:47 - LLM响应文件路径: workspace/linux/kernel-stable/b9b588/llm_output/output_v6.12-rc7_qwen-plus.patch
2025-06-05 17:11:45.637 | INFO     | modules.patch_adapter:_prepare_test_branch:162 - 创建测试分支: test_adapt_v6.12-rc7_20250605_171145
2025-06-05 17:11:46.338 | INFO     | patch_adapter_utils:generate_adapted_file:834 - the first diff_content:
diff --git a/fs/libfs.c b/fs/libfs.c
index 47399f90511a..279442b1fe96 100644
--- a/fs/libfs.c
+++ b/fs/libfs.c
@@ -241,11 +241,13 @@ EXPORT_SYMBOL(simple_dir_inode_operations);
 
 /* 0 is '.', 1 is '..', so always start with offset 2 or more */
 enum {
+	DIR_OFFSET_FIRST	= 2,		/* Find first real entry */
 	DIR_OFFSET_MIN	= 2,
 };
 
 static void offset_set(struct dentry *dentry, long offset)
 {
+	if (offset == DIR_OFFSET_FIRST)
+		return;
 	dentry->d_fsdata = (void *)(unsigned long)offset;
 }
 
@@ -486,6 +488,38 @@ static loff_t offset_dir_llseek(struct file *file, loff_t offset, int whence)
  	return vfs_setpos(file, offset, LONG_MAX);
 }
 
+static struct dentry *find_positive_dentry(struct dentry *parent,
+					   struct dentry *dentry,
+					   bool next)
+{
+	struct dentry *found = NULL;
+
+	spin_lock(&parent->d_lock);
+	if (next)
+		dentry = d_next_sibling(dentry);
+	else if (!dentry)
+		dentry = d_first_child(parent);
+	hlist_for_each_entry_from(dentry, d_sib) {
+		if (!simple_positive(dentry))
+			continue;
+		spin_lock_nested(&dentry->d_lock, DENTRY_D_LOCK_NESTED);
+		if (simple_positive(dentry))
+			found = dget_dlock(dentry);
+		spin_unlock(&dentry->d_lock);
+		if (likely(found))
+			break;
+	}
+	spin_unlock(&parent->d_lock);
+	return found;
+}
+
+static noinline_for_stack struct dentry *
+offset_dir_lookup(struct dentry *parent, loff_t offset)
+{
+	struct inode *inode = d_inode(parent);
+	struct offset_ctx *octx = inode->i_op->get_offset_ctx(inode);
+	struct dentry *child, *found = NULL;
+
+	MA_STATE(mas, &octx->mt, offset, LONG_MAX);
+
+	if (offset == DIR_OFFSET_FIRST)
+		found = find_positive_dentry(parent, NULL, false);
+	else {
+		rcu_read_lock();
+		child = mas_find(&mas, LONG_MAX);
+		found = find_positive_dentry(parent, child, false);
+		rcu_read_unlock();
+	}
+	return found;
+}
+
 static bool offset_dir_emit(struct dir_context *ctx, struct dentry *dentry)
 {
 	struct inode *inode = d_inode(dentry);
-	long offset = dentry2offset(dentry);
 
-	return ctx->actor(ctx, dentry->d_name.name, dentry->d_name.len, offset,
-			  inode->i_ino, fs_umode_to_dtype(inode->i_mode));
+	return dir_emit(ctx, dentry->d_name.name, dentry->d_name.len,
+			inode->i_ino, fs_umode_to_dtype(inode->i_mode));
 }
 
-static void offset_iterate_dir(struct inode *inode, struct dir_context *ctx, long last_index)
+static void offset_iterate_dir(struct file *file, struct dir_context *ctx)
 {
-	struct offset_ctx *octx = inode->i_op->get_offset_ctx(inode);
+	struct dentry *dir = file->f_path.dentry;
 	struct dentry *dentry;
 
+	dentry = offset_dir_lookup(dir, ctx->pos);
+	if (!dentry)
+		goto out_eod;
 	while (true) {
-		dentry = offset_find_next(octx, ctx->pos);
-		if (!dentry)
-			goto out_eod;
+		struct dentry *next;
 
-		if (dentry2offset(dentry) >= last_index) {
-			dput(dentry);
-			return;
-		}
+		ctx->pos = dentry2offset(dentry);
+		if (!offset_dir_emit(ctx, dentry))
+			break;
 
-		if (!offset_dir_emit(ctx, dentry)) {
-			dput(dentry);
-			return;
-		}
+		next = find_positive_dentry(dir, dentry, true);
 		dput(dentry);
+
+		if (!next)
+			goto out_eod;
+		dentry = next;
 	}
+	dput(dentry);
 	return;
 
-out_eod:
-	ctx->pos = DIR_OFFSET_EOD;
+out_eod:
+	ctx->pos = 2; /* Reset position for next iteration */
 }
 
 static int offset_readdir(struct file *file, struct dir_context *ctx)
 	if (!dir_emit_dots(file, ctx))
 		return 0;
 	if (ctx->pos != 2)
-		offset_iterate_dir(d_inode(dir), ctx, LONG_MAX);
+		offset_iterate_dir(file, ctx);
 	return 0;
 }
2025-06-05 17:11:46.338 | INFO     | patch_adapter_utils:generate_adapted_file:870 - the diff_content:
@@ -241,11 +241,13 @@ EXPORT_SYMBOL(simple_dir_inode_operations);
 
 /* 0 is '.', 1 is '..', so always start with offset 2 or more */
 enum {
+	DIR_OFFSET_FIRST	= 2,		/* Find first real entry */
 	DIR_OFFSET_MIN	= 2,
 };
 
 static void offset_set(struct dentry *dentry, long offset)
 {
+	if (offset == DIR_OFFSET_FIRST)
+		return;
 	dentry->d_fsdata = (void *)(unsigned long)offset;
 }
 
@@ -486,6 +488,38 @@ static loff_t offset_dir_llseek(struct file *file, loff_t offset, int whence)
  	return vfs_setpos(file, offset, LONG_MAX);
 }
 
+static struct dentry *find_positive_dentry(struct dentry *parent,
+					   struct dentry *dentry,
+					   bool next)
+{
+	struct dentry *found = NULL;
+
+	spin_lock(&parent->d_lock);
+	if (next)
+		dentry = d_next_sibling(dentry);
+	else if (!dentry)
+		dentry = d_first_child(parent);
+	hlist_for_each_entry_from(dentry, d_sib) {
+		if (!simple_positive(dentry))
+			continue;
+		spin_lock_nested(&dentry->d_lock, DENTRY_D_LOCK_NESTED);
+		if (simple_positive(dentry))
+			found = dget_dlock(dentry);
+		spin_unlock(&dentry->d_lock);
+		if (likely(found))
+			break;
+	}
+	spin_unlock(&parent->d_lock);
+	return found;
+}
+
+static noinline_for_stack struct dentry *
+offset_dir_lookup(struct dentry *parent, loff_t offset)
+{
+	struct inode *inode = d_inode(parent);
+	struct offset_ctx *octx = inode->i_op->get_offset_ctx(inode);
+	struct dentry *child, *found = NULL;
+
+	MA_STATE(mas, &octx->mt, offset, LONG_MAX);
+
+	if (offset == DIR_OFFSET_FIRST)
+		found = find_positive_dentry(parent, NULL, false);
+	else {
+		rcu_read_lock();
+		child = mas_find(&mas, LONG_MAX);
+		found = find_positive_dentry(parent, child, false);
+		rcu_read_unlock();
+	}
+	return found;
+}
+
 static bool offset_dir_emit(struct dir_context *ctx, struct dentry *dentry)
 {
 	struct inode *inode = d_inode(dentry);
-	long offset = dentry2offset(dentry);
 
-	return ctx->actor(ctx, dentry->d_name.name, dentry->d_name.len, offset,
-			  inode->i_ino, fs_umode_to_dtype(inode->i_mode));
+	return dir_emit(ctx, dentry->d_name.name, dentry->d_name.len,
+			inode->i_ino, fs_umode_to_dtype(inode->i_mode));
 }
 
-static void offset_iterate_dir(struct inode *inode, struct dir_context *ctx, long last_index)
+static void offset_iterate_dir(struct file *file, struct dir_context *ctx)
 {
-	struct offset_ctx *octx = inode->i_op->get_offset_ctx(inode);
+	struct dentry *dir = file->f_path.dentry;
 	struct dentry *dentry;
 
+	dentry = offset_dir_lookup(dir, ctx->pos);
+	if (!dentry)
+		goto out_eod;
 	while (true) {
-		dentry = offset_find_next(octx, ctx->pos);
-		if (!dentry)
-			goto out_eod;
+		struct dentry *next;
 
-		if (dentry2offset(dentry) >= last_index) {
-			dput(dentry);
-			return;
-		}
+		ctx->pos = dentry2offset(dentry);
+		if (!offset_dir_emit(ctx, dentry))
+			break;
 
-		if (!offset_dir_emit(ctx, dentry)) {
-			dput(dentry);
-			return;
-		}
+		next = find_positive_dentry(dir, dentry, true);
 		dput(dentry);
+
+		if (!next)
+			goto out_eod;
+		dentry = next;
 	}
+	dput(dentry);
 	return;
 
-out_eod:
-	ctx->pos = DIR_OFFSET_EOD;
+out_eod:
+	ctx->pos = 2; /* Reset position for next iteration */
 }
 
 static int offset_readdir(struct file *file, struct dir_context *ctx)
 	if (!dir_emit_dots(file, ctx))
 		return 0;
 	if (ctx->pos != 2)
-		offset_iterate_dir(d_inode(dir), ctx, LONG_MAX);
+		offset_iterate_dir(file, ctx);
 	return 0;
 }
2025-06-05 17:11:46.340 | INFO     | patch_adapter_utils:generate_adapted_file:892 - hunk_text is @@ -241,11 +241,13 @@ EXPORT_SYMBOL(simple_dir_inode_operations);
 
 /* 0 is '.', 1 is '..', so always start with offset 2 or more */
 enum {
+	DIR_OFFSET_FIRST	= 2,		/* Find first real entry */
 	DIR_OFFSET_MIN	= 2,
 };
 
 static void offset_set(struct dentry *dentry, long offset)
 {
+	if (offset == DIR_OFFSET_FIRST)
+		return;
 	dentry->d_fsdata = (void *)(unsigned long)offset;
 }
 

2025-06-05 17:11:46.340 | INFO     | patch_adapter_utils:generate_adapted_file:899 - hunk is {'line_numbers': {'old_start': 241, 'old_count': 11, 'new_start': 241, 'new_count': 13}, 'lines': [('context', ''), ('context', "/* 0 is '.', 1 is '..', so always start with offset 2 or more */"), ('context', 'enum {'), ('add', '\tDIR_OFFSET_FIRST\t= 2,\t\t/* Find first real entry */'), ('context', '\tDIR_OFFSET_MIN\t= 2,'), ('context', '};'), ('context', ''), ('context', 'static void offset_set(struct dentry *dentry, long offset)'), ('context', '{'), ('add', '\tif (offset == DIR_OFFSET_FIRST)'), ('add', '\t\treturn;'), ('context', '\tdentry->d_fsdata = (void *)(unsigned long)offset;'), ('context', '}'), ('context', '')]}
2025-06-05 17:11:46.346 | INFO     | patch_adapter_utils:generate_adapted_file:902 - position is 242
2025-06-05 17:11:46.347 | INFO     | patch_adapter_utils:generate_adapted_file:892 - hunk_text is @@ -486,6 +488,38 @@ static loff_t offset_dir_llseek(struct file *file, loff_t offset, int whence)
  	return vfs_setpos(file, offset, LONG_MAX);
 }
 
+static struct dentry *find_positive_dentry(struct dentry *parent,
+					   struct dentry *dentry,
+					   bool next)
+{
+	struct dentry *found = NULL;
+
+	spin_lock(&parent->d_lock);
+	if (next)
+		dentry = d_next_sibling(dentry);
+	else if (!dentry)
+		dentry = d_first_child(parent);
+	hlist_for_each_entry_from(dentry, d_sib) {
+		if (!simple_positive(dentry))
+			continue;
+		spin_lock_nested(&dentry->d_lock, DENTRY_D_LOCK_NESTED);
+		if (simple_positive(dentry))
+			found = dget_dlock(dentry);
+		spin_unlock(&dentry->d_lock);
+		if (likely(found))
+			break;
+	}
+	spin_unlock(&parent->d_lock);
+	return found;
+}
+
+static noinline_for_stack struct dentry *
+offset_dir_lookup(struct dentry *parent, loff_t offset)
+{
+	struct inode *inode = d_inode(parent);
+	struct offset_ctx *octx = inode->i_op->get_offset_ctx(inode);
+	struct dentry *child, *found = NULL;
+
+	MA_STATE(mas, &octx->mt, offset, LONG_MAX);
+
+	if (offset == DIR_OFFSET_FIRST)
+		found = find_positive_dentry(parent, NULL, false);
+	else {
+		rcu_read_lock();
+		child = mas_find(&mas, LONG_MAX);
+		found = find_positive_dentry(parent, child, false);
+		rcu_read_unlock();
+	}
+	return found;
+}
+
 static bool offset_dir_emit(struct dir_context *ctx, struct dentry *dentry)
 {
 	struct inode *inode = d_inode(dentry);
-	long offset = dentry2offset(dentry);
 
-	return ctx->actor(ctx, dentry->d_name.name, dentry->d_name.len, offset,
-			  inode->i_ino, fs_umode_to_dtype(inode->i_mode));
+	return dir_emit(ctx, dentry->d_name.name, dentry->d_name.len,
+			inode->i_ino, fs_umode_to_dtype(inode->i_mode));
 }
 
-static void offset_iterate_dir(struct inode *inode, struct dir_context *ctx, long last_index)
+static void offset_iterate_dir(struct file *file, struct dir_context *ctx)
 {
-	struct offset_ctx *octx = inode->i_op->get_offset_ctx(inode);
+	struct dentry *dir = file->f_path.dentry;
 	struct dentry *dentry;
 
+	dentry = offset_dir_lookup(dir, ctx->pos);
+	if (!dentry)
+		goto out_eod;
 	while (true) {
-		dentry = offset_find_next(octx, ctx->pos);
-		if (!dentry)
-			goto out_eod;
+		struct dentry *next;
 
-		if (dentry2offset(dentry) >= last_index) {
-			dput(dentry);
-			return;
-		}
+		ctx->pos = dentry2offset(dentry);
+		if (!offset_dir_emit(ctx, dentry))
+			break;
 
-		if (!offset_dir_emit(ctx, dentry)) {
-			dput(dentry);
-			return;
-		}
+		next = find_positive_dentry(dir, dentry, true);
 		dput(dentry);
+
+		if (!next)
+			goto out_eod;
+		dentry = next;
 	}
+	dput(dentry);
 	return;
 
-out_eod:
-	ctx->pos = DIR_OFFSET_EOD;
+out_eod:
+	ctx->pos = 2; /* Reset position for next iteration */
 }
 
 static int offset_readdir(struct file *file, struct dir_context *ctx)
 	if (!dir_emit_dots(file, ctx))
 		return 0;
 	if (ctx->pos != 2)
-		offset_iterate_dir(d_inode(dir), ctx, LONG_MAX);
+		offset_iterate_dir(file, ctx);
 	return 0;
 }
2025-06-05 17:11:46.347 | INFO     | patch_adapter_utils:generate_adapted_file:899 - hunk is {'line_numbers': {'old_start': 486, 'old_count': 6, 'new_start': 488, 'new_count': 38}, 'lines': [('context', ' \treturn vfs_setpos(file, offset, LONG_MAX);'), ('context', '}'), ('context', ''), ('add', 'static struct dentry *find_positive_dentry(struct dentry *parent,'), ('add', '\t\t\t\t\t   struct dentry *dentry,'), ('add', '\t\t\t\t\t   bool next)'), ('add', '{'), ('add', '\tstruct dentry *found = NULL;'), ('add', ''), ('add', '\tspin_lock(&parent->d_lock);'), ('add', '\tif (next)'), ('add', '\t\tdentry = d_next_sibling(dentry);'), ('add', '\telse if (!dentry)'), ('add', '\t\tdentry = d_first_child(parent);'), ('add', '\thlist_for_each_entry_from(dentry, d_sib) {'), ('add', '\t\tif (!simple_positive(dentry))'), ('add', '\t\t\tcontinue;'), ('add', '\t\tspin_lock_nested(&dentry->d_lock, DENTRY_D_LOCK_NESTED);'), ('add', '\t\tif (simple_positive(dentry))'), ('add', '\t\t\tfound = dget_dlock(dentry);'), ('add', '\t\tspin_unlock(&dentry->d_lock);'), ('add', '\t\tif (likely(found))'), ('add', '\t\t\tbreak;'), ('add', '\t}'), ('add', '\tspin_unlock(&parent->d_lock);'), ('add', '\treturn found;'), ('add', '}'), ('add', ''), ('add', 'static noinline_for_stack struct dentry *'), ('add', 'offset_dir_lookup(struct dentry *parent, loff_t offset)'), ('add', '{'), ('add', '\tstruct inode *inode = d_inode(parent);'), ('add', '\tstruct offset_ctx *octx = inode->i_op->get_offset_ctx(inode);'), ('add', '\tstruct dentry *child, *found = NULL;'), ('add', ''), ('add', '\tMA_STATE(mas, &octx->mt, offset, LONG_MAX);'), ('add', ''), ('add', '\tif (offset == DIR_OFFSET_FIRST)'), ('add', '\t\tfound = find_positive_dentry(parent, NULL, false);'), ('add', '\telse {'), ('add', '\t\trcu_read_lock();'), ('add', '\t\tchild = mas_find(&mas, LONG_MAX);'), ('add', '\t\tfound = find_positive_dentry(parent, child, false);'), ('add', '\t\trcu_read_unlock();'), ('add', '\t}'), ('add', '\treturn found;'), ('add', '}'), ('add', ''), ('context', 'static bool offset_dir_emit(struct dir_context *ctx, struct dentry *dentry)'), ('context', '{'), ('context', '\tstruct inode *inode = d_inode(dentry);'), ('remove', '\tlong offset = dentry2offset(dentry);'), ('context', ''), ('remove', '\treturn ctx->actor(ctx, dentry->d_name.name, dentry->d_name.len, offset,'), ('remove', '\t\t\t  inode->i_ino, fs_umode_to_dtype(inode->i_mode));'), ('add', '\treturn dir_emit(ctx, dentry->d_name.name, dentry->d_name.len,'), ('add', '\t\t\tinode->i_ino, fs_umode_to_dtype(inode->i_mode));'), ('context', '}'), ('context', ''), ('remove', 'static void offset_iterate_dir(struct inode *inode, struct dir_context *ctx, long last_index)'), ('add', 'static void offset_iterate_dir(struct file *file, struct dir_context *ctx)'), ('context', '{'), ('remove', '\tstruct offset_ctx *octx = inode->i_op->get_offset_ctx(inode);'), ('add', '\tstruct dentry *dir = file->f_path.dentry;'), ('context', '\tstruct dentry *dentry;'), ('context', ''), ('add', '\tdentry = offset_dir_lookup(dir, ctx->pos);'), ('add', '\tif (!dentry)'), ('add', '\t\tgoto out_eod;'), ('context', '\twhile (true) {'), ('remove', '\t\tdentry = offset_find_next(octx, ctx->pos);'), ('remove', '\t\tif (!dentry)'), ('remove', '\t\t\tgoto out_eod;'), ('add', '\t\tstruct dentry *next;'), ('context', ''), ('remove', '\t\tif (dentry2offset(dentry) >= last_index) {'), ('remove', '\t\t\tdput(dentry);'), ('remove', '\t\t\treturn;'), ('remove', '\t\t}'), ('add', '\t\tctx->pos = dentry2offset(dentry);'), ('add', '\t\tif (!offset_dir_emit(ctx, dentry))'), ('add', '\t\t\tbreak;'), ('context', ''), ('remove', '\t\tif (!offset_dir_emit(ctx, dentry)) {'), ('remove', '\t\t\tdput(dentry);'), ('remove', '\t\t\treturn;'), ('remove', '\t\t}'), ('add', '\t\tnext = find_positive_dentry(dir, dentry, true);'), ('context', '\t\tdput(dentry);'), ('add', ''), ('add', '\t\tif (!next)'), ('add', '\t\t\tgoto out_eod;'), ('add', '\t\tdentry = next;'), ('context', '\t}'), ('add', '\tdput(dentry);'), ('context', '\treturn;'), ('context', ''), ('remove', 'out_eod:'), ('remove', '\tctx->pos = DIR_OFFSET_EOD;'), ('add', 'out_eod:'), ('add', '\tctx->pos = 2; /* Reset position for next iteration */'), ('context', '}'), ('context', ''), ('context', 'static int offset_readdir(struct file *file, struct dir_context *ctx)'), ('context', '\tif (!dir_emit_dots(file, ctx))'), ('context', '\t\treturn 0;'), ('context', '\tif (ctx->pos != 2)'), ('remove', '\t\toffset_iterate_dir(d_inode(dir), ctx, LONG_MAX);'), ('add', '\t\toffset_iterate_dir(file, ctx);'), ('context', '\treturn 0;'), ('context', '}')]}
2025-06-05 17:11:46.371 | INFO     | patch_adapter_utils:generate_adapted_file:902 - position is -1
2025-06-05 17:11:46.371 | WARNING  | patch_adapter_utils:generate_adapted_file:905 - 在文件中未找到hunk的合适位置:
{'line_numbers': {'old_start': 486, 'old_count': 6, 'new_start': 488, 'new_count': 38}, 'lines': [('context', ' \treturn vfs_setpos(file, offset, LONG_MAX);'), ('context', '}'), ('context', ''), ('add', 'static struct dentry *find_positive_dentry(struct dentry *parent,'), ('add', '\t\t\t\t\t   struct dentry *dentry,'), ('add', '\t\t\t\t\t   bool next)'), ('add', '{'), ('add', '\tstruct dentry *found = NULL;'), ('add', ''), ('add', '\tspin_lock(&parent->d_lock);'), ('add', '\tif (next)'), ('add', '\t\tdentry = d_next_sibling(dentry);'), ('add', '\telse if (!dentry)'), ('add', '\t\tdentry = d_first_child(parent);'), ('add', '\thlist_for_each_entry_from(dentry, d_sib) {'), ('add', '\t\tif (!simple_positive(dentry))'), ('add', '\t\t\tcontinue;'), ('add', '\t\tspin_lock_nested(&dentry->d_lock, DENTRY_D_LOCK_NESTED);'), ('add', '\t\tif (simple_positive(dentry))'), ('add', '\t\t\tfound = dget_dlock(dentry);'), ('add', '\t\tspin_unlock(&dentry->d_lock);'), ('add', '\t\tif (likely(found))'), ('add', '\t\t\tbreak;'), ('add', '\t}'), ('add', '\tspin_unlock(&parent->d_lock);'), ('add', '\treturn found;'), ('add', '}'), ('add', ''), ('add', 'static noinline_for_stack struct dentry *'), ('add', 'offset_dir_lookup(struct dentry *parent, loff_t offset)'), ('add', '{'), ('add', '\tstruct inode *inode = d_inode(parent);'), ('add', '\tstruct offset_ctx *octx = inode->i_op->get_offset_ctx(inode);'), ('add', '\tstruct dentry *child, *found = NULL;'), ('add', ''), ('add', '\tMA_STATE(mas, &octx->mt, offset, LONG_MAX);'), ('add', ''), ('add', '\tif (offset == DIR_OFFSET_FIRST)'), ('add', '\t\tfound = find_positive_dentry(parent, NULL, false);'), ('add', '\telse {'), ('add', '\t\trcu_read_lock();'), ('add', '\t\tchild = mas_find(&mas, LONG_MAX);'), ('add', '\t\tfound = find_positive_dentry(parent, child, false);'), ('add', '\t\trcu_read_unlock();'), ('add', '\t}'), ('add', '\treturn found;'), ('add', '}'), ('add', ''), ('context', 'static bool offset_dir_emit(struct dir_context *ctx, struct dentry *dentry)'), ('context', '{'), ('context', '\tstruct inode *inode = d_inode(dentry);'), ('remove', '\tlong offset = dentry2offset(dentry);'), ('context', ''), ('remove', '\treturn ctx->actor(ctx, dentry->d_name.name, dentry->d_name.len, offset,'), ('remove', '\t\t\t  inode->i_ino, fs_umode_to_dtype(inode->i_mode));'), ('add', '\treturn dir_emit(ctx, dentry->d_name.name, dentry->d_name.len,'), ('add', '\t\t\tinode->i_ino, fs_umode_to_dtype(inode->i_mode));'), ('context', '}'), ('context', ''), ('remove', 'static void offset_iterate_dir(struct inode *inode, struct dir_context *ctx, long last_index)'), ('add', 'static void offset_iterate_dir(struct file *file, struct dir_context *ctx)'), ('context', '{'), ('remove', '\tstruct offset_ctx *octx = inode->i_op->get_offset_ctx(inode);'), ('add', '\tstruct dentry *dir = file->f_path.dentry;'), ('context', '\tstruct dentry *dentry;'), ('context', ''), ('add', '\tdentry = offset_dir_lookup(dir, ctx->pos);'), ('add', '\tif (!dentry)'), ('add', '\t\tgoto out_eod;'), ('context', '\twhile (true) {'), ('remove', '\t\tdentry = offset_find_next(octx, ctx->pos);'), ('remove', '\t\tif (!dentry)'), ('remove', '\t\t\tgoto out_eod;'), ('add', '\t\tstruct dentry *next;'), ('context', ''), ('remove', '\t\tif (dentry2offset(dentry) >= last_index) {'), ('remove', '\t\t\tdput(dentry);'), ('remove', '\t\t\treturn;'), ('remove', '\t\t}'), ('add', '\t\tctx->pos = dentry2offset(dentry);'), ('add', '\t\tif (!offset_dir_emit(ctx, dentry))'), ('add', '\t\t\tbreak;'), ('context', ''), ('remove', '\t\tif (!offset_dir_emit(ctx, dentry)) {'), ('remove', '\t\t\tdput(dentry);'), ('remove', '\t\t\treturn;'), ('remove', '\t\t}'), ('add', '\t\tnext = find_positive_dentry(dir, dentry, true);'), ('context', '\t\tdput(dentry);'), ('add', ''), ('add', '\t\tif (!next)'), ('add', '\t\t\tgoto out_eod;'), ('add', '\t\tdentry = next;'), ('context', '\t}'), ('add', '\tdput(dentry);'), ('context', '\treturn;'), ('context', ''), ('remove', 'out_eod:'), ('remove', '\tctx->pos = DIR_OFFSET_EOD;'), ('add', 'out_eod:'), ('add', '\tctx->pos = 2; /* Reset position for next iteration */'), ('context', '}'), ('context', ''), ('context', 'static int offset_readdir(struct file *file, struct dir_context *ctx)'), ('context', '\tif (!dir_emit_dots(file, ctx))'), ('context', '\t\treturn 0;'), ('context', '\tif (ctx->pos != 2)'), ('remove', '\t\toffset_iterate_dir(d_inode(dir), ctx, LONG_MAX);'), ('add', '\t\toffset_iterate_dir(file, ctx);'), ('context', '\treturn 0;'), ('context', '}')]}
2025-06-05 17:11:46.374 | INFO     | patch_adapter_utils:generate_adapted_file:924 - 成功应用修改到文件: fs/libfs.c
2025-06-05 17:11:46.374 | INFO     | modules.patch_adapter:_generate_adapted_patch:254 - target_path: /home/elpsy/.cache/port-patch/linux_kernel-stable/fs/libfs.c
2025-06-05 17:11:46.375 | INFO     | modules.patch_adapter:_generate_adapted_patch:264 - 文件内容变化，执行复制: fs/libfs.c
2025-06-05 17:11:46.383 | INFO     | modules.patch_adapter:_generate_adapted_patch:267 - 将文件从/home/elpsy/workspace/sow/patch-backport/workspace/linux/kernel-stable/b9b588/adapted_v6.12-rc7/fs/libfs.c复制到/home/elpsy/.cache/port-patch/linux_kernel-stable/fs/libfs.c
2025-06-05 17:11:46.711 | INFO     | modules.patch_adapter:_generate_adapted_patch:322 - 生成补丁成功: /home/elpsy/workspace/sow/patch-backport/workspace/linux/kernel-stable/b9b588/patches/0001-Applied-adapted-patch-for-v6.12-rc7.patch

2025-06-05 17:11:46.711 | INFO     | modules.patch_adapter:_generate_adapted_patch:324 - patch_dir所含文件: ['0001-Applied-adapted-patch-for-v6.12-rc7.patch', 'upstream_b9b588.patch']
2025-06-05 17:11:46.712 | INFO     | modules.patch_adapter:_generate_adapted_patch:335 - 已重命名补丁文件: 从 /home/elpsy/workspace/sow/patch-backport/workspace/linux/kernel-stable/b9b588/patches/0001-Applied-adapted-patch-for-v6.12-rc7.patch 到 /home/elpsy/workspace/sow/patch-backport/workspace/linux/kernel-stable/b9b588/patches/adapted_v6.12-rc7.patch
2025-06-05 17:11:46.712 | INFO     | modules.patch_adapter:_generate_adapted_patch:345 - 已生成适配后的补丁文件: /home/elpsy/workspace/sow/patch-backport/workspace/linux/kernel-stable/b9b588/patches/adapted_v6.12-rc7.patch
2025-06-05 17:11:46.713 | INFO     | modules.patch_adapter:execute:73 - 生成适配补丁成功: /home/elpsy/workspace/sow/patch-backport/workspace/linux/kernel-stable/b9b588/patches/adapted_v6.12-rc7.patch
2025-06-05 17:11:47.094 | INFO     | modules.patch_adapter:_test_apply_patch:478 - 补丁应用成功: /home/elpsy/workspace/sow/patch-backport/workspace/linux/kernel-stable/b9b588/patches/adapted_v6.12-rc7.patch
2025-06-05 17:11:47.311 | INFO     | modules.patch_adapter:_cleanup_test_branch:199 - 清理测试分支: test_adapt_v6.12-rc7_20250605_171145
2025-06-05 17:11:47.480 | INFO     | modules.patch_adapter:_save_metrics:428 - 补丁适配指标已保存到: workspace/linux/kernel-stable/b9b588/metrics/patch_adapter_metrics.json
2025-06-05 17:11:47.481 | INFO     | core.adaptation_pipeline:process_patch:128 - 补丁处理完成，耗时: 109.01秒
2025-06-05 17:11:47.481 | INFO     | __main__:_merge_patches:1087 - 开始合并补丁...
2025-06-05 17:11:47.482 | INFO     | __main__:_merge_patches:1161 - 找到patch_adapter成功的补丁: /home/elpsy/workspace/sow/patch-backport/workspace/linux/kernel-stable/b9b588/patches/adapted_v6.12-rc7.patch
2025-06-05 17:11:47.482 | INFO     | __main__:_merge_patches:1196 - 只使用patch_adapter补丁: /home/elpsy/workspace/sow/patch-backport/workspace/linux/kernel-stable/b9b588/patches/adapted_v6.12-rc7.patch
2025-06-05 17:11:47.483 | INFO     | __main__:_process_mode1:392 - 成功合并补丁到: /home/elpsy/workspace/sow/patch-backport/workspace/linux/kernel-stable/b9b588/patches/adapted_v6.12-rc7.patch
2025-06-05 17:11:47.484 | INFO     | __main__:_save_results:751 - 已复制最终补丁到结果目录: results/kernel-stable_v6.12-rc7_b9b588_20250605_171147/adapted_v6.12-rc7.patch
2025-06-05 17:11:47.485 | INFO     | __main__:_save_results:889 - 结果已保存到: results/kernel-stable_v6.12-rc7_b9b588_20250605_171147/result.json
2025-06-05 17:11:47.485 | INFO     | __main__:_print_summary:931 - context.patch_adapter_result: {'success': True, 'adapted_patch_path': '/home/elpsy/workspace/sow/patch-backport/workspace/linux/kernel-stable/b9b588/patches/adapted_v6.12-rc7.patch', 'apply_result': {'success': True, 'error': None, 'error_type': None, 'output': 'Applying: Applied adapted patch for v6.12-rc7\n'}}
2025-06-05 17:11:47.485 | INFO     | __main__:_print_summary:954 - ==================================================
2025-06-05 17:11:47.485 | INFO     | __main__:_print_summary:955 - 处理摘要 - 提交: b9b588
2025-06-05 17:11:47.486 | INFO     | __main__:_print_summary:956 - 适配状态: 适配成功 (方法: patch_adapter)
2025-06-05 17:11:47.486 | INFO     | __main__:_print_summary:971 - 块分析统计:
2025-06-05 17:11:47.486 | INFO     | __main__:_print_summary:972 - - 总块数: 3
2025-06-05 17:11:47.486 | INFO     | __main__:_print_summary:973 - - 冲突块数: 3
2025-06-05 17:11:47.487 | INFO     | __main__:_print_summary:974 - - 成功适配块数: 3
2025-06-05 17:11:47.487 | INFO     | __main__:_print_summary:975 - - 适配失败块数: 0
2025-06-05 17:11:47.487 | INFO     | __main__:_print_summary:976 - - 编译失败块数: 0
2025-06-05 17:11:47.488 | INFO     | __main__:_print_summary:980 - 总执行时间: 109.01秒
2025-06-05 17:11:47.488 | INFO     | __main__:_print_summary:985 - ==================================================
2025-06-05 17:11:47.488 | INFO     | __main__:run:335 - 处理完成
2025-06-05 17:11:47.490 | INFO     | __main__:process_multiple_commits:1941 - 
============================================================
2025-06-05 17:11:47.491 | INFO     | __main__:process_multiple_commits:1942 - 完成处理 3 个commit
2025-06-05 17:11:47.492 | INFO     | __main__:process_multiple_commits:1943 - 总耗时: 149.63秒
2025-06-05 17:11:47.493 | INFO     | __main__:process_multiple_commits:1944 - 成功数量: 3/3 (100.00%)
2025-06-05 17:11:47.493 | INFO     | __main__:process_multiple_commits:1945 - ============================================================
2025-06-05 17:11:47.494 | INFO     | __main__:_print_mode1_statistics:1572 - ============================================================
2025-06-05 17:11:47.495 | INFO     | __main__:_print_mode1_statistics:1573 - 模式1处理统计 - 多个commit
2025-06-05 17:11:47.495 | INFO     | __main__:_print_mode1_statistics:1574 - ============================================================
2025-06-05 17:11:47.496 | INFO     | __main__:_print_mode1_statistics:1575 - 总提交数: 3
2025-06-05 17:11:47.496 | INFO     | __main__:_print_mode1_statistics:1576 - 成功处理数: 3
2025-06-05 17:11:47.497 | INFO     | __main__:_print_mode1_statistics:1577 - 直接应用成功: 2
2025-06-05 17:11:47.497 | INFO     | __main__:_print_mode1_statistics:1578 - 需要适配数量: 1
2025-06-05 17:11:47.498 | INFO     | __main__:_print_mode1_statistics:1579 - 适配成功数量: 1
2025-06-05 17:11:47.498 | INFO     | __main__:_print_mode1_statistics:1580 - 适配失败数量: 0
2025-06-05 17:11:47.498 | INFO     | __main__:_print_mode1_statistics:1581 - 总体成功率: 100.00%
2025-06-05 17:11:47.499 | INFO     | __main__:_print_mode1_statistics:1582 - 适配成功率: 100.00%
2025-06-05 17:11:47.499 | INFO     | __main__:_print_mode1_statistics:1586 - 
提交详情:
2025-06-05 17:11:47.499 | INFO     | __main__:_print_mode1_statistics:1591 -   - e966ea: 成功 (方法: direct_apply, 耗时: 25.28秒)
2025-06-05 17:11:47.500 | INFO     | __main__:_print_mode1_statistics:1591 -   - 915e34: 成功 (方法: direct_apply, 耗时: 15.20秒)
2025-06-05 17:11:47.500 | INFO     | __main__:_print_mode1_statistics:1591 -   - b9b588: 成功 (方法: patch_adapter, 耗时: 109.01秒)
2025-06-05 17:11:47.500 | INFO     | __main__:_print_mode1_statistics:1598 - ============================================================
2025-06-05 17:11:47.501 | INFO     | __main__:_print_mode1_statistics:1633 - 统计结果已保存到: statistics/kernel-stable_mode1_multi_commits_stats_20250605_171147.json
2025-06-05 17:11:47.506 | INFO     | __main__:clean_config:2107 - 清理配置文件: /home/elpsy/.config/port-patch/new_inputs.yaml
