2025-04-24 12:39:24.938 | INFO     | __main__:_setup_logger:271 - 日志文件: logs/backport_20250424_123924.log
2025-04-24 12:39:24.939 | INFO     | __main__:run:275 - 开始执行 模式1
2025-04-24 12:39:24.939 | INFO     | __main__:_process_mode1:318 - 处理补丁: https://github.com/redis/redis/commit/c8649f8e852d1dc388b5446e003bb0eefa33d61f
2025-04-24 12:39:24.939 | INFO     | core.adaptation_pipeline:_load_modules:65 - 已加载模块: direct_apply
2025-04-24 12:39:24.940 | INFO     | core.adaptation_pipeline:_load_modules:65 - 已加载模块: chunk_analyzer
2025-04-24 12:39:24.940 | INFO     | core.adaptation_pipeline:_load_modules:65 - 已加载模块: llm_adapter
2025-04-24 12:39:24.941 | INFO     | core.adaptation_pipeline:_load_modules:65 - 已加载模块: patch_adapter
2025-04-24 12:39:24.941 | INFO     | __main__:_process_mode1:325 - 目标版本: ['4.0.14']
2025-04-24 12:39:24.941 | INFO     | __main__:_process_mode1:332 - 开始处理版本: 4.0.14
2025-04-24 12:39:24.941 | INFO     | core.adaptation_pipeline:process_patch:82 - 开始处理补丁: c8649f8e852d1dc388b5446e003bb0eefa33d61f
2025-04-24 12:39:24.942 | INFO     | core.adaptation_pipeline:process_patch:103 - 执行模块: direct_apply
2025-04-24 12:39:24.942 | INFO     | modules.direct_apply:_download_patch:231 - 上游补丁文件已存在: workspace/redis/redis/c8649f/patches/upstream_c8649f.patch
2025-04-24 12:39:24.942 | INFO     | modules.direct_apply:execute:62 - 此时upstream_patch_path存在状态: True
2025-04-24 12:39:24.942 | INFO     | modules.direct_apply:execute:63 - 下载补丁成功: /home/elpsy/workspace/sow/patch-backport/workspace/redis/redis/c8649f/patches/upstream_c8649f.patch
2025-04-24 12:39:25.122 | INFO     | modules.direct_apply:_prepare_test_branch:346 - 创建测试分支: test_patch_4.0.14
2025-04-24 12:39:25.236 | ERROR    | modules.direct_apply:_apply_patch:286 - 补丁应用失败: error: patch failed: src/util.c:54
error: src/util.c: patch does not apply
error: patch failed: tests/unit/keyspace.tcl:499
error: tests/unit/keyspace.tcl: patch does not apply
hint: Use 'git am --show-current-patch' to see the failed patch

2025-04-24 12:39:25.278 | INFO     | modules.direct_apply:_save_to_cache:200 - 已将直接应用结果保存到缓存: c8649f8e852d1dc388b5446e003bb0eefa33d61f_4.0.14
2025-04-24 12:39:25.279 | WARNING  | modules.direct_apply:_cleanup_test_branch:441 - 清理分支时发生错误: 'Mode1Config' object has no attribute 'branch'
2025-04-24 12:39:25.279 | INFO     | core.adaptation_pipeline:process_patch:103 - 执行模块: chunk_analyzer
2025-04-24 12:39:25.279 | INFO     | modules.chunk_analyzer:execute:51 - 开始分析补丁: /home/elpsy/workspace/sow/patch-backport/workspace/redis/redis/c8649f/patches/upstream_c8649f.patch
2025-04-24 12:39:25.280 | INFO     | modules.chunk_analyzer:_split_patch_into_chunks:166 - 开始分解补丁文件: /home/elpsy/workspace/sow/patch-backport/workspace/redis/redis/c8649f/patches/upstream_c8649f.patch
2025-04-24 12:39:25.280 | INFO     | modules.chunk_analyzer:_split_patch_into_chunks:171 - 补丁文件包含 60 行内容
2025-04-24 12:39:25.280 | INFO     | modules.chunk_analyzer:_split_patch_into_chunks:186 - 发现修改文件: src/util.c
2025-04-24 12:39:25.281 | INFO     | modules.chunk_analyzer:_split_patch_into_chunks:237 - 发现修改块: src/util.c @@ -54,8 +54,11 @@ (modification)
2025-04-24 12:39:25.281 | INFO     | modules.chunk_analyzer:_split_patch_into_chunks:237 - 发现修改块: src/util.c @@ -67,7 +70,7 @@ (modification)
2025-04-24 12:39:25.281 | INFO     | modules.chunk_analyzer:_split_patch_into_chunks:237 - 发现修改块: src/util.c @@ -189,7 +192,7 @@ (modification)
2025-04-24 12:39:25.281 | INFO     | modules.chunk_analyzer:_split_patch_into_chunks:186 - 发现修改文件: tests/unit/keyspace.tcl
2025-04-24 12:39:25.282 | INFO     | modules.chunk_analyzer:_split_patch_into_chunks:237 - 发现修改块: tests/unit/keyspace.tcl @@ -499,4 +499,10 @@ (modification)
2025-04-24 12:39:25.282 | INFO     | modules.chunk_analyzer:_split_patch_into_chunks:257 - 补丁分解完成，共找到 4 个修改块
2025-04-24 12:39:25.282 | INFO     | modules.chunk_analyzer:execute:55 - 补丁被分解为 4 个块
2025-04-24 12:39:25.283 | INFO     | modules.chunk_analyzer:_create_chunk_patches:276 - 从原始补丁提取头部信息: /home/elpsy/workspace/sow/patch-backport/workspace/redis/redis/c8649f/patches/upstream_c8649f.patch
2025-04-24 12:39:25.283 | INFO     | modules.chunk_analyzer:_create_chunk_patches:302 - 创建块补丁文件: /home/elpsy/workspace/sow/patch-backport/workspace/redis/redis/c8649f/chunk_patches/chunk_001_20250424_123925.patch (修改文件: src/util.c)
2025-04-24 12:39:25.284 | INFO     | modules.chunk_analyzer:_create_chunk_patches:302 - 创建块补丁文件: /home/elpsy/workspace/sow/patch-backport/workspace/redis/redis/c8649f/chunk_patches/chunk_002_20250424_123925.patch (修改文件: src/util.c)
2025-04-24 12:39:25.284 | INFO     | modules.chunk_analyzer:_create_chunk_patches:302 - 创建块补丁文件: /home/elpsy/workspace/sow/patch-backport/workspace/redis/redis/c8649f/chunk_patches/chunk_003_20250424_123925.patch (修改文件: src/util.c)
2025-04-24 12:39:25.284 | INFO     | modules.chunk_analyzer:_create_chunk_patches:302 - 创建块补丁文件: /home/elpsy/workspace/sow/patch-backport/workspace/redis/redis/c8649f/chunk_patches/chunk_004_20250424_123925.patch (修改文件: tests/unit/keyspace.tcl)
2025-04-24 12:39:25.284 | INFO     | modules.chunk_analyzer:execute:59 - 已为 4 个块创建单独的补丁文件
2025-04-24 12:39:25.285 | INFO     | modules.chunk_analyzer:_run_git_command:1329 - 运行git命令: rev-parse --abbrev-ref HEAD
2025-04-24 12:39:25.288 | INFO     | modules.chunk_analyzer:_apply_chunk_patches:319 - 当前分支: test_patch_4.0.14
2025-04-24 12:39:25.288 | INFO     | modules.chunk_analyzer:_apply_chunk_patches:328 - 当前分支不是目标版本，切换到目标版本: 4.0.14
2025-04-24 12:39:25.288 | INFO     | modules.chunk_analyzer:_run_git_command:1329 - 运行git命令: checkout 4.0.14
2025-04-24 12:39:25.335 | INFO     | modules.chunk_analyzer:_run_git_command:1329 - 运行git命令: checkout -b chunk_test_20250424_123925_1ffe3a
2025-04-24 12:39:25.338 | INFO     | modules.chunk_analyzer:_apply_chunk_patches:348 - 创建测试分支: chunk_test_20250424_123925_1ffe3a
2025-04-24 12:39:25.338 | INFO     | modules.chunk_analyzer:_apply_chunk_patches:354 - 尝试应用补丁块: /home/elpsy/workspace/sow/patch-backport/workspace/redis/redis/c8649f/chunk_patches/chunk_001_20250424_123925.patch
2025-04-24 12:39:25.339 | INFO     | modules.chunk_analyzer:_apply_chunk_patches:358 - 方法1: 尝试 git apply --ignore-space-change
2025-04-24 12:39:25.339 | INFO     | modules.chunk_analyzer:_run_git_command:1329 - 运行git命令: apply --ignore-space-change --ignore-whitespace /home/elpsy/workspace/sow/patch-backport/workspace/redis/redis/c8649f/chunk_patches/chunk_001_20250424_123925.patch
2025-04-24 12:39:25.342 | ERROR    | modules.chunk_analyzer:_run_git_command:1340 - Git命令执行失败: error: patch failed: src/util.c:54
error: src/util.c: patch does not apply

2025-04-24 12:39:25.342 | INFO     | modules.chunk_analyzer:_apply_chunk_patches:370 - 方法1失败: Command '['git', 'apply', '--ignore-space-change', '--ignore-whitespace', '/home/elpsy/workspace/sow/patch-backport/workspace/redis/redis/c8649f/chunk_patches/chunk_001_20250424_123925.patch']' returned non-zero exit status 1.
2025-04-24 12:39:25.342 | INFO     | modules.chunk_analyzer:_run_git_command:1329 - 运行git命令: reset --hard
2025-04-24 12:39:25.412 | INFO     | modules.chunk_analyzer:_apply_chunk_patches:376 - 方法2: 尝试 git apply --reject
2025-04-24 12:39:25.412 | INFO     | modules.chunk_analyzer:_run_git_command:1329 - 运行git命令: apply --reject --ignore-whitespace --ignore-space-change /home/elpsy/workspace/sow/patch-backport/workspace/redis/redis/c8649f/chunk_patches/chunk_001_20250424_123925.patch
2025-04-24 12:39:25.415 | ERROR    | modules.chunk_analyzer:_run_git_command:1340 - Git命令执行失败: Checking patch src/util.c...
error: while searching for:

/* Glob-style pattern matching. */
static int stringmatchlen_impl(const char *pattern, int patternLen,
        const char *string, int stringLen, int nocase, int *skipLongerMatches)
{
    while(patternLen && stringLen) {
        switch(pattern[0]) {
        case '*':

error: patch failed: src/util.c:54
Applying patch src/util.c with 1 reject...
Rejected hunk #1.

2025-04-24 12:39:25.415 | INFO     | modules.chunk_analyzer:_apply_chunk_patches:399 - 方法2失败: Command '['git', 'apply', '--reject', '--ignore-whitespace', '--ignore-space-change', '/home/elpsy/workspace/sow/patch-backport/workspace/redis/redis/c8649f/chunk_patches/chunk_001_20250424_123925.patch']' returned non-zero exit status 1.
2025-04-24 12:39:25.416 | INFO     | modules.chunk_analyzer:_run_git_command:1329 - 运行git命令: reset --hard
2025-04-24 12:39:25.490 | INFO     | modules.chunk_analyzer:_apply_chunk_patches:405 - 方法3: 尝试 git am --3way
2025-04-24 12:39:25.619 | INFO     | modules.chunk_analyzer:_apply_chunk_patches:425 - 方法3失败: error: Failed to merge in the changes.
hint: Use 'git am --show-current-patch' to see the failed patch

2025-04-24 12:39:25.619 | INFO     | modules.chunk_analyzer:_apply_chunk_patches:440 - 方法4: 尝试系统 patch 命令
2025-04-24 12:39:25.623 | INFO     | modules.chunk_analyzer:_apply_chunk_patches:522 - 准备对文件 src/util.c 应用补丁 /tmp/tmp9wcbnvbm/temp.patch
2025-04-24 12:39:25.628 | INFO     | modules.chunk_analyzer:_apply_chunk_patches:555 - 方法4异常: 'bytes' object has no attribute 'encode'
2025-04-24 12:39:25.628 | INFO     | modules.chunk_analyzer:_run_git_command:1329 - 运行git命令: reset --hard
2025-04-24 12:39:25.699 | INFO     | modules.chunk_analyzer:_apply_chunk_patches:561 - 方法5: 尝试调整补丁行号
2025-04-24 12:39:25.700 | INFO     | modules.chunk_analyzer:_apply_chunk_patches:695 - 方法6: 尝试使用更多patch选项组合
2025-04-24 12:39:25.708 | INFO     | modules.chunk_analyzer:_apply_chunk_patches:780 - 尝试patch选项: patch -p1 -F 100 --fuzz=100 --ignore-whitespace -f -l src/util.c
2025-04-24 12:39:25.709 | INFO     | modules.chunk_analyzer:_apply_chunk_patches:812 - 尝试选项 patch -p1 -F 100 --fuzz=100 --ignore-whitespace -f -l src/util.c 异常: 'bytes' object has no attribute 'encode'
2025-04-24 12:39:25.712 | INFO     | modules.chunk_analyzer:_apply_chunk_patches:814 - 错误堆栈: Traceback (most recent call last):
  File "/home/elpsy/workspace/sow/patch-backport/modules/chunk_analyzer.py", line 788, in _apply_chunk_patches
    patch_result = subprocess.run(
                   ^^^^^^^^^^^^^^^
  File "/home/elpsy/tools/miniconda3/envs/sow/lib/python3.12/subprocess.py", line 550, in run
    stdout, stderr = process.communicate(input, timeout=timeout)
                     ^^^^^^^^^^^^^^^^^^^^^^^^^^^^^^^^^^^^^^^^^^^
  File "/home/elpsy/tools/miniconda3/envs/sow/lib/python3.12/subprocess.py", line 1209, in communicate
    stdout, stderr = self._communicate(input, endtime, timeout)
                     ^^^^^^^^^^^^^^^^^^^^^^^^^^^^^^^^^^^^^^^^^^
  File "/home/elpsy/tools/miniconda3/envs/sow/lib/python3.12/subprocess.py", line 2092, in _communicate
    self._save_input(input)
  File "/home/elpsy/tools/miniconda3/envs/sow/lib/python3.12/subprocess.py", line 2172, in _save_input
    self._input = self._input.encode(self.stdin.encoding,
                  ^^^^^^^^^^^^^^^^^^
AttributeError: 'bytes' object has no attribute 'encode'. Did you mean: 'decode'?

2025-04-24 12:39:25.713 | INFO     | modules.chunk_analyzer:_run_git_command:1329 - 运行git命令: reset --hard
2025-04-24 12:39:25.782 | INFO     | modules.chunk_analyzer:_apply_chunk_patches:780 - 尝试patch选项: patch -p1 -F 100 --fuzz=100 --ignore-whitespace -f -l -t src/util.c
2025-04-24 12:39:25.783 | INFO     | modules.chunk_analyzer:_apply_chunk_patches:812 - 尝试选项 patch -p1 -F 100 --fuzz=100 --ignore-whitespace -f -l -t src/util.c 异常: 'bytes' object has no attribute 'encode'
2025-04-24 12:39:25.785 | INFO     | modules.chunk_analyzer:_apply_chunk_patches:814 - 错误堆栈: Traceback (most recent call last):
  File "/home/elpsy/workspace/sow/patch-backport/modules/chunk_analyzer.py", line 788, in _apply_chunk_patches
    patch_result = subprocess.run(
                   ^^^^^^^^^^^^^^^
  File "/home/elpsy/tools/miniconda3/envs/sow/lib/python3.12/subprocess.py", line 550, in run
    stdout, stderr = process.communicate(input, timeout=timeout)
                     ^^^^^^^^^^^^^^^^^^^^^^^^^^^^^^^^^^^^^^^^^^^
  File "/home/elpsy/tools/miniconda3/envs/sow/lib/python3.12/subprocess.py", line 1209, in communicate
    stdout, stderr = self._communicate(input, endtime, timeout)
                     ^^^^^^^^^^^^^^^^^^^^^^^^^^^^^^^^^^^^^^^^^^
  File "/home/elpsy/tools/miniconda3/envs/sow/lib/python3.12/subprocess.py", line 2092, in _communicate
    self._save_input(input)
  File "/home/elpsy/tools/miniconda3/envs/sow/lib/python3.12/subprocess.py", line 2172, in _save_input
    self._input = self._input.encode(self.stdin.encoding,
                  ^^^^^^^^^^^^^^^^^^
AttributeError: 'bytes' object has no attribute 'encode'. Did you mean: 'decode'?

2025-04-24 12:39:25.785 | INFO     | modules.chunk_analyzer:_run_git_command:1329 - 运行git命令: reset --hard
2025-04-24 12:39:25.856 | INFO     | modules.chunk_analyzer:_apply_chunk_patches:780 - 尝试patch选项: patch -p1 -F 100 --fuzz=100 --ignore-whitespace -f -l -N src/util.c
2025-04-24 12:39:25.857 | INFO     | modules.chunk_analyzer:_apply_chunk_patches:812 - 尝试选项 patch -p1 -F 100 --fuzz=100 --ignore-whitespace -f -l -N src/util.c 异常: 'bytes' object has no attribute 'encode'
2025-04-24 12:39:25.859 | INFO     | modules.chunk_analyzer:_apply_chunk_patches:814 - 错误堆栈: Traceback (most recent call last):
  File "/home/elpsy/workspace/sow/patch-backport/modules/chunk_analyzer.py", line 788, in _apply_chunk_patches
    patch_result = subprocess.run(
                   ^^^^^^^^^^^^^^^
  File "/home/elpsy/tools/miniconda3/envs/sow/lib/python3.12/subprocess.py", line 550, in run
    stdout, stderr = process.communicate(input, timeout=timeout)
                     ^^^^^^^^^^^^^^^^^^^^^^^^^^^^^^^^^^^^^^^^^^^
  File "/home/elpsy/tools/miniconda3/envs/sow/lib/python3.12/subprocess.py", line 1209, in communicate
    stdout, stderr = self._communicate(input, endtime, timeout)
                     ^^^^^^^^^^^^^^^^^^^^^^^^^^^^^^^^^^^^^^^^^^
  File "/home/elpsy/tools/miniconda3/envs/sow/lib/python3.12/subprocess.py", line 2092, in _communicate
    self._save_input(input)
  File "/home/elpsy/tools/miniconda3/envs/sow/lib/python3.12/subprocess.py", line 2172, in _save_input
    self._input = self._input.encode(self.stdin.encoding,
                  ^^^^^^^^^^^^^^^^^^
AttributeError: 'bytes' object has no attribute 'encode'. Did you mean: 'decode'?

2025-04-24 12:39:25.859 | INFO     | modules.chunk_analyzer:_run_git_command:1329 - 运行git命令: reset --hard
2025-04-24 12:39:25.927 | INFO     | modules.chunk_analyzer:_apply_chunk_patches:831 - 方法7: 尝试使用git diff内容差异检测
2025-04-24 12:39:25.930 | INFO     | modules.chunk_analyzer:_apply_chunk_patches:943 - 删除行不足以确定准确位置
2025-04-24 12:39:25.930 | INFO     | modules.chunk_analyzer:_apply_chunk_patches:955 - 方法8: 尝试使用外部shell命令应用补丁
2025-04-24 12:39:25.930 | INFO     | modules.chunk_analyzer:_run_git_command:1329 - 运行git命令: rev-parse HEAD
2025-04-24 12:39:25.933 | INFO     | modules.chunk_analyzer:_apply_chunk_patches:1007 - 应用补丁前的提交: 18572a921a8d17881c3de1fc71f56362d63010d9
2025-04-24 12:39:25.947 | INFO     | modules.chunk_analyzer:_run_git_command:1329 - 运行git命令: add .
2025-04-24 12:39:25.986 | INFO     | modules.chunk_analyzer:_run_git_command:1329 - 运行git命令: commit -m Applied chunk patch with shell script: chunk_001_20250424_123925.patch
2025-04-24 12:39:26.029 | INFO     | modules.chunk_analyzer:_run_git_command:1329 - 运行git命令: rev-parse HEAD
2025-04-24 12:39:26.031 | INFO     | modules.chunk_analyzer:_apply_chunk_patches:1112 - 应用补丁后的提交: 45537ea7ec9e252b49d75628e1208267ad17b231
2025-04-24 12:39:26.032 | INFO     | modules.chunk_analyzer:_run_git_command:1329 - 运行git命令: format-patch -1 --stdout --no-prefix 45537ea7ec9e252b49d75628e1208267ad17b231
2025-04-24 12:39:26.036 | INFO     | modules.chunk_analyzer:_apply_chunk_patches:1135 - 已从实际提交生成补丁: workspace/redis/redis/c8649f/chunk_patches/chunk_001_20250424_123925_actual.patch
2025-04-24 12:39:26.037 | INFO     | modules.chunk_analyzer:_run_git_command:1329 - 运行git命令: format-patch -1 --stdout --no-prefix 45537ea7ec9e252b49d75628e1208267ad17b231 -- src/util.c
2025-04-24 12:39:26.042 | INFO     | modules.chunk_analyzer:_apply_chunk_patches:1152 - 已从实际提交生成特定文件的补丁: workspace/redis/redis/c8649f/chunk_patches/chunk_001_20250424_123925_specific.patch
2025-04-24 12:39:26.043 | INFO     | modules.chunk_analyzer:_run_git_command:1329 - 运行git命令: diff 18572a921a8d17881c3de1fc71f56362d63010d9..45537ea7ec9e252b49d75628e1208267ad17b231 -- src/util.c
2025-04-24 12:39:26.047 | INFO     | modules.chunk_analyzer:_apply_chunk_patches:1163 - 已从实际提交生成精确补丁: workspace/redis/redis/c8649f/chunk_patches/chunk_001_20250424_123925_precise.patch
2025-04-24 12:39:26.047 | INFO     | modules.chunk_analyzer:_apply_chunk_patches:1204 - 成功应用块补丁(方法8): chunk_001_20250424_123925.patch
2025-04-24 12:39:26.048 | INFO     | modules.chunk_analyzer:_apply_chunk_patches:1205 - Shell脚本输出: Hmm...  Looks like a unified diff to me...
The text leading up to this was:
--------------------------
|From c8649f8e852d1dc388b5446e003bb0eefa33d61f Mon Sep 17 00:00:00 2001
|From: Oran Agra <oran@redislabs.com>
|Date: Wed, 2 Oct 2024 20:11:01 +0300
|Subject: [PATCH] Prevent pattern matching abuse (CVE-2024-31228)
|
|---
| src/util.c              | 9 ++++++---
| tests/unit/keyspace.tcl | 6 ++++++
| 2 files changed, 12 insertions(+), 3 deletions(-)
|
|diff --git a/src/util.c b/src/util.c
|index 26d92b92290..c32cbeef96a 100644
|--- a/src/util.c
|+++ b/src/util.c
|@@ -54,8 +54,11 @@
| 
| /* Glob-style pattern matching. */
| static int stringmatchlen_impl(const char *pattern, int patternLen,
|-        const char *string, int stringLen, int nocase, int *skipLongerMatches)
|+        const char *string, int stringLen, int nocase, int *skipLongerMatches, int nesting)
| {
|+    /* Protection against abusive patterns. */
|+    if (nesting > 1000) return 0;
|+
|     while(patternLen && stringLen) {
|         switch(pattern[0]) {
|         case '*':
--------------------------
patching file src/util.c
Using Plan A...
done
方法8.2成功：使用patch -p1 -F 100 -c

2025-04-24 12:39:26.048 | INFO     | modules.chunk_analyzer:_apply_chunk_patches:354 - 尝试应用补丁块: /home/elpsy/workspace/sow/patch-backport/workspace/redis/redis/c8649f/chunk_patches/chunk_002_20250424_123925.patch
2025-04-24 12:39:26.048 | INFO     | modules.chunk_analyzer:_apply_chunk_patches:358 - 方法1: 尝试 git apply --ignore-space-change
2025-04-24 12:39:26.049 | INFO     | modules.chunk_analyzer:_run_git_command:1329 - 运行git命令: apply --ignore-space-change --ignore-whitespace /home/elpsy/workspace/sow/patch-backport/workspace/redis/redis/c8649f/chunk_patches/chunk_002_20250424_123925.patch
2025-04-24 12:39:26.051 | ERROR    | modules.chunk_analyzer:_run_git_command:1340 - Git命令执行失败: error: patch failed: src/util.c:67
error: src/util.c: patch does not apply

2025-04-24 12:39:26.052 | INFO     | modules.chunk_analyzer:_apply_chunk_patches:370 - 方法1失败: Command '['git', 'apply', '--ignore-space-change', '--ignore-whitespace', '/home/elpsy/workspace/sow/patch-backport/workspace/redis/redis/c8649f/chunk_patches/chunk_002_20250424_123925.patch']' returned non-zero exit status 1.
2025-04-24 12:39:26.052 | INFO     | modules.chunk_analyzer:_run_git_command:1329 - 运行git命令: reset --hard
2025-04-24 12:39:26.058 | INFO     | modules.chunk_analyzer:_apply_chunk_patches:376 - 方法2: 尝试 git apply --reject
2025-04-24 12:39:26.059 | INFO     | modules.chunk_analyzer:_run_git_command:1329 - 运行git命令: apply --reject --ignore-whitespace --ignore-space-change /home/elpsy/workspace/sow/patch-backport/workspace/redis/redis/c8649f/chunk_patches/chunk_002_20250424_123925.patch
2025-04-24 12:39:26.061 | ERROR    | modules.chunk_analyzer:_run_git_command:1340 - Git命令执行失败: Checking patch src/util.c...
error: while searching for:
                return 1; /* match */
            while(stringLen) {
                if (stringmatchlen_impl(pattern+1, patternLen-1,
                            string, stringLen, nocase, skipLongerMatches))
                    return 1; /* match */
                if (*skipLongerMatches)
                    return 0; /* no match */

error: patch failed: src/util.c:67
Applying patch src/util.c with 1 reject...
Rejected hunk #1.

2025-04-24 12:39:26.062 | INFO     | modules.chunk_analyzer:_apply_chunk_patches:399 - 方法2失败: Command '['git', 'apply', '--reject', '--ignore-whitespace', '--ignore-space-change', '/home/elpsy/workspace/sow/patch-backport/workspace/redis/redis/c8649f/chunk_patches/chunk_002_20250424_123925.patch']' returned non-zero exit status 1.
2025-04-24 12:39:26.062 | INFO     | modules.chunk_analyzer:_run_git_command:1329 - 运行git命令: reset --hard
2025-04-24 12:39:26.068 | INFO     | modules.chunk_analyzer:_apply_chunk_patches:405 - 方法3: 尝试 git am --3way
2025-04-24 12:39:26.094 | INFO     | modules.chunk_analyzer:_apply_chunk_patches:425 - 方法3失败: error: Failed to merge in the changes.
hint: Use 'git am --show-current-patch' to see the failed patch

2025-04-24 12:39:26.094 | INFO     | modules.chunk_analyzer:_apply_chunk_patches:440 - 方法4: 尝试系统 patch 命令
2025-04-24 12:39:26.095 | INFO     | modules.chunk_analyzer:_apply_chunk_patches:522 - 准备对文件 src/util.c 应用补丁 /tmp/tmp37y8l34t/temp.patch
2025-04-24 12:39:26.096 | INFO     | modules.chunk_analyzer:_apply_chunk_patches:555 - 方法4异常: 'bytes' object has no attribute 'encode'
2025-04-24 12:39:26.097 | INFO     | modules.chunk_analyzer:_run_git_command:1329 - 运行git命令: reset --hard
2025-04-24 12:39:26.102 | INFO     | modules.chunk_analyzer:_apply_chunk_patches:561 - 方法5: 尝试调整补丁行号
2025-04-24 12:39:26.104 | INFO     | modules.chunk_analyzer:_apply_chunk_patches:695 - 方法6: 尝试使用更多patch选项组合
2025-04-24 12:39:26.104 | INFO     | modules.chunk_analyzer:_apply_chunk_patches:780 - 尝试patch选项: patch -p1 -F 100 --fuzz=100 --ignore-whitespace -f -l src/util.c
2025-04-24 12:39:26.105 | INFO     | modules.chunk_analyzer:_apply_chunk_patches:812 - 尝试选项 patch -p1 -F 100 --fuzz=100 --ignore-whitespace -f -l src/util.c 异常: 'bytes' object has no attribute 'encode'
2025-04-24 12:39:26.107 | INFO     | modules.chunk_analyzer:_apply_chunk_patches:814 - 错误堆栈: Traceback (most recent call last):
  File "/home/elpsy/workspace/sow/patch-backport/modules/chunk_analyzer.py", line 788, in _apply_chunk_patches
    patch_result = subprocess.run(
                   ^^^^^^^^^^^^^^^
  File "/home/elpsy/tools/miniconda3/envs/sow/lib/python3.12/subprocess.py", line 550, in run
    stdout, stderr = process.communicate(input, timeout=timeout)
                     ^^^^^^^^^^^^^^^^^^^^^^^^^^^^^^^^^^^^^^^^^^^
  File "/home/elpsy/tools/miniconda3/envs/sow/lib/python3.12/subprocess.py", line 1209, in communicate
    stdout, stderr = self._communicate(input, endtime, timeout)
                     ^^^^^^^^^^^^^^^^^^^^^^^^^^^^^^^^^^^^^^^^^^
  File "/home/elpsy/tools/miniconda3/envs/sow/lib/python3.12/subprocess.py", line 2092, in _communicate
    self._save_input(input)
  File "/home/elpsy/tools/miniconda3/envs/sow/lib/python3.12/subprocess.py", line 2172, in _save_input
    self._input = self._input.encode(self.stdin.encoding,
                  ^^^^^^^^^^^^^^^^^^
AttributeError: 'bytes' object has no attribute 'encode'. Did you mean: 'decode'?

2025-04-24 12:39:26.108 | INFO     | modules.chunk_analyzer:_run_git_command:1329 - 运行git命令: reset --hard
2025-04-24 12:39:26.113 | INFO     | modules.chunk_analyzer:_apply_chunk_patches:780 - 尝试patch选项: patch -p1 -F 100 --fuzz=100 --ignore-whitespace -f -l -t src/util.c
2025-04-24 12:39:26.114 | INFO     | modules.chunk_analyzer:_apply_chunk_patches:812 - 尝试选项 patch -p1 -F 100 --fuzz=100 --ignore-whitespace -f -l -t src/util.c 异常: 'bytes' object has no attribute 'encode'
2025-04-24 12:39:26.116 | INFO     | modules.chunk_analyzer:_apply_chunk_patches:814 - 错误堆栈: Traceback (most recent call last):
  File "/home/elpsy/workspace/sow/patch-backport/modules/chunk_analyzer.py", line 788, in _apply_chunk_patches
    patch_result = subprocess.run(
                   ^^^^^^^^^^^^^^^
  File "/home/elpsy/tools/miniconda3/envs/sow/lib/python3.12/subprocess.py", line 550, in run
    stdout, stderr = process.communicate(input, timeout=timeout)
                     ^^^^^^^^^^^^^^^^^^^^^^^^^^^^^^^^^^^^^^^^^^^
  File "/home/elpsy/tools/miniconda3/envs/sow/lib/python3.12/subprocess.py", line 1209, in communicate
    stdout, stderr = self._communicate(input, endtime, timeout)
                     ^^^^^^^^^^^^^^^^^^^^^^^^^^^^^^^^^^^^^^^^^^
  File "/home/elpsy/tools/miniconda3/envs/sow/lib/python3.12/subprocess.py", line 2092, in _communicate
    self._save_input(input)
  File "/home/elpsy/tools/miniconda3/envs/sow/lib/python3.12/subprocess.py", line 2172, in _save_input
    self._input = self._input.encode(self.stdin.encoding,
                  ^^^^^^^^^^^^^^^^^^
AttributeError: 'bytes' object has no attribute 'encode'. Did you mean: 'decode'?

2025-04-24 12:39:26.116 | INFO     | modules.chunk_analyzer:_run_git_command:1329 - 运行git命令: reset --hard
2025-04-24 12:39:26.122 | INFO     | modules.chunk_analyzer:_apply_chunk_patches:780 - 尝试patch选项: patch -p1 -F 100 --fuzz=100 --ignore-whitespace -f -l -N src/util.c
2025-04-24 12:39:26.123 | INFO     | modules.chunk_analyzer:_apply_chunk_patches:812 - 尝试选项 patch -p1 -F 100 --fuzz=100 --ignore-whitespace -f -l -N src/util.c 异常: 'bytes' object has no attribute 'encode'
2025-04-24 12:39:26.125 | INFO     | modules.chunk_analyzer:_apply_chunk_patches:814 - 错误堆栈: Traceback (most recent call last):
  File "/home/elpsy/workspace/sow/patch-backport/modules/chunk_analyzer.py", line 788, in _apply_chunk_patches
    patch_result = subprocess.run(
                   ^^^^^^^^^^^^^^^
  File "/home/elpsy/tools/miniconda3/envs/sow/lib/python3.12/subprocess.py", line 550, in run
    stdout, stderr = process.communicate(input, timeout=timeout)
                     ^^^^^^^^^^^^^^^^^^^^^^^^^^^^^^^^^^^^^^^^^^^
  File "/home/elpsy/tools/miniconda3/envs/sow/lib/python3.12/subprocess.py", line 1209, in communicate
    stdout, stderr = self._communicate(input, endtime, timeout)
                     ^^^^^^^^^^^^^^^^^^^^^^^^^^^^^^^^^^^^^^^^^^
  File "/home/elpsy/tools/miniconda3/envs/sow/lib/python3.12/subprocess.py", line 2092, in _communicate
    self._save_input(input)
  File "/home/elpsy/tools/miniconda3/envs/sow/lib/python3.12/subprocess.py", line 2172, in _save_input
    self._input = self._input.encode(self.stdin.encoding,
                  ^^^^^^^^^^^^^^^^^^
AttributeError: 'bytes' object has no attribute 'encode'. Did you mean: 'decode'?

2025-04-24 12:39:26.125 | INFO     | modules.chunk_analyzer:_run_git_command:1329 - 运行git命令: reset --hard
2025-04-24 12:39:26.131 | INFO     | modules.chunk_analyzer:_apply_chunk_patches:831 - 方法7: 尝试使用git diff内容差异检测
2025-04-24 12:39:26.131 | INFO     | modules.chunk_analyzer:_apply_chunk_patches:943 - 删除行不足以确定准确位置
2025-04-24 12:39:26.132 | INFO     | modules.chunk_analyzer:_apply_chunk_patches:955 - 方法8: 尝试使用外部shell命令应用补丁
2025-04-24 12:39:26.132 | INFO     | modules.chunk_analyzer:_run_git_command:1329 - 运行git命令: rev-parse HEAD
2025-04-24 12:39:26.134 | INFO     | modules.chunk_analyzer:_apply_chunk_patches:1007 - 应用补丁前的提交: 45537ea7ec9e252b49d75628e1208267ad17b231
2025-04-24 12:39:26.144 | INFO     | modules.chunk_analyzer:_run_git_command:1329 - 运行git命令: add .
2025-04-24 12:39:26.149 | INFO     | modules.chunk_analyzer:_run_git_command:1329 - 运行git命令: commit -m Applied chunk patch with shell script: chunk_002_20250424_123925.patch
2025-04-24 12:39:26.159 | INFO     | modules.chunk_analyzer:_run_git_command:1329 - 运行git命令: rev-parse HEAD
2025-04-24 12:39:26.161 | INFO     | modules.chunk_analyzer:_apply_chunk_patches:1112 - 应用补丁后的提交: 5f7f0d319e6d8de60da3ac490bffaad55e36e2b8
2025-04-24 12:39:26.161 | INFO     | modules.chunk_analyzer:_run_git_command:1329 - 运行git命令: format-patch -1 --stdout --no-prefix 5f7f0d319e6d8de60da3ac490bffaad55e36e2b8
2025-04-24 12:39:26.164 | INFO     | modules.chunk_analyzer:_apply_chunk_patches:1135 - 已从实际提交生成补丁: workspace/redis/redis/c8649f/chunk_patches/chunk_002_20250424_123925_actual.patch
2025-04-24 12:39:26.164 | INFO     | modules.chunk_analyzer:_run_git_command:1329 - 运行git命令: format-patch -1 --stdout --no-prefix 5f7f0d319e6d8de60da3ac490bffaad55e36e2b8 -- src/util.c
2025-04-24 12:39:26.168 | INFO     | modules.chunk_analyzer:_apply_chunk_patches:1152 - 已从实际提交生成特定文件的补丁: workspace/redis/redis/c8649f/chunk_patches/chunk_002_20250424_123925_specific.patch
2025-04-24 12:39:26.168 | INFO     | modules.chunk_analyzer:_run_git_command:1329 - 运行git命令: diff 45537ea7ec9e252b49d75628e1208267ad17b231..5f7f0d319e6d8de60da3ac490bffaad55e36e2b8 -- src/util.c
2025-04-24 12:39:26.170 | INFO     | modules.chunk_analyzer:_apply_chunk_patches:1163 - 已从实际提交生成精确补丁: workspace/redis/redis/c8649f/chunk_patches/chunk_002_20250424_123925_precise.patch
2025-04-24 12:39:26.171 | INFO     | modules.chunk_analyzer:_apply_chunk_patches:1204 - 成功应用块补丁(方法8): chunk_002_20250424_123925.patch
2025-04-24 12:39:26.171 | INFO     | modules.chunk_analyzer:_apply_chunk_patches:1205 - Shell脚本输出: Hmm...  Looks like a unified diff to me...
The text leading up to this was:
--------------------------
|From c8649f8e852d1dc388b5446e003bb0eefa33d61f Mon Sep 17 00:00:00 2001
|From: Oran Agra <oran@redislabs.com>
|Date: Wed, 2 Oct 2024 20:11:01 +0300
|Subject: [PATCH] Prevent pattern matching abuse (CVE-2024-31228)
|
|---
| src/util.c              | 9 ++++++---
| tests/unit/keyspace.tcl | 6 ++++++
| 2 files changed, 12 insertions(+), 3 deletions(-)
|
|diff --git a/src/util.c b/src/util.c
|index 26d92b92290..c32cbeef96a 100644
|--- a/src/util.c
|+++ b/src/util.c
|@@ -67,7 +70,7 @@ static int stringmatchlen_impl(const char *pattern, int patternLen,
|                 return 1; /* match */
|             while(stringLen) {
|                 if (stringmatchlen_impl(pattern+1, patternLen-1,
|-                            string, stringLen, nocase, skipLongerMatches))
|+                            string, stringLen, nocase, skipLongerMatches, nesting+1))
|                     return 1; /* match */
|                 if (*skipLongerMatches)
|                     return 0; /* no match */
--------------------------
patching file src/util.c
Using Plan A...
done
方法8.2成功：使用patch -p1 -F 100 -c

2025-04-24 12:39:26.172 | INFO     | modules.chunk_analyzer:_apply_chunk_patches:354 - 尝试应用补丁块: /home/elpsy/workspace/sow/patch-backport/workspace/redis/redis/c8649f/chunk_patches/chunk_003_20250424_123925.patch
2025-04-24 12:39:26.172 | INFO     | modules.chunk_analyzer:_apply_chunk_patches:358 - 方法1: 尝试 git apply --ignore-space-change
2025-04-24 12:39:26.172 | INFO     | modules.chunk_analyzer:_run_git_command:1329 - 运行git命令: apply --ignore-space-change --ignore-whitespace /home/elpsy/workspace/sow/patch-backport/workspace/redis/redis/c8649f/chunk_patches/chunk_003_20250424_123925.patch
2025-04-24 12:39:26.175 | ERROR    | modules.chunk_analyzer:_run_git_command:1340 - Git命令执行失败: error: patch failed: src/util.c:189
error: src/util.c: patch does not apply

2025-04-24 12:39:26.175 | INFO     | modules.chunk_analyzer:_apply_chunk_patches:370 - 方法1失败: Command '['git', 'apply', '--ignore-space-change', '--ignore-whitespace', '/home/elpsy/workspace/sow/patch-backport/workspace/redis/redis/c8649f/chunk_patches/chunk_003_20250424_123925.patch']' returned non-zero exit status 1.
2025-04-24 12:39:26.176 | INFO     | modules.chunk_analyzer:_run_git_command:1329 - 运行git命令: reset --hard
2025-04-24 12:39:26.181 | INFO     | modules.chunk_analyzer:_apply_chunk_patches:376 - 方法2: 尝试 git apply --reject
2025-04-24 12:39:26.181 | INFO     | modules.chunk_analyzer:_run_git_command:1329 - 运行git命令: apply --reject --ignore-whitespace --ignore-space-change /home/elpsy/workspace/sow/patch-backport/workspace/redis/redis/c8649f/chunk_patches/chunk_003_20250424_123925.patch
2025-04-24 12:39:26.184 | ERROR    | modules.chunk_analyzer:_run_git_command:1340 - Git命令执行失败: Checking patch src/util.c...
error: while searching for:
int stringmatchlen(const char *pattern, int patternLen,
        const char *string, int stringLen, int nocase) {
    int skipLongerMatches = 0;
    return stringmatchlen_impl(pattern,patternLen,string,stringLen,nocase,&skipLongerMatches);
}

int stringmatch(const char *pattern, const char *string, int nocase) {

error: patch failed: src/util.c:189
Applying patch src/util.c with 1 reject...
Rejected hunk #1.

2025-04-24 12:39:26.184 | INFO     | modules.chunk_analyzer:_apply_chunk_patches:399 - 方法2失败: Command '['git', 'apply', '--reject', '--ignore-whitespace', '--ignore-space-change', '/home/elpsy/workspace/sow/patch-backport/workspace/redis/redis/c8649f/chunk_patches/chunk_003_20250424_123925.patch']' returned non-zero exit status 1.
2025-04-24 12:39:26.185 | INFO     | modules.chunk_analyzer:_run_git_command:1329 - 运行git命令: reset --hard
2025-04-24 12:39:26.191 | INFO     | modules.chunk_analyzer:_apply_chunk_patches:405 - 方法3: 尝试 git am --3way
2025-04-24 12:39:26.214 | INFO     | modules.chunk_analyzer:_apply_chunk_patches:425 - 方法3失败: error: Failed to merge in the changes.
hint: Use 'git am --show-current-patch' to see the failed patch

2025-04-24 12:39:26.214 | INFO     | modules.chunk_analyzer:_apply_chunk_patches:440 - 方法4: 尝试系统 patch 命令
2025-04-24 12:39:26.215 | INFO     | modules.chunk_analyzer:_apply_chunk_patches:522 - 准备对文件 src/util.c 应用补丁 /tmp/tmpp68n4vtq/temp.patch
2025-04-24 12:39:26.216 | INFO     | modules.chunk_analyzer:_apply_chunk_patches:555 - 方法4异常: 'bytes' object has no attribute 'encode'
2025-04-24 12:39:26.216 | INFO     | modules.chunk_analyzer:_run_git_command:1329 - 运行git命令: reset --hard
2025-04-24 12:39:26.222 | INFO     | modules.chunk_analyzer:_apply_chunk_patches:561 - 方法5: 尝试调整补丁行号
2025-04-24 12:39:26.223 | INFO     | modules.chunk_analyzer:_apply_chunk_patches:695 - 方法6: 尝试使用更多patch选项组合
2025-04-24 12:39:26.224 | INFO     | modules.chunk_analyzer:_apply_chunk_patches:780 - 尝试patch选项: patch -p1 -F 100 --fuzz=100 --ignore-whitespace -f -l src/util.c
2025-04-24 12:39:26.225 | INFO     | modules.chunk_analyzer:_apply_chunk_patches:812 - 尝试选项 patch -p1 -F 100 --fuzz=100 --ignore-whitespace -f -l src/util.c 异常: 'bytes' object has no attribute 'encode'
2025-04-24 12:39:26.227 | INFO     | modules.chunk_analyzer:_apply_chunk_patches:814 - 错误堆栈: Traceback (most recent call last):
  File "/home/elpsy/workspace/sow/patch-backport/modules/chunk_analyzer.py", line 788, in _apply_chunk_patches
    patch_result = subprocess.run(
                   ^^^^^^^^^^^^^^^
  File "/home/elpsy/tools/miniconda3/envs/sow/lib/python3.12/subprocess.py", line 550, in run
    stdout, stderr = process.communicate(input, timeout=timeout)
                     ^^^^^^^^^^^^^^^^^^^^^^^^^^^^^^^^^^^^^^^^^^^
  File "/home/elpsy/tools/miniconda3/envs/sow/lib/python3.12/subprocess.py", line 1209, in communicate
    stdout, stderr = self._communicate(input, endtime, timeout)
                     ^^^^^^^^^^^^^^^^^^^^^^^^^^^^^^^^^^^^^^^^^^
  File "/home/elpsy/tools/miniconda3/envs/sow/lib/python3.12/subprocess.py", line 2092, in _communicate
    self._save_input(input)
  File "/home/elpsy/tools/miniconda3/envs/sow/lib/python3.12/subprocess.py", line 2172, in _save_input
    self._input = self._input.encode(self.stdin.encoding,
                  ^^^^^^^^^^^^^^^^^^
AttributeError: 'bytes' object has no attribute 'encode'. Did you mean: 'decode'?

2025-04-24 12:39:26.227 | INFO     | modules.chunk_analyzer:_run_git_command:1329 - 运行git命令: reset --hard
2025-04-24 12:39:26.232 | INFO     | modules.chunk_analyzer:_apply_chunk_patches:780 - 尝试patch选项: patch -p1 -F 100 --fuzz=100 --ignore-whitespace -f -l -t src/util.c
2025-04-24 12:39:26.234 | INFO     | modules.chunk_analyzer:_apply_chunk_patches:812 - 尝试选项 patch -p1 -F 100 --fuzz=100 --ignore-whitespace -f -l -t src/util.c 异常: 'bytes' object has no attribute 'encode'
2025-04-24 12:39:26.236 | INFO     | modules.chunk_analyzer:_apply_chunk_patches:814 - 错误堆栈: Traceback (most recent call last):
  File "/home/elpsy/workspace/sow/patch-backport/modules/chunk_analyzer.py", line 788, in _apply_chunk_patches
    patch_result = subprocess.run(
                   ^^^^^^^^^^^^^^^
  File "/home/elpsy/tools/miniconda3/envs/sow/lib/python3.12/subprocess.py", line 550, in run
    stdout, stderr = process.communicate(input, timeout=timeout)
                     ^^^^^^^^^^^^^^^^^^^^^^^^^^^^^^^^^^^^^^^^^^^
  File "/home/elpsy/tools/miniconda3/envs/sow/lib/python3.12/subprocess.py", line 1209, in communicate
    stdout, stderr = self._communicate(input, endtime, timeout)
                     ^^^^^^^^^^^^^^^^^^^^^^^^^^^^^^^^^^^^^^^^^^
  File "/home/elpsy/tools/miniconda3/envs/sow/lib/python3.12/subprocess.py", line 2092, in _communicate
    self._save_input(input)
  File "/home/elpsy/tools/miniconda3/envs/sow/lib/python3.12/subprocess.py", line 2172, in _save_input
    self._input = self._input.encode(self.stdin.encoding,
                  ^^^^^^^^^^^^^^^^^^
AttributeError: 'bytes' object has no attribute 'encode'. Did you mean: 'decode'?

2025-04-24 12:39:26.236 | INFO     | modules.chunk_analyzer:_run_git_command:1329 - 运行git命令: reset --hard
2025-04-24 12:39:26.242 | INFO     | modules.chunk_analyzer:_apply_chunk_patches:780 - 尝试patch选项: patch -p1 -F 100 --fuzz=100 --ignore-whitespace -f -l -N src/util.c
2025-04-24 12:39:26.243 | INFO     | modules.chunk_analyzer:_apply_chunk_patches:812 - 尝试选项 patch -p1 -F 100 --fuzz=100 --ignore-whitespace -f -l -N src/util.c 异常: 'bytes' object has no attribute 'encode'
2025-04-24 12:39:26.245 | INFO     | modules.chunk_analyzer:_apply_chunk_patches:814 - 错误堆栈: Traceback (most recent call last):
  File "/home/elpsy/workspace/sow/patch-backport/modules/chunk_analyzer.py", line 788, in _apply_chunk_patches
    patch_result = subprocess.run(
                   ^^^^^^^^^^^^^^^
  File "/home/elpsy/tools/miniconda3/envs/sow/lib/python3.12/subprocess.py", line 550, in run
    stdout, stderr = process.communicate(input, timeout=timeout)
                     ^^^^^^^^^^^^^^^^^^^^^^^^^^^^^^^^^^^^^^^^^^^
  File "/home/elpsy/tools/miniconda3/envs/sow/lib/python3.12/subprocess.py", line 1209, in communicate
    stdout, stderr = self._communicate(input, endtime, timeout)
                     ^^^^^^^^^^^^^^^^^^^^^^^^^^^^^^^^^^^^^^^^^^
  File "/home/elpsy/tools/miniconda3/envs/sow/lib/python3.12/subprocess.py", line 2092, in _communicate
    self._save_input(input)
  File "/home/elpsy/tools/miniconda3/envs/sow/lib/python3.12/subprocess.py", line 2172, in _save_input
    self._input = self._input.encode(self.stdin.encoding,
                  ^^^^^^^^^^^^^^^^^^
AttributeError: 'bytes' object has no attribute 'encode'. Did you mean: 'decode'?

2025-04-24 12:39:26.245 | INFO     | modules.chunk_analyzer:_run_git_command:1329 - 运行git命令: reset --hard
2025-04-24 12:39:26.251 | INFO     | modules.chunk_analyzer:_apply_chunk_patches:831 - 方法7: 尝试使用git diff内容差异检测
2025-04-24 12:39:26.252 | INFO     | modules.chunk_analyzer:_apply_chunk_patches:943 - 删除行不足以确定准确位置
2025-04-24 12:39:26.253 | INFO     | modules.chunk_analyzer:_apply_chunk_patches:955 - 方法8: 尝试使用外部shell命令应用补丁
2025-04-24 12:39:26.253 | INFO     | modules.chunk_analyzer:_run_git_command:1329 - 运行git命令: rev-parse HEAD
2025-04-24 12:39:26.255 | INFO     | modules.chunk_analyzer:_apply_chunk_patches:1007 - 应用补丁前的提交: 5f7f0d319e6d8de60da3ac490bffaad55e36e2b8
2025-04-24 12:39:26.265 | INFO     | modules.chunk_analyzer:_run_git_command:1329 - 运行git命令: add .
2025-04-24 12:39:26.270 | INFO     | modules.chunk_analyzer:_run_git_command:1329 - 运行git命令: commit -m Applied chunk patch with shell script: chunk_003_20250424_123925.patch
2025-04-24 12:39:26.279 | INFO     | modules.chunk_analyzer:_run_git_command:1329 - 运行git命令: rev-parse HEAD
2025-04-24 12:39:26.281 | INFO     | modules.chunk_analyzer:_apply_chunk_patches:1112 - 应用补丁后的提交: dbad1d11b4cfbb8979217c00d23aac94b183d088
2025-04-24 12:39:26.282 | INFO     | modules.chunk_analyzer:_run_git_command:1329 - 运行git命令: format-patch -1 --stdout --no-prefix dbad1d11b4cfbb8979217c00d23aac94b183d088
2025-04-24 12:39:26.285 | INFO     | modules.chunk_analyzer:_apply_chunk_patches:1135 - 已从实际提交生成补丁: workspace/redis/redis/c8649f/chunk_patches/chunk_003_20250424_123925_actual.patch
2025-04-24 12:39:26.285 | INFO     | modules.chunk_analyzer:_run_git_command:1329 - 运行git命令: format-patch -1 --stdout --no-prefix dbad1d11b4cfbb8979217c00d23aac94b183d088 -- src/util.c
2025-04-24 12:39:26.290 | INFO     | modules.chunk_analyzer:_apply_chunk_patches:1152 - 已从实际提交生成特定文件的补丁: workspace/redis/redis/c8649f/chunk_patches/chunk_003_20250424_123925_specific.patch
2025-04-24 12:39:26.290 | INFO     | modules.chunk_analyzer:_run_git_command:1329 - 运行git命令: diff 5f7f0d319e6d8de60da3ac490bffaad55e36e2b8..dbad1d11b4cfbb8979217c00d23aac94b183d088 -- src/util.c
2025-04-24 12:39:26.293 | INFO     | modules.chunk_analyzer:_apply_chunk_patches:1163 - 已从实际提交生成精确补丁: workspace/redis/redis/c8649f/chunk_patches/chunk_003_20250424_123925_precise.patch
2025-04-24 12:39:26.293 | INFO     | modules.chunk_analyzer:_apply_chunk_patches:1204 - 成功应用块补丁(方法8): chunk_003_20250424_123925.patch
2025-04-24 12:39:26.293 | INFO     | modules.chunk_analyzer:_apply_chunk_patches:1205 - Shell脚本输出: Hmm...  Looks like a unified diff to me...
The text leading up to this was:
--------------------------
|From c8649f8e852d1dc388b5446e003bb0eefa33d61f Mon Sep 17 00:00:00 2001
|From: Oran Agra <oran@redislabs.com>
|Date: Wed, 2 Oct 2024 20:11:01 +0300
|Subject: [PATCH] Prevent pattern matching abuse (CVE-2024-31228)
|
|---
| src/util.c              | 9 ++++++---
| tests/unit/keyspace.tcl | 6 ++++++
| 2 files changed, 12 insertions(+), 3 deletions(-)
|
|diff --git a/src/util.c b/src/util.c
|index 26d92b92290..c32cbeef96a 100644
|--- a/src/util.c
|+++ b/src/util.c
|@@ -189,7 +192,7 @@ static int stringmatchlen_impl(const char *pattern, int patternLen,
| int stringmatchlen(const char *pattern, int patternLen,
|         const char *string, int stringLen, int nocase) {
|     int skipLongerMatches = 0;
|-    return stringmatchlen_impl(pattern,patternLen,string,stringLen,nocase,&skipLongerMatches);
|+    return stringmatchlen_impl(pattern,patternLen,string,stringLen,nocase,&skipLongerMatches,0);
| }
| 
| int stringmatch(const char *pattern, const char *string, int nocase) {
--------------------------
patching file src/util.c
Using Plan A...
done
方法8.2成功：使用patch -p1 -F 100 -c

2025-04-24 12:39:26.294 | INFO     | modules.chunk_analyzer:_apply_chunk_patches:354 - 尝试应用补丁块: /home/elpsy/workspace/sow/patch-backport/workspace/redis/redis/c8649f/chunk_patches/chunk_004_20250424_123925.patch
2025-04-24 12:39:26.294 | INFO     | modules.chunk_analyzer:_apply_chunk_patches:358 - 方法1: 尝试 git apply --ignore-space-change
2025-04-24 12:39:26.294 | INFO     | modules.chunk_analyzer:_run_git_command:1329 - 运行git命令: apply --ignore-space-change --ignore-whitespace /home/elpsy/workspace/sow/patch-backport/workspace/redis/redis/c8649f/chunk_patches/chunk_004_20250424_123925.patch
2025-04-24 12:39:26.296 | ERROR    | modules.chunk_analyzer:_run_git_command:1340 - Git命令执行失败: error: patch failed: tests/unit/keyspace.tcl:499
error: tests/unit/keyspace.tcl: patch does not apply

2025-04-24 12:39:26.297 | INFO     | modules.chunk_analyzer:_apply_chunk_patches:370 - 方法1失败: Command '['git', 'apply', '--ignore-space-change', '--ignore-whitespace', '/home/elpsy/workspace/sow/patch-backport/workspace/redis/redis/c8649f/chunk_patches/chunk_004_20250424_123925.patch']' returned non-zero exit status 1.
2025-04-24 12:39:26.297 | INFO     | modules.chunk_analyzer:_run_git_command:1329 - 运行git命令: reset --hard
2025-04-24 12:39:26.303 | INFO     | modules.chunk_analyzer:_apply_chunk_patches:376 - 方法2: 尝试 git apply --reject
2025-04-24 12:39:26.303 | INFO     | modules.chunk_analyzer:_run_git_command:1329 - 运行git命令: apply --reject --ignore-whitespace --ignore-space-change /home/elpsy/workspace/sow/patch-backport/workspace/redis/redis/c8649f/chunk_patches/chunk_004_20250424_123925.patch
2025-04-24 12:39:26.306 | ERROR    | modules.chunk_analyzer:_run_git_command:1340 - Git命令执行失败: Checking patch tests/unit/keyspace.tcl...
error: while searching for:
        r SET aaaaaaaaaaaaaaaaaaaaaaaaaaaaaaaaaaaaaaaa 1
        r KEYS "a*a*a*a*a*a*a*a*a*a*a*a*a*a*a*a*a*a*a*a*b"
    } {}
}

error: patch failed: tests/unit/keyspace.tcl:499
Applying patch tests/unit/keyspace.tcl with 1 reject...
Rejected hunk #1.

2025-04-24 12:39:26.307 | INFO     | modules.chunk_analyzer:_apply_chunk_patches:399 - 方法2失败: Command '['git', 'apply', '--reject', '--ignore-whitespace', '--ignore-space-change', '/home/elpsy/workspace/sow/patch-backport/workspace/redis/redis/c8649f/chunk_patches/chunk_004_20250424_123925.patch']' returned non-zero exit status 1.
2025-04-24 12:39:26.307 | INFO     | modules.chunk_analyzer:_run_git_command:1329 - 运行git命令: reset --hard
2025-04-24 12:39:26.312 | INFO     | modules.chunk_analyzer:_apply_chunk_patches:405 - 方法3: 尝试 git am --3way
2025-04-24 12:39:26.334 | INFO     | modules.chunk_analyzer:_apply_chunk_patches:425 - 方法3失败: error: Failed to merge in the changes.
hint: Use 'git am --show-current-patch' to see the failed patch

2025-04-24 12:39:26.334 | INFO     | modules.chunk_analyzer:_apply_chunk_patches:440 - 方法4: 尝试系统 patch 命令
2025-04-24 12:39:26.335 | INFO     | modules.chunk_analyzer:_apply_chunk_patches:522 - 准备对文件 tests/unit/keyspace.tcl 应用补丁 /tmp/tmpgd2j9r3i/temp.patch
2025-04-24 12:39:26.336 | INFO     | modules.chunk_analyzer:_apply_chunk_patches:555 - 方法4异常: 'bytes' object has no attribute 'encode'
2025-04-24 12:39:26.336 | INFO     | modules.chunk_analyzer:_run_git_command:1329 - 运行git命令: reset --hard
2025-04-24 12:39:26.342 | INFO     | modules.chunk_analyzer:_apply_chunk_patches:561 - 方法5: 尝试调整补丁行号
2025-04-24 12:39:26.343 | INFO     | modules.chunk_analyzer:_apply_chunk_patches:649 - 找到匹配行，原始行号: 499，新行号: 1
2025-04-24 12:39:26.344 | INFO     | modules.chunk_analyzer:_apply_chunk_patches:666 - 尝试应用调整行号后的补丁: /tmp/tmpqjrrwojh/adjusted.patch
2025-04-24 12:39:26.344 | INFO     | modules.chunk_analyzer:_run_git_command:1329 - 运行git命令: apply --ignore-space-change --ignore-whitespace /tmp/tmpqjrrwojh/adjusted.patch
2025-04-24 12:39:26.346 | ERROR    | modules.chunk_analyzer:_run_git_command:1340 - Git命令执行失败: error: patch failed: tests/unit/keyspace.tcl:1
error: tests/unit/keyspace.tcl: patch does not apply

2025-04-24 12:39:26.346 | INFO     | modules.chunk_analyzer:_apply_chunk_patches:681 - 尝试调整行号失败: Command '['git', 'apply', '--ignore-space-change', '--ignore-whitespace', '/tmp/tmpqjrrwojh/adjusted.patch']' returned non-zero exit status 1.
2025-04-24 12:39:26.346 | INFO     | modules.chunk_analyzer:_run_git_command:1329 - 运行git命令: reset --hard
2025-04-24 12:39:26.352 | INFO     | modules.chunk_analyzer:_apply_chunk_patches:649 - 找到匹配行，原始行号: 499，新行号: 2
2025-04-24 12:39:26.353 | INFO     | modules.chunk_analyzer:_apply_chunk_patches:666 - 尝试应用调整行号后的补丁: /tmp/tmpxfvhjc2y/adjusted.patch
2025-04-24 12:39:26.353 | INFO     | modules.chunk_analyzer:_run_git_command:1329 - 运行git命令: apply --ignore-space-change --ignore-whitespace /tmp/tmpxfvhjc2y/adjusted.patch
2025-04-24 12:39:26.356 | ERROR    | modules.chunk_analyzer:_run_git_command:1340 - Git命令执行失败: error: patch failed: tests/unit/keyspace.tcl:2
error: tests/unit/keyspace.tcl: patch does not apply

2025-04-24 12:39:26.356 | INFO     | modules.chunk_analyzer:_apply_chunk_patches:681 - 尝试调整行号失败: Command '['git', 'apply', '--ignore-space-change', '--ignore-whitespace', '/tmp/tmpxfvhjc2y/adjusted.patch']' returned non-zero exit status 1.
2025-04-24 12:39:26.356 | INFO     | modules.chunk_analyzer:_run_git_command:1329 - 运行git命令: reset --hard
2025-04-24 12:39:26.364 | INFO     | modules.chunk_analyzer:_apply_chunk_patches:649 - 找到匹配行，原始行号: 499，新行号: 3
2025-04-24 12:39:26.364 | INFO     | modules.chunk_analyzer:_apply_chunk_patches:666 - 尝试应用调整行号后的补丁: /tmp/tmpj8uv6ady/adjusted.patch
2025-04-24 12:39:26.364 | INFO     | modules.chunk_analyzer:_run_git_command:1329 - 运行git命令: apply --ignore-space-change --ignore-whitespace /tmp/tmpj8uv6ady/adjusted.patch
2025-04-24 12:39:26.366 | ERROR    | modules.chunk_analyzer:_run_git_command:1340 - Git命令执行失败: error: patch failed: tests/unit/keyspace.tcl:3
error: tests/unit/keyspace.tcl: patch does not apply

2025-04-24 12:39:26.367 | INFO     | modules.chunk_analyzer:_apply_chunk_patches:681 - 尝试调整行号失败: Command '['git', 'apply', '--ignore-space-change', '--ignore-whitespace', '/tmp/tmpj8uv6ady/adjusted.patch']' returned non-zero exit status 1.
2025-04-24 12:39:26.367 | INFO     | modules.chunk_analyzer:_run_git_command:1329 - 运行git命令: reset --hard
2025-04-24 12:39:26.374 | INFO     | modules.chunk_analyzer:_apply_chunk_patches:649 - 找到匹配行，原始行号: 499，新行号: 4
2025-04-24 12:39:26.375 | INFO     | modules.chunk_analyzer:_apply_chunk_patches:666 - 尝试应用调整行号后的补丁: /tmp/tmp_re70hy8/adjusted.patch
2025-04-24 12:39:26.375 | INFO     | modules.chunk_analyzer:_run_git_command:1329 - 运行git命令: apply --ignore-space-change --ignore-whitespace /tmp/tmp_re70hy8/adjusted.patch
2025-04-24 12:39:26.377 | ERROR    | modules.chunk_analyzer:_run_git_command:1340 - Git命令执行失败: error: patch failed: tests/unit/keyspace.tcl:4
error: tests/unit/keyspace.tcl: patch does not apply

2025-04-24 12:39:26.378 | INFO     | modules.chunk_analyzer:_apply_chunk_patches:681 - 尝试调整行号失败: Command '['git', 'apply', '--ignore-space-change', '--ignore-whitespace', '/tmp/tmp_re70hy8/adjusted.patch']' returned non-zero exit status 1.
2025-04-24 12:39:26.378 | INFO     | modules.chunk_analyzer:_run_git_command:1329 - 运行git命令: reset --hard
2025-04-24 12:39:26.383 | INFO     | modules.chunk_analyzer:_apply_chunk_patches:649 - 找到匹配行，原始行号: 499，新行号: 5
2025-04-24 12:39:26.384 | INFO     | modules.chunk_analyzer:_apply_chunk_patches:666 - 尝试应用调整行号后的补丁: /tmp/tmpb5dqi_yu/adjusted.patch
2025-04-24 12:39:26.384 | INFO     | modules.chunk_analyzer:_run_git_command:1329 - 运行git命令: apply --ignore-space-change --ignore-whitespace /tmp/tmpb5dqi_yu/adjusted.patch
2025-04-24 12:39:26.387 | ERROR    | modules.chunk_analyzer:_run_git_command:1340 - Git命令执行失败: error: patch failed: tests/unit/keyspace.tcl:5
error: tests/unit/keyspace.tcl: patch does not apply

2025-04-24 12:39:26.387 | INFO     | modules.chunk_analyzer:_apply_chunk_patches:681 - 尝试调整行号失败: Command '['git', 'apply', '--ignore-space-change', '--ignore-whitespace', '/tmp/tmpb5dqi_yu/adjusted.patch']' returned non-zero exit status 1.
2025-04-24 12:39:26.387 | INFO     | modules.chunk_analyzer:_run_git_command:1329 - 运行git命令: reset --hard
2025-04-24 12:39:26.394 | INFO     | modules.chunk_analyzer:_apply_chunk_patches:649 - 找到匹配行，原始行号: 499，新行号: 6
2025-04-24 12:39:26.395 | INFO     | modules.chunk_analyzer:_apply_chunk_patches:666 - 尝试应用调整行号后的补丁: /tmp/tmpbvayx68f/adjusted.patch
2025-04-24 12:39:26.396 | INFO     | modules.chunk_analyzer:_run_git_command:1329 - 运行git命令: apply --ignore-space-change --ignore-whitespace /tmp/tmpbvayx68f/adjusted.patch
2025-04-24 12:39:26.397 | ERROR    | modules.chunk_analyzer:_run_git_command:1340 - Git命令执行失败: error: patch failed: tests/unit/keyspace.tcl:6
error: tests/unit/keyspace.tcl: patch does not apply

2025-04-24 12:39:26.398 | INFO     | modules.chunk_analyzer:_apply_chunk_patches:681 - 尝试调整行号失败: Command '['git', 'apply', '--ignore-space-change', '--ignore-whitespace', '/tmp/tmpbvayx68f/adjusted.patch']' returned non-zero exit status 1.
2025-04-24 12:39:26.398 | INFO     | modules.chunk_analyzer:_run_git_command:1329 - 运行git命令: reset --hard
2025-04-24 12:39:26.403 | INFO     | modules.chunk_analyzer:_apply_chunk_patches:649 - 找到匹配行，原始行号: 499，新行号: 7
2025-04-24 12:39:26.404 | INFO     | modules.chunk_analyzer:_apply_chunk_patches:666 - 尝试应用调整行号后的补丁: /tmp/tmp7fukim34/adjusted.patch
2025-04-24 12:39:26.405 | INFO     | modules.chunk_analyzer:_run_git_command:1329 - 运行git命令: apply --ignore-space-change --ignore-whitespace /tmp/tmp7fukim34/adjusted.patch
2025-04-24 12:39:26.407 | ERROR    | modules.chunk_analyzer:_run_git_command:1340 - Git命令执行失败: error: patch failed: tests/unit/keyspace.tcl:7
error: tests/unit/keyspace.tcl: patch does not apply

2025-04-24 12:39:26.407 | INFO     | modules.chunk_analyzer:_apply_chunk_patches:681 - 尝试调整行号失败: Command '['git', 'apply', '--ignore-space-change', '--ignore-whitespace', '/tmp/tmp7fukim34/adjusted.patch']' returned non-zero exit status 1.
2025-04-24 12:39:26.408 | INFO     | modules.chunk_analyzer:_run_git_command:1329 - 运行git命令: reset --hard
2025-04-24 12:39:26.413 | INFO     | modules.chunk_analyzer:_apply_chunk_patches:649 - 找到匹配行，原始行号: 499，新行号: 8
2025-04-24 12:39:26.414 | INFO     | modules.chunk_analyzer:_apply_chunk_patches:666 - 尝试应用调整行号后的补丁: /tmp/tmpz2q7wiqw/adjusted.patch
2025-04-24 12:39:26.415 | INFO     | modules.chunk_analyzer:_run_git_command:1329 - 运行git命令: apply --ignore-space-change --ignore-whitespace /tmp/tmpz2q7wiqw/adjusted.patch
2025-04-24 12:39:26.416 | ERROR    | modules.chunk_analyzer:_run_git_command:1340 - Git命令执行失败: error: patch failed: tests/unit/keyspace.tcl:8
error: tests/unit/keyspace.tcl: patch does not apply

2025-04-24 12:39:26.417 | INFO     | modules.chunk_analyzer:_apply_chunk_patches:681 - 尝试调整行号失败: Command '['git', 'apply', '--ignore-space-change', '--ignore-whitespace', '/tmp/tmpz2q7wiqw/adjusted.patch']' returned non-zero exit status 1.
2025-04-24 12:39:26.417 | INFO     | modules.chunk_analyzer:_run_git_command:1329 - 运行git命令: reset --hard
2025-04-24 12:39:26.423 | INFO     | modules.chunk_analyzer:_apply_chunk_patches:649 - 找到匹配行，原始行号: 499，新行号: 9
2025-04-24 12:39:26.424 | INFO     | modules.chunk_analyzer:_apply_chunk_patches:666 - 尝试应用调整行号后的补丁: /tmp/tmpdeg2jl3k/adjusted.patch
2025-04-24 12:39:26.425 | INFO     | modules.chunk_analyzer:_run_git_command:1329 - 运行git命令: apply --ignore-space-change --ignore-whitespace /tmp/tmpdeg2jl3k/adjusted.patch
2025-04-24 12:39:26.427 | ERROR    | modules.chunk_analyzer:_run_git_command:1340 - Git命令执行失败: error: patch failed: tests/unit/keyspace.tcl:9
error: tests/unit/keyspace.tcl: patch does not apply

2025-04-24 12:39:26.428 | INFO     | modules.chunk_analyzer:_apply_chunk_patches:681 - 尝试调整行号失败: Command '['git', 'apply', '--ignore-space-change', '--ignore-whitespace', '/tmp/tmpdeg2jl3k/adjusted.patch']' returned non-zero exit status 1.
2025-04-24 12:39:26.428 | INFO     | modules.chunk_analyzer:_run_git_command:1329 - 运行git命令: reset --hard
2025-04-24 12:39:26.434 | INFO     | modules.chunk_analyzer:_apply_chunk_patches:649 - 找到匹配行，原始行号: 499，新行号: 10
2025-04-24 12:39:26.435 | INFO     | modules.chunk_analyzer:_apply_chunk_patches:666 - 尝试应用调整行号后的补丁: /tmp/tmp9yo_r_99/adjusted.patch
2025-04-24 12:39:26.435 | INFO     | modules.chunk_analyzer:_run_git_command:1329 - 运行git命令: apply --ignore-space-change --ignore-whitespace /tmp/tmp9yo_r_99/adjusted.patch
2025-04-24 12:39:26.437 | ERROR    | modules.chunk_analyzer:_run_git_command:1340 - Git命令执行失败: error: patch failed: tests/unit/keyspace.tcl:10
error: tests/unit/keyspace.tcl: patch does not apply

2025-04-24 12:39:26.438 | INFO     | modules.chunk_analyzer:_apply_chunk_patches:681 - 尝试调整行号失败: Command '['git', 'apply', '--ignore-space-change', '--ignore-whitespace', '/tmp/tmp9yo_r_99/adjusted.patch']' returned non-zero exit status 1.
2025-04-24 12:39:26.438 | INFO     | modules.chunk_analyzer:_run_git_command:1329 - 运行git命令: reset --hard
2025-04-24 12:39:26.444 | INFO     | modules.chunk_analyzer:_apply_chunk_patches:649 - 找到匹配行，原始行号: 499，新行号: 11
2025-04-24 12:39:26.445 | INFO     | modules.chunk_analyzer:_apply_chunk_patches:666 - 尝试应用调整行号后的补丁: /tmp/tmprus6yvi6/adjusted.patch
2025-04-24 12:39:26.445 | INFO     | modules.chunk_analyzer:_run_git_command:1329 - 运行git命令: apply --ignore-space-change --ignore-whitespace /tmp/tmprus6yvi6/adjusted.patch
2025-04-24 12:39:26.447 | ERROR    | modules.chunk_analyzer:_run_git_command:1340 - Git命令执行失败: error: patch failed: tests/unit/keyspace.tcl:11
error: tests/unit/keyspace.tcl: patch does not apply

2025-04-24 12:39:26.447 | INFO     | modules.chunk_analyzer:_apply_chunk_patches:681 - 尝试调整行号失败: Command '['git', 'apply', '--ignore-space-change', '--ignore-whitespace', '/tmp/tmprus6yvi6/adjusted.patch']' returned non-zero exit status 1.
2025-04-24 12:39:26.447 | INFO     | modules.chunk_analyzer:_run_git_command:1329 - 运行git命令: reset --hard
2025-04-24 12:39:26.453 | INFO     | modules.chunk_analyzer:_apply_chunk_patches:649 - 找到匹配行，原始行号: 499，新行号: 12
2025-04-24 12:39:26.453 | INFO     | modules.chunk_analyzer:_apply_chunk_patches:666 - 尝试应用调整行号后的补丁: /tmp/tmpmspeeuse/adjusted.patch
2025-04-24 12:39:26.454 | INFO     | modules.chunk_analyzer:_run_git_command:1329 - 运行git命令: apply --ignore-space-change --ignore-whitespace /tmp/tmpmspeeuse/adjusted.patch
2025-04-24 12:39:26.456 | ERROR    | modules.chunk_analyzer:_run_git_command:1340 - Git命令执行失败: error: patch failed: tests/unit/keyspace.tcl:12
error: tests/unit/keyspace.tcl: patch does not apply

2025-04-24 12:39:26.456 | INFO     | modules.chunk_analyzer:_apply_chunk_patches:681 - 尝试调整行号失败: Command '['git', 'apply', '--ignore-space-change', '--ignore-whitespace', '/tmp/tmpmspeeuse/adjusted.patch']' returned non-zero exit status 1.
2025-04-24 12:39:26.456 | INFO     | modules.chunk_analyzer:_run_git_command:1329 - 运行git命令: reset --hard
2025-04-24 12:39:26.462 | INFO     | modules.chunk_analyzer:_apply_chunk_patches:649 - 找到匹配行，原始行号: 499，新行号: 13
2025-04-24 12:39:26.462 | INFO     | modules.chunk_analyzer:_apply_chunk_patches:666 - 尝试应用调整行号后的补丁: /tmp/tmp8gt1vx47/adjusted.patch
2025-04-24 12:39:26.463 | INFO     | modules.chunk_analyzer:_run_git_command:1329 - 运行git命令: apply --ignore-space-change --ignore-whitespace /tmp/tmp8gt1vx47/adjusted.patch
2025-04-24 12:39:26.465 | ERROR    | modules.chunk_analyzer:_run_git_command:1340 - Git命令执行失败: error: patch failed: tests/unit/keyspace.tcl:13
error: tests/unit/keyspace.tcl: patch does not apply

2025-04-24 12:39:26.465 | INFO     | modules.chunk_analyzer:_apply_chunk_patches:681 - 尝试调整行号失败: Command '['git', 'apply', '--ignore-space-change', '--ignore-whitespace', '/tmp/tmp8gt1vx47/adjusted.patch']' returned non-zero exit status 1.
2025-04-24 12:39:26.465 | INFO     | modules.chunk_analyzer:_run_git_command:1329 - 运行git命令: reset --hard
2025-04-24 12:39:26.471 | INFO     | modules.chunk_analyzer:_apply_chunk_patches:649 - 找到匹配行，原始行号: 499，新行号: 14
2025-04-24 12:39:26.471 | INFO     | modules.chunk_analyzer:_apply_chunk_patches:666 - 尝试应用调整行号后的补丁: /tmp/tmppkepx0r1/adjusted.patch
2025-04-24 12:39:26.472 | INFO     | modules.chunk_analyzer:_run_git_command:1329 - 运行git命令: apply --ignore-space-change --ignore-whitespace /tmp/tmppkepx0r1/adjusted.patch
2025-04-24 12:39:26.474 | ERROR    | modules.chunk_analyzer:_run_git_command:1340 - Git命令执行失败: error: patch failed: tests/unit/keyspace.tcl:14
error: tests/unit/keyspace.tcl: patch does not apply

2025-04-24 12:39:26.474 | INFO     | modules.chunk_analyzer:_apply_chunk_patches:681 - 尝试调整行号失败: Command '['git', 'apply', '--ignore-space-change', '--ignore-whitespace', '/tmp/tmppkepx0r1/adjusted.patch']' returned non-zero exit status 1.
2025-04-24 12:39:26.474 | INFO     | modules.chunk_analyzer:_run_git_command:1329 - 运行git命令: reset --hard
2025-04-24 12:39:26.480 | INFO     | modules.chunk_analyzer:_apply_chunk_patches:649 - 找到匹配行，原始行号: 499，新行号: 15
2025-04-24 12:39:26.481 | INFO     | modules.chunk_analyzer:_apply_chunk_patches:666 - 尝试应用调整行号后的补丁: /tmp/tmpeavfb3ud/adjusted.patch
2025-04-24 12:39:26.481 | INFO     | modules.chunk_analyzer:_run_git_command:1329 - 运行git命令: apply --ignore-space-change --ignore-whitespace /tmp/tmpeavfb3ud/adjusted.patch
2025-04-24 12:39:26.483 | ERROR    | modules.chunk_analyzer:_run_git_command:1340 - Git命令执行失败: error: patch failed: tests/unit/keyspace.tcl:15
error: tests/unit/keyspace.tcl: patch does not apply

2025-04-24 12:39:26.483 | INFO     | modules.chunk_analyzer:_apply_chunk_patches:681 - 尝试调整行号失败: Command '['git', 'apply', '--ignore-space-change', '--ignore-whitespace', '/tmp/tmpeavfb3ud/adjusted.patch']' returned non-zero exit status 1.
2025-04-24 12:39:26.484 | INFO     | modules.chunk_analyzer:_run_git_command:1329 - 运行git命令: reset --hard
2025-04-24 12:39:26.490 | INFO     | modules.chunk_analyzer:_apply_chunk_patches:649 - 找到匹配行，原始行号: 499，新行号: 16
2025-04-24 12:39:26.490 | INFO     | modules.chunk_analyzer:_apply_chunk_patches:666 - 尝试应用调整行号后的补丁: /tmp/tmpu81byyog/adjusted.patch
2025-04-24 12:39:26.490 | INFO     | modules.chunk_analyzer:_run_git_command:1329 - 运行git命令: apply --ignore-space-change --ignore-whitespace /tmp/tmpu81byyog/adjusted.patch
2025-04-24 12:39:26.494 | ERROR    | modules.chunk_analyzer:_run_git_command:1340 - Git命令执行失败: error: patch failed: tests/unit/keyspace.tcl:16
error: tests/unit/keyspace.tcl: patch does not apply

2025-04-24 12:39:26.494 | INFO     | modules.chunk_analyzer:_apply_chunk_patches:681 - 尝试调整行号失败: Command '['git', 'apply', '--ignore-space-change', '--ignore-whitespace', '/tmp/tmpu81byyog/adjusted.patch']' returned non-zero exit status 1.
2025-04-24 12:39:26.494 | INFO     | modules.chunk_analyzer:_run_git_command:1329 - 运行git命令: reset --hard
2025-04-24 12:39:26.500 | INFO     | modules.chunk_analyzer:_apply_chunk_patches:649 - 找到匹配行，原始行号: 499，新行号: 17
2025-04-24 12:39:26.500 | INFO     | modules.chunk_analyzer:_apply_chunk_patches:666 - 尝试应用调整行号后的补丁: /tmp/tmp6x5k6olo/adjusted.patch
2025-04-24 12:39:26.501 | INFO     | modules.chunk_analyzer:_run_git_command:1329 - 运行git命令: apply --ignore-space-change --ignore-whitespace /tmp/tmp6x5k6olo/adjusted.patch
2025-04-24 12:39:26.503 | ERROR    | modules.chunk_analyzer:_run_git_command:1340 - Git命令执行失败: error: patch failed: tests/unit/keyspace.tcl:17
error: tests/unit/keyspace.tcl: patch does not apply

2025-04-24 12:39:26.503 | INFO     | modules.chunk_analyzer:_apply_chunk_patches:681 - 尝试调整行号失败: Command '['git', 'apply', '--ignore-space-change', '--ignore-whitespace', '/tmp/tmp6x5k6olo/adjusted.patch']' returned non-zero exit status 1.
2025-04-24 12:39:26.503 | INFO     | modules.chunk_analyzer:_run_git_command:1329 - 运行git命令: reset --hard
2025-04-24 12:39:26.509 | INFO     | modules.chunk_analyzer:_apply_chunk_patches:649 - 找到匹配行，原始行号: 499，新行号: 18
2025-04-24 12:39:26.511 | INFO     | modules.chunk_analyzer:_apply_chunk_patches:666 - 尝试应用调整行号后的补丁: /tmp/tmptepf30sr/adjusted.patch
2025-04-24 12:39:26.511 | INFO     | modules.chunk_analyzer:_run_git_command:1329 - 运行git命令: apply --ignore-space-change --ignore-whitespace /tmp/tmptepf30sr/adjusted.patch
2025-04-24 12:39:26.513 | ERROR    | modules.chunk_analyzer:_run_git_command:1340 - Git命令执行失败: error: patch failed: tests/unit/keyspace.tcl:18
error: tests/unit/keyspace.tcl: patch does not apply

2025-04-24 12:39:26.513 | INFO     | modules.chunk_analyzer:_apply_chunk_patches:681 - 尝试调整行号失败: Command '['git', 'apply', '--ignore-space-change', '--ignore-whitespace', '/tmp/tmptepf30sr/adjusted.patch']' returned non-zero exit status 1.
2025-04-24 12:39:26.513 | INFO     | modules.chunk_analyzer:_run_git_command:1329 - 运行git命令: reset --hard
2025-04-24 12:39:26.518 | INFO     | modules.chunk_analyzer:_apply_chunk_patches:649 - 找到匹配行，原始行号: 499，新行号: 19
2025-04-24 12:39:26.519 | INFO     | modules.chunk_analyzer:_apply_chunk_patches:666 - 尝试应用调整行号后的补丁: /tmp/tmpsbk289sh/adjusted.patch
2025-04-24 12:39:26.520 | INFO     | modules.chunk_analyzer:_run_git_command:1329 - 运行git命令: apply --ignore-space-change --ignore-whitespace /tmp/tmpsbk289sh/adjusted.patch
2025-04-24 12:39:26.522 | ERROR    | modules.chunk_analyzer:_run_git_command:1340 - Git命令执行失败: error: patch failed: tests/unit/keyspace.tcl:19
error: tests/unit/keyspace.tcl: patch does not apply

2025-04-24 12:39:26.522 | INFO     | modules.chunk_analyzer:_apply_chunk_patches:681 - 尝试调整行号失败: Command '['git', 'apply', '--ignore-space-change', '--ignore-whitespace', '/tmp/tmpsbk289sh/adjusted.patch']' returned non-zero exit status 1.
2025-04-24 12:39:26.523 | INFO     | modules.chunk_analyzer:_run_git_command:1329 - 运行git命令: reset --hard
2025-04-24 12:39:26.529 | INFO     | modules.chunk_analyzer:_apply_chunk_patches:649 - 找到匹配行，原始行号: 499，新行号: 20
2025-04-24 12:39:26.529 | INFO     | modules.chunk_analyzer:_apply_chunk_patches:666 - 尝试应用调整行号后的补丁: /tmp/tmpath4_rr6/adjusted.patch
2025-04-24 12:39:26.530 | INFO     | modules.chunk_analyzer:_run_git_command:1329 - 运行git命令: apply --ignore-space-change --ignore-whitespace /tmp/tmpath4_rr6/adjusted.patch
2025-04-24 12:39:26.531 | ERROR    | modules.chunk_analyzer:_run_git_command:1340 - Git命令执行失败: error: patch failed: tests/unit/keyspace.tcl:20
error: tests/unit/keyspace.tcl: patch does not apply

2025-04-24 12:39:26.532 | INFO     | modules.chunk_analyzer:_apply_chunk_patches:681 - 尝试调整行号失败: Command '['git', 'apply', '--ignore-space-change', '--ignore-whitespace', '/tmp/tmpath4_rr6/adjusted.patch']' returned non-zero exit status 1.
2025-04-24 12:39:26.532 | INFO     | modules.chunk_analyzer:_run_git_command:1329 - 运行git命令: reset --hard
2025-04-24 12:39:26.538 | INFO     | modules.chunk_analyzer:_apply_chunk_patches:649 - 找到匹配行，原始行号: 499，新行号: 21
2025-04-24 12:39:26.538 | INFO     | modules.chunk_analyzer:_apply_chunk_patches:666 - 尝试应用调整行号后的补丁: /tmp/tmphqsi90z1/adjusted.patch
2025-04-24 12:39:26.539 | INFO     | modules.chunk_analyzer:_run_git_command:1329 - 运行git命令: apply --ignore-space-change --ignore-whitespace /tmp/tmphqsi90z1/adjusted.patch
2025-04-24 12:39:26.541 | ERROR    | modules.chunk_analyzer:_run_git_command:1340 - Git命令执行失败: error: patch failed: tests/unit/keyspace.tcl:21
error: tests/unit/keyspace.tcl: patch does not apply

2025-04-24 12:39:26.541 | INFO     | modules.chunk_analyzer:_apply_chunk_patches:681 - 尝试调整行号失败: Command '['git', 'apply', '--ignore-space-change', '--ignore-whitespace', '/tmp/tmphqsi90z1/adjusted.patch']' returned non-zero exit status 1.
2025-04-24 12:39:26.542 | INFO     | modules.chunk_analyzer:_run_git_command:1329 - 运行git命令: reset --hard
2025-04-24 12:39:26.547 | INFO     | modules.chunk_analyzer:_apply_chunk_patches:649 - 找到匹配行，原始行号: 499，新行号: 22
2025-04-24 12:39:26.548 | INFO     | modules.chunk_analyzer:_apply_chunk_patches:666 - 尝试应用调整行号后的补丁: /tmp/tmp_54u6w4g/adjusted.patch
2025-04-24 12:39:26.548 | INFO     | modules.chunk_analyzer:_run_git_command:1329 - 运行git命令: apply --ignore-space-change --ignore-whitespace /tmp/tmp_54u6w4g/adjusted.patch
2025-04-24 12:39:26.550 | ERROR    | modules.chunk_analyzer:_run_git_command:1340 - Git命令执行失败: error: patch failed: tests/unit/keyspace.tcl:22
error: tests/unit/keyspace.tcl: patch does not apply

2025-04-24 12:39:26.550 | INFO     | modules.chunk_analyzer:_apply_chunk_patches:681 - 尝试调整行号失败: Command '['git', 'apply', '--ignore-space-change', '--ignore-whitespace', '/tmp/tmp_54u6w4g/adjusted.patch']' returned non-zero exit status 1.
2025-04-24 12:39:26.551 | INFO     | modules.chunk_analyzer:_run_git_command:1329 - 运行git命令: reset --hard
2025-04-24 12:39:26.556 | INFO     | modules.chunk_analyzer:_apply_chunk_patches:649 - 找到匹配行，原始行号: 499，新行号: 23
2025-04-24 12:39:26.557 | INFO     | modules.chunk_analyzer:_apply_chunk_patches:666 - 尝试应用调整行号后的补丁: /tmp/tmp6usf5lt8/adjusted.patch
2025-04-24 12:39:26.557 | INFO     | modules.chunk_analyzer:_run_git_command:1329 - 运行git命令: apply --ignore-space-change --ignore-whitespace /tmp/tmp6usf5lt8/adjusted.patch
2025-04-24 12:39:26.560 | ERROR    | modules.chunk_analyzer:_run_git_command:1340 - Git命令执行失败: error: patch failed: tests/unit/keyspace.tcl:23
error: tests/unit/keyspace.tcl: patch does not apply

2025-04-24 12:39:26.560 | INFO     | modules.chunk_analyzer:_apply_chunk_patches:681 - 尝试调整行号失败: Command '['git', 'apply', '--ignore-space-change', '--ignore-whitespace', '/tmp/tmp6usf5lt8/adjusted.patch']' returned non-zero exit status 1.
2025-04-24 12:39:26.560 | INFO     | modules.chunk_analyzer:_run_git_command:1329 - 运行git命令: reset --hard
2025-04-24 12:39:26.565 | INFO     | modules.chunk_analyzer:_apply_chunk_patches:649 - 找到匹配行，原始行号: 499，新行号: 24
2025-04-24 12:39:26.566 | INFO     | modules.chunk_analyzer:_apply_chunk_patches:666 - 尝试应用调整行号后的补丁: /tmp/tmpfnlpi_ie/adjusted.patch
2025-04-24 12:39:26.566 | INFO     | modules.chunk_analyzer:_run_git_command:1329 - 运行git命令: apply --ignore-space-change --ignore-whitespace /tmp/tmpfnlpi_ie/adjusted.patch
2025-04-24 12:39:26.568 | ERROR    | modules.chunk_analyzer:_run_git_command:1340 - Git命令执行失败: error: patch failed: tests/unit/keyspace.tcl:24
error: tests/unit/keyspace.tcl: patch does not apply

2025-04-24 12:39:26.568 | INFO     | modules.chunk_analyzer:_apply_chunk_patches:681 - 尝试调整行号失败: Command '['git', 'apply', '--ignore-space-change', '--ignore-whitespace', '/tmp/tmpfnlpi_ie/adjusted.patch']' returned non-zero exit status 1.
2025-04-24 12:39:26.569 | INFO     | modules.chunk_analyzer:_run_git_command:1329 - 运行git命令: reset --hard
2025-04-24 12:39:26.575 | INFO     | modules.chunk_analyzer:_apply_chunk_patches:649 - 找到匹配行，原始行号: 499，新行号: 25
2025-04-24 12:39:26.576 | INFO     | modules.chunk_analyzer:_apply_chunk_patches:666 - 尝试应用调整行号后的补丁: /tmp/tmp2cgabxh8/adjusted.patch
2025-04-24 12:39:26.576 | INFO     | modules.chunk_analyzer:_run_git_command:1329 - 运行git命令: apply --ignore-space-change --ignore-whitespace /tmp/tmp2cgabxh8/adjusted.patch
2025-04-24 12:39:26.578 | ERROR    | modules.chunk_analyzer:_run_git_command:1340 - Git命令执行失败: error: patch failed: tests/unit/keyspace.tcl:25
error: tests/unit/keyspace.tcl: patch does not apply

2025-04-24 12:39:26.578 | INFO     | modules.chunk_analyzer:_apply_chunk_patches:681 - 尝试调整行号失败: Command '['git', 'apply', '--ignore-space-change', '--ignore-whitespace', '/tmp/tmp2cgabxh8/adjusted.patch']' returned non-zero exit status 1.
2025-04-24 12:39:26.578 | INFO     | modules.chunk_analyzer:_run_git_command:1329 - 运行git命令: reset --hard
2025-04-24 12:39:26.584 | INFO     | modules.chunk_analyzer:_apply_chunk_patches:649 - 找到匹配行，原始行号: 499，新行号: 26
2025-04-24 12:39:26.585 | INFO     | modules.chunk_analyzer:_apply_chunk_patches:666 - 尝试应用调整行号后的补丁: /tmp/tmp7prvegi0/adjusted.patch
2025-04-24 12:39:26.585 | INFO     | modules.chunk_analyzer:_run_git_command:1329 - 运行git命令: apply --ignore-space-change --ignore-whitespace /tmp/tmp7prvegi0/adjusted.patch
2025-04-24 12:39:26.587 | ERROR    | modules.chunk_analyzer:_run_git_command:1340 - Git命令执行失败: error: patch failed: tests/unit/keyspace.tcl:26
error: tests/unit/keyspace.tcl: patch does not apply

2025-04-24 12:39:26.587 | INFO     | modules.chunk_analyzer:_apply_chunk_patches:681 - 尝试调整行号失败: Command '['git', 'apply', '--ignore-space-change', '--ignore-whitespace', '/tmp/tmp7prvegi0/adjusted.patch']' returned non-zero exit status 1.
2025-04-24 12:39:26.587 | INFO     | modules.chunk_analyzer:_run_git_command:1329 - 运行git命令: reset --hard
2025-04-24 12:39:26.594 | INFO     | modules.chunk_analyzer:_apply_chunk_patches:649 - 找到匹配行，原始行号: 499，新行号: 27
2025-04-24 12:39:26.594 | INFO     | modules.chunk_analyzer:_apply_chunk_patches:666 - 尝试应用调整行号后的补丁: /tmp/tmpytyxuxbj/adjusted.patch
2025-04-24 12:39:26.595 | INFO     | modules.chunk_analyzer:_run_git_command:1329 - 运行git命令: apply --ignore-space-change --ignore-whitespace /tmp/tmpytyxuxbj/adjusted.patch
2025-04-24 12:39:26.597 | ERROR    | modules.chunk_analyzer:_run_git_command:1340 - Git命令执行失败: error: patch failed: tests/unit/keyspace.tcl:27
error: tests/unit/keyspace.tcl: patch does not apply

2025-04-24 12:39:26.597 | INFO     | modules.chunk_analyzer:_apply_chunk_patches:681 - 尝试调整行号失败: Command '['git', 'apply', '--ignore-space-change', '--ignore-whitespace', '/tmp/tmpytyxuxbj/adjusted.patch']' returned non-zero exit status 1.
2025-04-24 12:39:26.597 | INFO     | modules.chunk_analyzer:_run_git_command:1329 - 运行git命令: reset --hard
2025-04-24 12:39:26.602 | INFO     | modules.chunk_analyzer:_apply_chunk_patches:649 - 找到匹配行，原始行号: 499，新行号: 28
2025-04-24 12:39:26.603 | INFO     | modules.chunk_analyzer:_apply_chunk_patches:666 - 尝试应用调整行号后的补丁: /tmp/tmpd1su__w6/adjusted.patch
2025-04-24 12:39:26.604 | INFO     | modules.chunk_analyzer:_run_git_command:1329 - 运行git命令: apply --ignore-space-change --ignore-whitespace /tmp/tmpd1su__w6/adjusted.patch
2025-04-24 12:39:26.606 | ERROR    | modules.chunk_analyzer:_run_git_command:1340 - Git命令执行失败: error: patch failed: tests/unit/keyspace.tcl:28
error: tests/unit/keyspace.tcl: patch does not apply

2025-04-24 12:39:26.606 | INFO     | modules.chunk_analyzer:_apply_chunk_patches:681 - 尝试调整行号失败: Command '['git', 'apply', '--ignore-space-change', '--ignore-whitespace', '/tmp/tmpd1su__w6/adjusted.patch']' returned non-zero exit status 1.
2025-04-24 12:39:26.606 | INFO     | modules.chunk_analyzer:_run_git_command:1329 - 运行git命令: reset --hard
2025-04-24 12:39:26.612 | INFO     | modules.chunk_analyzer:_apply_chunk_patches:649 - 找到匹配行，原始行号: 499，新行号: 29
2025-04-24 12:39:26.613 | INFO     | modules.chunk_analyzer:_apply_chunk_patches:666 - 尝试应用调整行号后的补丁: /tmp/tmpwlrzmaj9/adjusted.patch
2025-04-24 12:39:26.613 | INFO     | modules.chunk_analyzer:_run_git_command:1329 - 运行git命令: apply --ignore-space-change --ignore-whitespace /tmp/tmpwlrzmaj9/adjusted.patch
2025-04-24 12:39:26.615 | ERROR    | modules.chunk_analyzer:_run_git_command:1340 - Git命令执行失败: error: patch failed: tests/unit/keyspace.tcl:29
error: tests/unit/keyspace.tcl: patch does not apply

2025-04-24 12:39:26.615 | INFO     | modules.chunk_analyzer:_apply_chunk_patches:681 - 尝试调整行号失败: Command '['git', 'apply', '--ignore-space-change', '--ignore-whitespace', '/tmp/tmpwlrzmaj9/adjusted.patch']' returned non-zero exit status 1.
2025-04-24 12:39:26.615 | INFO     | modules.chunk_analyzer:_run_git_command:1329 - 运行git命令: reset --hard
2025-04-24 12:39:26.621 | INFO     | modules.chunk_analyzer:_apply_chunk_patches:649 - 找到匹配行，原始行号: 499，新行号: 30
2025-04-24 12:39:26.621 | INFO     | modules.chunk_analyzer:_apply_chunk_patches:666 - 尝试应用调整行号后的补丁: /tmp/tmp193j0eg7/adjusted.patch
2025-04-24 12:39:26.622 | INFO     | modules.chunk_analyzer:_run_git_command:1329 - 运行git命令: apply --ignore-space-change --ignore-whitespace /tmp/tmp193j0eg7/adjusted.patch
2025-04-24 12:39:26.624 | ERROR    | modules.chunk_analyzer:_run_git_command:1340 - Git命令执行失败: error: patch failed: tests/unit/keyspace.tcl:30
error: tests/unit/keyspace.tcl: patch does not apply

2025-04-24 12:39:26.624 | INFO     | modules.chunk_analyzer:_apply_chunk_patches:681 - 尝试调整行号失败: Command '['git', 'apply', '--ignore-space-change', '--ignore-whitespace', '/tmp/tmp193j0eg7/adjusted.patch']' returned non-zero exit status 1.
2025-04-24 12:39:26.624 | INFO     | modules.chunk_analyzer:_run_git_command:1329 - 运行git命令: reset --hard
2025-04-24 12:39:26.630 | INFO     | modules.chunk_analyzer:_apply_chunk_patches:649 - 找到匹配行，原始行号: 499，新行号: 31
2025-04-24 12:39:26.630 | INFO     | modules.chunk_analyzer:_apply_chunk_patches:666 - 尝试应用调整行号后的补丁: /tmp/tmppa4k3pbp/adjusted.patch
2025-04-24 12:39:26.631 | INFO     | modules.chunk_analyzer:_run_git_command:1329 - 运行git命令: apply --ignore-space-change --ignore-whitespace /tmp/tmppa4k3pbp/adjusted.patch
2025-04-24 12:39:26.632 | ERROR    | modules.chunk_analyzer:_run_git_command:1340 - Git命令执行失败: error: patch failed: tests/unit/keyspace.tcl:31
error: tests/unit/keyspace.tcl: patch does not apply

2025-04-24 12:39:26.633 | INFO     | modules.chunk_analyzer:_apply_chunk_patches:681 - 尝试调整行号失败: Command '['git', 'apply', '--ignore-space-change', '--ignore-whitespace', '/tmp/tmppa4k3pbp/adjusted.patch']' returned non-zero exit status 1.
2025-04-24 12:39:26.633 | INFO     | modules.chunk_analyzer:_run_git_command:1329 - 运行git命令: reset --hard
2025-04-24 12:39:26.640 | INFO     | modules.chunk_analyzer:_apply_chunk_patches:649 - 找到匹配行，原始行号: 499，新行号: 32
2025-04-24 12:39:26.641 | INFO     | modules.chunk_analyzer:_apply_chunk_patches:666 - 尝试应用调整行号后的补丁: /tmp/tmp8e0o6n8b/adjusted.patch
2025-04-24 12:39:26.641 | INFO     | modules.chunk_analyzer:_run_git_command:1329 - 运行git命令: apply --ignore-space-change --ignore-whitespace /tmp/tmp8e0o6n8b/adjusted.patch
2025-04-24 12:39:26.643 | ERROR    | modules.chunk_analyzer:_run_git_command:1340 - Git命令执行失败: error: patch failed: tests/unit/keyspace.tcl:32
error: tests/unit/keyspace.tcl: patch does not apply

2025-04-24 12:39:26.644 | INFO     | modules.chunk_analyzer:_apply_chunk_patches:681 - 尝试调整行号失败: Command '['git', 'apply', '--ignore-space-change', '--ignore-whitespace', '/tmp/tmp8e0o6n8b/adjusted.patch']' returned non-zero exit status 1.
2025-04-24 12:39:26.644 | INFO     | modules.chunk_analyzer:_run_git_command:1329 - 运行git命令: reset --hard
2025-04-24 12:39:26.649 | INFO     | modules.chunk_analyzer:_apply_chunk_patches:649 - 找到匹配行，原始行号: 499，新行号: 33
2025-04-24 12:39:26.650 | INFO     | modules.chunk_analyzer:_apply_chunk_patches:666 - 尝试应用调整行号后的补丁: /tmp/tmp68ji515e/adjusted.patch
2025-04-24 12:39:26.650 | INFO     | modules.chunk_analyzer:_run_git_command:1329 - 运行git命令: apply --ignore-space-change --ignore-whitespace /tmp/tmp68ji515e/adjusted.patch
2025-04-24 12:39:26.653 | ERROR    | modules.chunk_analyzer:_run_git_command:1340 - Git命令执行失败: error: patch failed: tests/unit/keyspace.tcl:33
error: tests/unit/keyspace.tcl: patch does not apply

2025-04-24 12:39:26.653 | INFO     | modules.chunk_analyzer:_apply_chunk_patches:681 - 尝试调整行号失败: Command '['git', 'apply', '--ignore-space-change', '--ignore-whitespace', '/tmp/tmp68ji515e/adjusted.patch']' returned non-zero exit status 1.
2025-04-24 12:39:26.653 | INFO     | modules.chunk_analyzer:_run_git_command:1329 - 运行git命令: reset --hard
2025-04-24 12:39:26.660 | INFO     | modules.chunk_analyzer:_apply_chunk_patches:649 - 找到匹配行，原始行号: 499，新行号: 34
2025-04-24 12:39:26.660 | INFO     | modules.chunk_analyzer:_apply_chunk_patches:666 - 尝试应用调整行号后的补丁: /tmp/tmptwatli8q/adjusted.patch
2025-04-24 12:39:26.661 | INFO     | modules.chunk_analyzer:_run_git_command:1329 - 运行git命令: apply --ignore-space-change --ignore-whitespace /tmp/tmptwatli8q/adjusted.patch
2025-04-24 12:39:26.662 | ERROR    | modules.chunk_analyzer:_run_git_command:1340 - Git命令执行失败: error: patch failed: tests/unit/keyspace.tcl:34
error: tests/unit/keyspace.tcl: patch does not apply

2025-04-24 12:39:26.663 | INFO     | modules.chunk_analyzer:_apply_chunk_patches:681 - 尝试调整行号失败: Command '['git', 'apply', '--ignore-space-change', '--ignore-whitespace', '/tmp/tmptwatli8q/adjusted.patch']' returned non-zero exit status 1.
2025-04-24 12:39:26.663 | INFO     | modules.chunk_analyzer:_run_git_command:1329 - 运行git命令: reset --hard
2025-04-24 12:39:26.669 | INFO     | modules.chunk_analyzer:_apply_chunk_patches:649 - 找到匹配行，原始行号: 499，新行号: 35
2025-04-24 12:39:26.669 | INFO     | modules.chunk_analyzer:_apply_chunk_patches:666 - 尝试应用调整行号后的补丁: /tmp/tmpc0ki_9hf/adjusted.patch
2025-04-24 12:39:26.670 | INFO     | modules.chunk_analyzer:_run_git_command:1329 - 运行git命令: apply --ignore-space-change --ignore-whitespace /tmp/tmpc0ki_9hf/adjusted.patch
2025-04-24 12:39:26.672 | ERROR    | modules.chunk_analyzer:_run_git_command:1340 - Git命令执行失败: error: patch failed: tests/unit/keyspace.tcl:35
error: tests/unit/keyspace.tcl: patch does not apply

2025-04-24 12:39:26.672 | INFO     | modules.chunk_analyzer:_apply_chunk_patches:681 - 尝试调整行号失败: Command '['git', 'apply', '--ignore-space-change', '--ignore-whitespace', '/tmp/tmpc0ki_9hf/adjusted.patch']' returned non-zero exit status 1.
2025-04-24 12:39:26.672 | INFO     | modules.chunk_analyzer:_run_git_command:1329 - 运行git命令: reset --hard
2025-04-24 12:39:26.679 | INFO     | modules.chunk_analyzer:_apply_chunk_patches:649 - 找到匹配行，原始行号: 499，新行号: 36
2025-04-24 12:39:26.679 | INFO     | modules.chunk_analyzer:_apply_chunk_patches:666 - 尝试应用调整行号后的补丁: /tmp/tmp_n14ihmx/adjusted.patch
2025-04-24 12:39:26.679 | INFO     | modules.chunk_analyzer:_run_git_command:1329 - 运行git命令: apply --ignore-space-change --ignore-whitespace /tmp/tmp_n14ihmx/adjusted.patch
2025-04-24 12:39:26.681 | ERROR    | modules.chunk_analyzer:_run_git_command:1340 - Git命令执行失败: error: patch failed: tests/unit/keyspace.tcl:36
error: tests/unit/keyspace.tcl: patch does not apply

2025-04-24 12:39:26.682 | INFO     | modules.chunk_analyzer:_apply_chunk_patches:681 - 尝试调整行号失败: Command '['git', 'apply', '--ignore-space-change', '--ignore-whitespace', '/tmp/tmp_n14ihmx/adjusted.patch']' returned non-zero exit status 1.
2025-04-24 12:39:26.682 | INFO     | modules.chunk_analyzer:_run_git_command:1329 - 运行git命令: reset --hard
2025-04-24 12:39:26.689 | INFO     | modules.chunk_analyzer:_apply_chunk_patches:649 - 找到匹配行，原始行号: 499，新行号: 37
2025-04-24 12:39:26.689 | INFO     | modules.chunk_analyzer:_apply_chunk_patches:666 - 尝试应用调整行号后的补丁: /tmp/tmphmbwpv_i/adjusted.patch
2025-04-24 12:39:26.690 | INFO     | modules.chunk_analyzer:_run_git_command:1329 - 运行git命令: apply --ignore-space-change --ignore-whitespace /tmp/tmphmbwpv_i/adjusted.patch
2025-04-24 12:39:26.693 | ERROR    | modules.chunk_analyzer:_run_git_command:1340 - Git命令执行失败: error: patch failed: tests/unit/keyspace.tcl:37
error: tests/unit/keyspace.tcl: patch does not apply

2025-04-24 12:39:26.693 | INFO     | modules.chunk_analyzer:_apply_chunk_patches:681 - 尝试调整行号失败: Command '['git', 'apply', '--ignore-space-change', '--ignore-whitespace', '/tmp/tmphmbwpv_i/adjusted.patch']' returned non-zero exit status 1.
2025-04-24 12:39:26.693 | INFO     | modules.chunk_analyzer:_run_git_command:1329 - 运行git命令: reset --hard
2025-04-24 12:39:26.700 | INFO     | modules.chunk_analyzer:_apply_chunk_patches:649 - 找到匹配行，原始行号: 499，新行号: 38
2025-04-24 12:39:26.701 | INFO     | modules.chunk_analyzer:_apply_chunk_patches:666 - 尝试应用调整行号后的补丁: /tmp/tmp03znw52o/adjusted.patch
2025-04-24 12:39:26.701 | INFO     | modules.chunk_analyzer:_run_git_command:1329 - 运行git命令: apply --ignore-space-change --ignore-whitespace /tmp/tmp03znw52o/adjusted.patch
2025-04-24 12:39:26.704 | ERROR    | modules.chunk_analyzer:_run_git_command:1340 - Git命令执行失败: error: patch failed: tests/unit/keyspace.tcl:38
error: tests/unit/keyspace.tcl: patch does not apply

2025-04-24 12:39:26.704 | INFO     | modules.chunk_analyzer:_apply_chunk_patches:681 - 尝试调整行号失败: Command '['git', 'apply', '--ignore-space-change', '--ignore-whitespace', '/tmp/tmp03znw52o/adjusted.patch']' returned non-zero exit status 1.
2025-04-24 12:39:26.704 | INFO     | modules.chunk_analyzer:_run_git_command:1329 - 运行git命令: reset --hard
2025-04-24 12:39:26.712 | INFO     | modules.chunk_analyzer:_apply_chunk_patches:649 - 找到匹配行，原始行号: 499，新行号: 39
2025-04-24 12:39:26.712 | INFO     | modules.chunk_analyzer:_apply_chunk_patches:666 - 尝试应用调整行号后的补丁: /tmp/tmppe6iakgi/adjusted.patch
2025-04-24 12:39:26.713 | INFO     | modules.chunk_analyzer:_run_git_command:1329 - 运行git命令: apply --ignore-space-change --ignore-whitespace /tmp/tmppe6iakgi/adjusted.patch
2025-04-24 12:39:26.715 | ERROR    | modules.chunk_analyzer:_run_git_command:1340 - Git命令执行失败: error: patch failed: tests/unit/keyspace.tcl:39
error: tests/unit/keyspace.tcl: patch does not apply

2025-04-24 12:39:26.715 | INFO     | modules.chunk_analyzer:_apply_chunk_patches:681 - 尝试调整行号失败: Command '['git', 'apply', '--ignore-space-change', '--ignore-whitespace', '/tmp/tmppe6iakgi/adjusted.patch']' returned non-zero exit status 1.
2025-04-24 12:39:26.716 | INFO     | modules.chunk_analyzer:_run_git_command:1329 - 运行git命令: reset --hard
2025-04-24 12:39:26.722 | INFO     | modules.chunk_analyzer:_apply_chunk_patches:649 - 找到匹配行，原始行号: 499，新行号: 40
2025-04-24 12:39:26.724 | INFO     | modules.chunk_analyzer:_apply_chunk_patches:666 - 尝试应用调整行号后的补丁: /tmp/tmpnr20o7c4/adjusted.patch
2025-04-24 12:39:26.724 | INFO     | modules.chunk_analyzer:_run_git_command:1329 - 运行git命令: apply --ignore-space-change --ignore-whitespace /tmp/tmpnr20o7c4/adjusted.patch
2025-04-24 12:39:26.727 | ERROR    | modules.chunk_analyzer:_run_git_command:1340 - Git命令执行失败: error: patch failed: tests/unit/keyspace.tcl:40
error: tests/unit/keyspace.tcl: patch does not apply

2025-04-24 12:39:26.728 | INFO     | modules.chunk_analyzer:_apply_chunk_patches:681 - 尝试调整行号失败: Command '['git', 'apply', '--ignore-space-change', '--ignore-whitespace', '/tmp/tmpnr20o7c4/adjusted.patch']' returned non-zero exit status 1.
2025-04-24 12:39:26.728 | INFO     | modules.chunk_analyzer:_run_git_command:1329 - 运行git命令: reset --hard
2025-04-24 12:39:26.734 | INFO     | modules.chunk_analyzer:_apply_chunk_patches:649 - 找到匹配行，原始行号: 499，新行号: 41
2025-04-24 12:39:26.735 | INFO     | modules.chunk_analyzer:_apply_chunk_patches:666 - 尝试应用调整行号后的补丁: /tmp/tmpxs4ijr42/adjusted.patch
2025-04-24 12:39:26.735 | INFO     | modules.chunk_analyzer:_run_git_command:1329 - 运行git命令: apply --ignore-space-change --ignore-whitespace /tmp/tmpxs4ijr42/adjusted.patch
2025-04-24 12:39:26.738 | ERROR    | modules.chunk_analyzer:_run_git_command:1340 - Git命令执行失败: error: patch failed: tests/unit/keyspace.tcl:41
error: tests/unit/keyspace.tcl: patch does not apply

2025-04-24 12:39:26.738 | INFO     | modules.chunk_analyzer:_apply_chunk_patches:681 - 尝试调整行号失败: Command '['git', 'apply', '--ignore-space-change', '--ignore-whitespace', '/tmp/tmpxs4ijr42/adjusted.patch']' returned non-zero exit status 1.
2025-04-24 12:39:26.739 | INFO     | modules.chunk_analyzer:_run_git_command:1329 - 运行git命令: reset --hard
2025-04-24 12:39:26.746 | INFO     | modules.chunk_analyzer:_apply_chunk_patches:649 - 找到匹配行，原始行号: 499，新行号: 42
2025-04-24 12:39:26.746 | INFO     | modules.chunk_analyzer:_apply_chunk_patches:666 - 尝试应用调整行号后的补丁: /tmp/tmpp5eup06p/adjusted.patch
2025-04-24 12:39:26.747 | INFO     | modules.chunk_analyzer:_run_git_command:1329 - 运行git命令: apply --ignore-space-change --ignore-whitespace /tmp/tmpp5eup06p/adjusted.patch
2025-04-24 12:39:26.749 | ERROR    | modules.chunk_analyzer:_run_git_command:1340 - Git命令执行失败: error: patch failed: tests/unit/keyspace.tcl:42
error: tests/unit/keyspace.tcl: patch does not apply

2025-04-24 12:39:26.749 | INFO     | modules.chunk_analyzer:_apply_chunk_patches:681 - 尝试调整行号失败: Command '['git', 'apply', '--ignore-space-change', '--ignore-whitespace', '/tmp/tmpp5eup06p/adjusted.patch']' returned non-zero exit status 1.
2025-04-24 12:39:26.750 | INFO     | modules.chunk_analyzer:_run_git_command:1329 - 运行git命令: reset --hard
2025-04-24 12:39:26.758 | INFO     | modules.chunk_analyzer:_apply_chunk_patches:649 - 找到匹配行，原始行号: 499，新行号: 43
2025-04-24 12:39:26.758 | INFO     | modules.chunk_analyzer:_apply_chunk_patches:666 - 尝试应用调整行号后的补丁: /tmp/tmpk3ntxbn0/adjusted.patch
2025-04-24 12:39:26.758 | INFO     | modules.chunk_analyzer:_run_git_command:1329 - 运行git命令: apply --ignore-space-change --ignore-whitespace /tmp/tmpk3ntxbn0/adjusted.patch
2025-04-24 12:39:26.761 | ERROR    | modules.chunk_analyzer:_run_git_command:1340 - Git命令执行失败: error: patch failed: tests/unit/keyspace.tcl:43
error: tests/unit/keyspace.tcl: patch does not apply

2025-04-24 12:39:26.761 | INFO     | modules.chunk_analyzer:_apply_chunk_patches:681 - 尝试调整行号失败: Command '['git', 'apply', '--ignore-space-change', '--ignore-whitespace', '/tmp/tmpk3ntxbn0/adjusted.patch']' returned non-zero exit status 1.
2025-04-24 12:39:26.761 | INFO     | modules.chunk_analyzer:_run_git_command:1329 - 运行git命令: reset --hard
2025-04-24 12:39:26.770 | INFO     | modules.chunk_analyzer:_apply_chunk_patches:649 - 找到匹配行，原始行号: 499，新行号: 44
2025-04-24 12:39:26.771 | INFO     | modules.chunk_analyzer:_apply_chunk_patches:666 - 尝试应用调整行号后的补丁: /tmp/tmp_pfamk9u/adjusted.patch
2025-04-24 12:39:26.771 | INFO     | modules.chunk_analyzer:_run_git_command:1329 - 运行git命令: apply --ignore-space-change --ignore-whitespace /tmp/tmp_pfamk9u/adjusted.patch
2025-04-24 12:39:26.775 | ERROR    | modules.chunk_analyzer:_run_git_command:1340 - Git命令执行失败: error: patch failed: tests/unit/keyspace.tcl:44
error: tests/unit/keyspace.tcl: patch does not apply

2025-04-24 12:39:26.775 | INFO     | modules.chunk_analyzer:_apply_chunk_patches:681 - 尝试调整行号失败: Command '['git', 'apply', '--ignore-space-change', '--ignore-whitespace', '/tmp/tmp_pfamk9u/adjusted.patch']' returned non-zero exit status 1.
2025-04-24 12:39:26.775 | INFO     | modules.chunk_analyzer:_run_git_command:1329 - 运行git命令: reset --hard
2025-04-24 12:39:26.781 | INFO     | modules.chunk_analyzer:_apply_chunk_patches:649 - 找到匹配行，原始行号: 499，新行号: 45
2025-04-24 12:39:26.782 | INFO     | modules.chunk_analyzer:_apply_chunk_patches:666 - 尝试应用调整行号后的补丁: /tmp/tmpfj2mfebd/adjusted.patch
2025-04-24 12:39:26.782 | INFO     | modules.chunk_analyzer:_run_git_command:1329 - 运行git命令: apply --ignore-space-change --ignore-whitespace /tmp/tmpfj2mfebd/adjusted.patch
2025-04-24 12:39:26.785 | ERROR    | modules.chunk_analyzer:_run_git_command:1340 - Git命令执行失败: error: patch failed: tests/unit/keyspace.tcl:45
error: tests/unit/keyspace.tcl: patch does not apply

2025-04-24 12:39:26.785 | INFO     | modules.chunk_analyzer:_apply_chunk_patches:681 - 尝试调整行号失败: Command '['git', 'apply', '--ignore-space-change', '--ignore-whitespace', '/tmp/tmpfj2mfebd/adjusted.patch']' returned non-zero exit status 1.
2025-04-24 12:39:26.786 | INFO     | modules.chunk_analyzer:_run_git_command:1329 - 运行git命令: reset --hard
2025-04-24 12:39:26.794 | INFO     | modules.chunk_analyzer:_apply_chunk_patches:649 - 找到匹配行，原始行号: 499，新行号: 46
2025-04-24 12:39:26.794 | INFO     | modules.chunk_analyzer:_apply_chunk_patches:666 - 尝试应用调整行号后的补丁: /tmp/tmp0u6flvaf/adjusted.patch
2025-04-24 12:39:26.795 | INFO     | modules.chunk_analyzer:_run_git_command:1329 - 运行git命令: apply --ignore-space-change --ignore-whitespace /tmp/tmp0u6flvaf/adjusted.patch
2025-04-24 12:39:26.797 | ERROR    | modules.chunk_analyzer:_run_git_command:1340 - Git命令执行失败: error: patch failed: tests/unit/keyspace.tcl:46
error: tests/unit/keyspace.tcl: patch does not apply

2025-04-24 12:39:26.798 | INFO     | modules.chunk_analyzer:_apply_chunk_patches:681 - 尝试调整行号失败: Command '['git', 'apply', '--ignore-space-change', '--ignore-whitespace', '/tmp/tmp0u6flvaf/adjusted.patch']' returned non-zero exit status 1.
2025-04-24 12:39:26.798 | INFO     | modules.chunk_analyzer:_run_git_command:1329 - 运行git命令: reset --hard
2025-04-24 12:39:26.805 | INFO     | modules.chunk_analyzer:_apply_chunk_patches:649 - 找到匹配行，原始行号: 499，新行号: 47
2025-04-24 12:39:26.806 | INFO     | modules.chunk_analyzer:_apply_chunk_patches:666 - 尝试应用调整行号后的补丁: /tmp/tmpd8bn8dhm/adjusted.patch
2025-04-24 12:39:26.807 | INFO     | modules.chunk_analyzer:_run_git_command:1329 - 运行git命令: apply --ignore-space-change --ignore-whitespace /tmp/tmpd8bn8dhm/adjusted.patch
2025-04-24 12:39:26.809 | ERROR    | modules.chunk_analyzer:_run_git_command:1340 - Git命令执行失败: error: patch failed: tests/unit/keyspace.tcl:47
error: tests/unit/keyspace.tcl: patch does not apply

2025-04-24 12:39:26.810 | INFO     | modules.chunk_analyzer:_apply_chunk_patches:681 - 尝试调整行号失败: Command '['git', 'apply', '--ignore-space-change', '--ignore-whitespace', '/tmp/tmpd8bn8dhm/adjusted.patch']' returned non-zero exit status 1.
2025-04-24 12:39:26.810 | INFO     | modules.chunk_analyzer:_run_git_command:1329 - 运行git命令: reset --hard
2025-04-24 12:39:26.817 | INFO     | modules.chunk_analyzer:_apply_chunk_patches:649 - 找到匹配行，原始行号: 499，新行号: 48
2025-04-24 12:39:26.818 | INFO     | modules.chunk_analyzer:_apply_chunk_patches:666 - 尝试应用调整行号后的补丁: /tmp/tmpcj_of8x7/adjusted.patch
2025-04-24 12:39:26.818 | INFO     | modules.chunk_analyzer:_run_git_command:1329 - 运行git命令: apply --ignore-space-change --ignore-whitespace /tmp/tmpcj_of8x7/adjusted.patch
2025-04-24 12:39:26.820 | ERROR    | modules.chunk_analyzer:_run_git_command:1340 - Git命令执行失败: error: patch failed: tests/unit/keyspace.tcl:48
error: tests/unit/keyspace.tcl: patch does not apply

2025-04-24 12:39:26.821 | INFO     | modules.chunk_analyzer:_apply_chunk_patches:681 - 尝试调整行号失败: Command '['git', 'apply', '--ignore-space-change', '--ignore-whitespace', '/tmp/tmpcj_of8x7/adjusted.patch']' returned non-zero exit status 1.
2025-04-24 12:39:26.821 | INFO     | modules.chunk_analyzer:_run_git_command:1329 - 运行git命令: reset --hard
2025-04-24 12:39:26.827 | INFO     | modules.chunk_analyzer:_apply_chunk_patches:649 - 找到匹配行，原始行号: 499，新行号: 49
2025-04-24 12:39:26.828 | INFO     | modules.chunk_analyzer:_apply_chunk_patches:666 - 尝试应用调整行号后的补丁: /tmp/tmpdlblyizc/adjusted.patch
2025-04-24 12:39:26.828 | INFO     | modules.chunk_analyzer:_run_git_command:1329 - 运行git命令: apply --ignore-space-change --ignore-whitespace /tmp/tmpdlblyizc/adjusted.patch
2025-04-24 12:39:26.830 | ERROR    | modules.chunk_analyzer:_run_git_command:1340 - Git命令执行失败: error: patch failed: tests/unit/keyspace.tcl:49
error: tests/unit/keyspace.tcl: patch does not apply

2025-04-24 12:39:26.830 | INFO     | modules.chunk_analyzer:_apply_chunk_patches:681 - 尝试调整行号失败: Command '['git', 'apply', '--ignore-space-change', '--ignore-whitespace', '/tmp/tmpdlblyizc/adjusted.patch']' returned non-zero exit status 1.
2025-04-24 12:39:26.831 | INFO     | modules.chunk_analyzer:_run_git_command:1329 - 运行git命令: reset --hard
2025-04-24 12:39:26.837 | INFO     | modules.chunk_analyzer:_apply_chunk_patches:649 - 找到匹配行，原始行号: 499，新行号: 50
2025-04-24 12:39:26.838 | INFO     | modules.chunk_analyzer:_apply_chunk_patches:666 - 尝试应用调整行号后的补丁: /tmp/tmphm_p_7ex/adjusted.patch
2025-04-24 12:39:26.838 | INFO     | modules.chunk_analyzer:_run_git_command:1329 - 运行git命令: apply --ignore-space-change --ignore-whitespace /tmp/tmphm_p_7ex/adjusted.patch
2025-04-24 12:39:26.841 | ERROR    | modules.chunk_analyzer:_run_git_command:1340 - Git命令执行失败: error: patch failed: tests/unit/keyspace.tcl:50
error: tests/unit/keyspace.tcl: patch does not apply

2025-04-24 12:39:26.841 | INFO     | modules.chunk_analyzer:_apply_chunk_patches:681 - 尝试调整行号失败: Command '['git', 'apply', '--ignore-space-change', '--ignore-whitespace', '/tmp/tmphm_p_7ex/adjusted.patch']' returned non-zero exit status 1.
2025-04-24 12:39:26.841 | INFO     | modules.chunk_analyzer:_run_git_command:1329 - 运行git命令: reset --hard
2025-04-24 12:39:26.848 | INFO     | modules.chunk_analyzer:_apply_chunk_patches:649 - 找到匹配行，原始行号: 499，新行号: 51
2025-04-24 12:39:26.849 | INFO     | modules.chunk_analyzer:_apply_chunk_patches:666 - 尝试应用调整行号后的补丁: /tmp/tmppdk9l_a0/adjusted.patch
2025-04-24 12:39:26.849 | INFO     | modules.chunk_analyzer:_run_git_command:1329 - 运行git命令: apply --ignore-space-change --ignore-whitespace /tmp/tmppdk9l_a0/adjusted.patch
2025-04-24 12:39:26.851 | ERROR    | modules.chunk_analyzer:_run_git_command:1340 - Git命令执行失败: error: patch failed: tests/unit/keyspace.tcl:51
error: tests/unit/keyspace.tcl: patch does not apply

2025-04-24 12:39:26.852 | INFO     | modules.chunk_analyzer:_apply_chunk_patches:681 - 尝试调整行号失败: Command '['git', 'apply', '--ignore-space-change', '--ignore-whitespace', '/tmp/tmppdk9l_a0/adjusted.patch']' returned non-zero exit status 1.
2025-04-24 12:39:26.852 | INFO     | modules.chunk_analyzer:_run_git_command:1329 - 运行git命令: reset --hard
2025-04-24 12:39:26.858 | INFO     | modules.chunk_analyzer:_apply_chunk_patches:649 - 找到匹配行，原始行号: 499，新行号: 52
2025-04-24 12:39:26.859 | INFO     | modules.chunk_analyzer:_apply_chunk_patches:666 - 尝试应用调整行号后的补丁: /tmp/tmpalgvrdyx/adjusted.patch
2025-04-24 12:39:26.859 | INFO     | modules.chunk_analyzer:_run_git_command:1329 - 运行git命令: apply --ignore-space-change --ignore-whitespace /tmp/tmpalgvrdyx/adjusted.patch
2025-04-24 12:39:26.861 | ERROR    | modules.chunk_analyzer:_run_git_command:1340 - Git命令执行失败: error: patch failed: tests/unit/keyspace.tcl:52
error: tests/unit/keyspace.tcl: patch does not apply

2025-04-24 12:39:26.862 | INFO     | modules.chunk_analyzer:_apply_chunk_patches:681 - 尝试调整行号失败: Command '['git', 'apply', '--ignore-space-change', '--ignore-whitespace', '/tmp/tmpalgvrdyx/adjusted.patch']' returned non-zero exit status 1.
2025-04-24 12:39:26.862 | INFO     | modules.chunk_analyzer:_run_git_command:1329 - 运行git命令: reset --hard
2025-04-24 12:39:26.869 | INFO     | modules.chunk_analyzer:_apply_chunk_patches:649 - 找到匹配行，原始行号: 499，新行号: 53
2025-04-24 12:39:26.870 | INFO     | modules.chunk_analyzer:_apply_chunk_patches:666 - 尝试应用调整行号后的补丁: /tmp/tmp8knl3l9x/adjusted.patch
2025-04-24 12:39:26.870 | INFO     | modules.chunk_analyzer:_run_git_command:1329 - 运行git命令: apply --ignore-space-change --ignore-whitespace /tmp/tmp8knl3l9x/adjusted.patch
2025-04-24 12:39:26.872 | ERROR    | modules.chunk_analyzer:_run_git_command:1340 - Git命令执行失败: error: patch failed: tests/unit/keyspace.tcl:53
error: tests/unit/keyspace.tcl: patch does not apply

2025-04-24 12:39:26.873 | INFO     | modules.chunk_analyzer:_apply_chunk_patches:681 - 尝试调整行号失败: Command '['git', 'apply', '--ignore-space-change', '--ignore-whitespace', '/tmp/tmp8knl3l9x/adjusted.patch']' returned non-zero exit status 1.
2025-04-24 12:39:26.873 | INFO     | modules.chunk_analyzer:_run_git_command:1329 - 运行git命令: reset --hard
2025-04-24 12:39:26.879 | INFO     | modules.chunk_analyzer:_apply_chunk_patches:649 - 找到匹配行，原始行号: 499，新行号: 54
2025-04-24 12:39:26.880 | INFO     | modules.chunk_analyzer:_apply_chunk_patches:666 - 尝试应用调整行号后的补丁: /tmp/tmp1fkp3sw4/adjusted.patch
2025-04-24 12:39:26.880 | INFO     | modules.chunk_analyzer:_run_git_command:1329 - 运行git命令: apply --ignore-space-change --ignore-whitespace /tmp/tmp1fkp3sw4/adjusted.patch
2025-04-24 12:39:26.882 | ERROR    | modules.chunk_analyzer:_run_git_command:1340 - Git命令执行失败: error: patch failed: tests/unit/keyspace.tcl:54
error: tests/unit/keyspace.tcl: patch does not apply

2025-04-24 12:39:26.883 | INFO     | modules.chunk_analyzer:_apply_chunk_patches:681 - 尝试调整行号失败: Command '['git', 'apply', '--ignore-space-change', '--ignore-whitespace', '/tmp/tmp1fkp3sw4/adjusted.patch']' returned non-zero exit status 1.
2025-04-24 12:39:26.883 | INFO     | modules.chunk_analyzer:_run_git_command:1329 - 运行git命令: reset --hard
2025-04-24 12:39:26.889 | INFO     | modules.chunk_analyzer:_apply_chunk_patches:649 - 找到匹配行，原始行号: 499，新行号: 55
2025-04-24 12:39:26.890 | INFO     | modules.chunk_analyzer:_apply_chunk_patches:666 - 尝试应用调整行号后的补丁: /tmp/tmpk507iojc/adjusted.patch
2025-04-24 12:39:26.890 | INFO     | modules.chunk_analyzer:_run_git_command:1329 - 运行git命令: apply --ignore-space-change --ignore-whitespace /tmp/tmpk507iojc/adjusted.patch
2025-04-24 12:39:26.893 | ERROR    | modules.chunk_analyzer:_run_git_command:1340 - Git命令执行失败: error: patch failed: tests/unit/keyspace.tcl:55
error: tests/unit/keyspace.tcl: patch does not apply

2025-04-24 12:39:26.893 | INFO     | modules.chunk_analyzer:_apply_chunk_patches:681 - 尝试调整行号失败: Command '['git', 'apply', '--ignore-space-change', '--ignore-whitespace', '/tmp/tmpk507iojc/adjusted.patch']' returned non-zero exit status 1.
2025-04-24 12:39:26.893 | INFO     | modules.chunk_analyzer:_run_git_command:1329 - 运行git命令: reset --hard
2025-04-24 12:39:26.900 | INFO     | modules.chunk_analyzer:_apply_chunk_patches:649 - 找到匹配行，原始行号: 499，新行号: 56
2025-04-24 12:39:26.901 | INFO     | modules.chunk_analyzer:_apply_chunk_patches:666 - 尝试应用调整行号后的补丁: /tmp/tmpeqvuelsu/adjusted.patch
2025-04-24 12:39:26.901 | INFO     | modules.chunk_analyzer:_run_git_command:1329 - 运行git命令: apply --ignore-space-change --ignore-whitespace /tmp/tmpeqvuelsu/adjusted.patch
2025-04-24 12:39:26.903 | ERROR    | modules.chunk_analyzer:_run_git_command:1340 - Git命令执行失败: error: patch failed: tests/unit/keyspace.tcl:56
error: tests/unit/keyspace.tcl: patch does not apply

2025-04-24 12:39:26.903 | INFO     | modules.chunk_analyzer:_apply_chunk_patches:681 - 尝试调整行号失败: Command '['git', 'apply', '--ignore-space-change', '--ignore-whitespace', '/tmp/tmpeqvuelsu/adjusted.patch']' returned non-zero exit status 1.
2025-04-24 12:39:26.904 | INFO     | modules.chunk_analyzer:_run_git_command:1329 - 运行git命令: reset --hard
2025-04-24 12:39:26.910 | INFO     | modules.chunk_analyzer:_apply_chunk_patches:649 - 找到匹配行，原始行号: 499，新行号: 57
2025-04-24 12:39:26.910 | INFO     | modules.chunk_analyzer:_apply_chunk_patches:666 - 尝试应用调整行号后的补丁: /tmp/tmpv8wtox9v/adjusted.patch
2025-04-24 12:39:26.911 | INFO     | modules.chunk_analyzer:_run_git_command:1329 - 运行git命令: apply --ignore-space-change --ignore-whitespace /tmp/tmpv8wtox9v/adjusted.patch
2025-04-24 12:39:26.912 | ERROR    | modules.chunk_analyzer:_run_git_command:1340 - Git命令执行失败: error: patch failed: tests/unit/keyspace.tcl:57
error: tests/unit/keyspace.tcl: patch does not apply

2025-04-24 12:39:26.913 | INFO     | modules.chunk_analyzer:_apply_chunk_patches:681 - 尝试调整行号失败: Command '['git', 'apply', '--ignore-space-change', '--ignore-whitespace', '/tmp/tmpv8wtox9v/adjusted.patch']' returned non-zero exit status 1.
2025-04-24 12:39:26.913 | INFO     | modules.chunk_analyzer:_run_git_command:1329 - 运行git命令: reset --hard
2025-04-24 12:39:26.921 | INFO     | modules.chunk_analyzer:_apply_chunk_patches:649 - 找到匹配行，原始行号: 499，新行号: 58
2025-04-24 12:39:26.921 | INFO     | modules.chunk_analyzer:_apply_chunk_patches:666 - 尝试应用调整行号后的补丁: /tmp/tmpxv9h0_04/adjusted.patch
2025-04-24 12:39:26.922 | INFO     | modules.chunk_analyzer:_run_git_command:1329 - 运行git命令: apply --ignore-space-change --ignore-whitespace /tmp/tmpxv9h0_04/adjusted.patch
2025-04-24 12:39:26.924 | ERROR    | modules.chunk_analyzer:_run_git_command:1340 - Git命令执行失败: error: patch failed: tests/unit/keyspace.tcl:58
error: tests/unit/keyspace.tcl: patch does not apply

2025-04-24 12:39:26.925 | INFO     | modules.chunk_analyzer:_apply_chunk_patches:681 - 尝试调整行号失败: Command '['git', 'apply', '--ignore-space-change', '--ignore-whitespace', '/tmp/tmpxv9h0_04/adjusted.patch']' returned non-zero exit status 1.
2025-04-24 12:39:26.925 | INFO     | modules.chunk_analyzer:_run_git_command:1329 - 运行git命令: reset --hard
2025-04-24 12:39:26.931 | INFO     | modules.chunk_analyzer:_apply_chunk_patches:649 - 找到匹配行，原始行号: 499，新行号: 59
2025-04-24 12:39:26.931 | INFO     | modules.chunk_analyzer:_apply_chunk_patches:666 - 尝试应用调整行号后的补丁: /tmp/tmpie7w99jj/adjusted.patch
2025-04-24 12:39:26.932 | INFO     | modules.chunk_analyzer:_run_git_command:1329 - 运行git命令: apply --ignore-space-change --ignore-whitespace /tmp/tmpie7w99jj/adjusted.patch
2025-04-24 12:39:26.934 | ERROR    | modules.chunk_analyzer:_run_git_command:1340 - Git命令执行失败: error: patch failed: tests/unit/keyspace.tcl:59
error: tests/unit/keyspace.tcl: patch does not apply

2025-04-24 12:39:26.934 | INFO     | modules.chunk_analyzer:_apply_chunk_patches:681 - 尝试调整行号失败: Command '['git', 'apply', '--ignore-space-change', '--ignore-whitespace', '/tmp/tmpie7w99jj/adjusted.patch']' returned non-zero exit status 1.
2025-04-24 12:39:26.934 | INFO     | modules.chunk_analyzer:_run_git_command:1329 - 运行git命令: reset --hard
2025-04-24 12:39:26.940 | INFO     | modules.chunk_analyzer:_apply_chunk_patches:649 - 找到匹配行，原始行号: 499，新行号: 60
2025-04-24 12:39:26.941 | INFO     | modules.chunk_analyzer:_apply_chunk_patches:666 - 尝试应用调整行号后的补丁: /tmp/tmpluzak83s/adjusted.patch
2025-04-24 12:39:26.941 | INFO     | modules.chunk_analyzer:_run_git_command:1329 - 运行git命令: apply --ignore-space-change --ignore-whitespace /tmp/tmpluzak83s/adjusted.patch
2025-04-24 12:39:26.943 | ERROR    | modules.chunk_analyzer:_run_git_command:1340 - Git命令执行失败: error: patch failed: tests/unit/keyspace.tcl:60
error: tests/unit/keyspace.tcl: patch does not apply

2025-04-24 12:39:26.943 | INFO     | modules.chunk_analyzer:_apply_chunk_patches:681 - 尝试调整行号失败: Command '['git', 'apply', '--ignore-space-change', '--ignore-whitespace', '/tmp/tmpluzak83s/adjusted.patch']' returned non-zero exit status 1.
2025-04-24 12:39:26.943 | INFO     | modules.chunk_analyzer:_run_git_command:1329 - 运行git命令: reset --hard
2025-04-24 12:39:26.949 | INFO     | modules.chunk_analyzer:_apply_chunk_patches:649 - 找到匹配行，原始行号: 499，新行号: 61
2025-04-24 12:39:26.950 | INFO     | modules.chunk_analyzer:_apply_chunk_patches:666 - 尝试应用调整行号后的补丁: /tmp/tmpsxgtufs6/adjusted.patch
2025-04-24 12:39:26.950 | INFO     | modules.chunk_analyzer:_run_git_command:1329 - 运行git命令: apply --ignore-space-change --ignore-whitespace /tmp/tmpsxgtufs6/adjusted.patch
2025-04-24 12:39:26.952 | ERROR    | modules.chunk_analyzer:_run_git_command:1340 - Git命令执行失败: error: patch failed: tests/unit/keyspace.tcl:61
error: tests/unit/keyspace.tcl: patch does not apply

2025-04-24 12:39:26.952 | INFO     | modules.chunk_analyzer:_apply_chunk_patches:681 - 尝试调整行号失败: Command '['git', 'apply', '--ignore-space-change', '--ignore-whitespace', '/tmp/tmpsxgtufs6/adjusted.patch']' returned non-zero exit status 1.
2025-04-24 12:39:26.952 | INFO     | modules.chunk_analyzer:_run_git_command:1329 - 运行git命令: reset --hard
2025-04-24 12:39:26.958 | INFO     | modules.chunk_analyzer:_apply_chunk_patches:649 - 找到匹配行，原始行号: 499，新行号: 62
2025-04-24 12:39:26.959 | INFO     | modules.chunk_analyzer:_apply_chunk_patches:666 - 尝试应用调整行号后的补丁: /tmp/tmpe07ij9zf/adjusted.patch
2025-04-24 12:39:26.959 | INFO     | modules.chunk_analyzer:_run_git_command:1329 - 运行git命令: apply --ignore-space-change --ignore-whitespace /tmp/tmpe07ij9zf/adjusted.patch
2025-04-24 12:39:26.961 | ERROR    | modules.chunk_analyzer:_run_git_command:1340 - Git命令执行失败: error: patch failed: tests/unit/keyspace.tcl:62
error: tests/unit/keyspace.tcl: patch does not apply

2025-04-24 12:39:26.961 | INFO     | modules.chunk_analyzer:_apply_chunk_patches:681 - 尝试调整行号失败: Command '['git', 'apply', '--ignore-space-change', '--ignore-whitespace', '/tmp/tmpe07ij9zf/adjusted.patch']' returned non-zero exit status 1.
2025-04-24 12:39:26.961 | INFO     | modules.chunk_analyzer:_run_git_command:1329 - 运行git命令: reset --hard
2025-04-24 12:39:26.967 | INFO     | modules.chunk_analyzer:_apply_chunk_patches:649 - 找到匹配行，原始行号: 499，新行号: 63
2025-04-24 12:39:26.967 | INFO     | modules.chunk_analyzer:_apply_chunk_patches:666 - 尝试应用调整行号后的补丁: /tmp/tmpdzx8gthk/adjusted.patch
2025-04-24 12:39:26.968 | INFO     | modules.chunk_analyzer:_run_git_command:1329 - 运行git命令: apply --ignore-space-change --ignore-whitespace /tmp/tmpdzx8gthk/adjusted.patch
2025-04-24 12:39:26.970 | ERROR    | modules.chunk_analyzer:_run_git_command:1340 - Git命令执行失败: error: patch failed: tests/unit/keyspace.tcl:63
error: tests/unit/keyspace.tcl: patch does not apply

2025-04-24 12:39:26.970 | INFO     | modules.chunk_analyzer:_apply_chunk_patches:681 - 尝试调整行号失败: Command '['git', 'apply', '--ignore-space-change', '--ignore-whitespace', '/tmp/tmpdzx8gthk/adjusted.patch']' returned non-zero exit status 1.
2025-04-24 12:39:26.970 | INFO     | modules.chunk_analyzer:_run_git_command:1329 - 运行git命令: reset --hard
2025-04-24 12:39:26.976 | INFO     | modules.chunk_analyzer:_apply_chunk_patches:649 - 找到匹配行，原始行号: 499，新行号: 64
2025-04-24 12:39:26.977 | INFO     | modules.chunk_analyzer:_apply_chunk_patches:666 - 尝试应用调整行号后的补丁: /tmp/tmppidgnj8s/adjusted.patch
2025-04-24 12:39:26.977 | INFO     | modules.chunk_analyzer:_run_git_command:1329 - 运行git命令: apply --ignore-space-change --ignore-whitespace /tmp/tmppidgnj8s/adjusted.patch
2025-04-24 12:39:26.979 | ERROR    | modules.chunk_analyzer:_run_git_command:1340 - Git命令执行失败: error: patch failed: tests/unit/keyspace.tcl:64
error: tests/unit/keyspace.tcl: patch does not apply

2025-04-24 12:39:26.979 | INFO     | modules.chunk_analyzer:_apply_chunk_patches:681 - 尝试调整行号失败: Command '['git', 'apply', '--ignore-space-change', '--ignore-whitespace', '/tmp/tmppidgnj8s/adjusted.patch']' returned non-zero exit status 1.
2025-04-24 12:39:26.980 | INFO     | modules.chunk_analyzer:_run_git_command:1329 - 运行git命令: reset --hard
2025-04-24 12:39:26.986 | INFO     | modules.chunk_analyzer:_apply_chunk_patches:649 - 找到匹配行，原始行号: 499，新行号: 65
2025-04-24 12:39:26.987 | INFO     | modules.chunk_analyzer:_apply_chunk_patches:666 - 尝试应用调整行号后的补丁: /tmp/tmpzaa_jgwe/adjusted.patch
2025-04-24 12:39:26.987 | INFO     | modules.chunk_analyzer:_run_git_command:1329 - 运行git命令: apply --ignore-space-change --ignore-whitespace /tmp/tmpzaa_jgwe/adjusted.patch
2025-04-24 12:39:26.990 | ERROR    | modules.chunk_analyzer:_run_git_command:1340 - Git命令执行失败: error: patch failed: tests/unit/keyspace.tcl:65
error: tests/unit/keyspace.tcl: patch does not apply

2025-04-24 12:39:26.990 | INFO     | modules.chunk_analyzer:_apply_chunk_patches:681 - 尝试调整行号失败: Command '['git', 'apply', '--ignore-space-change', '--ignore-whitespace', '/tmp/tmpzaa_jgwe/adjusted.patch']' returned non-zero exit status 1.
2025-04-24 12:39:26.990 | INFO     | modules.chunk_analyzer:_run_git_command:1329 - 运行git命令: reset --hard
2025-04-24 12:39:26.997 | INFO     | modules.chunk_analyzer:_apply_chunk_patches:649 - 找到匹配行，原始行号: 499，新行号: 66
2025-04-24 12:39:26.998 | INFO     | modules.chunk_analyzer:_apply_chunk_patches:666 - 尝试应用调整行号后的补丁: /tmp/tmpsycyb7e8/adjusted.patch
2025-04-24 12:39:26.998 | INFO     | modules.chunk_analyzer:_run_git_command:1329 - 运行git命令: apply --ignore-space-change --ignore-whitespace /tmp/tmpsycyb7e8/adjusted.patch
2025-04-24 12:39:27.001 | ERROR    | modules.chunk_analyzer:_run_git_command:1340 - Git命令执行失败: error: patch failed: tests/unit/keyspace.tcl:66
error: tests/unit/keyspace.tcl: patch does not apply

2025-04-24 12:39:27.002 | INFO     | modules.chunk_analyzer:_apply_chunk_patches:681 - 尝试调整行号失败: Command '['git', 'apply', '--ignore-space-change', '--ignore-whitespace', '/tmp/tmpsycyb7e8/adjusted.patch']' returned non-zero exit status 1.
2025-04-24 12:39:27.002 | INFO     | modules.chunk_analyzer:_run_git_command:1329 - 运行git命令: reset --hard
2025-04-24 12:39:27.010 | INFO     | modules.chunk_analyzer:_apply_chunk_patches:649 - 找到匹配行，原始行号: 499，新行号: 67
2025-04-24 12:39:27.010 | INFO     | modules.chunk_analyzer:_apply_chunk_patches:666 - 尝试应用调整行号后的补丁: /tmp/tmpolpq3wb5/adjusted.patch
2025-04-24 12:39:27.010 | INFO     | modules.chunk_analyzer:_run_git_command:1329 - 运行git命令: apply --ignore-space-change --ignore-whitespace /tmp/tmpolpq3wb5/adjusted.patch
2025-04-24 12:39:27.012 | ERROR    | modules.chunk_analyzer:_run_git_command:1340 - Git命令执行失败: error: patch failed: tests/unit/keyspace.tcl:67
error: tests/unit/keyspace.tcl: patch does not apply

2025-04-24 12:39:27.013 | INFO     | modules.chunk_analyzer:_apply_chunk_patches:681 - 尝试调整行号失败: Command '['git', 'apply', '--ignore-space-change', '--ignore-whitespace', '/tmp/tmpolpq3wb5/adjusted.patch']' returned non-zero exit status 1.
2025-04-24 12:39:27.013 | INFO     | modules.chunk_analyzer:_run_git_command:1329 - 运行git命令: reset --hard
2025-04-24 12:39:27.020 | INFO     | modules.chunk_analyzer:_apply_chunk_patches:649 - 找到匹配行，原始行号: 499，新行号: 68
2025-04-24 12:39:27.020 | INFO     | modules.chunk_analyzer:_apply_chunk_patches:666 - 尝试应用调整行号后的补丁: /tmp/tmpu5f8_nc6/adjusted.patch
2025-04-24 12:39:27.020 | INFO     | modules.chunk_analyzer:_run_git_command:1329 - 运行git命令: apply --ignore-space-change --ignore-whitespace /tmp/tmpu5f8_nc6/adjusted.patch
2025-04-24 12:39:27.023 | ERROR    | modules.chunk_analyzer:_run_git_command:1340 - Git命令执行失败: error: patch failed: tests/unit/keyspace.tcl:68
error: tests/unit/keyspace.tcl: patch does not apply

2025-04-24 12:39:27.023 | INFO     | modules.chunk_analyzer:_apply_chunk_patches:681 - 尝试调整行号失败: Command '['git', 'apply', '--ignore-space-change', '--ignore-whitespace', '/tmp/tmpu5f8_nc6/adjusted.patch']' returned non-zero exit status 1.
2025-04-24 12:39:27.024 | INFO     | modules.chunk_analyzer:_run_git_command:1329 - 运行git命令: reset --hard
2025-04-24 12:39:27.029 | INFO     | modules.chunk_analyzer:_apply_chunk_patches:649 - 找到匹配行，原始行号: 499，新行号: 69
2025-04-24 12:39:27.029 | INFO     | modules.chunk_analyzer:_apply_chunk_patches:666 - 尝试应用调整行号后的补丁: /tmp/tmp0jwxlgyq/adjusted.patch
2025-04-24 12:39:27.030 | INFO     | modules.chunk_analyzer:_run_git_command:1329 - 运行git命令: apply --ignore-space-change --ignore-whitespace /tmp/tmp0jwxlgyq/adjusted.patch
2025-04-24 12:39:27.032 | ERROR    | modules.chunk_analyzer:_run_git_command:1340 - Git命令执行失败: error: patch failed: tests/unit/keyspace.tcl:69
error: tests/unit/keyspace.tcl: patch does not apply

2025-04-24 12:39:27.033 | INFO     | modules.chunk_analyzer:_apply_chunk_patches:681 - 尝试调整行号失败: Command '['git', 'apply', '--ignore-space-change', '--ignore-whitespace', '/tmp/tmp0jwxlgyq/adjusted.patch']' returned non-zero exit status 1.
2025-04-24 12:39:27.033 | INFO     | modules.chunk_analyzer:_run_git_command:1329 - 运行git命令: reset --hard
2025-04-24 12:39:27.040 | INFO     | modules.chunk_analyzer:_apply_chunk_patches:649 - 找到匹配行，原始行号: 499，新行号: 70
2025-04-24 12:39:27.040 | INFO     | modules.chunk_analyzer:_apply_chunk_patches:666 - 尝试应用调整行号后的补丁: /tmp/tmp9dc1nf2u/adjusted.patch
2025-04-24 12:39:27.041 | INFO     | modules.chunk_analyzer:_run_git_command:1329 - 运行git命令: apply --ignore-space-change --ignore-whitespace /tmp/tmp9dc1nf2u/adjusted.patch
2025-04-24 12:39:27.043 | ERROR    | modules.chunk_analyzer:_run_git_command:1340 - Git命令执行失败: error: patch failed: tests/unit/keyspace.tcl:70
error: tests/unit/keyspace.tcl: patch does not apply

2025-04-24 12:39:27.043 | INFO     | modules.chunk_analyzer:_apply_chunk_patches:681 - 尝试调整行号失败: Command '['git', 'apply', '--ignore-space-change', '--ignore-whitespace', '/tmp/tmp9dc1nf2u/adjusted.patch']' returned non-zero exit status 1.
2025-04-24 12:39:27.043 | INFO     | modules.chunk_analyzer:_run_git_command:1329 - 运行git命令: reset --hard
2025-04-24 12:39:27.049 | INFO     | modules.chunk_analyzer:_apply_chunk_patches:649 - 找到匹配行，原始行号: 499，新行号: 71
2025-04-24 12:39:27.050 | INFO     | modules.chunk_analyzer:_apply_chunk_patches:666 - 尝试应用调整行号后的补丁: /tmp/tmp90qjdzt7/adjusted.patch
2025-04-24 12:39:27.050 | INFO     | modules.chunk_analyzer:_run_git_command:1329 - 运行git命令: apply --ignore-space-change --ignore-whitespace /tmp/tmp90qjdzt7/adjusted.patch
2025-04-24 12:39:27.052 | ERROR    | modules.chunk_analyzer:_run_git_command:1340 - Git命令执行失败: error: patch failed: tests/unit/keyspace.tcl:71
error: tests/unit/keyspace.tcl: patch does not apply

2025-04-24 12:39:27.053 | INFO     | modules.chunk_analyzer:_apply_chunk_patches:681 - 尝试调整行号失败: Command '['git', 'apply', '--ignore-space-change', '--ignore-whitespace', '/tmp/tmp90qjdzt7/adjusted.patch']' returned non-zero exit status 1.
2025-04-24 12:39:27.053 | INFO     | modules.chunk_analyzer:_run_git_command:1329 - 运行git命令: reset --hard
2025-04-24 12:39:27.058 | INFO     | modules.chunk_analyzer:_apply_chunk_patches:649 - 找到匹配行，原始行号: 499，新行号: 72
2025-04-24 12:39:27.059 | INFO     | modules.chunk_analyzer:_apply_chunk_patches:666 - 尝试应用调整行号后的补丁: /tmp/tmpze00akh0/adjusted.patch
2025-04-24 12:39:27.059 | INFO     | modules.chunk_analyzer:_run_git_command:1329 - 运行git命令: apply --ignore-space-change --ignore-whitespace /tmp/tmpze00akh0/adjusted.patch
2025-04-24 12:39:27.062 | ERROR    | modules.chunk_analyzer:_run_git_command:1340 - Git命令执行失败: error: patch failed: tests/unit/keyspace.tcl:72
error: tests/unit/keyspace.tcl: patch does not apply

2025-04-24 12:39:27.062 | INFO     | modules.chunk_analyzer:_apply_chunk_patches:681 - 尝试调整行号失败: Command '['git', 'apply', '--ignore-space-change', '--ignore-whitespace', '/tmp/tmpze00akh0/adjusted.patch']' returned non-zero exit status 1.
2025-04-24 12:39:27.063 | INFO     | modules.chunk_analyzer:_run_git_command:1329 - 运行git命令: reset --hard
2025-04-24 12:39:27.068 | INFO     | modules.chunk_analyzer:_apply_chunk_patches:649 - 找到匹配行，原始行号: 499，新行号: 73
2025-04-24 12:39:27.069 | INFO     | modules.chunk_analyzer:_apply_chunk_patches:666 - 尝试应用调整行号后的补丁: /tmp/tmpo6q2c4y_/adjusted.patch
2025-04-24 12:39:27.070 | INFO     | modules.chunk_analyzer:_run_git_command:1329 - 运行git命令: apply --ignore-space-change --ignore-whitespace /tmp/tmpo6q2c4y_/adjusted.patch
2025-04-24 12:39:27.072 | ERROR    | modules.chunk_analyzer:_run_git_command:1340 - Git命令执行失败: error: patch failed: tests/unit/keyspace.tcl:73
error: tests/unit/keyspace.tcl: patch does not apply

2025-04-24 12:39:27.073 | INFO     | modules.chunk_analyzer:_apply_chunk_patches:681 - 尝试调整行号失败: Command '['git', 'apply', '--ignore-space-change', '--ignore-whitespace', '/tmp/tmpo6q2c4y_/adjusted.patch']' returned non-zero exit status 1.
2025-04-24 12:39:27.073 | INFO     | modules.chunk_analyzer:_run_git_command:1329 - 运行git命令: reset --hard
2025-04-24 12:39:27.079 | INFO     | modules.chunk_analyzer:_apply_chunk_patches:649 - 找到匹配行，原始行号: 499，新行号: 74
2025-04-24 12:39:27.079 | INFO     | modules.chunk_analyzer:_apply_chunk_patches:666 - 尝试应用调整行号后的补丁: /tmp/tmpal2c3n6u/adjusted.patch
2025-04-24 12:39:27.079 | INFO     | modules.chunk_analyzer:_run_git_command:1329 - 运行git命令: apply --ignore-space-change --ignore-whitespace /tmp/tmpal2c3n6u/adjusted.patch
2025-04-24 12:39:27.082 | ERROR    | modules.chunk_analyzer:_run_git_command:1340 - Git命令执行失败: error: patch failed: tests/unit/keyspace.tcl:74
error: tests/unit/keyspace.tcl: patch does not apply

2025-04-24 12:39:27.082 | INFO     | modules.chunk_analyzer:_apply_chunk_patches:681 - 尝试调整行号失败: Command '['git', 'apply', '--ignore-space-change', '--ignore-whitespace', '/tmp/tmpal2c3n6u/adjusted.patch']' returned non-zero exit status 1.
2025-04-24 12:39:27.082 | INFO     | modules.chunk_analyzer:_run_git_command:1329 - 运行git命令: reset --hard
2025-04-24 12:39:27.088 | INFO     | modules.chunk_analyzer:_apply_chunk_patches:649 - 找到匹配行，原始行号: 499，新行号: 75
2025-04-24 12:39:27.090 | INFO     | modules.chunk_analyzer:_apply_chunk_patches:666 - 尝试应用调整行号后的补丁: /tmp/tmpec3c4hoe/adjusted.patch
2025-04-24 12:39:27.090 | INFO     | modules.chunk_analyzer:_run_git_command:1329 - 运行git命令: apply --ignore-space-change --ignore-whitespace /tmp/tmpec3c4hoe/adjusted.patch
2025-04-24 12:39:27.092 | ERROR    | modules.chunk_analyzer:_run_git_command:1340 - Git命令执行失败: error: patch failed: tests/unit/keyspace.tcl:75
error: tests/unit/keyspace.tcl: patch does not apply

2025-04-24 12:39:27.093 | INFO     | modules.chunk_analyzer:_apply_chunk_patches:681 - 尝试调整行号失败: Command '['git', 'apply', '--ignore-space-change', '--ignore-whitespace', '/tmp/tmpec3c4hoe/adjusted.patch']' returned non-zero exit status 1.
2025-04-24 12:39:27.093 | INFO     | modules.chunk_analyzer:_run_git_command:1329 - 运行git命令: reset --hard
2025-04-24 12:39:27.099 | INFO     | modules.chunk_analyzer:_apply_chunk_patches:649 - 找到匹配行，原始行号: 499，新行号: 76
2025-04-24 12:39:27.100 | INFO     | modules.chunk_analyzer:_apply_chunk_patches:666 - 尝试应用调整行号后的补丁: /tmp/tmpjwh6bpwm/adjusted.patch
2025-04-24 12:39:27.100 | INFO     | modules.chunk_analyzer:_run_git_command:1329 - 运行git命令: apply --ignore-space-change --ignore-whitespace /tmp/tmpjwh6bpwm/adjusted.patch
2025-04-24 12:39:27.102 | ERROR    | modules.chunk_analyzer:_run_git_command:1340 - Git命令执行失败: error: patch failed: tests/unit/keyspace.tcl:76
error: tests/unit/keyspace.tcl: patch does not apply

2025-04-24 12:39:27.103 | INFO     | modules.chunk_analyzer:_apply_chunk_patches:681 - 尝试调整行号失败: Command '['git', 'apply', '--ignore-space-change', '--ignore-whitespace', '/tmp/tmpjwh6bpwm/adjusted.patch']' returned non-zero exit status 1.
2025-04-24 12:39:27.103 | INFO     | modules.chunk_analyzer:_run_git_command:1329 - 运行git命令: reset --hard
2025-04-24 12:39:27.110 | INFO     | modules.chunk_analyzer:_apply_chunk_patches:649 - 找到匹配行，原始行号: 499，新行号: 77
2025-04-24 12:39:27.110 | INFO     | modules.chunk_analyzer:_apply_chunk_patches:666 - 尝试应用调整行号后的补丁: /tmp/tmplht4izwp/adjusted.patch
2025-04-24 12:39:27.111 | INFO     | modules.chunk_analyzer:_run_git_command:1329 - 运行git命令: apply --ignore-space-change --ignore-whitespace /tmp/tmplht4izwp/adjusted.patch
2025-04-24 12:39:27.114 | ERROR    | modules.chunk_analyzer:_run_git_command:1340 - Git命令执行失败: error: patch failed: tests/unit/keyspace.tcl:77
error: tests/unit/keyspace.tcl: patch does not apply

2025-04-24 12:39:27.115 | INFO     | modules.chunk_analyzer:_apply_chunk_patches:681 - 尝试调整行号失败: Command '['git', 'apply', '--ignore-space-change', '--ignore-whitespace', '/tmp/tmplht4izwp/adjusted.patch']' returned non-zero exit status 1.
2025-04-24 12:39:27.115 | INFO     | modules.chunk_analyzer:_run_git_command:1329 - 运行git命令: reset --hard
2025-04-24 12:39:27.121 | INFO     | modules.chunk_analyzer:_apply_chunk_patches:649 - 找到匹配行，原始行号: 499，新行号: 78
2025-04-24 12:39:27.121 | INFO     | modules.chunk_analyzer:_apply_chunk_patches:666 - 尝试应用调整行号后的补丁: /tmp/tmp81jixzmb/adjusted.patch
2025-04-24 12:39:27.122 | INFO     | modules.chunk_analyzer:_run_git_command:1329 - 运行git命令: apply --ignore-space-change --ignore-whitespace /tmp/tmp81jixzmb/adjusted.patch
2025-04-24 12:39:27.125 | ERROR    | modules.chunk_analyzer:_run_git_command:1340 - Git命令执行失败: error: patch failed: tests/unit/keyspace.tcl:78
error: tests/unit/keyspace.tcl: patch does not apply

2025-04-24 12:39:27.126 | INFO     | modules.chunk_analyzer:_apply_chunk_patches:681 - 尝试调整行号失败: Command '['git', 'apply', '--ignore-space-change', '--ignore-whitespace', '/tmp/tmp81jixzmb/adjusted.patch']' returned non-zero exit status 1.
2025-04-24 12:39:27.126 | INFO     | modules.chunk_analyzer:_run_git_command:1329 - 运行git命令: reset --hard
2025-04-24 12:39:27.131 | INFO     | modules.chunk_analyzer:_apply_chunk_patches:649 - 找到匹配行，原始行号: 499，新行号: 79
2025-04-24 12:39:27.132 | INFO     | modules.chunk_analyzer:_apply_chunk_patches:666 - 尝试应用调整行号后的补丁: /tmp/tmp5y1ob8io/adjusted.patch
2025-04-24 12:39:27.132 | INFO     | modules.chunk_analyzer:_run_git_command:1329 - 运行git命令: apply --ignore-space-change --ignore-whitespace /tmp/tmp5y1ob8io/adjusted.patch
2025-04-24 12:39:27.135 | ERROR    | modules.chunk_analyzer:_run_git_command:1340 - Git命令执行失败: error: patch failed: tests/unit/keyspace.tcl:79
error: tests/unit/keyspace.tcl: patch does not apply

2025-04-24 12:39:27.135 | INFO     | modules.chunk_analyzer:_apply_chunk_patches:681 - 尝试调整行号失败: Command '['git', 'apply', '--ignore-space-change', '--ignore-whitespace', '/tmp/tmp5y1ob8io/adjusted.patch']' returned non-zero exit status 1.
2025-04-24 12:39:27.135 | INFO     | modules.chunk_analyzer:_run_git_command:1329 - 运行git命令: reset --hard
2025-04-24 12:39:27.141 | INFO     | modules.chunk_analyzer:_apply_chunk_patches:649 - 找到匹配行，原始行号: 499，新行号: 80
2025-04-24 12:39:27.142 | INFO     | modules.chunk_analyzer:_apply_chunk_patches:666 - 尝试应用调整行号后的补丁: /tmp/tmp862f36nh/adjusted.patch
2025-04-24 12:39:27.142 | INFO     | modules.chunk_analyzer:_run_git_command:1329 - 运行git命令: apply --ignore-space-change --ignore-whitespace /tmp/tmp862f36nh/adjusted.patch
2025-04-24 12:39:27.144 | ERROR    | modules.chunk_analyzer:_run_git_command:1340 - Git命令执行失败: error: patch failed: tests/unit/keyspace.tcl:80
error: tests/unit/keyspace.tcl: patch does not apply

2025-04-24 12:39:27.145 | INFO     | modules.chunk_analyzer:_apply_chunk_patches:681 - 尝试调整行号失败: Command '['git', 'apply', '--ignore-space-change', '--ignore-whitespace', '/tmp/tmp862f36nh/adjusted.patch']' returned non-zero exit status 1.
2025-04-24 12:39:27.145 | INFO     | modules.chunk_analyzer:_run_git_command:1329 - 运行git命令: reset --hard
2025-04-24 12:39:27.151 | INFO     | modules.chunk_analyzer:_apply_chunk_patches:649 - 找到匹配行，原始行号: 499，新行号: 81
2025-04-24 12:39:27.152 | INFO     | modules.chunk_analyzer:_apply_chunk_patches:666 - 尝试应用调整行号后的补丁: /tmp/tmp9eqrjkil/adjusted.patch
2025-04-24 12:39:27.152 | INFO     | modules.chunk_analyzer:_run_git_command:1329 - 运行git命令: apply --ignore-space-change --ignore-whitespace /tmp/tmp9eqrjkil/adjusted.patch
2025-04-24 12:39:27.154 | ERROR    | modules.chunk_analyzer:_run_git_command:1340 - Git命令执行失败: error: patch failed: tests/unit/keyspace.tcl:81
error: tests/unit/keyspace.tcl: patch does not apply

2025-04-24 12:39:27.155 | INFO     | modules.chunk_analyzer:_apply_chunk_patches:681 - 尝试调整行号失败: Command '['git', 'apply', '--ignore-space-change', '--ignore-whitespace', '/tmp/tmp9eqrjkil/adjusted.patch']' returned non-zero exit status 1.
2025-04-24 12:39:27.155 | INFO     | modules.chunk_analyzer:_run_git_command:1329 - 运行git命令: reset --hard
2025-04-24 12:39:27.161 | INFO     | modules.chunk_analyzer:_apply_chunk_patches:649 - 找到匹配行，原始行号: 499，新行号: 82
2025-04-24 12:39:27.161 | INFO     | modules.chunk_analyzer:_apply_chunk_patches:666 - 尝试应用调整行号后的补丁: /tmp/tmpxiba4g5v/adjusted.patch
2025-04-24 12:39:27.161 | INFO     | modules.chunk_analyzer:_run_git_command:1329 - 运行git命令: apply --ignore-space-change --ignore-whitespace /tmp/tmpxiba4g5v/adjusted.patch
2025-04-24 12:39:27.164 | ERROR    | modules.chunk_analyzer:_run_git_command:1340 - Git命令执行失败: error: patch failed: tests/unit/keyspace.tcl:82
error: tests/unit/keyspace.tcl: patch does not apply

2025-04-24 12:39:27.164 | INFO     | modules.chunk_analyzer:_apply_chunk_patches:681 - 尝试调整行号失败: Command '['git', 'apply', '--ignore-space-change', '--ignore-whitespace', '/tmp/tmpxiba4g5v/adjusted.patch']' returned non-zero exit status 1.
2025-04-24 12:39:27.164 | INFO     | modules.chunk_analyzer:_run_git_command:1329 - 运行git命令: reset --hard
2025-04-24 12:39:27.170 | INFO     | modules.chunk_analyzer:_apply_chunk_patches:649 - 找到匹配行，原始行号: 499，新行号: 83
2025-04-24 12:39:27.171 | INFO     | modules.chunk_analyzer:_apply_chunk_patches:666 - 尝试应用调整行号后的补丁: /tmp/tmp7sxr75n2/adjusted.patch
2025-04-24 12:39:27.171 | INFO     | modules.chunk_analyzer:_run_git_command:1329 - 运行git命令: apply --ignore-space-change --ignore-whitespace /tmp/tmp7sxr75n2/adjusted.patch
2025-04-24 12:39:27.174 | ERROR    | modules.chunk_analyzer:_run_git_command:1340 - Git命令执行失败: error: patch failed: tests/unit/keyspace.tcl:83
error: tests/unit/keyspace.tcl: patch does not apply

2025-04-24 12:39:27.174 | INFO     | modules.chunk_analyzer:_apply_chunk_patches:681 - 尝试调整行号失败: Command '['git', 'apply', '--ignore-space-change', '--ignore-whitespace', '/tmp/tmp7sxr75n2/adjusted.patch']' returned non-zero exit status 1.
2025-04-24 12:39:27.175 | INFO     | modules.chunk_analyzer:_run_git_command:1329 - 运行git命令: reset --hard
2025-04-24 12:39:27.181 | INFO     | modules.chunk_analyzer:_apply_chunk_patches:649 - 找到匹配行，原始行号: 499，新行号: 84
2025-04-24 12:39:27.181 | INFO     | modules.chunk_analyzer:_apply_chunk_patches:666 - 尝试应用调整行号后的补丁: /tmp/tmpbb460uxx/adjusted.patch
2025-04-24 12:39:27.182 | INFO     | modules.chunk_analyzer:_run_git_command:1329 - 运行git命令: apply --ignore-space-change --ignore-whitespace /tmp/tmpbb460uxx/adjusted.patch
2025-04-24 12:39:27.185 | ERROR    | modules.chunk_analyzer:_run_git_command:1340 - Git命令执行失败: error: patch failed: tests/unit/keyspace.tcl:84
error: tests/unit/keyspace.tcl: patch does not apply

2025-04-24 12:39:27.185 | INFO     | modules.chunk_analyzer:_apply_chunk_patches:681 - 尝试调整行号失败: Command '['git', 'apply', '--ignore-space-change', '--ignore-whitespace', '/tmp/tmpbb460uxx/adjusted.patch']' returned non-zero exit status 1.
2025-04-24 12:39:27.186 | INFO     | modules.chunk_analyzer:_run_git_command:1329 - 运行git命令: reset --hard
2025-04-24 12:39:27.191 | INFO     | modules.chunk_analyzer:_apply_chunk_patches:649 - 找到匹配行，原始行号: 499，新行号: 85
2025-04-24 12:39:27.192 | INFO     | modules.chunk_analyzer:_apply_chunk_patches:666 - 尝试应用调整行号后的补丁: /tmp/tmpj38_e2uz/adjusted.patch
2025-04-24 12:39:27.192 | INFO     | modules.chunk_analyzer:_run_git_command:1329 - 运行git命令: apply --ignore-space-change --ignore-whitespace /tmp/tmpj38_e2uz/adjusted.patch
2025-04-24 12:39:27.194 | ERROR    | modules.chunk_analyzer:_run_git_command:1340 - Git命令执行失败: error: patch failed: tests/unit/keyspace.tcl:85
error: tests/unit/keyspace.tcl: patch does not apply

2025-04-24 12:39:27.195 | INFO     | modules.chunk_analyzer:_apply_chunk_patches:681 - 尝试调整行号失败: Command '['git', 'apply', '--ignore-space-change', '--ignore-whitespace', '/tmp/tmpj38_e2uz/adjusted.patch']' returned non-zero exit status 1.
2025-04-24 12:39:27.195 | INFO     | modules.chunk_analyzer:_run_git_command:1329 - 运行git命令: reset --hard
2025-04-24 12:39:27.201 | INFO     | modules.chunk_analyzer:_apply_chunk_patches:649 - 找到匹配行，原始行号: 499，新行号: 86
2025-04-24 12:39:27.201 | INFO     | modules.chunk_analyzer:_apply_chunk_patches:666 - 尝试应用调整行号后的补丁: /tmp/tmp0cqc_9ih/adjusted.patch
2025-04-24 12:39:27.201 | INFO     | modules.chunk_analyzer:_run_git_command:1329 - 运行git命令: apply --ignore-space-change --ignore-whitespace /tmp/tmp0cqc_9ih/adjusted.patch
2025-04-24 12:39:27.203 | ERROR    | modules.chunk_analyzer:_run_git_command:1340 - Git命令执行失败: error: patch failed: tests/unit/keyspace.tcl:86
error: tests/unit/keyspace.tcl: patch does not apply

2025-04-24 12:39:27.204 | INFO     | modules.chunk_analyzer:_apply_chunk_patches:681 - 尝试调整行号失败: Command '['git', 'apply', '--ignore-space-change', '--ignore-whitespace', '/tmp/tmp0cqc_9ih/adjusted.patch']' returned non-zero exit status 1.
2025-04-24 12:39:27.204 | INFO     | modules.chunk_analyzer:_run_git_command:1329 - 运行git命令: reset --hard
2025-04-24 12:39:27.210 | INFO     | modules.chunk_analyzer:_apply_chunk_patches:649 - 找到匹配行，原始行号: 499，新行号: 87
2025-04-24 12:39:27.210 | INFO     | modules.chunk_analyzer:_apply_chunk_patches:666 - 尝试应用调整行号后的补丁: /tmp/tmps_ifprc8/adjusted.patch
2025-04-24 12:39:27.210 | INFO     | modules.chunk_analyzer:_run_git_command:1329 - 运行git命令: apply --ignore-space-change --ignore-whitespace /tmp/tmps_ifprc8/adjusted.patch
2025-04-24 12:39:27.212 | ERROR    | modules.chunk_analyzer:_run_git_command:1340 - Git命令执行失败: error: patch failed: tests/unit/keyspace.tcl:87
error: tests/unit/keyspace.tcl: patch does not apply

2025-04-24 12:39:27.213 | INFO     | modules.chunk_analyzer:_apply_chunk_patches:681 - 尝试调整行号失败: Command '['git', 'apply', '--ignore-space-change', '--ignore-whitespace', '/tmp/tmps_ifprc8/adjusted.patch']' returned non-zero exit status 1.
2025-04-24 12:39:27.213 | INFO     | modules.chunk_analyzer:_run_git_command:1329 - 运行git命令: reset --hard
2025-04-24 12:39:27.218 | INFO     | modules.chunk_analyzer:_apply_chunk_patches:649 - 找到匹配行，原始行号: 499，新行号: 88
2025-04-24 12:39:27.219 | INFO     | modules.chunk_analyzer:_apply_chunk_patches:666 - 尝试应用调整行号后的补丁: /tmp/tmp2n54w7p8/adjusted.patch
2025-04-24 12:39:27.219 | INFO     | modules.chunk_analyzer:_run_git_command:1329 - 运行git命令: apply --ignore-space-change --ignore-whitespace /tmp/tmp2n54w7p8/adjusted.patch
2025-04-24 12:39:27.221 | ERROR    | modules.chunk_analyzer:_run_git_command:1340 - Git命令执行失败: error: patch failed: tests/unit/keyspace.tcl:88
error: tests/unit/keyspace.tcl: patch does not apply

2025-04-24 12:39:27.221 | INFO     | modules.chunk_analyzer:_apply_chunk_patches:681 - 尝试调整行号失败: Command '['git', 'apply', '--ignore-space-change', '--ignore-whitespace', '/tmp/tmp2n54w7p8/adjusted.patch']' returned non-zero exit status 1.
2025-04-24 12:39:27.222 | INFO     | modules.chunk_analyzer:_run_git_command:1329 - 运行git命令: reset --hard
2025-04-24 12:39:27.227 | INFO     | modules.chunk_analyzer:_apply_chunk_patches:649 - 找到匹配行，原始行号: 499，新行号: 89
2025-04-24 12:39:27.228 | INFO     | modules.chunk_analyzer:_apply_chunk_patches:666 - 尝试应用调整行号后的补丁: /tmp/tmp5ezypmzd/adjusted.patch
2025-04-24 12:39:27.228 | INFO     | modules.chunk_analyzer:_run_git_command:1329 - 运行git命令: apply --ignore-space-change --ignore-whitespace /tmp/tmp5ezypmzd/adjusted.patch
2025-04-24 12:39:27.230 | ERROR    | modules.chunk_analyzer:_run_git_command:1340 - Git命令执行失败: error: patch failed: tests/unit/keyspace.tcl:89
error: tests/unit/keyspace.tcl: patch does not apply

2025-04-24 12:39:27.230 | INFO     | modules.chunk_analyzer:_apply_chunk_patches:681 - 尝试调整行号失败: Command '['git', 'apply', '--ignore-space-change', '--ignore-whitespace', '/tmp/tmp5ezypmzd/adjusted.patch']' returned non-zero exit status 1.
2025-04-24 12:39:27.231 | INFO     | modules.chunk_analyzer:_run_git_command:1329 - 运行git命令: reset --hard
2025-04-24 12:39:27.236 | INFO     | modules.chunk_analyzer:_apply_chunk_patches:649 - 找到匹配行，原始行号: 499，新行号: 90
2025-04-24 12:39:27.237 | INFO     | modules.chunk_analyzer:_apply_chunk_patches:666 - 尝试应用调整行号后的补丁: /tmp/tmp_bqdk1oz/adjusted.patch
2025-04-24 12:39:27.237 | INFO     | modules.chunk_analyzer:_run_git_command:1329 - 运行git命令: apply --ignore-space-change --ignore-whitespace /tmp/tmp_bqdk1oz/adjusted.patch
2025-04-24 12:39:27.240 | ERROR    | modules.chunk_analyzer:_run_git_command:1340 - Git命令执行失败: error: patch failed: tests/unit/keyspace.tcl:90
error: tests/unit/keyspace.tcl: patch does not apply

2025-04-24 12:39:27.240 | INFO     | modules.chunk_analyzer:_apply_chunk_patches:681 - 尝试调整行号失败: Command '['git', 'apply', '--ignore-space-change', '--ignore-whitespace', '/tmp/tmp_bqdk1oz/adjusted.patch']' returned non-zero exit status 1.
2025-04-24 12:39:27.240 | INFO     | modules.chunk_analyzer:_run_git_command:1329 - 运行git命令: reset --hard
2025-04-24 12:39:27.245 | INFO     | modules.chunk_analyzer:_apply_chunk_patches:649 - 找到匹配行，原始行号: 499，新行号: 91
2025-04-24 12:39:27.246 | INFO     | modules.chunk_analyzer:_apply_chunk_patches:666 - 尝试应用调整行号后的补丁: /tmp/tmp86j6g6_s/adjusted.patch
2025-04-24 12:39:27.246 | INFO     | modules.chunk_analyzer:_run_git_command:1329 - 运行git命令: apply --ignore-space-change --ignore-whitespace /tmp/tmp86j6g6_s/adjusted.patch
2025-04-24 12:39:27.248 | ERROR    | modules.chunk_analyzer:_run_git_command:1340 - Git命令执行失败: error: patch failed: tests/unit/keyspace.tcl:91
error: tests/unit/keyspace.tcl: patch does not apply

2025-04-24 12:39:27.248 | INFO     | modules.chunk_analyzer:_apply_chunk_patches:681 - 尝试调整行号失败: Command '['git', 'apply', '--ignore-space-change', '--ignore-whitespace', '/tmp/tmp86j6g6_s/adjusted.patch']' returned non-zero exit status 1.
2025-04-24 12:39:27.248 | INFO     | modules.chunk_analyzer:_run_git_command:1329 - 运行git命令: reset --hard
2025-04-24 12:39:27.253 | INFO     | modules.chunk_analyzer:_apply_chunk_patches:649 - 找到匹配行，原始行号: 499，新行号: 92
2025-04-24 12:39:27.254 | INFO     | modules.chunk_analyzer:_apply_chunk_patches:666 - 尝试应用调整行号后的补丁: /tmp/tmpgd0ax3xe/adjusted.patch
2025-04-24 12:39:27.254 | INFO     | modules.chunk_analyzer:_run_git_command:1329 - 运行git命令: apply --ignore-space-change --ignore-whitespace /tmp/tmpgd0ax3xe/adjusted.patch
2025-04-24 12:39:27.256 | ERROR    | modules.chunk_analyzer:_run_git_command:1340 - Git命令执行失败: error: patch failed: tests/unit/keyspace.tcl:92
error: tests/unit/keyspace.tcl: patch does not apply

2025-04-24 12:39:27.257 | INFO     | modules.chunk_analyzer:_apply_chunk_patches:681 - 尝试调整行号失败: Command '['git', 'apply', '--ignore-space-change', '--ignore-whitespace', '/tmp/tmpgd0ax3xe/adjusted.patch']' returned non-zero exit status 1.
2025-04-24 12:39:27.257 | INFO     | modules.chunk_analyzer:_run_git_command:1329 - 运行git命令: reset --hard
2025-04-24 12:39:27.262 | INFO     | modules.chunk_analyzer:_apply_chunk_patches:649 - 找到匹配行，原始行号: 499，新行号: 93
2025-04-24 12:39:27.262 | INFO     | modules.chunk_analyzer:_apply_chunk_patches:666 - 尝试应用调整行号后的补丁: /tmp/tmpc9xtnj4i/adjusted.patch
2025-04-24 12:39:27.262 | INFO     | modules.chunk_analyzer:_run_git_command:1329 - 运行git命令: apply --ignore-space-change --ignore-whitespace /tmp/tmpc9xtnj4i/adjusted.patch
2025-04-24 12:39:27.264 | ERROR    | modules.chunk_analyzer:_run_git_command:1340 - Git命令执行失败: error: patch failed: tests/unit/keyspace.tcl:93
error: tests/unit/keyspace.tcl: patch does not apply

2025-04-24 12:39:27.264 | INFO     | modules.chunk_analyzer:_apply_chunk_patches:681 - 尝试调整行号失败: Command '['git', 'apply', '--ignore-space-change', '--ignore-whitespace', '/tmp/tmpc9xtnj4i/adjusted.patch']' returned non-zero exit status 1.
2025-04-24 12:39:27.265 | INFO     | modules.chunk_analyzer:_run_git_command:1329 - 运行git命令: reset --hard
2025-04-24 12:39:27.270 | INFO     | modules.chunk_analyzer:_apply_chunk_patches:649 - 找到匹配行，原始行号: 499，新行号: 94
2025-04-24 12:39:27.270 | INFO     | modules.chunk_analyzer:_apply_chunk_patches:666 - 尝试应用调整行号后的补丁: /tmp/tmpxapzqc2j/adjusted.patch
2025-04-24 12:39:27.270 | INFO     | modules.chunk_analyzer:_run_git_command:1329 - 运行git命令: apply --ignore-space-change --ignore-whitespace /tmp/tmpxapzqc2j/adjusted.patch
2025-04-24 12:39:27.273 | ERROR    | modules.chunk_analyzer:_run_git_command:1340 - Git命令执行失败: error: patch failed: tests/unit/keyspace.tcl:94
error: tests/unit/keyspace.tcl: patch does not apply

2025-04-24 12:39:27.273 | INFO     | modules.chunk_analyzer:_apply_chunk_patches:681 - 尝试调整行号失败: Command '['git', 'apply', '--ignore-space-change', '--ignore-whitespace', '/tmp/tmpxapzqc2j/adjusted.patch']' returned non-zero exit status 1.
2025-04-24 12:39:27.274 | INFO     | modules.chunk_analyzer:_run_git_command:1329 - 运行git命令: reset --hard
2025-04-24 12:39:27.279 | INFO     | modules.chunk_analyzer:_apply_chunk_patches:649 - 找到匹配行，原始行号: 499，新行号: 95
2025-04-24 12:39:27.280 | INFO     | modules.chunk_analyzer:_apply_chunk_patches:666 - 尝试应用调整行号后的补丁: /tmp/tmpk4_oa3f0/adjusted.patch
2025-04-24 12:39:27.280 | INFO     | modules.chunk_analyzer:_run_git_command:1329 - 运行git命令: apply --ignore-space-change --ignore-whitespace /tmp/tmpk4_oa3f0/adjusted.patch
2025-04-24 12:39:27.282 | ERROR    | modules.chunk_analyzer:_run_git_command:1340 - Git命令执行失败: error: patch failed: tests/unit/keyspace.tcl:95
error: tests/unit/keyspace.tcl: patch does not apply

2025-04-24 12:39:27.282 | INFO     | modules.chunk_analyzer:_apply_chunk_patches:681 - 尝试调整行号失败: Command '['git', 'apply', '--ignore-space-change', '--ignore-whitespace', '/tmp/tmpk4_oa3f0/adjusted.patch']' returned non-zero exit status 1.
2025-04-24 12:39:27.282 | INFO     | modules.chunk_analyzer:_run_git_command:1329 - 运行git命令: reset --hard
2025-04-24 12:39:27.287 | INFO     | modules.chunk_analyzer:_apply_chunk_patches:649 - 找到匹配行，原始行号: 499，新行号: 96
2025-04-24 12:39:27.288 | INFO     | modules.chunk_analyzer:_apply_chunk_patches:666 - 尝试应用调整行号后的补丁: /tmp/tmpsibkq10p/adjusted.patch
2025-04-24 12:39:27.288 | INFO     | modules.chunk_analyzer:_run_git_command:1329 - 运行git命令: apply --ignore-space-change --ignore-whitespace /tmp/tmpsibkq10p/adjusted.patch
2025-04-24 12:39:27.290 | ERROR    | modules.chunk_analyzer:_run_git_command:1340 - Git命令执行失败: error: patch failed: tests/unit/keyspace.tcl:96
error: tests/unit/keyspace.tcl: patch does not apply

2025-04-24 12:39:27.291 | INFO     | modules.chunk_analyzer:_apply_chunk_patches:681 - 尝试调整行号失败: Command '['git', 'apply', '--ignore-space-change', '--ignore-whitespace', '/tmp/tmpsibkq10p/adjusted.patch']' returned non-zero exit status 1.
2025-04-24 12:39:27.291 | INFO     | modules.chunk_analyzer:_run_git_command:1329 - 运行git命令: reset --hard
2025-04-24 12:39:27.295 | INFO     | modules.chunk_analyzer:_apply_chunk_patches:649 - 找到匹配行，原始行号: 499，新行号: 97
2025-04-24 12:39:27.296 | INFO     | modules.chunk_analyzer:_apply_chunk_patches:666 - 尝试应用调整行号后的补丁: /tmp/tmp5knnjm9x/adjusted.patch
2025-04-24 12:39:27.296 | INFO     | modules.chunk_analyzer:_run_git_command:1329 - 运行git命令: apply --ignore-space-change --ignore-whitespace /tmp/tmp5knnjm9x/adjusted.patch
2025-04-24 12:39:27.298 | ERROR    | modules.chunk_analyzer:_run_git_command:1340 - Git命令执行失败: error: patch failed: tests/unit/keyspace.tcl:97
error: tests/unit/keyspace.tcl: patch does not apply

2025-04-24 12:39:27.298 | INFO     | modules.chunk_analyzer:_apply_chunk_patches:681 - 尝试调整行号失败: Command '['git', 'apply', '--ignore-space-change', '--ignore-whitespace', '/tmp/tmp5knnjm9x/adjusted.patch']' returned non-zero exit status 1.
2025-04-24 12:39:27.298 | INFO     | modules.chunk_analyzer:_run_git_command:1329 - 运行git命令: reset --hard
2025-04-24 12:39:27.304 | INFO     | modules.chunk_analyzer:_apply_chunk_patches:649 - 找到匹配行，原始行号: 499，新行号: 98
2025-04-24 12:39:27.304 | INFO     | modules.chunk_analyzer:_apply_chunk_patches:666 - 尝试应用调整行号后的补丁: /tmp/tmprgofmlck/adjusted.patch
2025-04-24 12:39:27.304 | INFO     | modules.chunk_analyzer:_run_git_command:1329 - 运行git命令: apply --ignore-space-change --ignore-whitespace /tmp/tmprgofmlck/adjusted.patch
2025-04-24 12:39:27.307 | ERROR    | modules.chunk_analyzer:_run_git_command:1340 - Git命令执行失败: error: patch failed: tests/unit/keyspace.tcl:98
error: tests/unit/keyspace.tcl: patch does not apply

2025-04-24 12:39:27.307 | INFO     | modules.chunk_analyzer:_apply_chunk_patches:681 - 尝试调整行号失败: Command '['git', 'apply', '--ignore-space-change', '--ignore-whitespace', '/tmp/tmprgofmlck/adjusted.patch']' returned non-zero exit status 1.
2025-04-24 12:39:27.308 | INFO     | modules.chunk_analyzer:_run_git_command:1329 - 运行git命令: reset --hard
2025-04-24 12:39:27.312 | INFO     | modules.chunk_analyzer:_apply_chunk_patches:649 - 找到匹配行，原始行号: 499，新行号: 99
2025-04-24 12:39:27.313 | INFO     | modules.chunk_analyzer:_apply_chunk_patches:666 - 尝试应用调整行号后的补丁: /tmp/tmpbboodbab/adjusted.patch
2025-04-24 12:39:27.313 | INFO     | modules.chunk_analyzer:_run_git_command:1329 - 运行git命令: apply --ignore-space-change --ignore-whitespace /tmp/tmpbboodbab/adjusted.patch
2025-04-24 12:39:27.315 | ERROR    | modules.chunk_analyzer:_run_git_command:1340 - Git命令执行失败: error: patch failed: tests/unit/keyspace.tcl:99
error: tests/unit/keyspace.tcl: patch does not apply

2025-04-24 12:39:27.315 | INFO     | modules.chunk_analyzer:_apply_chunk_patches:681 - 尝试调整行号失败: Command '['git', 'apply', '--ignore-space-change', '--ignore-whitespace', '/tmp/tmpbboodbab/adjusted.patch']' returned non-zero exit status 1.
2025-04-24 12:39:27.316 | INFO     | modules.chunk_analyzer:_run_git_command:1329 - 运行git命令: reset --hard
2025-04-24 12:39:27.321 | INFO     | modules.chunk_analyzer:_apply_chunk_patches:649 - 找到匹配行，原始行号: 499，新行号: 100
2025-04-24 12:39:27.322 | INFO     | modules.chunk_analyzer:_apply_chunk_patches:666 - 尝试应用调整行号后的补丁: /tmp/tmp1dgcfwe7/adjusted.patch
2025-04-24 12:39:27.322 | INFO     | modules.chunk_analyzer:_run_git_command:1329 - 运行git命令: apply --ignore-space-change --ignore-whitespace /tmp/tmp1dgcfwe7/adjusted.patch
2025-04-24 12:39:27.324 | ERROR    | modules.chunk_analyzer:_run_git_command:1340 - Git命令执行失败: error: patch failed: tests/unit/keyspace.tcl:100
error: tests/unit/keyspace.tcl: patch does not apply

2025-04-24 12:39:27.324 | INFO     | modules.chunk_analyzer:_apply_chunk_patches:681 - 尝试调整行号失败: Command '['git', 'apply', '--ignore-space-change', '--ignore-whitespace', '/tmp/tmp1dgcfwe7/adjusted.patch']' returned non-zero exit status 1.
2025-04-24 12:39:27.325 | INFO     | modules.chunk_analyzer:_run_git_command:1329 - 运行git命令: reset --hard
2025-04-24 12:39:27.329 | INFO     | modules.chunk_analyzer:_apply_chunk_patches:649 - 找到匹配行，原始行号: 499，新行号: 101
2025-04-24 12:39:27.330 | INFO     | modules.chunk_analyzer:_apply_chunk_patches:666 - 尝试应用调整行号后的补丁: /tmp/tmptpcflbme/adjusted.patch
2025-04-24 12:39:27.330 | INFO     | modules.chunk_analyzer:_run_git_command:1329 - 运行git命令: apply --ignore-space-change --ignore-whitespace /tmp/tmptpcflbme/adjusted.patch
2025-04-24 12:39:27.332 | ERROR    | modules.chunk_analyzer:_run_git_command:1340 - Git命令执行失败: error: patch failed: tests/unit/keyspace.tcl:101
error: tests/unit/keyspace.tcl: patch does not apply

2025-04-24 12:39:27.332 | INFO     | modules.chunk_analyzer:_apply_chunk_patches:681 - 尝试调整行号失败: Command '['git', 'apply', '--ignore-space-change', '--ignore-whitespace', '/tmp/tmptpcflbme/adjusted.patch']' returned non-zero exit status 1.
2025-04-24 12:39:27.332 | INFO     | modules.chunk_analyzer:_run_git_command:1329 - 运行git命令: reset --hard
2025-04-24 12:39:27.338 | INFO     | modules.chunk_analyzer:_apply_chunk_patches:649 - 找到匹配行，原始行号: 499，新行号: 102
2025-04-24 12:39:27.338 | INFO     | modules.chunk_analyzer:_apply_chunk_patches:666 - 尝试应用调整行号后的补丁: /tmp/tmpl8_epz7b/adjusted.patch
2025-04-24 12:39:27.339 | INFO     | modules.chunk_analyzer:_run_git_command:1329 - 运行git命令: apply --ignore-space-change --ignore-whitespace /tmp/tmpl8_epz7b/adjusted.patch
2025-04-24 12:39:27.341 | ERROR    | modules.chunk_analyzer:_run_git_command:1340 - Git命令执行失败: error: patch failed: tests/unit/keyspace.tcl:102
error: tests/unit/keyspace.tcl: patch does not apply

2025-04-24 12:39:27.341 | INFO     | modules.chunk_analyzer:_apply_chunk_patches:681 - 尝试调整行号失败: Command '['git', 'apply', '--ignore-space-change', '--ignore-whitespace', '/tmp/tmpl8_epz7b/adjusted.patch']' returned non-zero exit status 1.
2025-04-24 12:39:27.341 | INFO     | modules.chunk_analyzer:_run_git_command:1329 - 运行git命令: reset --hard
2025-04-24 12:39:27.346 | INFO     | modules.chunk_analyzer:_apply_chunk_patches:649 - 找到匹配行，原始行号: 499，新行号: 103
2025-04-24 12:39:27.346 | INFO     | modules.chunk_analyzer:_apply_chunk_patches:666 - 尝试应用调整行号后的补丁: /tmp/tmpqdwzpxjl/adjusted.patch
2025-04-24 12:39:27.347 | INFO     | modules.chunk_analyzer:_run_git_command:1329 - 运行git命令: apply --ignore-space-change --ignore-whitespace /tmp/tmpqdwzpxjl/adjusted.patch
2025-04-24 12:39:27.349 | ERROR    | modules.chunk_analyzer:_run_git_command:1340 - Git命令执行失败: error: patch failed: tests/unit/keyspace.tcl:103
error: tests/unit/keyspace.tcl: patch does not apply

2025-04-24 12:39:27.349 | INFO     | modules.chunk_analyzer:_apply_chunk_patches:681 - 尝试调整行号失败: Command '['git', 'apply', '--ignore-space-change', '--ignore-whitespace', '/tmp/tmpqdwzpxjl/adjusted.patch']' returned non-zero exit status 1.
2025-04-24 12:39:27.350 | INFO     | modules.chunk_analyzer:_run_git_command:1329 - 运行git命令: reset --hard
2025-04-24 12:39:27.355 | INFO     | modules.chunk_analyzer:_apply_chunk_patches:649 - 找到匹配行，原始行号: 499，新行号: 104
2025-04-24 12:39:27.355 | INFO     | modules.chunk_analyzer:_apply_chunk_patches:666 - 尝试应用调整行号后的补丁: /tmp/tmpgsvhm1fq/adjusted.patch
2025-04-24 12:39:27.356 | INFO     | modules.chunk_analyzer:_run_git_command:1329 - 运行git命令: apply --ignore-space-change --ignore-whitespace /tmp/tmpgsvhm1fq/adjusted.patch
2025-04-24 12:39:27.358 | ERROR    | modules.chunk_analyzer:_run_git_command:1340 - Git命令执行失败: error: patch failed: tests/unit/keyspace.tcl:104
error: tests/unit/keyspace.tcl: patch does not apply

2025-04-24 12:39:27.358 | INFO     | modules.chunk_analyzer:_apply_chunk_patches:681 - 尝试调整行号失败: Command '['git', 'apply', '--ignore-space-change', '--ignore-whitespace', '/tmp/tmpgsvhm1fq/adjusted.patch']' returned non-zero exit status 1.
2025-04-24 12:39:27.358 | INFO     | modules.chunk_analyzer:_run_git_command:1329 - 运行git命令: reset --hard
2025-04-24 12:39:27.363 | INFO     | modules.chunk_analyzer:_apply_chunk_patches:649 - 找到匹配行，原始行号: 499，新行号: 105
2025-04-24 12:39:27.364 | INFO     | modules.chunk_analyzer:_apply_chunk_patches:666 - 尝试应用调整行号后的补丁: /tmp/tmpuwgqh9js/adjusted.patch
2025-04-24 12:39:27.364 | INFO     | modules.chunk_analyzer:_run_git_command:1329 - 运行git命令: apply --ignore-space-change --ignore-whitespace /tmp/tmpuwgqh9js/adjusted.patch
2025-04-24 12:39:27.366 | ERROR    | modules.chunk_analyzer:_run_git_command:1340 - Git命令执行失败: error: patch failed: tests/unit/keyspace.tcl:105
error: tests/unit/keyspace.tcl: patch does not apply

2025-04-24 12:39:27.366 | INFO     | modules.chunk_analyzer:_apply_chunk_patches:681 - 尝试调整行号失败: Command '['git', 'apply', '--ignore-space-change', '--ignore-whitespace', '/tmp/tmpuwgqh9js/adjusted.patch']' returned non-zero exit status 1.
2025-04-24 12:39:27.367 | INFO     | modules.chunk_analyzer:_run_git_command:1329 - 运行git命令: reset --hard
2025-04-24 12:39:27.371 | INFO     | modules.chunk_analyzer:_apply_chunk_patches:649 - 找到匹配行，原始行号: 499，新行号: 106
2025-04-24 12:39:27.372 | INFO     | modules.chunk_analyzer:_apply_chunk_patches:666 - 尝试应用调整行号后的补丁: /tmp/tmp3hmldfgf/adjusted.patch
2025-04-24 12:39:27.373 | INFO     | modules.chunk_analyzer:_run_git_command:1329 - 运行git命令: apply --ignore-space-change --ignore-whitespace /tmp/tmp3hmldfgf/adjusted.patch
2025-04-24 12:39:27.375 | ERROR    | modules.chunk_analyzer:_run_git_command:1340 - Git命令执行失败: error: patch failed: tests/unit/keyspace.tcl:106
error: tests/unit/keyspace.tcl: patch does not apply

2025-04-24 12:39:27.375 | INFO     | modules.chunk_analyzer:_apply_chunk_patches:681 - 尝试调整行号失败: Command '['git', 'apply', '--ignore-space-change', '--ignore-whitespace', '/tmp/tmp3hmldfgf/adjusted.patch']' returned non-zero exit status 1.
2025-04-24 12:39:27.375 | INFO     | modules.chunk_analyzer:_run_git_command:1329 - 运行git命令: reset --hard
2025-04-24 12:39:27.380 | INFO     | modules.chunk_analyzer:_apply_chunk_patches:649 - 找到匹配行，原始行号: 499，新行号: 107
2025-04-24 12:39:27.381 | INFO     | modules.chunk_analyzer:_apply_chunk_patches:666 - 尝试应用调整行号后的补丁: /tmp/tmpa71a07ui/adjusted.patch
2025-04-24 12:39:27.381 | INFO     | modules.chunk_analyzer:_run_git_command:1329 - 运行git命令: apply --ignore-space-change --ignore-whitespace /tmp/tmpa71a07ui/adjusted.patch
2025-04-24 12:39:27.383 | ERROR    | modules.chunk_analyzer:_run_git_command:1340 - Git命令执行失败: error: patch failed: tests/unit/keyspace.tcl:107
error: tests/unit/keyspace.tcl: patch does not apply

2025-04-24 12:39:27.384 | INFO     | modules.chunk_analyzer:_apply_chunk_patches:681 - 尝试调整行号失败: Command '['git', 'apply', '--ignore-space-change', '--ignore-whitespace', '/tmp/tmpa71a07ui/adjusted.patch']' returned non-zero exit status 1.
2025-04-24 12:39:27.384 | INFO     | modules.chunk_analyzer:_run_git_command:1329 - 运行git命令: reset --hard
2025-04-24 12:39:27.389 | INFO     | modules.chunk_analyzer:_apply_chunk_patches:649 - 找到匹配行，原始行号: 499，新行号: 108
2025-04-24 12:39:27.389 | INFO     | modules.chunk_analyzer:_apply_chunk_patches:666 - 尝试应用调整行号后的补丁: /tmp/tmp736f8mxx/adjusted.patch
2025-04-24 12:39:27.390 | INFO     | modules.chunk_analyzer:_run_git_command:1329 - 运行git命令: apply --ignore-space-change --ignore-whitespace /tmp/tmp736f8mxx/adjusted.patch
2025-04-24 12:39:27.392 | ERROR    | modules.chunk_analyzer:_run_git_command:1340 - Git命令执行失败: error: patch failed: tests/unit/keyspace.tcl:108
error: tests/unit/keyspace.tcl: patch does not apply

2025-04-24 12:39:27.392 | INFO     | modules.chunk_analyzer:_apply_chunk_patches:681 - 尝试调整行号失败: Command '['git', 'apply', '--ignore-space-change', '--ignore-whitespace', '/tmp/tmp736f8mxx/adjusted.patch']' returned non-zero exit status 1.
2025-04-24 12:39:27.392 | INFO     | modules.chunk_analyzer:_run_git_command:1329 - 运行git命令: reset --hard
2025-04-24 12:39:27.398 | INFO     | modules.chunk_analyzer:_apply_chunk_patches:649 - 找到匹配行，原始行号: 499，新行号: 109
2025-04-24 12:39:27.398 | INFO     | modules.chunk_analyzer:_apply_chunk_patches:666 - 尝试应用调整行号后的补丁: /tmp/tmp79_rjfg9/adjusted.patch
2025-04-24 12:39:27.398 | INFO     | modules.chunk_analyzer:_run_git_command:1329 - 运行git命令: apply --ignore-space-change --ignore-whitespace /tmp/tmp79_rjfg9/adjusted.patch
2025-04-24 12:39:27.401 | ERROR    | modules.chunk_analyzer:_run_git_command:1340 - Git命令执行失败: error: patch failed: tests/unit/keyspace.tcl:109
error: tests/unit/keyspace.tcl: patch does not apply

2025-04-24 12:39:27.401 | INFO     | modules.chunk_analyzer:_apply_chunk_patches:681 - 尝试调整行号失败: Command '['git', 'apply', '--ignore-space-change', '--ignore-whitespace', '/tmp/tmp79_rjfg9/adjusted.patch']' returned non-zero exit status 1.
2025-04-24 12:39:27.401 | INFO     | modules.chunk_analyzer:_run_git_command:1329 - 运行git命令: reset --hard
2025-04-24 12:39:27.407 | INFO     | modules.chunk_analyzer:_apply_chunk_patches:649 - 找到匹配行，原始行号: 499，新行号: 110
2025-04-24 12:39:27.407 | INFO     | modules.chunk_analyzer:_apply_chunk_patches:666 - 尝试应用调整行号后的补丁: /tmp/tmpgfki7_rp/adjusted.patch
2025-04-24 12:39:27.408 | INFO     | modules.chunk_analyzer:_run_git_command:1329 - 运行git命令: apply --ignore-space-change --ignore-whitespace /tmp/tmpgfki7_rp/adjusted.patch
2025-04-24 12:39:27.410 | ERROR    | modules.chunk_analyzer:_run_git_command:1340 - Git命令执行失败: error: patch failed: tests/unit/keyspace.tcl:110
error: tests/unit/keyspace.tcl: patch does not apply

2025-04-24 12:39:27.410 | INFO     | modules.chunk_analyzer:_apply_chunk_patches:681 - 尝试调整行号失败: Command '['git', 'apply', '--ignore-space-change', '--ignore-whitespace', '/tmp/tmpgfki7_rp/adjusted.patch']' returned non-zero exit status 1.
2025-04-24 12:39:27.410 | INFO     | modules.chunk_analyzer:_run_git_command:1329 - 运行git命令: reset --hard
2025-04-24 12:39:27.416 | INFO     | modules.chunk_analyzer:_apply_chunk_patches:649 - 找到匹配行，原始行号: 499，新行号: 111
2025-04-24 12:39:27.417 | INFO     | modules.chunk_analyzer:_apply_chunk_patches:666 - 尝试应用调整行号后的补丁: /tmp/tmp1gydxr5t/adjusted.patch
2025-04-24 12:39:27.417 | INFO     | modules.chunk_analyzer:_run_git_command:1329 - 运行git命令: apply --ignore-space-change --ignore-whitespace /tmp/tmp1gydxr5t/adjusted.patch
2025-04-24 12:39:27.419 | ERROR    | modules.chunk_analyzer:_run_git_command:1340 - Git命令执行失败: error: patch failed: tests/unit/keyspace.tcl:111
error: tests/unit/keyspace.tcl: patch does not apply

2025-04-24 12:39:27.419 | INFO     | modules.chunk_analyzer:_apply_chunk_patches:681 - 尝试调整行号失败: Command '['git', 'apply', '--ignore-space-change', '--ignore-whitespace', '/tmp/tmp1gydxr5t/adjusted.patch']' returned non-zero exit status 1.
2025-04-24 12:39:27.419 | INFO     | modules.chunk_analyzer:_run_git_command:1329 - 运行git命令: reset --hard
2025-04-24 12:39:27.425 | INFO     | modules.chunk_analyzer:_apply_chunk_patches:649 - 找到匹配行，原始行号: 499，新行号: 112
2025-04-24 12:39:27.426 | INFO     | modules.chunk_analyzer:_apply_chunk_patches:666 - 尝试应用调整行号后的补丁: /tmp/tmp7rz0f9vq/adjusted.patch
2025-04-24 12:39:27.426 | INFO     | modules.chunk_analyzer:_run_git_command:1329 - 运行git命令: apply --ignore-space-change --ignore-whitespace /tmp/tmp7rz0f9vq/adjusted.patch
2025-04-24 12:39:27.428 | ERROR    | modules.chunk_analyzer:_run_git_command:1340 - Git命令执行失败: error: patch failed: tests/unit/keyspace.tcl:112
error: tests/unit/keyspace.tcl: patch does not apply

2025-04-24 12:39:27.428 | INFO     | modules.chunk_analyzer:_apply_chunk_patches:681 - 尝试调整行号失败: Command '['git', 'apply', '--ignore-space-change', '--ignore-whitespace', '/tmp/tmp7rz0f9vq/adjusted.patch']' returned non-zero exit status 1.
2025-04-24 12:39:27.429 | INFO     | modules.chunk_analyzer:_run_git_command:1329 - 运行git命令: reset --hard
2025-04-24 12:39:27.434 | INFO     | modules.chunk_analyzer:_apply_chunk_patches:649 - 找到匹配行，原始行号: 499，新行号: 113
2025-04-24 12:39:27.435 | INFO     | modules.chunk_analyzer:_apply_chunk_patches:666 - 尝试应用调整行号后的补丁: /tmp/tmpps968e_t/adjusted.patch
2025-04-24 12:39:27.435 | INFO     | modules.chunk_analyzer:_run_git_command:1329 - 运行git命令: apply --ignore-space-change --ignore-whitespace /tmp/tmpps968e_t/adjusted.patch
2025-04-24 12:39:27.437 | ERROR    | modules.chunk_analyzer:_run_git_command:1340 - Git命令执行失败: error: patch failed: tests/unit/keyspace.tcl:113
error: tests/unit/keyspace.tcl: patch does not apply

2025-04-24 12:39:27.437 | INFO     | modules.chunk_analyzer:_apply_chunk_patches:681 - 尝试调整行号失败: Command '['git', 'apply', '--ignore-space-change', '--ignore-whitespace', '/tmp/tmpps968e_t/adjusted.patch']' returned non-zero exit status 1.
2025-04-24 12:39:27.437 | INFO     | modules.chunk_analyzer:_run_git_command:1329 - 运行git命令: reset --hard
2025-04-24 12:39:27.443 | INFO     | modules.chunk_analyzer:_apply_chunk_patches:649 - 找到匹配行，原始行号: 499，新行号: 114
2025-04-24 12:39:27.444 | INFO     | modules.chunk_analyzer:_apply_chunk_patches:666 - 尝试应用调整行号后的补丁: /tmp/tmp7re68sjc/adjusted.patch
2025-04-24 12:39:27.444 | INFO     | modules.chunk_analyzer:_run_git_command:1329 - 运行git命令: apply --ignore-space-change --ignore-whitespace /tmp/tmp7re68sjc/adjusted.patch
2025-04-24 12:39:27.446 | ERROR    | modules.chunk_analyzer:_run_git_command:1340 - Git命令执行失败: error: patch failed: tests/unit/keyspace.tcl:114
error: tests/unit/keyspace.tcl: patch does not apply

2025-04-24 12:39:27.446 | INFO     | modules.chunk_analyzer:_apply_chunk_patches:681 - 尝试调整行号失败: Command '['git', 'apply', '--ignore-space-change', '--ignore-whitespace', '/tmp/tmp7re68sjc/adjusted.patch']' returned non-zero exit status 1.
2025-04-24 12:39:27.446 | INFO     | modules.chunk_analyzer:_run_git_command:1329 - 运行git命令: reset --hard
2025-04-24 12:39:27.451 | INFO     | modules.chunk_analyzer:_apply_chunk_patches:649 - 找到匹配行，原始行号: 499，新行号: 115
2025-04-24 12:39:27.452 | INFO     | modules.chunk_analyzer:_apply_chunk_patches:666 - 尝试应用调整行号后的补丁: /tmp/tmpom2pbwwv/adjusted.patch
2025-04-24 12:39:27.452 | INFO     | modules.chunk_analyzer:_run_git_command:1329 - 运行git命令: apply --ignore-space-change --ignore-whitespace /tmp/tmpom2pbwwv/adjusted.patch
2025-04-24 12:39:27.454 | ERROR    | modules.chunk_analyzer:_run_git_command:1340 - Git命令执行失败: error: patch failed: tests/unit/keyspace.tcl:115
error: tests/unit/keyspace.tcl: patch does not apply

2025-04-24 12:39:27.454 | INFO     | modules.chunk_analyzer:_apply_chunk_patches:681 - 尝试调整行号失败: Command '['git', 'apply', '--ignore-space-change', '--ignore-whitespace', '/tmp/tmpom2pbwwv/adjusted.patch']' returned non-zero exit status 1.
2025-04-24 12:39:27.454 | INFO     | modules.chunk_analyzer:_run_git_command:1329 - 运行git命令: reset --hard
2025-04-24 12:39:27.460 | INFO     | modules.chunk_analyzer:_apply_chunk_patches:649 - 找到匹配行，原始行号: 499，新行号: 116
2025-04-24 12:39:27.461 | INFO     | modules.chunk_analyzer:_apply_chunk_patches:666 - 尝试应用调整行号后的补丁: /tmp/tmp_gf_btuw/adjusted.patch
2025-04-24 12:39:27.461 | INFO     | modules.chunk_analyzer:_run_git_command:1329 - 运行git命令: apply --ignore-space-change --ignore-whitespace /tmp/tmp_gf_btuw/adjusted.patch
2025-04-24 12:39:27.463 | ERROR    | modules.chunk_analyzer:_run_git_command:1340 - Git命令执行失败: error: patch failed: tests/unit/keyspace.tcl:116
error: tests/unit/keyspace.tcl: patch does not apply

2025-04-24 12:39:27.463 | INFO     | modules.chunk_analyzer:_apply_chunk_patches:681 - 尝试调整行号失败: Command '['git', 'apply', '--ignore-space-change', '--ignore-whitespace', '/tmp/tmp_gf_btuw/adjusted.patch']' returned non-zero exit status 1.
2025-04-24 12:39:27.463 | INFO     | modules.chunk_analyzer:_run_git_command:1329 - 运行git命令: reset --hard
2025-04-24 12:39:27.468 | INFO     | modules.chunk_analyzer:_apply_chunk_patches:649 - 找到匹配行，原始行号: 499，新行号: 117
2025-04-24 12:39:27.469 | INFO     | modules.chunk_analyzer:_apply_chunk_patches:666 - 尝试应用调整行号后的补丁: /tmp/tmp5s057bn_/adjusted.patch
2025-04-24 12:39:27.469 | INFO     | modules.chunk_analyzer:_run_git_command:1329 - 运行git命令: apply --ignore-space-change --ignore-whitespace /tmp/tmp5s057bn_/adjusted.patch
2025-04-24 12:39:27.471 | ERROR    | modules.chunk_analyzer:_run_git_command:1340 - Git命令执行失败: error: patch failed: tests/unit/keyspace.tcl:117
error: tests/unit/keyspace.tcl: patch does not apply

2025-04-24 12:39:27.471 | INFO     | modules.chunk_analyzer:_apply_chunk_patches:681 - 尝试调整行号失败: Command '['git', 'apply', '--ignore-space-change', '--ignore-whitespace', '/tmp/tmp5s057bn_/adjusted.patch']' returned non-zero exit status 1.
2025-04-24 12:39:27.471 | INFO     | modules.chunk_analyzer:_run_git_command:1329 - 运行git命令: reset --hard
2025-04-24 12:39:27.477 | INFO     | modules.chunk_analyzer:_apply_chunk_patches:649 - 找到匹配行，原始行号: 499，新行号: 118
2025-04-24 12:39:27.477 | INFO     | modules.chunk_analyzer:_apply_chunk_patches:666 - 尝试应用调整行号后的补丁: /tmp/tmpwuaizo6t/adjusted.patch
2025-04-24 12:39:27.477 | INFO     | modules.chunk_analyzer:_run_git_command:1329 - 运行git命令: apply --ignore-space-change --ignore-whitespace /tmp/tmpwuaizo6t/adjusted.patch
2025-04-24 12:39:27.479 | ERROR    | modules.chunk_analyzer:_run_git_command:1340 - Git命令执行失败: error: patch failed: tests/unit/keyspace.tcl:118
error: tests/unit/keyspace.tcl: patch does not apply

2025-04-24 12:39:27.479 | INFO     | modules.chunk_analyzer:_apply_chunk_patches:681 - 尝试调整行号失败: Command '['git', 'apply', '--ignore-space-change', '--ignore-whitespace', '/tmp/tmpwuaizo6t/adjusted.patch']' returned non-zero exit status 1.
2025-04-24 12:39:27.479 | INFO     | modules.chunk_analyzer:_run_git_command:1329 - 运行git命令: reset --hard
2025-04-24 12:39:27.485 | INFO     | modules.chunk_analyzer:_apply_chunk_patches:649 - 找到匹配行，原始行号: 499，新行号: 119
2025-04-24 12:39:27.486 | INFO     | modules.chunk_analyzer:_apply_chunk_patches:666 - 尝试应用调整行号后的补丁: /tmp/tmphkqoe6xu/adjusted.patch
2025-04-24 12:39:27.486 | INFO     | modules.chunk_analyzer:_run_git_command:1329 - 运行git命令: apply --ignore-space-change --ignore-whitespace /tmp/tmphkqoe6xu/adjusted.patch
2025-04-24 12:39:27.488 | ERROR    | modules.chunk_analyzer:_run_git_command:1340 - Git命令执行失败: error: patch failed: tests/unit/keyspace.tcl:119
error: tests/unit/keyspace.tcl: patch does not apply

2025-04-24 12:39:27.488 | INFO     | modules.chunk_analyzer:_apply_chunk_patches:681 - 尝试调整行号失败: Command '['git', 'apply', '--ignore-space-change', '--ignore-whitespace', '/tmp/tmphkqoe6xu/adjusted.patch']' returned non-zero exit status 1.
2025-04-24 12:39:27.489 | INFO     | modules.chunk_analyzer:_run_git_command:1329 - 运行git命令: reset --hard
2025-04-24 12:39:27.494 | INFO     | modules.chunk_analyzer:_apply_chunk_patches:649 - 找到匹配行，原始行号: 499，新行号: 120
2025-04-24 12:39:27.494 | INFO     | modules.chunk_analyzer:_apply_chunk_patches:666 - 尝试应用调整行号后的补丁: /tmp/tmpqciz17_h/adjusted.patch
2025-04-24 12:39:27.494 | INFO     | modules.chunk_analyzer:_run_git_command:1329 - 运行git命令: apply --ignore-space-change --ignore-whitespace /tmp/tmpqciz17_h/adjusted.patch
2025-04-24 12:39:27.496 | ERROR    | modules.chunk_analyzer:_run_git_command:1340 - Git命令执行失败: error: patch failed: tests/unit/keyspace.tcl:120
error: tests/unit/keyspace.tcl: patch does not apply

2025-04-24 12:39:27.496 | INFO     | modules.chunk_analyzer:_apply_chunk_patches:681 - 尝试调整行号失败: Command '['git', 'apply', '--ignore-space-change', '--ignore-whitespace', '/tmp/tmpqciz17_h/adjusted.patch']' returned non-zero exit status 1.
2025-04-24 12:39:27.497 | INFO     | modules.chunk_analyzer:_run_git_command:1329 - 运行git命令: reset --hard
2025-04-24 12:39:27.502 | INFO     | modules.chunk_analyzer:_apply_chunk_patches:649 - 找到匹配行，原始行号: 499，新行号: 121
2025-04-24 12:39:27.503 | INFO     | modules.chunk_analyzer:_apply_chunk_patches:666 - 尝试应用调整行号后的补丁: /tmp/tmpo3iygtq7/adjusted.patch
2025-04-24 12:39:27.503 | INFO     | modules.chunk_analyzer:_run_git_command:1329 - 运行git命令: apply --ignore-space-change --ignore-whitespace /tmp/tmpo3iygtq7/adjusted.patch
2025-04-24 12:39:27.505 | ERROR    | modules.chunk_analyzer:_run_git_command:1340 - Git命令执行失败: error: patch failed: tests/unit/keyspace.tcl:121
error: tests/unit/keyspace.tcl: patch does not apply

2025-04-24 12:39:27.506 | INFO     | modules.chunk_analyzer:_apply_chunk_patches:681 - 尝试调整行号失败: Command '['git', 'apply', '--ignore-space-change', '--ignore-whitespace', '/tmp/tmpo3iygtq7/adjusted.patch']' returned non-zero exit status 1.
2025-04-24 12:39:27.506 | INFO     | modules.chunk_analyzer:_run_git_command:1329 - 运行git命令: reset --hard
2025-04-24 12:39:27.512 | INFO     | modules.chunk_analyzer:_apply_chunk_patches:649 - 找到匹配行，原始行号: 499，新行号: 122
2025-04-24 12:39:27.512 | INFO     | modules.chunk_analyzer:_apply_chunk_patches:666 - 尝试应用调整行号后的补丁: /tmp/tmpd_8vedma/adjusted.patch
2025-04-24 12:39:27.512 | INFO     | modules.chunk_analyzer:_run_git_command:1329 - 运行git命令: apply --ignore-space-change --ignore-whitespace /tmp/tmpd_8vedma/adjusted.patch
2025-04-24 12:39:27.514 | ERROR    | modules.chunk_analyzer:_run_git_command:1340 - Git命令执行失败: error: patch failed: tests/unit/keyspace.tcl:122
error: tests/unit/keyspace.tcl: patch does not apply

2025-04-24 12:39:27.515 | INFO     | modules.chunk_analyzer:_apply_chunk_patches:681 - 尝试调整行号失败: Command '['git', 'apply', '--ignore-space-change', '--ignore-whitespace', '/tmp/tmpd_8vedma/adjusted.patch']' returned non-zero exit status 1.
2025-04-24 12:39:27.515 | INFO     | modules.chunk_analyzer:_run_git_command:1329 - 运行git命令: reset --hard
2025-04-24 12:39:27.520 | INFO     | modules.chunk_analyzer:_apply_chunk_patches:649 - 找到匹配行，原始行号: 499，新行号: 123
2025-04-24 12:39:27.520 | INFO     | modules.chunk_analyzer:_apply_chunk_patches:666 - 尝试应用调整行号后的补丁: /tmp/tmp_cvwh25o/adjusted.patch
2025-04-24 12:39:27.521 | INFO     | modules.chunk_analyzer:_run_git_command:1329 - 运行git命令: apply --ignore-space-change --ignore-whitespace /tmp/tmp_cvwh25o/adjusted.patch
2025-04-24 12:39:27.523 | ERROR    | modules.chunk_analyzer:_run_git_command:1340 - Git命令执行失败: error: patch failed: tests/unit/keyspace.tcl:123
error: tests/unit/keyspace.tcl: patch does not apply

2025-04-24 12:39:27.523 | INFO     | modules.chunk_analyzer:_apply_chunk_patches:681 - 尝试调整行号失败: Command '['git', 'apply', '--ignore-space-change', '--ignore-whitespace', '/tmp/tmp_cvwh25o/adjusted.patch']' returned non-zero exit status 1.
2025-04-24 12:39:27.523 | INFO     | modules.chunk_analyzer:_run_git_command:1329 - 运行git命令: reset --hard
2025-04-24 12:39:27.528 | INFO     | modules.chunk_analyzer:_apply_chunk_patches:649 - 找到匹配行，原始行号: 499，新行号: 124
2025-04-24 12:39:27.528 | INFO     | modules.chunk_analyzer:_apply_chunk_patches:666 - 尝试应用调整行号后的补丁: /tmp/tmpuzjub4nx/adjusted.patch
2025-04-24 12:39:27.529 | INFO     | modules.chunk_analyzer:_run_git_command:1329 - 运行git命令: apply --ignore-space-change --ignore-whitespace /tmp/tmpuzjub4nx/adjusted.patch
2025-04-24 12:39:27.531 | ERROR    | modules.chunk_analyzer:_run_git_command:1340 - Git命令执行失败: error: patch failed: tests/unit/keyspace.tcl:124
error: tests/unit/keyspace.tcl: patch does not apply

2025-04-24 12:39:27.531 | INFO     | modules.chunk_analyzer:_apply_chunk_patches:681 - 尝试调整行号失败: Command '['git', 'apply', '--ignore-space-change', '--ignore-whitespace', '/tmp/tmpuzjub4nx/adjusted.patch']' returned non-zero exit status 1.
2025-04-24 12:39:27.532 | INFO     | modules.chunk_analyzer:_run_git_command:1329 - 运行git命令: reset --hard
2025-04-24 12:39:27.537 | INFO     | modules.chunk_analyzer:_apply_chunk_patches:649 - 找到匹配行，原始行号: 499，新行号: 125
2025-04-24 12:39:27.538 | INFO     | modules.chunk_analyzer:_apply_chunk_patches:666 - 尝试应用调整行号后的补丁: /tmp/tmp4sq5cj35/adjusted.patch
2025-04-24 12:39:27.538 | INFO     | modules.chunk_analyzer:_run_git_command:1329 - 运行git命令: apply --ignore-space-change --ignore-whitespace /tmp/tmp4sq5cj35/adjusted.patch
2025-04-24 12:39:27.540 | ERROR    | modules.chunk_analyzer:_run_git_command:1340 - Git命令执行失败: error: patch failed: tests/unit/keyspace.tcl:125
error: tests/unit/keyspace.tcl: patch does not apply

2025-04-24 12:39:27.541 | INFO     | modules.chunk_analyzer:_apply_chunk_patches:681 - 尝试调整行号失败: Command '['git', 'apply', '--ignore-space-change', '--ignore-whitespace', '/tmp/tmp4sq5cj35/adjusted.patch']' returned non-zero exit status 1.
2025-04-24 12:39:27.541 | INFO     | modules.chunk_analyzer:_run_git_command:1329 - 运行git命令: reset --hard
2025-04-24 12:39:27.545 | INFO     | modules.chunk_analyzer:_apply_chunk_patches:649 - 找到匹配行，原始行号: 499，新行号: 126
2025-04-24 12:39:27.546 | INFO     | modules.chunk_analyzer:_apply_chunk_patches:666 - 尝试应用调整行号后的补丁: /tmp/tmpr_qsjjc2/adjusted.patch
2025-04-24 12:39:27.546 | INFO     | modules.chunk_analyzer:_run_git_command:1329 - 运行git命令: apply --ignore-space-change --ignore-whitespace /tmp/tmpr_qsjjc2/adjusted.patch
2025-04-24 12:39:27.549 | ERROR    | modules.chunk_analyzer:_run_git_command:1340 - Git命令执行失败: error: patch failed: tests/unit/keyspace.tcl:126
error: tests/unit/keyspace.tcl: patch does not apply

2025-04-24 12:39:27.549 | INFO     | modules.chunk_analyzer:_apply_chunk_patches:681 - 尝试调整行号失败: Command '['git', 'apply', '--ignore-space-change', '--ignore-whitespace', '/tmp/tmpr_qsjjc2/adjusted.patch']' returned non-zero exit status 1.
2025-04-24 12:39:27.549 | INFO     | modules.chunk_analyzer:_run_git_command:1329 - 运行git命令: reset --hard
2025-04-24 12:39:27.554 | INFO     | modules.chunk_analyzer:_apply_chunk_patches:649 - 找到匹配行，原始行号: 499，新行号: 127
2025-04-24 12:39:27.555 | INFO     | modules.chunk_analyzer:_apply_chunk_patches:666 - 尝试应用调整行号后的补丁: /tmp/tmpch0jo3tc/adjusted.patch
2025-04-24 12:39:27.555 | INFO     | modules.chunk_analyzer:_run_git_command:1329 - 运行git命令: apply --ignore-space-change --ignore-whitespace /tmp/tmpch0jo3tc/adjusted.patch
2025-04-24 12:39:27.558 | ERROR    | modules.chunk_analyzer:_run_git_command:1340 - Git命令执行失败: error: patch failed: tests/unit/keyspace.tcl:127
error: tests/unit/keyspace.tcl: patch does not apply

2025-04-24 12:39:27.558 | INFO     | modules.chunk_analyzer:_apply_chunk_patches:681 - 尝试调整行号失败: Command '['git', 'apply', '--ignore-space-change', '--ignore-whitespace', '/tmp/tmpch0jo3tc/adjusted.patch']' returned non-zero exit status 1.
2025-04-24 12:39:27.558 | INFO     | modules.chunk_analyzer:_run_git_command:1329 - 运行git命令: reset --hard
2025-04-24 12:39:27.563 | INFO     | modules.chunk_analyzer:_apply_chunk_patches:649 - 找到匹配行，原始行号: 499，新行号: 128
2025-04-24 12:39:27.564 | INFO     | modules.chunk_analyzer:_apply_chunk_patches:666 - 尝试应用调整行号后的补丁: /tmp/tmpg03n4xbb/adjusted.patch
2025-04-24 12:39:27.564 | INFO     | modules.chunk_analyzer:_run_git_command:1329 - 运行git命令: apply --ignore-space-change --ignore-whitespace /tmp/tmpg03n4xbb/adjusted.patch
2025-04-24 12:39:27.566 | ERROR    | modules.chunk_analyzer:_run_git_command:1340 - Git命令执行失败: error: patch failed: tests/unit/keyspace.tcl:128
error: tests/unit/keyspace.tcl: patch does not apply

2025-04-24 12:39:27.566 | INFO     | modules.chunk_analyzer:_apply_chunk_patches:681 - 尝试调整行号失败: Command '['git', 'apply', '--ignore-space-change', '--ignore-whitespace', '/tmp/tmpg03n4xbb/adjusted.patch']' returned non-zero exit status 1.
2025-04-24 12:39:27.567 | INFO     | modules.chunk_analyzer:_run_git_command:1329 - 运行git命令: reset --hard
2025-04-24 12:39:27.572 | INFO     | modules.chunk_analyzer:_apply_chunk_patches:649 - 找到匹配行，原始行号: 499，新行号: 129
2025-04-24 12:39:27.572 | INFO     | modules.chunk_analyzer:_apply_chunk_patches:666 - 尝试应用调整行号后的补丁: /tmp/tmp18rxr4mq/adjusted.patch
2025-04-24 12:39:27.573 | INFO     | modules.chunk_analyzer:_run_git_command:1329 - 运行git命令: apply --ignore-space-change --ignore-whitespace /tmp/tmp18rxr4mq/adjusted.patch
2025-04-24 12:39:27.575 | ERROR    | modules.chunk_analyzer:_run_git_command:1340 - Git命令执行失败: error: patch failed: tests/unit/keyspace.tcl:129
error: tests/unit/keyspace.tcl: patch does not apply

2025-04-24 12:39:27.575 | INFO     | modules.chunk_analyzer:_apply_chunk_patches:681 - 尝试调整行号失败: Command '['git', 'apply', '--ignore-space-change', '--ignore-whitespace', '/tmp/tmp18rxr4mq/adjusted.patch']' returned non-zero exit status 1.
2025-04-24 12:39:27.575 | INFO     | modules.chunk_analyzer:_run_git_command:1329 - 运行git命令: reset --hard
2025-04-24 12:39:27.580 | INFO     | modules.chunk_analyzer:_apply_chunk_patches:649 - 找到匹配行，原始行号: 499，新行号: 130
2025-04-24 12:39:27.580 | INFO     | modules.chunk_analyzer:_apply_chunk_patches:666 - 尝试应用调整行号后的补丁: /tmp/tmphk0ix7ou/adjusted.patch
2025-04-24 12:39:27.581 | INFO     | modules.chunk_analyzer:_run_git_command:1329 - 运行git命令: apply --ignore-space-change --ignore-whitespace /tmp/tmphk0ix7ou/adjusted.patch
2025-04-24 12:39:27.583 | ERROR    | modules.chunk_analyzer:_run_git_command:1340 - Git命令执行失败: error: patch failed: tests/unit/keyspace.tcl:130
error: tests/unit/keyspace.tcl: patch does not apply

2025-04-24 12:39:27.583 | INFO     | modules.chunk_analyzer:_apply_chunk_patches:681 - 尝试调整行号失败: Command '['git', 'apply', '--ignore-space-change', '--ignore-whitespace', '/tmp/tmphk0ix7ou/adjusted.patch']' returned non-zero exit status 1.
2025-04-24 12:39:27.583 | INFO     | modules.chunk_analyzer:_run_git_command:1329 - 运行git命令: reset --hard
2025-04-24 12:39:27.589 | INFO     | modules.chunk_analyzer:_apply_chunk_patches:649 - 找到匹配行，原始行号: 499，新行号: 131
2025-04-24 12:39:27.589 | INFO     | modules.chunk_analyzer:_apply_chunk_patches:666 - 尝试应用调整行号后的补丁: /tmp/tmp_dcbt6d2/adjusted.patch
2025-04-24 12:39:27.590 | INFO     | modules.chunk_analyzer:_run_git_command:1329 - 运行git命令: apply --ignore-space-change --ignore-whitespace /tmp/tmp_dcbt6d2/adjusted.patch
2025-04-24 12:39:27.592 | ERROR    | modules.chunk_analyzer:_run_git_command:1340 - Git命令执行失败: error: patch failed: tests/unit/keyspace.tcl:131
error: tests/unit/keyspace.tcl: patch does not apply

2025-04-24 12:39:27.592 | INFO     | modules.chunk_analyzer:_apply_chunk_patches:681 - 尝试调整行号失败: Command '['git', 'apply', '--ignore-space-change', '--ignore-whitespace', '/tmp/tmp_dcbt6d2/adjusted.patch']' returned non-zero exit status 1.
2025-04-24 12:39:27.592 | INFO     | modules.chunk_analyzer:_run_git_command:1329 - 运行git命令: reset --hard
2025-04-24 12:39:27.597 | INFO     | modules.chunk_analyzer:_apply_chunk_patches:649 - 找到匹配行，原始行号: 499，新行号: 132
2025-04-24 12:39:27.598 | INFO     | modules.chunk_analyzer:_apply_chunk_patches:666 - 尝试应用调整行号后的补丁: /tmp/tmppctrf9r7/adjusted.patch
2025-04-24 12:39:27.598 | INFO     | modules.chunk_analyzer:_run_git_command:1329 - 运行git命令: apply --ignore-space-change --ignore-whitespace /tmp/tmppctrf9r7/adjusted.patch
2025-04-24 12:39:27.600 | ERROR    | modules.chunk_analyzer:_run_git_command:1340 - Git命令执行失败: error: patch failed: tests/unit/keyspace.tcl:132
error: tests/unit/keyspace.tcl: patch does not apply

2025-04-24 12:39:27.600 | INFO     | modules.chunk_analyzer:_apply_chunk_patches:681 - 尝试调整行号失败: Command '['git', 'apply', '--ignore-space-change', '--ignore-whitespace', '/tmp/tmppctrf9r7/adjusted.patch']' returned non-zero exit status 1.
2025-04-24 12:39:27.601 | INFO     | modules.chunk_analyzer:_run_git_command:1329 - 运行git命令: reset --hard
2025-04-24 12:39:27.606 | INFO     | modules.chunk_analyzer:_apply_chunk_patches:649 - 找到匹配行，原始行号: 499，新行号: 133
2025-04-24 12:39:27.607 | INFO     | modules.chunk_analyzer:_apply_chunk_patches:666 - 尝试应用调整行号后的补丁: /tmp/tmppuz9bwf7/adjusted.patch
2025-04-24 12:39:27.607 | INFO     | modules.chunk_analyzer:_run_git_command:1329 - 运行git命令: apply --ignore-space-change --ignore-whitespace /tmp/tmppuz9bwf7/adjusted.patch
2025-04-24 12:39:27.609 | ERROR    | modules.chunk_analyzer:_run_git_command:1340 - Git命令执行失败: error: patch failed: tests/unit/keyspace.tcl:133
error: tests/unit/keyspace.tcl: patch does not apply

2025-04-24 12:39:27.609 | INFO     | modules.chunk_analyzer:_apply_chunk_patches:681 - 尝试调整行号失败: Command '['git', 'apply', '--ignore-space-change', '--ignore-whitespace', '/tmp/tmppuz9bwf7/adjusted.patch']' returned non-zero exit status 1.
2025-04-24 12:39:27.609 | INFO     | modules.chunk_analyzer:_run_git_command:1329 - 运行git命令: reset --hard
2025-04-24 12:39:27.614 | INFO     | modules.chunk_analyzer:_apply_chunk_patches:649 - 找到匹配行，原始行号: 499，新行号: 134
2025-04-24 12:39:27.615 | INFO     | modules.chunk_analyzer:_apply_chunk_patches:666 - 尝试应用调整行号后的补丁: /tmp/tmpxp6ki4fx/adjusted.patch
2025-04-24 12:39:27.615 | INFO     | modules.chunk_analyzer:_run_git_command:1329 - 运行git命令: apply --ignore-space-change --ignore-whitespace /tmp/tmpxp6ki4fx/adjusted.patch
2025-04-24 12:39:27.617 | ERROR    | modules.chunk_analyzer:_run_git_command:1340 - Git命令执行失败: error: patch failed: tests/unit/keyspace.tcl:134
error: tests/unit/keyspace.tcl: patch does not apply

2025-04-24 12:39:27.617 | INFO     | modules.chunk_analyzer:_apply_chunk_patches:681 - 尝试调整行号失败: Command '['git', 'apply', '--ignore-space-change', '--ignore-whitespace', '/tmp/tmpxp6ki4fx/adjusted.patch']' returned non-zero exit status 1.
2025-04-24 12:39:27.617 | INFO     | modules.chunk_analyzer:_run_git_command:1329 - 运行git命令: reset --hard
2025-04-24 12:39:27.623 | INFO     | modules.chunk_analyzer:_apply_chunk_patches:649 - 找到匹配行，原始行号: 499，新行号: 135
2025-04-24 12:39:27.624 | INFO     | modules.chunk_analyzer:_apply_chunk_patches:666 - 尝试应用调整行号后的补丁: /tmp/tmpy8ijvvg9/adjusted.patch
2025-04-24 12:39:27.624 | INFO     | modules.chunk_analyzer:_run_git_command:1329 - 运行git命令: apply --ignore-space-change --ignore-whitespace /tmp/tmpy8ijvvg9/adjusted.patch
2025-04-24 12:39:27.626 | ERROR    | modules.chunk_analyzer:_run_git_command:1340 - Git命令执行失败: error: patch failed: tests/unit/keyspace.tcl:135
error: tests/unit/keyspace.tcl: patch does not apply

2025-04-24 12:39:27.626 | INFO     | modules.chunk_analyzer:_apply_chunk_patches:681 - 尝试调整行号失败: Command '['git', 'apply', '--ignore-space-change', '--ignore-whitespace', '/tmp/tmpy8ijvvg9/adjusted.patch']' returned non-zero exit status 1.
2025-04-24 12:39:27.626 | INFO     | modules.chunk_analyzer:_run_git_command:1329 - 运行git命令: reset --hard
2025-04-24 12:39:27.631 | INFO     | modules.chunk_analyzer:_apply_chunk_patches:649 - 找到匹配行，原始行号: 499，新行号: 136
2025-04-24 12:39:27.632 | INFO     | modules.chunk_analyzer:_apply_chunk_patches:666 - 尝试应用调整行号后的补丁: /tmp/tmpnl9mfucd/adjusted.patch
2025-04-24 12:39:27.632 | INFO     | modules.chunk_analyzer:_run_git_command:1329 - 运行git命令: apply --ignore-space-change --ignore-whitespace /tmp/tmpnl9mfucd/adjusted.patch
2025-04-24 12:39:27.634 | ERROR    | modules.chunk_analyzer:_run_git_command:1340 - Git命令执行失败: error: patch failed: tests/unit/keyspace.tcl:136
error: tests/unit/keyspace.tcl: patch does not apply

2025-04-24 12:39:27.634 | INFO     | modules.chunk_analyzer:_apply_chunk_patches:681 - 尝试调整行号失败: Command '['git', 'apply', '--ignore-space-change', '--ignore-whitespace', '/tmp/tmpnl9mfucd/adjusted.patch']' returned non-zero exit status 1.
2025-04-24 12:39:27.635 | INFO     | modules.chunk_analyzer:_run_git_command:1329 - 运行git命令: reset --hard
2025-04-24 12:39:27.640 | INFO     | modules.chunk_analyzer:_apply_chunk_patches:649 - 找到匹配行，原始行号: 499，新行号: 137
2025-04-24 12:39:27.641 | INFO     | modules.chunk_analyzer:_apply_chunk_patches:666 - 尝试应用调整行号后的补丁: /tmp/tmp82ozmtr9/adjusted.patch
2025-04-24 12:39:27.641 | INFO     | modules.chunk_analyzer:_run_git_command:1329 - 运行git命令: apply --ignore-space-change --ignore-whitespace /tmp/tmp82ozmtr9/adjusted.patch
2025-04-24 12:39:27.644 | ERROR    | modules.chunk_analyzer:_run_git_command:1340 - Git命令执行失败: error: patch failed: tests/unit/keyspace.tcl:137
error: tests/unit/keyspace.tcl: patch does not apply

2025-04-24 12:39:27.644 | INFO     | modules.chunk_analyzer:_apply_chunk_patches:681 - 尝试调整行号失败: Command '['git', 'apply', '--ignore-space-change', '--ignore-whitespace', '/tmp/tmp82ozmtr9/adjusted.patch']' returned non-zero exit status 1.
2025-04-24 12:39:27.644 | INFO     | modules.chunk_analyzer:_run_git_command:1329 - 运行git命令: reset --hard
2025-04-24 12:39:27.649 | INFO     | modules.chunk_analyzer:_apply_chunk_patches:649 - 找到匹配行，原始行号: 499，新行号: 138
2025-04-24 12:39:27.650 | INFO     | modules.chunk_analyzer:_apply_chunk_patches:666 - 尝试应用调整行号后的补丁: /tmp/tmp5p33zvc0/adjusted.patch
2025-04-24 12:39:27.651 | INFO     | modules.chunk_analyzer:_run_git_command:1329 - 运行git命令: apply --ignore-space-change --ignore-whitespace /tmp/tmp5p33zvc0/adjusted.patch
2025-04-24 12:39:27.653 | ERROR    | modules.chunk_analyzer:_run_git_command:1340 - Git命令执行失败: error: patch failed: tests/unit/keyspace.tcl:138
error: tests/unit/keyspace.tcl: patch does not apply

2025-04-24 12:39:27.654 | INFO     | modules.chunk_analyzer:_apply_chunk_patches:681 - 尝试调整行号失败: Command '['git', 'apply', '--ignore-space-change', '--ignore-whitespace', '/tmp/tmp5p33zvc0/adjusted.patch']' returned non-zero exit status 1.
2025-04-24 12:39:27.654 | INFO     | modules.chunk_analyzer:_run_git_command:1329 - 运行git命令: reset --hard
2025-04-24 12:39:27.659 | INFO     | modules.chunk_analyzer:_apply_chunk_patches:649 - 找到匹配行，原始行号: 499，新行号: 139
2025-04-24 12:39:27.660 | INFO     | modules.chunk_analyzer:_apply_chunk_patches:666 - 尝试应用调整行号后的补丁: /tmp/tmpa1vlj9ug/adjusted.patch
2025-04-24 12:39:27.660 | INFO     | modules.chunk_analyzer:_run_git_command:1329 - 运行git命令: apply --ignore-space-change --ignore-whitespace /tmp/tmpa1vlj9ug/adjusted.patch
2025-04-24 12:39:27.662 | ERROR    | modules.chunk_analyzer:_run_git_command:1340 - Git命令执行失败: error: patch failed: tests/unit/keyspace.tcl:139
error: tests/unit/keyspace.tcl: patch does not apply

2025-04-24 12:39:27.662 | INFO     | modules.chunk_analyzer:_apply_chunk_patches:681 - 尝试调整行号失败: Command '['git', 'apply', '--ignore-space-change', '--ignore-whitespace', '/tmp/tmpa1vlj9ug/adjusted.patch']' returned non-zero exit status 1.
2025-04-24 12:39:27.662 | INFO     | modules.chunk_analyzer:_run_git_command:1329 - 运行git命令: reset --hard
2025-04-24 12:39:27.668 | INFO     | modules.chunk_analyzer:_apply_chunk_patches:649 - 找到匹配行，原始行号: 499，新行号: 140
2025-04-24 12:39:27.669 | INFO     | modules.chunk_analyzer:_apply_chunk_patches:666 - 尝试应用调整行号后的补丁: /tmp/tmpoamg9lft/adjusted.patch
2025-04-24 12:39:27.669 | INFO     | modules.chunk_analyzer:_run_git_command:1329 - 运行git命令: apply --ignore-space-change --ignore-whitespace /tmp/tmpoamg9lft/adjusted.patch
2025-04-24 12:39:27.671 | ERROR    | modules.chunk_analyzer:_run_git_command:1340 - Git命令执行失败: error: patch failed: tests/unit/keyspace.tcl:140
error: tests/unit/keyspace.tcl: patch does not apply

2025-04-24 12:39:27.671 | INFO     | modules.chunk_analyzer:_apply_chunk_patches:681 - 尝试调整行号失败: Command '['git', 'apply', '--ignore-space-change', '--ignore-whitespace', '/tmp/tmpoamg9lft/adjusted.patch']' returned non-zero exit status 1.
2025-04-24 12:39:27.671 | INFO     | modules.chunk_analyzer:_run_git_command:1329 - 运行git命令: reset --hard
2025-04-24 12:39:27.677 | INFO     | modules.chunk_analyzer:_apply_chunk_patches:649 - 找到匹配行，原始行号: 499，新行号: 141
2025-04-24 12:39:27.678 | INFO     | modules.chunk_analyzer:_apply_chunk_patches:666 - 尝试应用调整行号后的补丁: /tmp/tmp2v397vtc/adjusted.patch
2025-04-24 12:39:27.678 | INFO     | modules.chunk_analyzer:_run_git_command:1329 - 运行git命令: apply --ignore-space-change --ignore-whitespace /tmp/tmp2v397vtc/adjusted.patch
2025-04-24 12:39:27.680 | ERROR    | modules.chunk_analyzer:_run_git_command:1340 - Git命令执行失败: error: patch failed: tests/unit/keyspace.tcl:141
error: tests/unit/keyspace.tcl: patch does not apply

2025-04-24 12:39:27.680 | INFO     | modules.chunk_analyzer:_apply_chunk_patches:681 - 尝试调整行号失败: Command '['git', 'apply', '--ignore-space-change', '--ignore-whitespace', '/tmp/tmp2v397vtc/adjusted.patch']' returned non-zero exit status 1.
2025-04-24 12:39:27.680 | INFO     | modules.chunk_analyzer:_run_git_command:1329 - 运行git命令: reset --hard
2025-04-24 12:39:27.686 | INFO     | modules.chunk_analyzer:_apply_chunk_patches:649 - 找到匹配行，原始行号: 499，新行号: 142
2025-04-24 12:39:27.687 | INFO     | modules.chunk_analyzer:_apply_chunk_patches:666 - 尝试应用调整行号后的补丁: /tmp/tmphazydozb/adjusted.patch
2025-04-24 12:39:27.687 | INFO     | modules.chunk_analyzer:_run_git_command:1329 - 运行git命令: apply --ignore-space-change --ignore-whitespace /tmp/tmphazydozb/adjusted.patch
2025-04-24 12:39:27.690 | ERROR    | modules.chunk_analyzer:_run_git_command:1340 - Git命令执行失败: error: patch failed: tests/unit/keyspace.tcl:142
error: tests/unit/keyspace.tcl: patch does not apply

2025-04-24 12:39:27.690 | INFO     | modules.chunk_analyzer:_apply_chunk_patches:681 - 尝试调整行号失败: Command '['git', 'apply', '--ignore-space-change', '--ignore-whitespace', '/tmp/tmphazydozb/adjusted.patch']' returned non-zero exit status 1.
2025-04-24 12:39:27.690 | INFO     | modules.chunk_analyzer:_run_git_command:1329 - 运行git命令: reset --hard
2025-04-24 12:39:27.695 | INFO     | modules.chunk_analyzer:_apply_chunk_patches:649 - 找到匹配行，原始行号: 499，新行号: 143
2025-04-24 12:39:27.696 | INFO     | modules.chunk_analyzer:_apply_chunk_patches:666 - 尝试应用调整行号后的补丁: /tmp/tmpjgn7wu97/adjusted.patch
2025-04-24 12:39:27.696 | INFO     | modules.chunk_analyzer:_run_git_command:1329 - 运行git命令: apply --ignore-space-change --ignore-whitespace /tmp/tmpjgn7wu97/adjusted.patch
2025-04-24 12:39:27.699 | ERROR    | modules.chunk_analyzer:_run_git_command:1340 - Git命令执行失败: error: patch failed: tests/unit/keyspace.tcl:143
error: tests/unit/keyspace.tcl: patch does not apply

2025-04-24 12:39:27.699 | INFO     | modules.chunk_analyzer:_apply_chunk_patches:681 - 尝试调整行号失败: Command '['git', 'apply', '--ignore-space-change', '--ignore-whitespace', '/tmp/tmpjgn7wu97/adjusted.patch']' returned non-zero exit status 1.
2025-04-24 12:39:27.699 | INFO     | modules.chunk_analyzer:_run_git_command:1329 - 运行git命令: reset --hard
2025-04-24 12:39:27.705 | INFO     | modules.chunk_analyzer:_apply_chunk_patches:649 - 找到匹配行，原始行号: 499，新行号: 144
2025-04-24 12:39:27.706 | INFO     | modules.chunk_analyzer:_apply_chunk_patches:666 - 尝试应用调整行号后的补丁: /tmp/tmpqdn9wb29/adjusted.patch
2025-04-24 12:39:27.706 | INFO     | modules.chunk_analyzer:_run_git_command:1329 - 运行git命令: apply --ignore-space-change --ignore-whitespace /tmp/tmpqdn9wb29/adjusted.patch
2025-04-24 12:39:27.708 | ERROR    | modules.chunk_analyzer:_run_git_command:1340 - Git命令执行失败: error: patch failed: tests/unit/keyspace.tcl:144
error: tests/unit/keyspace.tcl: patch does not apply

2025-04-24 12:39:27.708 | INFO     | modules.chunk_analyzer:_apply_chunk_patches:681 - 尝试调整行号失败: Command '['git', 'apply', '--ignore-space-change', '--ignore-whitespace', '/tmp/tmpqdn9wb29/adjusted.patch']' returned non-zero exit status 1.
2025-04-24 12:39:27.709 | INFO     | modules.chunk_analyzer:_run_git_command:1329 - 运行git命令: reset --hard
2025-04-24 12:39:27.714 | INFO     | modules.chunk_analyzer:_apply_chunk_patches:649 - 找到匹配行，原始行号: 499，新行号: 145
2025-04-24 12:39:27.715 | INFO     | modules.chunk_analyzer:_apply_chunk_patches:666 - 尝试应用调整行号后的补丁: /tmp/tmpado3_1bf/adjusted.patch
2025-04-24 12:39:27.715 | INFO     | modules.chunk_analyzer:_run_git_command:1329 - 运行git命令: apply --ignore-space-change --ignore-whitespace /tmp/tmpado3_1bf/adjusted.patch
2025-04-24 12:39:27.718 | ERROR    | modules.chunk_analyzer:_run_git_command:1340 - Git命令执行失败: error: patch failed: tests/unit/keyspace.tcl:145
error: tests/unit/keyspace.tcl: patch does not apply

2025-04-24 12:39:27.718 | INFO     | modules.chunk_analyzer:_apply_chunk_patches:681 - 尝试调整行号失败: Command '['git', 'apply', '--ignore-space-change', '--ignore-whitespace', '/tmp/tmpado3_1bf/adjusted.patch']' returned non-zero exit status 1.
2025-04-24 12:39:27.718 | INFO     | modules.chunk_analyzer:_run_git_command:1329 - 运行git命令: reset --hard
2025-04-24 12:39:27.723 | INFO     | modules.chunk_analyzer:_apply_chunk_patches:649 - 找到匹配行，原始行号: 499，新行号: 146
2025-04-24 12:39:27.724 | INFO     | modules.chunk_analyzer:_apply_chunk_patches:666 - 尝试应用调整行号后的补丁: /tmp/tmp16_2px3z/adjusted.patch
2025-04-24 12:39:27.724 | INFO     | modules.chunk_analyzer:_run_git_command:1329 - 运行git命令: apply --ignore-space-change --ignore-whitespace /tmp/tmp16_2px3z/adjusted.patch
2025-04-24 12:39:27.726 | ERROR    | modules.chunk_analyzer:_run_git_command:1340 - Git命令执行失败: error: patch failed: tests/unit/keyspace.tcl:146
error: tests/unit/keyspace.tcl: patch does not apply

2025-04-24 12:39:27.726 | INFO     | modules.chunk_analyzer:_apply_chunk_patches:681 - 尝试调整行号失败: Command '['git', 'apply', '--ignore-space-change', '--ignore-whitespace', '/tmp/tmp16_2px3z/adjusted.patch']' returned non-zero exit status 1.
2025-04-24 12:39:27.726 | INFO     | modules.chunk_analyzer:_run_git_command:1329 - 运行git命令: reset --hard
2025-04-24 12:39:27.733 | INFO     | modules.chunk_analyzer:_apply_chunk_patches:649 - 找到匹配行，原始行号: 499，新行号: 147
2025-04-24 12:39:27.734 | INFO     | modules.chunk_analyzer:_apply_chunk_patches:666 - 尝试应用调整行号后的补丁: /tmp/tmp676wq8fb/adjusted.patch
2025-04-24 12:39:27.734 | INFO     | modules.chunk_analyzer:_run_git_command:1329 - 运行git命令: apply --ignore-space-change --ignore-whitespace /tmp/tmp676wq8fb/adjusted.patch
2025-04-24 12:39:27.736 | ERROR    | modules.chunk_analyzer:_run_git_command:1340 - Git命令执行失败: error: patch failed: tests/unit/keyspace.tcl:147
error: tests/unit/keyspace.tcl: patch does not apply

2025-04-24 12:39:27.736 | INFO     | modules.chunk_analyzer:_apply_chunk_patches:681 - 尝试调整行号失败: Command '['git', 'apply', '--ignore-space-change', '--ignore-whitespace', '/tmp/tmp676wq8fb/adjusted.patch']' returned non-zero exit status 1.
2025-04-24 12:39:27.737 | INFO     | modules.chunk_analyzer:_run_git_command:1329 - 运行git命令: reset --hard
2025-04-24 12:39:27.745 | INFO     | modules.chunk_analyzer:_apply_chunk_patches:649 - 找到匹配行，原始行号: 499，新行号: 148
2025-04-24 12:39:27.746 | INFO     | modules.chunk_analyzer:_apply_chunk_patches:666 - 尝试应用调整行号后的补丁: /tmp/tmpcrai29f4/adjusted.patch
2025-04-24 12:39:27.746 | INFO     | modules.chunk_analyzer:_run_git_command:1329 - 运行git命令: apply --ignore-space-change --ignore-whitespace /tmp/tmpcrai29f4/adjusted.patch
2025-04-24 12:39:27.748 | ERROR    | modules.chunk_analyzer:_run_git_command:1340 - Git命令执行失败: error: patch failed: tests/unit/keyspace.tcl:148
error: tests/unit/keyspace.tcl: patch does not apply

2025-04-24 12:39:27.748 | INFO     | modules.chunk_analyzer:_apply_chunk_patches:681 - 尝试调整行号失败: Command '['git', 'apply', '--ignore-space-change', '--ignore-whitespace', '/tmp/tmpcrai29f4/adjusted.patch']' returned non-zero exit status 1.
2025-04-24 12:39:27.748 | INFO     | modules.chunk_analyzer:_run_git_command:1329 - 运行git命令: reset --hard
2025-04-24 12:39:27.754 | INFO     | modules.chunk_analyzer:_apply_chunk_patches:649 - 找到匹配行，原始行号: 499，新行号: 149
2025-04-24 12:39:27.755 | INFO     | modules.chunk_analyzer:_apply_chunk_patches:666 - 尝试应用调整行号后的补丁: /tmp/tmpv35egpu9/adjusted.patch
2025-04-24 12:39:27.756 | INFO     | modules.chunk_analyzer:_run_git_command:1329 - 运行git命令: apply --ignore-space-change --ignore-whitespace /tmp/tmpv35egpu9/adjusted.patch
2025-04-24 12:39:27.758 | ERROR    | modules.chunk_analyzer:_run_git_command:1340 - Git命令执行失败: error: patch failed: tests/unit/keyspace.tcl:149
error: tests/unit/keyspace.tcl: patch does not apply

2025-04-24 12:39:27.759 | INFO     | modules.chunk_analyzer:_apply_chunk_patches:681 - 尝试调整行号失败: Command '['git', 'apply', '--ignore-space-change', '--ignore-whitespace', '/tmp/tmpv35egpu9/adjusted.patch']' returned non-zero exit status 1.
2025-04-24 12:39:27.759 | INFO     | modules.chunk_analyzer:_run_git_command:1329 - 运行git命令: reset --hard
2025-04-24 12:39:27.765 | INFO     | modules.chunk_analyzer:_apply_chunk_patches:649 - 找到匹配行，原始行号: 499，新行号: 150
2025-04-24 12:39:27.765 | INFO     | modules.chunk_analyzer:_apply_chunk_patches:666 - 尝试应用调整行号后的补丁: /tmp/tmp38kdp2bj/adjusted.patch
2025-04-24 12:39:27.765 | INFO     | modules.chunk_analyzer:_run_git_command:1329 - 运行git命令: apply --ignore-space-change --ignore-whitespace /tmp/tmp38kdp2bj/adjusted.patch
2025-04-24 12:39:27.768 | ERROR    | modules.chunk_analyzer:_run_git_command:1340 - Git命令执行失败: error: patch failed: tests/unit/keyspace.tcl:150
error: tests/unit/keyspace.tcl: patch does not apply

2025-04-24 12:39:27.768 | INFO     | modules.chunk_analyzer:_apply_chunk_patches:681 - 尝试调整行号失败: Command '['git', 'apply', '--ignore-space-change', '--ignore-whitespace', '/tmp/tmp38kdp2bj/adjusted.patch']' returned non-zero exit status 1.
2025-04-24 12:39:27.768 | INFO     | modules.chunk_analyzer:_run_git_command:1329 - 运行git命令: reset --hard
2025-04-24 12:39:27.775 | INFO     | modules.chunk_analyzer:_apply_chunk_patches:649 - 找到匹配行，原始行号: 499，新行号: 151
2025-04-24 12:39:27.775 | INFO     | modules.chunk_analyzer:_apply_chunk_patches:666 - 尝试应用调整行号后的补丁: /tmp/tmp1x7_qcqn/adjusted.patch
2025-04-24 12:39:27.776 | INFO     | modules.chunk_analyzer:_run_git_command:1329 - 运行git命令: apply --ignore-space-change --ignore-whitespace /tmp/tmp1x7_qcqn/adjusted.patch
2025-04-24 12:39:27.778 | ERROR    | modules.chunk_analyzer:_run_git_command:1340 - Git命令执行失败: error: patch failed: tests/unit/keyspace.tcl:151
error: tests/unit/keyspace.tcl: patch does not apply

2025-04-24 12:39:27.778 | INFO     | modules.chunk_analyzer:_apply_chunk_patches:681 - 尝试调整行号失败: Command '['git', 'apply', '--ignore-space-change', '--ignore-whitespace', '/tmp/tmp1x7_qcqn/adjusted.patch']' returned non-zero exit status 1.
2025-04-24 12:39:27.778 | INFO     | modules.chunk_analyzer:_run_git_command:1329 - 运行git命令: reset --hard
2025-04-24 12:39:27.784 | INFO     | modules.chunk_analyzer:_apply_chunk_patches:649 - 找到匹配行，原始行号: 499，新行号: 152
2025-04-24 12:39:27.784 | INFO     | modules.chunk_analyzer:_apply_chunk_patches:666 - 尝试应用调整行号后的补丁: /tmp/tmpqrdmbp4x/adjusted.patch
2025-04-24 12:39:27.785 | INFO     | modules.chunk_analyzer:_run_git_command:1329 - 运行git命令: apply --ignore-space-change --ignore-whitespace /tmp/tmpqrdmbp4x/adjusted.patch
2025-04-24 12:39:27.787 | ERROR    | modules.chunk_analyzer:_run_git_command:1340 - Git命令执行失败: error: patch failed: tests/unit/keyspace.tcl:152
error: tests/unit/keyspace.tcl: patch does not apply

2025-04-24 12:39:27.787 | INFO     | modules.chunk_analyzer:_apply_chunk_patches:681 - 尝试调整行号失败: Command '['git', 'apply', '--ignore-space-change', '--ignore-whitespace', '/tmp/tmpqrdmbp4x/adjusted.patch']' returned non-zero exit status 1.
2025-04-24 12:39:27.787 | INFO     | modules.chunk_analyzer:_run_git_command:1329 - 运行git命令: reset --hard
2025-04-24 12:39:27.793 | INFO     | modules.chunk_analyzer:_apply_chunk_patches:649 - 找到匹配行，原始行号: 499，新行号: 153
2025-04-24 12:39:27.794 | INFO     | modules.chunk_analyzer:_apply_chunk_patches:666 - 尝试应用调整行号后的补丁: /tmp/tmpc0hcmpr5/adjusted.patch
2025-04-24 12:39:27.794 | INFO     | modules.chunk_analyzer:_run_git_command:1329 - 运行git命令: apply --ignore-space-change --ignore-whitespace /tmp/tmpc0hcmpr5/adjusted.patch
2025-04-24 12:39:27.796 | ERROR    | modules.chunk_analyzer:_run_git_command:1340 - Git命令执行失败: error: patch failed: tests/unit/keyspace.tcl:153
error: tests/unit/keyspace.tcl: patch does not apply

2025-04-24 12:39:27.797 | INFO     | modules.chunk_analyzer:_apply_chunk_patches:681 - 尝试调整行号失败: Command '['git', 'apply', '--ignore-space-change', '--ignore-whitespace', '/tmp/tmpc0hcmpr5/adjusted.patch']' returned non-zero exit status 1.
2025-04-24 12:39:27.797 | INFO     | modules.chunk_analyzer:_run_git_command:1329 - 运行git命令: reset --hard
2025-04-24 12:39:27.803 | INFO     | modules.chunk_analyzer:_apply_chunk_patches:649 - 找到匹配行，原始行号: 499，新行号: 154
2025-04-24 12:39:27.803 | INFO     | modules.chunk_analyzer:_apply_chunk_patches:666 - 尝试应用调整行号后的补丁: /tmp/tmp_anzu9h_/adjusted.patch
2025-04-24 12:39:27.803 | INFO     | modules.chunk_analyzer:_run_git_command:1329 - 运行git命令: apply --ignore-space-change --ignore-whitespace /tmp/tmp_anzu9h_/adjusted.patch
2025-04-24 12:39:27.807 | ERROR    | modules.chunk_analyzer:_run_git_command:1340 - Git命令执行失败: error: patch failed: tests/unit/keyspace.tcl:154
error: tests/unit/keyspace.tcl: patch does not apply

2025-04-24 12:39:27.807 | INFO     | modules.chunk_analyzer:_apply_chunk_patches:681 - 尝试调整行号失败: Command '['git', 'apply', '--ignore-space-change', '--ignore-whitespace', '/tmp/tmp_anzu9h_/adjusted.patch']' returned non-zero exit status 1.
2025-04-24 12:39:27.807 | INFO     | modules.chunk_analyzer:_run_git_command:1329 - 运行git命令: reset --hard
2025-04-24 12:39:27.813 | INFO     | modules.chunk_analyzer:_apply_chunk_patches:649 - 找到匹配行，原始行号: 499，新行号: 155
2025-04-24 12:39:27.814 | INFO     | modules.chunk_analyzer:_apply_chunk_patches:666 - 尝试应用调整行号后的补丁: /tmp/tmpbul0fcph/adjusted.patch
2025-04-24 12:39:27.814 | INFO     | modules.chunk_analyzer:_run_git_command:1329 - 运行git命令: apply --ignore-space-change --ignore-whitespace /tmp/tmpbul0fcph/adjusted.patch
2025-04-24 12:39:27.816 | ERROR    | modules.chunk_analyzer:_run_git_command:1340 - Git命令执行失败: error: patch failed: tests/unit/keyspace.tcl:155
error: tests/unit/keyspace.tcl: patch does not apply

2025-04-24 12:39:27.817 | INFO     | modules.chunk_analyzer:_apply_chunk_patches:681 - 尝试调整行号失败: Command '['git', 'apply', '--ignore-space-change', '--ignore-whitespace', '/tmp/tmpbul0fcph/adjusted.patch']' returned non-zero exit status 1.
2025-04-24 12:39:27.817 | INFO     | modules.chunk_analyzer:_run_git_command:1329 - 运行git命令: reset --hard
2025-04-24 12:39:27.823 | INFO     | modules.chunk_analyzer:_apply_chunk_patches:649 - 找到匹配行，原始行号: 499，新行号: 156
2025-04-24 12:39:27.824 | INFO     | modules.chunk_analyzer:_apply_chunk_patches:666 - 尝试应用调整行号后的补丁: /tmp/tmp5iag1hln/adjusted.patch
2025-04-24 12:39:27.824 | INFO     | modules.chunk_analyzer:_run_git_command:1329 - 运行git命令: apply --ignore-space-change --ignore-whitespace /tmp/tmp5iag1hln/adjusted.patch
2025-04-24 12:39:27.827 | ERROR    | modules.chunk_analyzer:_run_git_command:1340 - Git命令执行失败: error: patch failed: tests/unit/keyspace.tcl:156
error: tests/unit/keyspace.tcl: patch does not apply

2025-04-24 12:39:27.828 | INFO     | modules.chunk_analyzer:_apply_chunk_patches:681 - 尝试调整行号失败: Command '['git', 'apply', '--ignore-space-change', '--ignore-whitespace', '/tmp/tmp5iag1hln/adjusted.patch']' returned non-zero exit status 1.
2025-04-24 12:39:27.828 | INFO     | modules.chunk_analyzer:_run_git_command:1329 - 运行git命令: reset --hard
2025-04-24 12:39:27.833 | INFO     | modules.chunk_analyzer:_apply_chunk_patches:649 - 找到匹配行，原始行号: 499，新行号: 157
2025-04-24 12:39:27.834 | INFO     | modules.chunk_analyzer:_apply_chunk_patches:666 - 尝试应用调整行号后的补丁: /tmp/tmpdlsok631/adjusted.patch
2025-04-24 12:39:27.834 | INFO     | modules.chunk_analyzer:_run_git_command:1329 - 运行git命令: apply --ignore-space-change --ignore-whitespace /tmp/tmpdlsok631/adjusted.patch
2025-04-24 12:39:27.837 | ERROR    | modules.chunk_analyzer:_run_git_command:1340 - Git命令执行失败: error: patch failed: tests/unit/keyspace.tcl:157
error: tests/unit/keyspace.tcl: patch does not apply

2025-04-24 12:39:27.837 | INFO     | modules.chunk_analyzer:_apply_chunk_patches:681 - 尝试调整行号失败: Command '['git', 'apply', '--ignore-space-change', '--ignore-whitespace', '/tmp/tmpdlsok631/adjusted.patch']' returned non-zero exit status 1.
2025-04-24 12:39:27.838 | INFO     | modules.chunk_analyzer:_run_git_command:1329 - 运行git命令: reset --hard
2025-04-24 12:39:27.843 | INFO     | modules.chunk_analyzer:_apply_chunk_patches:649 - 找到匹配行，原始行号: 499，新行号: 158
2025-04-24 12:39:27.843 | INFO     | modules.chunk_analyzer:_apply_chunk_patches:666 - 尝试应用调整行号后的补丁: /tmp/tmp26any635/adjusted.patch
2025-04-24 12:39:27.844 | INFO     | modules.chunk_analyzer:_run_git_command:1329 - 运行git命令: apply --ignore-space-change --ignore-whitespace /tmp/tmp26any635/adjusted.patch
2025-04-24 12:39:27.846 | ERROR    | modules.chunk_analyzer:_run_git_command:1340 - Git命令执行失败: error: patch failed: tests/unit/keyspace.tcl:158
error: tests/unit/keyspace.tcl: patch does not apply

2025-04-24 12:39:27.846 | INFO     | modules.chunk_analyzer:_apply_chunk_patches:681 - 尝试调整行号失败: Command '['git', 'apply', '--ignore-space-change', '--ignore-whitespace', '/tmp/tmp26any635/adjusted.patch']' returned non-zero exit status 1.
2025-04-24 12:39:27.846 | INFO     | modules.chunk_analyzer:_run_git_command:1329 - 运行git命令: reset --hard
2025-04-24 12:39:27.852 | INFO     | modules.chunk_analyzer:_apply_chunk_patches:649 - 找到匹配行，原始行号: 499，新行号: 159
2025-04-24 12:39:27.852 | INFO     | modules.chunk_analyzer:_apply_chunk_patches:666 - 尝试应用调整行号后的补丁: /tmp/tmp80c4oh12/adjusted.patch
2025-04-24 12:39:27.852 | INFO     | modules.chunk_analyzer:_run_git_command:1329 - 运行git命令: apply --ignore-space-change --ignore-whitespace /tmp/tmp80c4oh12/adjusted.patch
2025-04-24 12:39:27.855 | ERROR    | modules.chunk_analyzer:_run_git_command:1340 - Git命令执行失败: error: patch failed: tests/unit/keyspace.tcl:159
error: tests/unit/keyspace.tcl: patch does not apply

2025-04-24 12:39:27.855 | INFO     | modules.chunk_analyzer:_apply_chunk_patches:681 - 尝试调整行号失败: Command '['git', 'apply', '--ignore-space-change', '--ignore-whitespace', '/tmp/tmp80c4oh12/adjusted.patch']' returned non-zero exit status 1.
2025-04-24 12:39:27.855 | INFO     | modules.chunk_analyzer:_run_git_command:1329 - 运行git命令: reset --hard
2025-04-24 12:39:27.861 | INFO     | modules.chunk_analyzer:_apply_chunk_patches:649 - 找到匹配行，原始行号: 499，新行号: 160
2025-04-24 12:39:27.861 | INFO     | modules.chunk_analyzer:_apply_chunk_patches:666 - 尝试应用调整行号后的补丁: /tmp/tmp_qmjh_6y/adjusted.patch
2025-04-24 12:39:27.862 | INFO     | modules.chunk_analyzer:_run_git_command:1329 - 运行git命令: apply --ignore-space-change --ignore-whitespace /tmp/tmp_qmjh_6y/adjusted.patch
2025-04-24 12:39:27.864 | ERROR    | modules.chunk_analyzer:_run_git_command:1340 - Git命令执行失败: error: patch failed: tests/unit/keyspace.tcl:160
error: tests/unit/keyspace.tcl: patch does not apply

2025-04-24 12:39:27.864 | INFO     | modules.chunk_analyzer:_apply_chunk_patches:681 - 尝试调整行号失败: Command '['git', 'apply', '--ignore-space-change', '--ignore-whitespace', '/tmp/tmp_qmjh_6y/adjusted.patch']' returned non-zero exit status 1.
2025-04-24 12:39:27.864 | INFO     | modules.chunk_analyzer:_run_git_command:1329 - 运行git命令: reset --hard
2025-04-24 12:39:27.869 | INFO     | modules.chunk_analyzer:_apply_chunk_patches:649 - 找到匹配行，原始行号: 499，新行号: 161
2025-04-24 12:39:27.870 | INFO     | modules.chunk_analyzer:_apply_chunk_patches:666 - 尝试应用调整行号后的补丁: /tmp/tmpfi2abpxk/adjusted.patch
2025-04-24 12:39:27.870 | INFO     | modules.chunk_analyzer:_run_git_command:1329 - 运行git命令: apply --ignore-space-change --ignore-whitespace /tmp/tmpfi2abpxk/adjusted.patch
2025-04-24 12:39:27.873 | ERROR    | modules.chunk_analyzer:_run_git_command:1340 - Git命令执行失败: error: patch failed: tests/unit/keyspace.tcl:161
error: tests/unit/keyspace.tcl: patch does not apply

2025-04-24 12:39:27.873 | INFO     | modules.chunk_analyzer:_apply_chunk_patches:681 - 尝试调整行号失败: Command '['git', 'apply', '--ignore-space-change', '--ignore-whitespace', '/tmp/tmpfi2abpxk/adjusted.patch']' returned non-zero exit status 1.
2025-04-24 12:39:27.873 | INFO     | modules.chunk_analyzer:_run_git_command:1329 - 运行git命令: reset --hard
2025-04-24 12:39:27.878 | INFO     | modules.chunk_analyzer:_apply_chunk_patches:649 - 找到匹配行，原始行号: 499，新行号: 162
2025-04-24 12:39:27.879 | INFO     | modules.chunk_analyzer:_apply_chunk_patches:666 - 尝试应用调整行号后的补丁: /tmp/tmpx5pttgh5/adjusted.patch
2025-04-24 12:39:27.879 | INFO     | modules.chunk_analyzer:_run_git_command:1329 - 运行git命令: apply --ignore-space-change --ignore-whitespace /tmp/tmpx5pttgh5/adjusted.patch
2025-04-24 12:39:27.881 | ERROR    | modules.chunk_analyzer:_run_git_command:1340 - Git命令执行失败: error: patch failed: tests/unit/keyspace.tcl:162
error: tests/unit/keyspace.tcl: patch does not apply

2025-04-24 12:39:27.881 | INFO     | modules.chunk_analyzer:_apply_chunk_patches:681 - 尝试调整行号失败: Command '['git', 'apply', '--ignore-space-change', '--ignore-whitespace', '/tmp/tmpx5pttgh5/adjusted.patch']' returned non-zero exit status 1.
2025-04-24 12:39:27.882 | INFO     | modules.chunk_analyzer:_run_git_command:1329 - 运行git命令: reset --hard
2025-04-24 12:39:27.887 | INFO     | modules.chunk_analyzer:_apply_chunk_patches:649 - 找到匹配行，原始行号: 499，新行号: 163
2025-04-24 12:39:27.887 | INFO     | modules.chunk_analyzer:_apply_chunk_patches:666 - 尝试应用调整行号后的补丁: /tmp/tmp1rkqnpjv/adjusted.patch
2025-04-24 12:39:27.888 | INFO     | modules.chunk_analyzer:_run_git_command:1329 - 运行git命令: apply --ignore-space-change --ignore-whitespace /tmp/tmp1rkqnpjv/adjusted.patch
2025-04-24 12:39:27.890 | ERROR    | modules.chunk_analyzer:_run_git_command:1340 - Git命令执行失败: error: patch failed: tests/unit/keyspace.tcl:163
error: tests/unit/keyspace.tcl: patch does not apply

2025-04-24 12:39:27.890 | INFO     | modules.chunk_analyzer:_apply_chunk_patches:681 - 尝试调整行号失败: Command '['git', 'apply', '--ignore-space-change', '--ignore-whitespace', '/tmp/tmp1rkqnpjv/adjusted.patch']' returned non-zero exit status 1.
2025-04-24 12:39:27.891 | INFO     | modules.chunk_analyzer:_run_git_command:1329 - 运行git命令: reset --hard
2025-04-24 12:39:27.895 | INFO     | modules.chunk_analyzer:_apply_chunk_patches:649 - 找到匹配行，原始行号: 499，新行号: 164
2025-04-24 12:39:27.896 | INFO     | modules.chunk_analyzer:_apply_chunk_patches:666 - 尝试应用调整行号后的补丁: /tmp/tmpi943j3vv/adjusted.patch
2025-04-24 12:39:27.896 | INFO     | modules.chunk_analyzer:_run_git_command:1329 - 运行git命令: apply --ignore-space-change --ignore-whitespace /tmp/tmpi943j3vv/adjusted.patch
2025-04-24 12:39:27.898 | ERROR    | modules.chunk_analyzer:_run_git_command:1340 - Git命令执行失败: error: patch failed: tests/unit/keyspace.tcl:164
error: tests/unit/keyspace.tcl: patch does not apply

2025-04-24 12:39:27.898 | INFO     | modules.chunk_analyzer:_apply_chunk_patches:681 - 尝试调整行号失败: Command '['git', 'apply', '--ignore-space-change', '--ignore-whitespace', '/tmp/tmpi943j3vv/adjusted.patch']' returned non-zero exit status 1.
2025-04-24 12:39:27.899 | INFO     | modules.chunk_analyzer:_run_git_command:1329 - 运行git命令: reset --hard
2025-04-24 12:39:27.904 | INFO     | modules.chunk_analyzer:_apply_chunk_patches:649 - 找到匹配行，原始行号: 499，新行号: 165
2025-04-24 12:39:27.904 | INFO     | modules.chunk_analyzer:_apply_chunk_patches:666 - 尝试应用调整行号后的补丁: /tmp/tmp223_qrkk/adjusted.patch
2025-04-24 12:39:27.905 | INFO     | modules.chunk_analyzer:_run_git_command:1329 - 运行git命令: apply --ignore-space-change --ignore-whitespace /tmp/tmp223_qrkk/adjusted.patch
2025-04-24 12:39:27.907 | ERROR    | modules.chunk_analyzer:_run_git_command:1340 - Git命令执行失败: error: patch failed: tests/unit/keyspace.tcl:165
error: tests/unit/keyspace.tcl: patch does not apply

2025-04-24 12:39:27.907 | INFO     | modules.chunk_analyzer:_apply_chunk_patches:681 - 尝试调整行号失败: Command '['git', 'apply', '--ignore-space-change', '--ignore-whitespace', '/tmp/tmp223_qrkk/adjusted.patch']' returned non-zero exit status 1.
2025-04-24 12:39:27.907 | INFO     | modules.chunk_analyzer:_run_git_command:1329 - 运行git命令: reset --hard
2025-04-24 12:39:27.912 | INFO     | modules.chunk_analyzer:_apply_chunk_patches:649 - 找到匹配行，原始行号: 499，新行号: 166
2025-04-24 12:39:27.913 | INFO     | modules.chunk_analyzer:_apply_chunk_patches:666 - 尝试应用调整行号后的补丁: /tmp/tmprsxl8jwm/adjusted.patch
2025-04-24 12:39:27.913 | INFO     | modules.chunk_analyzer:_run_git_command:1329 - 运行git命令: apply --ignore-space-change --ignore-whitespace /tmp/tmprsxl8jwm/adjusted.patch
2025-04-24 12:39:27.915 | ERROR    | modules.chunk_analyzer:_run_git_command:1340 - Git命令执行失败: error: patch failed: tests/unit/keyspace.tcl:166
error: tests/unit/keyspace.tcl: patch does not apply

2025-04-24 12:39:27.915 | INFO     | modules.chunk_analyzer:_apply_chunk_patches:681 - 尝试调整行号失败: Command '['git', 'apply', '--ignore-space-change', '--ignore-whitespace', '/tmp/tmprsxl8jwm/adjusted.patch']' returned non-zero exit status 1.
2025-04-24 12:39:27.916 | INFO     | modules.chunk_analyzer:_run_git_command:1329 - 运行git命令: reset --hard
2025-04-24 12:39:27.920 | INFO     | modules.chunk_analyzer:_apply_chunk_patches:649 - 找到匹配行，原始行号: 499，新行号: 167
2025-04-24 12:39:27.921 | INFO     | modules.chunk_analyzer:_apply_chunk_patches:666 - 尝试应用调整行号后的补丁: /tmp/tmpjizx7r5z/adjusted.patch
2025-04-24 12:39:27.921 | INFO     | modules.chunk_analyzer:_run_git_command:1329 - 运行git命令: apply --ignore-space-change --ignore-whitespace /tmp/tmpjizx7r5z/adjusted.patch
2025-04-24 12:39:27.924 | ERROR    | modules.chunk_analyzer:_run_git_command:1340 - Git命令执行失败: error: patch failed: tests/unit/keyspace.tcl:167
error: tests/unit/keyspace.tcl: patch does not apply

2025-04-24 12:39:27.924 | INFO     | modules.chunk_analyzer:_apply_chunk_patches:681 - 尝试调整行号失败: Command '['git', 'apply', '--ignore-space-change', '--ignore-whitespace', '/tmp/tmpjizx7r5z/adjusted.patch']' returned non-zero exit status 1.
2025-04-24 12:39:27.924 | INFO     | modules.chunk_analyzer:_run_git_command:1329 - 运行git命令: reset --hard
2025-04-24 12:39:27.929 | INFO     | modules.chunk_analyzer:_apply_chunk_patches:649 - 找到匹配行，原始行号: 499，新行号: 168
2025-04-24 12:39:27.930 | INFO     | modules.chunk_analyzer:_apply_chunk_patches:666 - 尝试应用调整行号后的补丁: /tmp/tmp2jed6bw5/adjusted.patch
2025-04-24 12:39:27.930 | INFO     | modules.chunk_analyzer:_run_git_command:1329 - 运行git命令: apply --ignore-space-change --ignore-whitespace /tmp/tmp2jed6bw5/adjusted.patch
2025-04-24 12:39:27.932 | ERROR    | modules.chunk_analyzer:_run_git_command:1340 - Git命令执行失败: error: patch failed: tests/unit/keyspace.tcl:168
error: tests/unit/keyspace.tcl: patch does not apply

2025-04-24 12:39:27.932 | INFO     | modules.chunk_analyzer:_apply_chunk_patches:681 - 尝试调整行号失败: Command '['git', 'apply', '--ignore-space-change', '--ignore-whitespace', '/tmp/tmp2jed6bw5/adjusted.patch']' returned non-zero exit status 1.
2025-04-24 12:39:27.933 | INFO     | modules.chunk_analyzer:_run_git_command:1329 - 运行git命令: reset --hard
2025-04-24 12:39:27.938 | INFO     | modules.chunk_analyzer:_apply_chunk_patches:649 - 找到匹配行，原始行号: 499，新行号: 169
2025-04-24 12:39:27.938 | INFO     | modules.chunk_analyzer:_apply_chunk_patches:666 - 尝试应用调整行号后的补丁: /tmp/tmpy227geos/adjusted.patch
2025-04-24 12:39:27.939 | INFO     | modules.chunk_analyzer:_run_git_command:1329 - 运行git命令: apply --ignore-space-change --ignore-whitespace /tmp/tmpy227geos/adjusted.patch
2025-04-24 12:39:27.941 | ERROR    | modules.chunk_analyzer:_run_git_command:1340 - Git命令执行失败: error: patch failed: tests/unit/keyspace.tcl:169
error: tests/unit/keyspace.tcl: patch does not apply

2025-04-24 12:39:27.941 | INFO     | modules.chunk_analyzer:_apply_chunk_patches:681 - 尝试调整行号失败: Command '['git', 'apply', '--ignore-space-change', '--ignore-whitespace', '/tmp/tmpy227geos/adjusted.patch']' returned non-zero exit status 1.
2025-04-24 12:39:27.941 | INFO     | modules.chunk_analyzer:_run_git_command:1329 - 运行git命令: reset --hard
2025-04-24 12:39:27.947 | INFO     | modules.chunk_analyzer:_apply_chunk_patches:649 - 找到匹配行，原始行号: 499，新行号: 170
2025-04-24 12:39:27.948 | INFO     | modules.chunk_analyzer:_apply_chunk_patches:666 - 尝试应用调整行号后的补丁: /tmp/tmpxxkqn03q/adjusted.patch
2025-04-24 12:39:27.948 | INFO     | modules.chunk_analyzer:_run_git_command:1329 - 运行git命令: apply --ignore-space-change --ignore-whitespace /tmp/tmpxxkqn03q/adjusted.patch
2025-04-24 12:39:27.950 | ERROR    | modules.chunk_analyzer:_run_git_command:1340 - Git命令执行失败: error: patch failed: tests/unit/keyspace.tcl:170
error: tests/unit/keyspace.tcl: patch does not apply

2025-04-24 12:39:27.950 | INFO     | modules.chunk_analyzer:_apply_chunk_patches:681 - 尝试调整行号失败: Command '['git', 'apply', '--ignore-space-change', '--ignore-whitespace', '/tmp/tmpxxkqn03q/adjusted.patch']' returned non-zero exit status 1.
2025-04-24 12:39:27.950 | INFO     | modules.chunk_analyzer:_run_git_command:1329 - 运行git命令: reset --hard
2025-04-24 12:39:27.956 | INFO     | modules.chunk_analyzer:_apply_chunk_patches:649 - 找到匹配行，原始行号: 499，新行号: 171
2025-04-24 12:39:27.957 | INFO     | modules.chunk_analyzer:_apply_chunk_patches:666 - 尝试应用调整行号后的补丁: /tmp/tmpokp2qxhx/adjusted.patch
2025-04-24 12:39:27.957 | INFO     | modules.chunk_analyzer:_run_git_command:1329 - 运行git命令: apply --ignore-space-change --ignore-whitespace /tmp/tmpokp2qxhx/adjusted.patch
2025-04-24 12:39:27.959 | ERROR    | modules.chunk_analyzer:_run_git_command:1340 - Git命令执行失败: error: patch failed: tests/unit/keyspace.tcl:171
error: tests/unit/keyspace.tcl: patch does not apply

2025-04-24 12:39:27.959 | INFO     | modules.chunk_analyzer:_apply_chunk_patches:681 - 尝试调整行号失败: Command '['git', 'apply', '--ignore-space-change', '--ignore-whitespace', '/tmp/tmpokp2qxhx/adjusted.patch']' returned non-zero exit status 1.
2025-04-24 12:39:27.959 | INFO     | modules.chunk_analyzer:_run_git_command:1329 - 运行git命令: reset --hard
2025-04-24 12:39:27.964 | INFO     | modules.chunk_analyzer:_apply_chunk_patches:649 - 找到匹配行，原始行号: 499，新行号: 172
2025-04-24 12:39:27.965 | INFO     | modules.chunk_analyzer:_apply_chunk_patches:666 - 尝试应用调整行号后的补丁: /tmp/tmpql0jqddv/adjusted.patch
2025-04-24 12:39:27.965 | INFO     | modules.chunk_analyzer:_run_git_command:1329 - 运行git命令: apply --ignore-space-change --ignore-whitespace /tmp/tmpql0jqddv/adjusted.patch
2025-04-24 12:39:27.967 | ERROR    | modules.chunk_analyzer:_run_git_command:1340 - Git命令执行失败: error: patch failed: tests/unit/keyspace.tcl:172
error: tests/unit/keyspace.tcl: patch does not apply

2025-04-24 12:39:27.967 | INFO     | modules.chunk_analyzer:_apply_chunk_patches:681 - 尝试调整行号失败: Command '['git', 'apply', '--ignore-space-change', '--ignore-whitespace', '/tmp/tmpql0jqddv/adjusted.patch']' returned non-zero exit status 1.
2025-04-24 12:39:27.967 | INFO     | modules.chunk_analyzer:_run_git_command:1329 - 运行git命令: reset --hard
2025-04-24 12:39:27.973 | INFO     | modules.chunk_analyzer:_apply_chunk_patches:649 - 找到匹配行，原始行号: 499，新行号: 173
2025-04-24 12:39:27.974 | INFO     | modules.chunk_analyzer:_apply_chunk_patches:666 - 尝试应用调整行号后的补丁: /tmp/tmp2waso8jj/adjusted.patch
2025-04-24 12:39:27.974 | INFO     | modules.chunk_analyzer:_run_git_command:1329 - 运行git命令: apply --ignore-space-change --ignore-whitespace /tmp/tmp2waso8jj/adjusted.patch
2025-04-24 12:39:27.976 | ERROR    | modules.chunk_analyzer:_run_git_command:1340 - Git命令执行失败: error: patch failed: tests/unit/keyspace.tcl:173
error: tests/unit/keyspace.tcl: patch does not apply

2025-04-24 12:39:27.976 | INFO     | modules.chunk_analyzer:_apply_chunk_patches:681 - 尝试调整行号失败: Command '['git', 'apply', '--ignore-space-change', '--ignore-whitespace', '/tmp/tmp2waso8jj/adjusted.patch']' returned non-zero exit status 1.
2025-04-24 12:39:27.976 | INFO     | modules.chunk_analyzer:_run_git_command:1329 - 运行git命令: reset --hard
2025-04-24 12:39:27.981 | INFO     | modules.chunk_analyzer:_apply_chunk_patches:649 - 找到匹配行，原始行号: 499，新行号: 174
2025-04-24 12:39:27.982 | INFO     | modules.chunk_analyzer:_apply_chunk_patches:666 - 尝试应用调整行号后的补丁: /tmp/tmptqzx2tyk/adjusted.patch
2025-04-24 12:39:27.982 | INFO     | modules.chunk_analyzer:_run_git_command:1329 - 运行git命令: apply --ignore-space-change --ignore-whitespace /tmp/tmptqzx2tyk/adjusted.patch
2025-04-24 12:39:27.984 | ERROR    | modules.chunk_analyzer:_run_git_command:1340 - Git命令执行失败: error: patch failed: tests/unit/keyspace.tcl:174
error: tests/unit/keyspace.tcl: patch does not apply

2025-04-24 12:39:27.985 | INFO     | modules.chunk_analyzer:_apply_chunk_patches:681 - 尝试调整行号失败: Command '['git', 'apply', '--ignore-space-change', '--ignore-whitespace', '/tmp/tmptqzx2tyk/adjusted.patch']' returned non-zero exit status 1.
2025-04-24 12:39:27.985 | INFO     | modules.chunk_analyzer:_run_git_command:1329 - 运行git命令: reset --hard
2025-04-24 12:39:27.991 | INFO     | modules.chunk_analyzer:_apply_chunk_patches:649 - 找到匹配行，原始行号: 499，新行号: 175
2025-04-24 12:39:27.992 | INFO     | modules.chunk_analyzer:_apply_chunk_patches:666 - 尝试应用调整行号后的补丁: /tmp/tmpaqhk8xk_/adjusted.patch
2025-04-24 12:39:27.992 | INFO     | modules.chunk_analyzer:_run_git_command:1329 - 运行git命令: apply --ignore-space-change --ignore-whitespace /tmp/tmpaqhk8xk_/adjusted.patch
2025-04-24 12:39:27.994 | ERROR    | modules.chunk_analyzer:_run_git_command:1340 - Git命令执行失败: error: patch failed: tests/unit/keyspace.tcl:175
error: tests/unit/keyspace.tcl: patch does not apply

2025-04-24 12:39:27.994 | INFO     | modules.chunk_analyzer:_apply_chunk_patches:681 - 尝试调整行号失败: Command '['git', 'apply', '--ignore-space-change', '--ignore-whitespace', '/tmp/tmpaqhk8xk_/adjusted.patch']' returned non-zero exit status 1.
2025-04-24 12:39:27.994 | INFO     | modules.chunk_analyzer:_run_git_command:1329 - 运行git命令: reset --hard
2025-04-24 12:39:27.999 | INFO     | modules.chunk_analyzer:_apply_chunk_patches:649 - 找到匹配行，原始行号: 499，新行号: 176
2025-04-24 12:39:28.000 | INFO     | modules.chunk_analyzer:_apply_chunk_patches:666 - 尝试应用调整行号后的补丁: /tmp/tmp0zl1ueon/adjusted.patch
2025-04-24 12:39:28.000 | INFO     | modules.chunk_analyzer:_run_git_command:1329 - 运行git命令: apply --ignore-space-change --ignore-whitespace /tmp/tmp0zl1ueon/adjusted.patch
2025-04-24 12:39:28.003 | ERROR    | modules.chunk_analyzer:_run_git_command:1340 - Git命令执行失败: error: patch failed: tests/unit/keyspace.tcl:176
error: tests/unit/keyspace.tcl: patch does not apply

2025-04-24 12:39:28.003 | INFO     | modules.chunk_analyzer:_apply_chunk_patches:681 - 尝试调整行号失败: Command '['git', 'apply', '--ignore-space-change', '--ignore-whitespace', '/tmp/tmp0zl1ueon/adjusted.patch']' returned non-zero exit status 1.
2025-04-24 12:39:28.003 | INFO     | modules.chunk_analyzer:_run_git_command:1329 - 运行git命令: reset --hard
2025-04-24 12:39:28.009 | INFO     | modules.chunk_analyzer:_apply_chunk_patches:649 - 找到匹配行，原始行号: 499，新行号: 177
2025-04-24 12:39:28.009 | INFO     | modules.chunk_analyzer:_apply_chunk_patches:666 - 尝试应用调整行号后的补丁: /tmp/tmpkqxg7e4k/adjusted.patch
2025-04-24 12:39:28.009 | INFO     | modules.chunk_analyzer:_run_git_command:1329 - 运行git命令: apply --ignore-space-change --ignore-whitespace /tmp/tmpkqxg7e4k/adjusted.patch
2025-04-24 12:39:28.011 | ERROR    | modules.chunk_analyzer:_run_git_command:1340 - Git命令执行失败: error: patch failed: tests/unit/keyspace.tcl:177
error: tests/unit/keyspace.tcl: patch does not apply

2025-04-24 12:39:28.012 | INFO     | modules.chunk_analyzer:_apply_chunk_patches:681 - 尝试调整行号失败: Command '['git', 'apply', '--ignore-space-change', '--ignore-whitespace', '/tmp/tmpkqxg7e4k/adjusted.patch']' returned non-zero exit status 1.
2025-04-24 12:39:28.012 | INFO     | modules.chunk_analyzer:_run_git_command:1329 - 运行git命令: reset --hard
2025-04-24 12:39:28.017 | INFO     | modules.chunk_analyzer:_apply_chunk_patches:649 - 找到匹配行，原始行号: 499，新行号: 178
2025-04-24 12:39:28.018 | INFO     | modules.chunk_analyzer:_apply_chunk_patches:666 - 尝试应用调整行号后的补丁: /tmp/tmp1h_6hw19/adjusted.patch
2025-04-24 12:39:28.018 | INFO     | modules.chunk_analyzer:_run_git_command:1329 - 运行git命令: apply --ignore-space-change --ignore-whitespace /tmp/tmp1h_6hw19/adjusted.patch
2025-04-24 12:39:28.020 | ERROR    | modules.chunk_analyzer:_run_git_command:1340 - Git命令执行失败: error: patch failed: tests/unit/keyspace.tcl:178
error: tests/unit/keyspace.tcl: patch does not apply

2025-04-24 12:39:28.020 | INFO     | modules.chunk_analyzer:_apply_chunk_patches:681 - 尝试调整行号失败: Command '['git', 'apply', '--ignore-space-change', '--ignore-whitespace', '/tmp/tmp1h_6hw19/adjusted.patch']' returned non-zero exit status 1.
2025-04-24 12:39:28.020 | INFO     | modules.chunk_analyzer:_run_git_command:1329 - 运行git命令: reset --hard
2025-04-24 12:39:28.026 | INFO     | modules.chunk_analyzer:_apply_chunk_patches:649 - 找到匹配行，原始行号: 499，新行号: 179
2025-04-24 12:39:28.026 | INFO     | modules.chunk_analyzer:_apply_chunk_patches:666 - 尝试应用调整行号后的补丁: /tmp/tmpebmudk3p/adjusted.patch
2025-04-24 12:39:28.026 | INFO     | modules.chunk_analyzer:_run_git_command:1329 - 运行git命令: apply --ignore-space-change --ignore-whitespace /tmp/tmpebmudk3p/adjusted.patch
2025-04-24 12:39:28.028 | ERROR    | modules.chunk_analyzer:_run_git_command:1340 - Git命令执行失败: error: patch failed: tests/unit/keyspace.tcl:179
error: tests/unit/keyspace.tcl: patch does not apply

2025-04-24 12:39:28.028 | INFO     | modules.chunk_analyzer:_apply_chunk_patches:681 - 尝试调整行号失败: Command '['git', 'apply', '--ignore-space-change', '--ignore-whitespace', '/tmp/tmpebmudk3p/adjusted.patch']' returned non-zero exit status 1.
2025-04-24 12:39:28.029 | INFO     | modules.chunk_analyzer:_run_git_command:1329 - 运行git命令: reset --hard
2025-04-24 12:39:28.034 | INFO     | modules.chunk_analyzer:_apply_chunk_patches:649 - 找到匹配行，原始行号: 499，新行号: 180
2025-04-24 12:39:28.035 | INFO     | modules.chunk_analyzer:_apply_chunk_patches:666 - 尝试应用调整行号后的补丁: /tmp/tmp2t_187vq/adjusted.patch
2025-04-24 12:39:28.035 | INFO     | modules.chunk_analyzer:_run_git_command:1329 - 运行git命令: apply --ignore-space-change --ignore-whitespace /tmp/tmp2t_187vq/adjusted.patch
2025-04-24 12:39:28.037 | ERROR    | modules.chunk_analyzer:_run_git_command:1340 - Git命令执行失败: error: patch failed: tests/unit/keyspace.tcl:180
error: tests/unit/keyspace.tcl: patch does not apply

2025-04-24 12:39:28.037 | INFO     | modules.chunk_analyzer:_apply_chunk_patches:681 - 尝试调整行号失败: Command '['git', 'apply', '--ignore-space-change', '--ignore-whitespace', '/tmp/tmp2t_187vq/adjusted.patch']' returned non-zero exit status 1.
2025-04-24 12:39:28.037 | INFO     | modules.chunk_analyzer:_run_git_command:1329 - 运行git命令: reset --hard
2025-04-24 12:39:28.042 | INFO     | modules.chunk_analyzer:_apply_chunk_patches:649 - 找到匹配行，原始行号: 499，新行号: 181
2025-04-24 12:39:28.043 | INFO     | modules.chunk_analyzer:_apply_chunk_patches:666 - 尝试应用调整行号后的补丁: /tmp/tmpv7nbvd95/adjusted.patch
2025-04-24 12:39:28.043 | INFO     | modules.chunk_analyzer:_run_git_command:1329 - 运行git命令: apply --ignore-space-change --ignore-whitespace /tmp/tmpv7nbvd95/adjusted.patch
2025-04-24 12:39:28.045 | ERROR    | modules.chunk_analyzer:_run_git_command:1340 - Git命令执行失败: error: patch failed: tests/unit/keyspace.tcl:181
error: tests/unit/keyspace.tcl: patch does not apply

2025-04-24 12:39:28.045 | INFO     | modules.chunk_analyzer:_apply_chunk_patches:681 - 尝试调整行号失败: Command '['git', 'apply', '--ignore-space-change', '--ignore-whitespace', '/tmp/tmpv7nbvd95/adjusted.patch']' returned non-zero exit status 1.
2025-04-24 12:39:28.045 | INFO     | modules.chunk_analyzer:_run_git_command:1329 - 运行git命令: reset --hard
2025-04-24 12:39:28.050 | INFO     | modules.chunk_analyzer:_apply_chunk_patches:649 - 找到匹配行，原始行号: 499，新行号: 182
2025-04-24 12:39:28.051 | INFO     | modules.chunk_analyzer:_apply_chunk_patches:666 - 尝试应用调整行号后的补丁: /tmp/tmpm9cpft29/adjusted.patch
2025-04-24 12:39:28.051 | INFO     | modules.chunk_analyzer:_run_git_command:1329 - 运行git命令: apply --ignore-space-change --ignore-whitespace /tmp/tmpm9cpft29/adjusted.patch
2025-04-24 12:39:28.053 | ERROR    | modules.chunk_analyzer:_run_git_command:1340 - Git命令执行失败: error: patch failed: tests/unit/keyspace.tcl:182
error: tests/unit/keyspace.tcl: patch does not apply

2025-04-24 12:39:28.053 | INFO     | modules.chunk_analyzer:_apply_chunk_patches:681 - 尝试调整行号失败: Command '['git', 'apply', '--ignore-space-change', '--ignore-whitespace', '/tmp/tmpm9cpft29/adjusted.patch']' returned non-zero exit status 1.
2025-04-24 12:39:28.053 | INFO     | modules.chunk_analyzer:_run_git_command:1329 - 运行git命令: reset --hard
2025-04-24 12:39:28.059 | INFO     | modules.chunk_analyzer:_apply_chunk_patches:649 - 找到匹配行，原始行号: 499，新行号: 183
2025-04-24 12:39:28.059 | INFO     | modules.chunk_analyzer:_apply_chunk_patches:666 - 尝试应用调整行号后的补丁: /tmp/tmpvkutr6lu/adjusted.patch
2025-04-24 12:39:28.059 | INFO     | modules.chunk_analyzer:_run_git_command:1329 - 运行git命令: apply --ignore-space-change --ignore-whitespace /tmp/tmpvkutr6lu/adjusted.patch
2025-04-24 12:39:28.061 | ERROR    | modules.chunk_analyzer:_run_git_command:1340 - Git命令执行失败: error: patch failed: tests/unit/keyspace.tcl:183
error: tests/unit/keyspace.tcl: patch does not apply

2025-04-24 12:39:28.061 | INFO     | modules.chunk_analyzer:_apply_chunk_patches:681 - 尝试调整行号失败: Command '['git', 'apply', '--ignore-space-change', '--ignore-whitespace', '/tmp/tmpvkutr6lu/adjusted.patch']' returned non-zero exit status 1.
2025-04-24 12:39:28.061 | INFO     | modules.chunk_analyzer:_run_git_command:1329 - 运行git命令: reset --hard
2025-04-24 12:39:28.067 | INFO     | modules.chunk_analyzer:_apply_chunk_patches:649 - 找到匹配行，原始行号: 499，新行号: 184
2025-04-24 12:39:28.067 | INFO     | modules.chunk_analyzer:_apply_chunk_patches:666 - 尝试应用调整行号后的补丁: /tmp/tmpmc34qk2p/adjusted.patch
2025-04-24 12:39:28.067 | INFO     | modules.chunk_analyzer:_run_git_command:1329 - 运行git命令: apply --ignore-space-change --ignore-whitespace /tmp/tmpmc34qk2p/adjusted.patch
2025-04-24 12:39:28.069 | ERROR    | modules.chunk_analyzer:_run_git_command:1340 - Git命令执行失败: error: patch failed: tests/unit/keyspace.tcl:184
error: tests/unit/keyspace.tcl: patch does not apply

2025-04-24 12:39:28.069 | INFO     | modules.chunk_analyzer:_apply_chunk_patches:681 - 尝试调整行号失败: Command '['git', 'apply', '--ignore-space-change', '--ignore-whitespace', '/tmp/tmpmc34qk2p/adjusted.patch']' returned non-zero exit status 1.
2025-04-24 12:39:28.070 | INFO     | modules.chunk_analyzer:_run_git_command:1329 - 运行git命令: reset --hard
2025-04-24 12:39:28.075 | INFO     | modules.chunk_analyzer:_apply_chunk_patches:649 - 找到匹配行，原始行号: 499，新行号: 185
2025-04-24 12:39:28.076 | INFO     | modules.chunk_analyzer:_apply_chunk_patches:666 - 尝试应用调整行号后的补丁: /tmp/tmp5wzg1cyk/adjusted.patch
2025-04-24 12:39:28.076 | INFO     | modules.chunk_analyzer:_run_git_command:1329 - 运行git命令: apply --ignore-space-change --ignore-whitespace /tmp/tmp5wzg1cyk/adjusted.patch
2025-04-24 12:39:28.078 | ERROR    | modules.chunk_analyzer:_run_git_command:1340 - Git命令执行失败: error: patch failed: tests/unit/keyspace.tcl:185
error: tests/unit/keyspace.tcl: patch does not apply

2025-04-24 12:39:28.078 | INFO     | modules.chunk_analyzer:_apply_chunk_patches:681 - 尝试调整行号失败: Command '['git', 'apply', '--ignore-space-change', '--ignore-whitespace', '/tmp/tmp5wzg1cyk/adjusted.patch']' returned non-zero exit status 1.
2025-04-24 12:39:28.078 | INFO     | modules.chunk_analyzer:_run_git_command:1329 - 运行git命令: reset --hard
2025-04-24 12:39:28.084 | INFO     | modules.chunk_analyzer:_apply_chunk_patches:649 - 找到匹配行，原始行号: 499，新行号: 186
2025-04-24 12:39:28.084 | INFO     | modules.chunk_analyzer:_apply_chunk_patches:666 - 尝试应用调整行号后的补丁: /tmp/tmp149887ye/adjusted.patch
2025-04-24 12:39:28.084 | INFO     | modules.chunk_analyzer:_run_git_command:1329 - 运行git命令: apply --ignore-space-change --ignore-whitespace /tmp/tmp149887ye/adjusted.patch
2025-04-24 12:39:28.086 | ERROR    | modules.chunk_analyzer:_run_git_command:1340 - Git命令执行失败: error: patch failed: tests/unit/keyspace.tcl:186
error: tests/unit/keyspace.tcl: patch does not apply

2025-04-24 12:39:28.086 | INFO     | modules.chunk_analyzer:_apply_chunk_patches:681 - 尝试调整行号失败: Command '['git', 'apply', '--ignore-space-change', '--ignore-whitespace', '/tmp/tmp149887ye/adjusted.patch']' returned non-zero exit status 1.
2025-04-24 12:39:28.087 | INFO     | modules.chunk_analyzer:_run_git_command:1329 - 运行git命令: reset --hard
2025-04-24 12:39:28.092 | INFO     | modules.chunk_analyzer:_apply_chunk_patches:649 - 找到匹配行，原始行号: 499，新行号: 187
2025-04-24 12:39:28.093 | INFO     | modules.chunk_analyzer:_apply_chunk_patches:666 - 尝试应用调整行号后的补丁: /tmp/tmpiqv_uni8/adjusted.patch
2025-04-24 12:39:28.093 | INFO     | modules.chunk_analyzer:_run_git_command:1329 - 运行git命令: apply --ignore-space-change --ignore-whitespace /tmp/tmpiqv_uni8/adjusted.patch
2025-04-24 12:39:28.095 | ERROR    | modules.chunk_analyzer:_run_git_command:1340 - Git命令执行失败: error: patch failed: tests/unit/keyspace.tcl:187
error: tests/unit/keyspace.tcl: patch does not apply

2025-04-24 12:39:28.095 | INFO     | modules.chunk_analyzer:_apply_chunk_patches:681 - 尝试调整行号失败: Command '['git', 'apply', '--ignore-space-change', '--ignore-whitespace', '/tmp/tmpiqv_uni8/adjusted.patch']' returned non-zero exit status 1.
2025-04-24 12:39:28.095 | INFO     | modules.chunk_analyzer:_run_git_command:1329 - 运行git命令: reset --hard
2025-04-24 12:39:28.101 | INFO     | modules.chunk_analyzer:_apply_chunk_patches:649 - 找到匹配行，原始行号: 499，新行号: 188
2025-04-24 12:39:28.101 | INFO     | modules.chunk_analyzer:_apply_chunk_patches:666 - 尝试应用调整行号后的补丁: /tmp/tmpjaf40pd1/adjusted.patch
2025-04-24 12:39:28.101 | INFO     | modules.chunk_analyzer:_run_git_command:1329 - 运行git命令: apply --ignore-space-change --ignore-whitespace /tmp/tmpjaf40pd1/adjusted.patch
2025-04-24 12:39:28.103 | ERROR    | modules.chunk_analyzer:_run_git_command:1340 - Git命令执行失败: error: patch failed: tests/unit/keyspace.tcl:188
error: tests/unit/keyspace.tcl: patch does not apply

2025-04-24 12:39:28.103 | INFO     | modules.chunk_analyzer:_apply_chunk_patches:681 - 尝试调整行号失败: Command '['git', 'apply', '--ignore-space-change', '--ignore-whitespace', '/tmp/tmpjaf40pd1/adjusted.patch']' returned non-zero exit status 1.
2025-04-24 12:39:28.104 | INFO     | modules.chunk_analyzer:_run_git_command:1329 - 运行git命令: reset --hard
2025-04-24 12:39:28.109 | INFO     | modules.chunk_analyzer:_apply_chunk_patches:649 - 找到匹配行，原始行号: 499，新行号: 189
2025-04-24 12:39:28.110 | INFO     | modules.chunk_analyzer:_apply_chunk_patches:666 - 尝试应用调整行号后的补丁: /tmp/tmpgt5p21te/adjusted.patch
2025-04-24 12:39:28.110 | INFO     | modules.chunk_analyzer:_run_git_command:1329 - 运行git命令: apply --ignore-space-change --ignore-whitespace /tmp/tmpgt5p21te/adjusted.patch
2025-04-24 12:39:28.112 | ERROR    | modules.chunk_analyzer:_run_git_command:1340 - Git命令执行失败: error: patch failed: tests/unit/keyspace.tcl:189
error: tests/unit/keyspace.tcl: patch does not apply

2025-04-24 12:39:28.112 | INFO     | modules.chunk_analyzer:_apply_chunk_patches:681 - 尝试调整行号失败: Command '['git', 'apply', '--ignore-space-change', '--ignore-whitespace', '/tmp/tmpgt5p21te/adjusted.patch']' returned non-zero exit status 1.
2025-04-24 12:39:28.112 | INFO     | modules.chunk_analyzer:_run_git_command:1329 - 运行git命令: reset --hard
2025-04-24 12:39:28.118 | INFO     | modules.chunk_analyzer:_apply_chunk_patches:649 - 找到匹配行，原始行号: 499，新行号: 190
2025-04-24 12:39:28.118 | INFO     | modules.chunk_analyzer:_apply_chunk_patches:666 - 尝试应用调整行号后的补丁: /tmp/tmpd9twx__8/adjusted.patch
2025-04-24 12:39:28.118 | INFO     | modules.chunk_analyzer:_run_git_command:1329 - 运行git命令: apply --ignore-space-change --ignore-whitespace /tmp/tmpd9twx__8/adjusted.patch
2025-04-24 12:39:28.120 | ERROR    | modules.chunk_analyzer:_run_git_command:1340 - Git命令执行失败: error: patch failed: tests/unit/keyspace.tcl:190
error: tests/unit/keyspace.tcl: patch does not apply

2025-04-24 12:39:28.120 | INFO     | modules.chunk_analyzer:_apply_chunk_patches:681 - 尝试调整行号失败: Command '['git', 'apply', '--ignore-space-change', '--ignore-whitespace', '/tmp/tmpd9twx__8/adjusted.patch']' returned non-zero exit status 1.
2025-04-24 12:39:28.121 | INFO     | modules.chunk_analyzer:_run_git_command:1329 - 运行git命令: reset --hard
2025-04-24 12:39:28.126 | INFO     | modules.chunk_analyzer:_apply_chunk_patches:649 - 找到匹配行，原始行号: 499，新行号: 191
2025-04-24 12:39:28.127 | INFO     | modules.chunk_analyzer:_apply_chunk_patches:666 - 尝试应用调整行号后的补丁: /tmp/tmpl2swg0fb/adjusted.patch
2025-04-24 12:39:28.127 | INFO     | modules.chunk_analyzer:_run_git_command:1329 - 运行git命令: apply --ignore-space-change --ignore-whitespace /tmp/tmpl2swg0fb/adjusted.patch
2025-04-24 12:39:28.129 | ERROR    | modules.chunk_analyzer:_run_git_command:1340 - Git命令执行失败: error: patch failed: tests/unit/keyspace.tcl:191
error: tests/unit/keyspace.tcl: patch does not apply

2025-04-24 12:39:28.129 | INFO     | modules.chunk_analyzer:_apply_chunk_patches:681 - 尝试调整行号失败: Command '['git', 'apply', '--ignore-space-change', '--ignore-whitespace', '/tmp/tmpl2swg0fb/adjusted.patch']' returned non-zero exit status 1.
2025-04-24 12:39:28.129 | INFO     | modules.chunk_analyzer:_run_git_command:1329 - 运行git命令: reset --hard
2025-04-24 12:39:28.135 | INFO     | modules.chunk_analyzer:_apply_chunk_patches:649 - 找到匹配行，原始行号: 499，新行号: 192
2025-04-24 12:39:28.135 | INFO     | modules.chunk_analyzer:_apply_chunk_patches:666 - 尝试应用调整行号后的补丁: /tmp/tmpjrsxxs_f/adjusted.patch
2025-04-24 12:39:28.135 | INFO     | modules.chunk_analyzer:_run_git_command:1329 - 运行git命令: apply --ignore-space-change --ignore-whitespace /tmp/tmpjrsxxs_f/adjusted.patch
2025-04-24 12:39:28.137 | ERROR    | modules.chunk_analyzer:_run_git_command:1340 - Git命令执行失败: error: patch failed: tests/unit/keyspace.tcl:192
error: tests/unit/keyspace.tcl: patch does not apply

2025-04-24 12:39:28.137 | INFO     | modules.chunk_analyzer:_apply_chunk_patches:681 - 尝试调整行号失败: Command '['git', 'apply', '--ignore-space-change', '--ignore-whitespace', '/tmp/tmpjrsxxs_f/adjusted.patch']' returned non-zero exit status 1.
2025-04-24 12:39:28.138 | INFO     | modules.chunk_analyzer:_run_git_command:1329 - 运行git命令: reset --hard
2025-04-24 12:39:28.143 | INFO     | modules.chunk_analyzer:_apply_chunk_patches:649 - 找到匹配行，原始行号: 499，新行号: 193
2025-04-24 12:39:28.143 | INFO     | modules.chunk_analyzer:_apply_chunk_patches:666 - 尝试应用调整行号后的补丁: /tmp/tmpd136umzb/adjusted.patch
2025-04-24 12:39:28.144 | INFO     | modules.chunk_analyzer:_run_git_command:1329 - 运行git命令: apply --ignore-space-change --ignore-whitespace /tmp/tmpd136umzb/adjusted.patch
2025-04-24 12:39:28.145 | ERROR    | modules.chunk_analyzer:_run_git_command:1340 - Git命令执行失败: error: patch failed: tests/unit/keyspace.tcl:193
error: tests/unit/keyspace.tcl: patch does not apply

2025-04-24 12:39:28.146 | INFO     | modules.chunk_analyzer:_apply_chunk_patches:681 - 尝试调整行号失败: Command '['git', 'apply', '--ignore-space-change', '--ignore-whitespace', '/tmp/tmpd136umzb/adjusted.patch']' returned non-zero exit status 1.
2025-04-24 12:39:28.146 | INFO     | modules.chunk_analyzer:_run_git_command:1329 - 运行git命令: reset --hard
2025-04-24 12:39:28.151 | INFO     | modules.chunk_analyzer:_apply_chunk_patches:649 - 找到匹配行，原始行号: 499，新行号: 194
2025-04-24 12:39:28.151 | INFO     | modules.chunk_analyzer:_apply_chunk_patches:666 - 尝试应用调整行号后的补丁: /tmp/tmpx7hnnjhg/adjusted.patch
2025-04-24 12:39:28.152 | INFO     | modules.chunk_analyzer:_run_git_command:1329 - 运行git命令: apply --ignore-space-change --ignore-whitespace /tmp/tmpx7hnnjhg/adjusted.patch
2025-04-24 12:39:28.154 | ERROR    | modules.chunk_analyzer:_run_git_command:1340 - Git命令执行失败: error: patch failed: tests/unit/keyspace.tcl:194
error: tests/unit/keyspace.tcl: patch does not apply

2025-04-24 12:39:28.154 | INFO     | modules.chunk_analyzer:_apply_chunk_patches:681 - 尝试调整行号失败: Command '['git', 'apply', '--ignore-space-change', '--ignore-whitespace', '/tmp/tmpx7hnnjhg/adjusted.patch']' returned non-zero exit status 1.
2025-04-24 12:39:28.154 | INFO     | modules.chunk_analyzer:_run_git_command:1329 - 运行git命令: reset --hard
2025-04-24 12:39:28.160 | INFO     | modules.chunk_analyzer:_apply_chunk_patches:649 - 找到匹配行，原始行号: 499，新行号: 195
2025-04-24 12:39:28.160 | INFO     | modules.chunk_analyzer:_apply_chunk_patches:666 - 尝试应用调整行号后的补丁: /tmp/tmptehu3z7g/adjusted.patch
2025-04-24 12:39:28.160 | INFO     | modules.chunk_analyzer:_run_git_command:1329 - 运行git命令: apply --ignore-space-change --ignore-whitespace /tmp/tmptehu3z7g/adjusted.patch
2025-04-24 12:39:28.162 | ERROR    | modules.chunk_analyzer:_run_git_command:1340 - Git命令执行失败: error: patch failed: tests/unit/keyspace.tcl:195
error: tests/unit/keyspace.tcl: patch does not apply

2025-04-24 12:39:28.162 | INFO     | modules.chunk_analyzer:_apply_chunk_patches:681 - 尝试调整行号失败: Command '['git', 'apply', '--ignore-space-change', '--ignore-whitespace', '/tmp/tmptehu3z7g/adjusted.patch']' returned non-zero exit status 1.
2025-04-24 12:39:28.163 | INFO     | modules.chunk_analyzer:_run_git_command:1329 - 运行git命令: reset --hard
2025-04-24 12:39:28.168 | INFO     | modules.chunk_analyzer:_apply_chunk_patches:649 - 找到匹配行，原始行号: 499，新行号: 196
2025-04-24 12:39:28.168 | INFO     | modules.chunk_analyzer:_apply_chunk_patches:666 - 尝试应用调整行号后的补丁: /tmp/tmpke_56ie6/adjusted.patch
2025-04-24 12:39:28.169 | INFO     | modules.chunk_analyzer:_run_git_command:1329 - 运行git命令: apply --ignore-space-change --ignore-whitespace /tmp/tmpke_56ie6/adjusted.patch
2025-04-24 12:39:28.171 | ERROR    | modules.chunk_analyzer:_run_git_command:1340 - Git命令执行失败: error: patch failed: tests/unit/keyspace.tcl:196
error: tests/unit/keyspace.tcl: patch does not apply

2025-04-24 12:39:28.171 | INFO     | modules.chunk_analyzer:_apply_chunk_patches:681 - 尝试调整行号失败: Command '['git', 'apply', '--ignore-space-change', '--ignore-whitespace', '/tmp/tmpke_56ie6/adjusted.patch']' returned non-zero exit status 1.
2025-04-24 12:39:28.171 | INFO     | modules.chunk_analyzer:_run_git_command:1329 - 运行git命令: reset --hard
2025-04-24 12:39:28.176 | INFO     | modules.chunk_analyzer:_apply_chunk_patches:649 - 找到匹配行，原始行号: 499，新行号: 197
2025-04-24 12:39:28.177 | INFO     | modules.chunk_analyzer:_apply_chunk_patches:666 - 尝试应用调整行号后的补丁: /tmp/tmpxhybo66o/adjusted.patch
2025-04-24 12:39:28.177 | INFO     | modules.chunk_analyzer:_run_git_command:1329 - 运行git命令: apply --ignore-space-change --ignore-whitespace /tmp/tmpxhybo66o/adjusted.patch
2025-04-24 12:39:28.179 | ERROR    | modules.chunk_analyzer:_run_git_command:1340 - Git命令执行失败: error: patch failed: tests/unit/keyspace.tcl:197
error: tests/unit/keyspace.tcl: patch does not apply

2025-04-24 12:39:28.179 | INFO     | modules.chunk_analyzer:_apply_chunk_patches:681 - 尝试调整行号失败: Command '['git', 'apply', '--ignore-space-change', '--ignore-whitespace', '/tmp/tmpxhybo66o/adjusted.patch']' returned non-zero exit status 1.
2025-04-24 12:39:28.179 | INFO     | modules.chunk_analyzer:_run_git_command:1329 - 运行git命令: reset --hard
2025-04-24 12:39:28.184 | INFO     | modules.chunk_analyzer:_apply_chunk_patches:649 - 找到匹配行，原始行号: 499，新行号: 198
2025-04-24 12:39:28.185 | INFO     | modules.chunk_analyzer:_apply_chunk_patches:666 - 尝试应用调整行号后的补丁: /tmp/tmpa84ev_uw/adjusted.patch
2025-04-24 12:39:28.185 | INFO     | modules.chunk_analyzer:_run_git_command:1329 - 运行git命令: apply --ignore-space-change --ignore-whitespace /tmp/tmpa84ev_uw/adjusted.patch
2025-04-24 12:39:28.187 | ERROR    | modules.chunk_analyzer:_run_git_command:1340 - Git命令执行失败: error: patch failed: tests/unit/keyspace.tcl:198
error: tests/unit/keyspace.tcl: patch does not apply

2025-04-24 12:39:28.187 | INFO     | modules.chunk_analyzer:_apply_chunk_patches:681 - 尝试调整行号失败: Command '['git', 'apply', '--ignore-space-change', '--ignore-whitespace', '/tmp/tmpa84ev_uw/adjusted.patch']' returned non-zero exit status 1.
2025-04-24 12:39:28.188 | INFO     | modules.chunk_analyzer:_run_git_command:1329 - 运行git命令: reset --hard
2025-04-24 12:39:28.193 | INFO     | modules.chunk_analyzer:_apply_chunk_patches:649 - 找到匹配行，原始行号: 499，新行号: 199
2025-04-24 12:39:28.193 | INFO     | modules.chunk_analyzer:_apply_chunk_patches:666 - 尝试应用调整行号后的补丁: /tmp/tmp_gc3xw_e/adjusted.patch
2025-04-24 12:39:28.193 | INFO     | modules.chunk_analyzer:_run_git_command:1329 - 运行git命令: apply --ignore-space-change --ignore-whitespace /tmp/tmp_gc3xw_e/adjusted.patch
2025-04-24 12:39:28.195 | ERROR    | modules.chunk_analyzer:_run_git_command:1340 - Git命令执行失败: error: patch failed: tests/unit/keyspace.tcl:199
error: tests/unit/keyspace.tcl: patch does not apply

2025-04-24 12:39:28.195 | INFO     | modules.chunk_analyzer:_apply_chunk_patches:681 - 尝试调整行号失败: Command '['git', 'apply', '--ignore-space-change', '--ignore-whitespace', '/tmp/tmp_gc3xw_e/adjusted.patch']' returned non-zero exit status 1.
2025-04-24 12:39:28.196 | INFO     | modules.chunk_analyzer:_run_git_command:1329 - 运行git命令: reset --hard
2025-04-24 12:39:28.201 | INFO     | modules.chunk_analyzer:_apply_chunk_patches:649 - 找到匹配行，原始行号: 499，新行号: 200
2025-04-24 12:39:28.202 | INFO     | modules.chunk_analyzer:_apply_chunk_patches:666 - 尝试应用调整行号后的补丁: /tmp/tmp2x5sgylh/adjusted.patch
2025-04-24 12:39:28.202 | INFO     | modules.chunk_analyzer:_run_git_command:1329 - 运行git命令: apply --ignore-space-change --ignore-whitespace /tmp/tmp2x5sgylh/adjusted.patch
2025-04-24 12:39:28.204 | ERROR    | modules.chunk_analyzer:_run_git_command:1340 - Git命令执行失败: error: patch failed: tests/unit/keyspace.tcl:200
error: tests/unit/keyspace.tcl: patch does not apply

2025-04-24 12:39:28.204 | INFO     | modules.chunk_analyzer:_apply_chunk_patches:681 - 尝试调整行号失败: Command '['git', 'apply', '--ignore-space-change', '--ignore-whitespace', '/tmp/tmp2x5sgylh/adjusted.patch']' returned non-zero exit status 1.
2025-04-24 12:39:28.205 | INFO     | modules.chunk_analyzer:_run_git_command:1329 - 运行git命令: reset --hard
2025-04-24 12:39:28.210 | INFO     | modules.chunk_analyzer:_apply_chunk_patches:649 - 找到匹配行，原始行号: 499，新行号: 201
2025-04-24 12:39:28.210 | INFO     | modules.chunk_analyzer:_apply_chunk_patches:666 - 尝试应用调整行号后的补丁: /tmp/tmph_365ghm/adjusted.patch
2025-04-24 12:39:28.210 | INFO     | modules.chunk_analyzer:_run_git_command:1329 - 运行git命令: apply --ignore-space-change --ignore-whitespace /tmp/tmph_365ghm/adjusted.patch
2025-04-24 12:39:28.212 | ERROR    | modules.chunk_analyzer:_run_git_command:1340 - Git命令执行失败: error: patch failed: tests/unit/keyspace.tcl:201
error: tests/unit/keyspace.tcl: patch does not apply

2025-04-24 12:39:28.212 | INFO     | modules.chunk_analyzer:_apply_chunk_patches:681 - 尝试调整行号失败: Command '['git', 'apply', '--ignore-space-change', '--ignore-whitespace', '/tmp/tmph_365ghm/adjusted.patch']' returned non-zero exit status 1.
2025-04-24 12:39:28.213 | INFO     | modules.chunk_analyzer:_run_git_command:1329 - 运行git命令: reset --hard
2025-04-24 12:39:28.218 | INFO     | modules.chunk_analyzer:_apply_chunk_patches:649 - 找到匹配行，原始行号: 499，新行号: 202
2025-04-24 12:39:28.219 | INFO     | modules.chunk_analyzer:_apply_chunk_patches:666 - 尝试应用调整行号后的补丁: /tmp/tmph6hcj4u3/adjusted.patch
2025-04-24 12:39:28.219 | INFO     | modules.chunk_analyzer:_run_git_command:1329 - 运行git命令: apply --ignore-space-change --ignore-whitespace /tmp/tmph6hcj4u3/adjusted.patch
2025-04-24 12:39:28.221 | ERROR    | modules.chunk_analyzer:_run_git_command:1340 - Git命令执行失败: error: patch failed: tests/unit/keyspace.tcl:202
error: tests/unit/keyspace.tcl: patch does not apply

2025-04-24 12:39:28.221 | INFO     | modules.chunk_analyzer:_apply_chunk_patches:681 - 尝试调整行号失败: Command '['git', 'apply', '--ignore-space-change', '--ignore-whitespace', '/tmp/tmph6hcj4u3/adjusted.patch']' returned non-zero exit status 1.
2025-04-24 12:39:28.221 | INFO     | modules.chunk_analyzer:_run_git_command:1329 - 运行git命令: reset --hard
2025-04-24 12:39:28.226 | INFO     | modules.chunk_analyzer:_apply_chunk_patches:649 - 找到匹配行，原始行号: 499，新行号: 203
2025-04-24 12:39:28.227 | INFO     | modules.chunk_analyzer:_apply_chunk_patches:666 - 尝试应用调整行号后的补丁: /tmp/tmpzf9fd4d6/adjusted.patch
2025-04-24 12:39:28.227 | INFO     | modules.chunk_analyzer:_run_git_command:1329 - 运行git命令: apply --ignore-space-change --ignore-whitespace /tmp/tmpzf9fd4d6/adjusted.patch
2025-04-24 12:39:28.229 | ERROR    | modules.chunk_analyzer:_run_git_command:1340 - Git命令执行失败: error: patch failed: tests/unit/keyspace.tcl:203
error: tests/unit/keyspace.tcl: patch does not apply

2025-04-24 12:39:28.229 | INFO     | modules.chunk_analyzer:_apply_chunk_patches:681 - 尝试调整行号失败: Command '['git', 'apply', '--ignore-space-change', '--ignore-whitespace', '/tmp/tmpzf9fd4d6/adjusted.patch']' returned non-zero exit status 1.
2025-04-24 12:39:28.229 | INFO     | modules.chunk_analyzer:_run_git_command:1329 - 运行git命令: reset --hard
2025-04-24 12:39:28.235 | INFO     | modules.chunk_analyzer:_apply_chunk_patches:649 - 找到匹配行，原始行号: 499，新行号: 204
2025-04-24 12:39:28.235 | INFO     | modules.chunk_analyzer:_apply_chunk_patches:666 - 尝试应用调整行号后的补丁: /tmp/tmp1bhpwjq6/adjusted.patch
2025-04-24 12:39:28.235 | INFO     | modules.chunk_analyzer:_run_git_command:1329 - 运行git命令: apply --ignore-space-change --ignore-whitespace /tmp/tmp1bhpwjq6/adjusted.patch
2025-04-24 12:39:28.237 | ERROR    | modules.chunk_analyzer:_run_git_command:1340 - Git命令执行失败: error: patch failed: tests/unit/keyspace.tcl:204
error: tests/unit/keyspace.tcl: patch does not apply

2025-04-24 12:39:28.238 | INFO     | modules.chunk_analyzer:_apply_chunk_patches:681 - 尝试调整行号失败: Command '['git', 'apply', '--ignore-space-change', '--ignore-whitespace', '/tmp/tmp1bhpwjq6/adjusted.patch']' returned non-zero exit status 1.
2025-04-24 12:39:28.238 | INFO     | modules.chunk_analyzer:_run_git_command:1329 - 运行git命令: reset --hard
2025-04-24 12:39:28.243 | INFO     | modules.chunk_analyzer:_apply_chunk_patches:649 - 找到匹配行，原始行号: 499，新行号: 205
2025-04-24 12:39:28.243 | INFO     | modules.chunk_analyzer:_apply_chunk_patches:666 - 尝试应用调整行号后的补丁: /tmp/tmptrs5vc3c/adjusted.patch
2025-04-24 12:39:28.244 | INFO     | modules.chunk_analyzer:_run_git_command:1329 - 运行git命令: apply --ignore-space-change --ignore-whitespace /tmp/tmptrs5vc3c/adjusted.patch
2025-04-24 12:39:28.245 | ERROR    | modules.chunk_analyzer:_run_git_command:1340 - Git命令执行失败: error: patch failed: tests/unit/keyspace.tcl:205
error: tests/unit/keyspace.tcl: patch does not apply

2025-04-24 12:39:28.246 | INFO     | modules.chunk_analyzer:_apply_chunk_patches:681 - 尝试调整行号失败: Command '['git', 'apply', '--ignore-space-change', '--ignore-whitespace', '/tmp/tmptrs5vc3c/adjusted.patch']' returned non-zero exit status 1.
2025-04-24 12:39:28.246 | INFO     | modules.chunk_analyzer:_run_git_command:1329 - 运行git命令: reset --hard
2025-04-24 12:39:28.252 | INFO     | modules.chunk_analyzer:_apply_chunk_patches:649 - 找到匹配行，原始行号: 499，新行号: 206
2025-04-24 12:39:28.252 | INFO     | modules.chunk_analyzer:_apply_chunk_patches:666 - 尝试应用调整行号后的补丁: /tmp/tmp_2xb_ecr/adjusted.patch
2025-04-24 12:39:28.252 | INFO     | modules.chunk_analyzer:_run_git_command:1329 - 运行git命令: apply --ignore-space-change --ignore-whitespace /tmp/tmp_2xb_ecr/adjusted.patch
2025-04-24 12:39:28.254 | ERROR    | modules.chunk_analyzer:_run_git_command:1340 - Git命令执行失败: error: patch failed: tests/unit/keyspace.tcl:206
error: tests/unit/keyspace.tcl: patch does not apply

2025-04-24 12:39:28.255 | INFO     | modules.chunk_analyzer:_apply_chunk_patches:681 - 尝试调整行号失败: Command '['git', 'apply', '--ignore-space-change', '--ignore-whitespace', '/tmp/tmp_2xb_ecr/adjusted.patch']' returned non-zero exit status 1.
2025-04-24 12:39:28.255 | INFO     | modules.chunk_analyzer:_run_git_command:1329 - 运行git命令: reset --hard
2025-04-24 12:39:28.260 | INFO     | modules.chunk_analyzer:_apply_chunk_patches:649 - 找到匹配行，原始行号: 499，新行号: 207
2025-04-24 12:39:28.260 | INFO     | modules.chunk_analyzer:_apply_chunk_patches:666 - 尝试应用调整行号后的补丁: /tmp/tmpqbunqy_6/adjusted.patch
2025-04-24 12:39:28.261 | INFO     | modules.chunk_analyzer:_run_git_command:1329 - 运行git命令: apply --ignore-space-change --ignore-whitespace /tmp/tmpqbunqy_6/adjusted.patch
2025-04-24 12:39:28.263 | ERROR    | modules.chunk_analyzer:_run_git_command:1340 - Git命令执行失败: error: patch failed: tests/unit/keyspace.tcl:207
error: tests/unit/keyspace.tcl: patch does not apply

2025-04-24 12:39:28.263 | INFO     | modules.chunk_analyzer:_apply_chunk_patches:681 - 尝试调整行号失败: Command '['git', 'apply', '--ignore-space-change', '--ignore-whitespace', '/tmp/tmpqbunqy_6/adjusted.patch']' returned non-zero exit status 1.
2025-04-24 12:39:28.263 | INFO     | modules.chunk_analyzer:_run_git_command:1329 - 运行git命令: reset --hard
2025-04-24 12:39:28.269 | INFO     | modules.chunk_analyzer:_apply_chunk_patches:649 - 找到匹配行，原始行号: 499，新行号: 208
2025-04-24 12:39:28.269 | INFO     | modules.chunk_analyzer:_apply_chunk_patches:666 - 尝试应用调整行号后的补丁: /tmp/tmpc2lqetct/adjusted.patch
2025-04-24 12:39:28.269 | INFO     | modules.chunk_analyzer:_run_git_command:1329 - 运行git命令: apply --ignore-space-change --ignore-whitespace /tmp/tmpc2lqetct/adjusted.patch
2025-04-24 12:39:28.271 | ERROR    | modules.chunk_analyzer:_run_git_command:1340 - Git命令执行失败: error: patch failed: tests/unit/keyspace.tcl:208
error: tests/unit/keyspace.tcl: patch does not apply

2025-04-24 12:39:28.272 | INFO     | modules.chunk_analyzer:_apply_chunk_patches:681 - 尝试调整行号失败: Command '['git', 'apply', '--ignore-space-change', '--ignore-whitespace', '/tmp/tmpc2lqetct/adjusted.patch']' returned non-zero exit status 1.
2025-04-24 12:39:28.272 | INFO     | modules.chunk_analyzer:_run_git_command:1329 - 运行git命令: reset --hard
2025-04-24 12:39:28.278 | INFO     | modules.chunk_analyzer:_apply_chunk_patches:649 - 找到匹配行，原始行号: 499，新行号: 209
2025-04-24 12:39:28.278 | INFO     | modules.chunk_analyzer:_apply_chunk_patches:666 - 尝试应用调整行号后的补丁: /tmp/tmpqh57iz3_/adjusted.patch
2025-04-24 12:39:28.278 | INFO     | modules.chunk_analyzer:_run_git_command:1329 - 运行git命令: apply --ignore-space-change --ignore-whitespace /tmp/tmpqh57iz3_/adjusted.patch
2025-04-24 12:39:28.281 | ERROR    | modules.chunk_analyzer:_run_git_command:1340 - Git命令执行失败: error: patch failed: tests/unit/keyspace.tcl:209
error: tests/unit/keyspace.tcl: patch does not apply

2025-04-24 12:39:28.281 | INFO     | modules.chunk_analyzer:_apply_chunk_patches:681 - 尝试调整行号失败: Command '['git', 'apply', '--ignore-space-change', '--ignore-whitespace', '/tmp/tmpqh57iz3_/adjusted.patch']' returned non-zero exit status 1.
2025-04-24 12:39:28.281 | INFO     | modules.chunk_analyzer:_run_git_command:1329 - 运行git命令: reset --hard
2025-04-24 12:39:28.286 | INFO     | modules.chunk_analyzer:_apply_chunk_patches:649 - 找到匹配行，原始行号: 499，新行号: 210
2025-04-24 12:39:28.287 | INFO     | modules.chunk_analyzer:_apply_chunk_patches:666 - 尝试应用调整行号后的补丁: /tmp/tmpebyxasy2/adjusted.patch
2025-04-24 12:39:28.287 | INFO     | modules.chunk_analyzer:_run_git_command:1329 - 运行git命令: apply --ignore-space-change --ignore-whitespace /tmp/tmpebyxasy2/adjusted.patch
2025-04-24 12:39:28.289 | ERROR    | modules.chunk_analyzer:_run_git_command:1340 - Git命令执行失败: error: patch failed: tests/unit/keyspace.tcl:210
error: tests/unit/keyspace.tcl: patch does not apply

2025-04-24 12:39:28.289 | INFO     | modules.chunk_analyzer:_apply_chunk_patches:681 - 尝试调整行号失败: Command '['git', 'apply', '--ignore-space-change', '--ignore-whitespace', '/tmp/tmpebyxasy2/adjusted.patch']' returned non-zero exit status 1.
2025-04-24 12:39:28.290 | INFO     | modules.chunk_analyzer:_run_git_command:1329 - 运行git命令: reset --hard
2025-04-24 12:39:28.295 | INFO     | modules.chunk_analyzer:_apply_chunk_patches:649 - 找到匹配行，原始行号: 499，新行号: 211
2025-04-24 12:39:28.295 | INFO     | modules.chunk_analyzer:_apply_chunk_patches:666 - 尝试应用调整行号后的补丁: /tmp/tmpvof8hid0/adjusted.patch
2025-04-24 12:39:28.296 | INFO     | modules.chunk_analyzer:_run_git_command:1329 - 运行git命令: apply --ignore-space-change --ignore-whitespace /tmp/tmpvof8hid0/adjusted.patch
2025-04-24 12:39:28.298 | ERROR    | modules.chunk_analyzer:_run_git_command:1340 - Git命令执行失败: error: patch failed: tests/unit/keyspace.tcl:211
error: tests/unit/keyspace.tcl: patch does not apply

2025-04-24 12:39:28.298 | INFO     | modules.chunk_analyzer:_apply_chunk_patches:681 - 尝试调整行号失败: Command '['git', 'apply', '--ignore-space-change', '--ignore-whitespace', '/tmp/tmpvof8hid0/adjusted.patch']' returned non-zero exit status 1.
2025-04-24 12:39:28.298 | INFO     | modules.chunk_analyzer:_run_git_command:1329 - 运行git命令: reset --hard
2025-04-24 12:39:28.303 | INFO     | modules.chunk_analyzer:_apply_chunk_patches:649 - 找到匹配行，原始行号: 499，新行号: 212
2025-04-24 12:39:28.304 | INFO     | modules.chunk_analyzer:_apply_chunk_patches:666 - 尝试应用调整行号后的补丁: /tmp/tmpu01i_o_w/adjusted.patch
2025-04-24 12:39:28.304 | INFO     | modules.chunk_analyzer:_run_git_command:1329 - 运行git命令: apply --ignore-space-change --ignore-whitespace /tmp/tmpu01i_o_w/adjusted.patch
2025-04-24 12:39:28.307 | ERROR    | modules.chunk_analyzer:_run_git_command:1340 - Git命令执行失败: error: patch failed: tests/unit/keyspace.tcl:212
error: tests/unit/keyspace.tcl: patch does not apply

2025-04-24 12:39:28.307 | INFO     | modules.chunk_analyzer:_apply_chunk_patches:681 - 尝试调整行号失败: Command '['git', 'apply', '--ignore-space-change', '--ignore-whitespace', '/tmp/tmpu01i_o_w/adjusted.patch']' returned non-zero exit status 1.
2025-04-24 12:39:28.308 | INFO     | modules.chunk_analyzer:_run_git_command:1329 - 运行git命令: reset --hard
2025-04-24 12:39:28.312 | INFO     | modules.chunk_analyzer:_apply_chunk_patches:649 - 找到匹配行，原始行号: 499，新行号: 213
2025-04-24 12:39:28.314 | INFO     | modules.chunk_analyzer:_apply_chunk_patches:666 - 尝试应用调整行号后的补丁: /tmp/tmp514z0g3f/adjusted.patch
2025-04-24 12:39:28.314 | INFO     | modules.chunk_analyzer:_run_git_command:1329 - 运行git命令: apply --ignore-space-change --ignore-whitespace /tmp/tmp514z0g3f/adjusted.patch
2025-04-24 12:39:28.316 | ERROR    | modules.chunk_analyzer:_run_git_command:1340 - Git命令执行失败: error: patch failed: tests/unit/keyspace.tcl:213
error: tests/unit/keyspace.tcl: patch does not apply

2025-04-24 12:39:28.316 | INFO     | modules.chunk_analyzer:_apply_chunk_patches:681 - 尝试调整行号失败: Command '['git', 'apply', '--ignore-space-change', '--ignore-whitespace', '/tmp/tmp514z0g3f/adjusted.patch']' returned non-zero exit status 1.
2025-04-24 12:39:28.317 | INFO     | modules.chunk_analyzer:_run_git_command:1329 - 运行git命令: reset --hard
2025-04-24 12:39:28.322 | INFO     | modules.chunk_analyzer:_apply_chunk_patches:649 - 找到匹配行，原始行号: 499，新行号: 214
2025-04-24 12:39:28.323 | INFO     | modules.chunk_analyzer:_apply_chunk_patches:666 - 尝试应用调整行号后的补丁: /tmp/tmp_m_8ndbz/adjusted.patch
2025-04-24 12:39:28.323 | INFO     | modules.chunk_analyzer:_run_git_command:1329 - 运行git命令: apply --ignore-space-change --ignore-whitespace /tmp/tmp_m_8ndbz/adjusted.patch
2025-04-24 12:39:28.325 | ERROR    | modules.chunk_analyzer:_run_git_command:1340 - Git命令执行失败: error: patch failed: tests/unit/keyspace.tcl:214
error: tests/unit/keyspace.tcl: patch does not apply

2025-04-24 12:39:28.325 | INFO     | modules.chunk_analyzer:_apply_chunk_patches:681 - 尝试调整行号失败: Command '['git', 'apply', '--ignore-space-change', '--ignore-whitespace', '/tmp/tmp_m_8ndbz/adjusted.patch']' returned non-zero exit status 1.
2025-04-24 12:39:28.326 | INFO     | modules.chunk_analyzer:_run_git_command:1329 - 运行git命令: reset --hard
2025-04-24 12:39:28.331 | INFO     | modules.chunk_analyzer:_apply_chunk_patches:649 - 找到匹配行，原始行号: 499，新行号: 215
2025-04-24 12:39:28.331 | INFO     | modules.chunk_analyzer:_apply_chunk_patches:666 - 尝试应用调整行号后的补丁: /tmp/tmp1hxcff7p/adjusted.patch
2025-04-24 12:39:28.331 | INFO     | modules.chunk_analyzer:_run_git_command:1329 - 运行git命令: apply --ignore-space-change --ignore-whitespace /tmp/tmp1hxcff7p/adjusted.patch
2025-04-24 12:39:28.334 | ERROR    | modules.chunk_analyzer:_run_git_command:1340 - Git命令执行失败: error: patch failed: tests/unit/keyspace.tcl:215
error: tests/unit/keyspace.tcl: patch does not apply

2025-04-24 12:39:28.334 | INFO     | modules.chunk_analyzer:_apply_chunk_patches:681 - 尝试调整行号失败: Command '['git', 'apply', '--ignore-space-change', '--ignore-whitespace', '/tmp/tmp1hxcff7p/adjusted.patch']' returned non-zero exit status 1.
2025-04-24 12:39:28.334 | INFO     | modules.chunk_analyzer:_run_git_command:1329 - 运行git命令: reset --hard
2025-04-24 12:39:28.340 | INFO     | modules.chunk_analyzer:_apply_chunk_patches:649 - 找到匹配行，原始行号: 499，新行号: 216
2025-04-24 12:39:28.340 | INFO     | modules.chunk_analyzer:_apply_chunk_patches:666 - 尝试应用调整行号后的补丁: /tmp/tmpwsxo2tgx/adjusted.patch
2025-04-24 12:39:28.340 | INFO     | modules.chunk_analyzer:_run_git_command:1329 - 运行git命令: apply --ignore-space-change --ignore-whitespace /tmp/tmpwsxo2tgx/adjusted.patch
2025-04-24 12:39:28.342 | ERROR    | modules.chunk_analyzer:_run_git_command:1340 - Git命令执行失败: error: patch failed: tests/unit/keyspace.tcl:216
error: tests/unit/keyspace.tcl: patch does not apply

2025-04-24 12:39:28.343 | INFO     | modules.chunk_analyzer:_apply_chunk_patches:681 - 尝试调整行号失败: Command '['git', 'apply', '--ignore-space-change', '--ignore-whitespace', '/tmp/tmpwsxo2tgx/adjusted.patch']' returned non-zero exit status 1.
2025-04-24 12:39:28.343 | INFO     | modules.chunk_analyzer:_run_git_command:1329 - 运行git命令: reset --hard
2025-04-24 12:39:28.348 | INFO     | modules.chunk_analyzer:_apply_chunk_patches:649 - 找到匹配行，原始行号: 499，新行号: 217
2025-04-24 12:39:28.348 | INFO     | modules.chunk_analyzer:_apply_chunk_patches:666 - 尝试应用调整行号后的补丁: /tmp/tmpd4muu_s4/adjusted.patch
2025-04-24 12:39:28.349 | INFO     | modules.chunk_analyzer:_run_git_command:1329 - 运行git命令: apply --ignore-space-change --ignore-whitespace /tmp/tmpd4muu_s4/adjusted.patch
2025-04-24 12:39:28.351 | ERROR    | modules.chunk_analyzer:_run_git_command:1340 - Git命令执行失败: error: patch failed: tests/unit/keyspace.tcl:217
error: tests/unit/keyspace.tcl: patch does not apply

2025-04-24 12:39:28.351 | INFO     | modules.chunk_analyzer:_apply_chunk_patches:681 - 尝试调整行号失败: Command '['git', 'apply', '--ignore-space-change', '--ignore-whitespace', '/tmp/tmpd4muu_s4/adjusted.patch']' returned non-zero exit status 1.
2025-04-24 12:39:28.351 | INFO     | modules.chunk_analyzer:_run_git_command:1329 - 运行git命令: reset --hard
2025-04-24 12:39:28.356 | INFO     | modules.chunk_analyzer:_apply_chunk_patches:649 - 找到匹配行，原始行号: 499，新行号: 218
2025-04-24 12:39:28.357 | INFO     | modules.chunk_analyzer:_apply_chunk_patches:666 - 尝试应用调整行号后的补丁: /tmp/tmpnj591g5c/adjusted.patch
2025-04-24 12:39:28.357 | INFO     | modules.chunk_analyzer:_run_git_command:1329 - 运行git命令: apply --ignore-space-change --ignore-whitespace /tmp/tmpnj591g5c/adjusted.patch
2025-04-24 12:39:28.359 | ERROR    | modules.chunk_analyzer:_run_git_command:1340 - Git命令执行失败: error: patch failed: tests/unit/keyspace.tcl:218
error: tests/unit/keyspace.tcl: patch does not apply

2025-04-24 12:39:28.359 | INFO     | modules.chunk_analyzer:_apply_chunk_patches:681 - 尝试调整行号失败: Command '['git', 'apply', '--ignore-space-change', '--ignore-whitespace', '/tmp/tmpnj591g5c/adjusted.patch']' returned non-zero exit status 1.
2025-04-24 12:39:28.359 | INFO     | modules.chunk_analyzer:_run_git_command:1329 - 运行git命令: reset --hard
2025-04-24 12:39:28.364 | INFO     | modules.chunk_analyzer:_apply_chunk_patches:649 - 找到匹配行，原始行号: 499，新行号: 219
2025-04-24 12:39:28.365 | INFO     | modules.chunk_analyzer:_apply_chunk_patches:666 - 尝试应用调整行号后的补丁: /tmp/tmpgup5prmc/adjusted.patch
2025-04-24 12:39:28.365 | INFO     | modules.chunk_analyzer:_run_git_command:1329 - 运行git命令: apply --ignore-space-change --ignore-whitespace /tmp/tmpgup5prmc/adjusted.patch
2025-04-24 12:39:28.367 | ERROR    | modules.chunk_analyzer:_run_git_command:1340 - Git命令执行失败: error: patch failed: tests/unit/keyspace.tcl:219
error: tests/unit/keyspace.tcl: patch does not apply

2025-04-24 12:39:28.368 | INFO     | modules.chunk_analyzer:_apply_chunk_patches:681 - 尝试调整行号失败: Command '['git', 'apply', '--ignore-space-change', '--ignore-whitespace', '/tmp/tmpgup5prmc/adjusted.patch']' returned non-zero exit status 1.
2025-04-24 12:39:28.368 | INFO     | modules.chunk_analyzer:_run_git_command:1329 - 运行git命令: reset --hard
2025-04-24 12:39:28.373 | INFO     | modules.chunk_analyzer:_apply_chunk_patches:649 - 找到匹配行，原始行号: 499，新行号: 220
2025-04-24 12:39:28.374 | INFO     | modules.chunk_analyzer:_apply_chunk_patches:666 - 尝试应用调整行号后的补丁: /tmp/tmpf3mom8e9/adjusted.patch
2025-04-24 12:39:28.374 | INFO     | modules.chunk_analyzer:_run_git_command:1329 - 运行git命令: apply --ignore-space-change --ignore-whitespace /tmp/tmpf3mom8e9/adjusted.patch
2025-04-24 12:39:28.376 | ERROR    | modules.chunk_analyzer:_run_git_command:1340 - Git命令执行失败: error: patch failed: tests/unit/keyspace.tcl:220
error: tests/unit/keyspace.tcl: patch does not apply

2025-04-24 12:39:28.376 | INFO     | modules.chunk_analyzer:_apply_chunk_patches:681 - 尝试调整行号失败: Command '['git', 'apply', '--ignore-space-change', '--ignore-whitespace', '/tmp/tmpf3mom8e9/adjusted.patch']' returned non-zero exit status 1.
2025-04-24 12:39:28.376 | INFO     | modules.chunk_analyzer:_run_git_command:1329 - 运行git命令: reset --hard
2025-04-24 12:39:28.381 | INFO     | modules.chunk_analyzer:_apply_chunk_patches:649 - 找到匹配行，原始行号: 499，新行号: 221
2025-04-24 12:39:28.382 | INFO     | modules.chunk_analyzer:_apply_chunk_patches:666 - 尝试应用调整行号后的补丁: /tmp/tmpe3t58blv/adjusted.patch
2025-04-24 12:39:28.382 | INFO     | modules.chunk_analyzer:_run_git_command:1329 - 运行git命令: apply --ignore-space-change --ignore-whitespace /tmp/tmpe3t58blv/adjusted.patch
2025-04-24 12:39:28.384 | ERROR    | modules.chunk_analyzer:_run_git_command:1340 - Git命令执行失败: error: patch failed: tests/unit/keyspace.tcl:221
error: tests/unit/keyspace.tcl: patch does not apply

2025-04-24 12:39:28.385 | INFO     | modules.chunk_analyzer:_apply_chunk_patches:681 - 尝试调整行号失败: Command '['git', 'apply', '--ignore-space-change', '--ignore-whitespace', '/tmp/tmpe3t58blv/adjusted.patch']' returned non-zero exit status 1.
2025-04-24 12:39:28.385 | INFO     | modules.chunk_analyzer:_run_git_command:1329 - 运行git命令: reset --hard
2025-04-24 12:39:28.390 | INFO     | modules.chunk_analyzer:_apply_chunk_patches:649 - 找到匹配行，原始行号: 499，新行号: 222
2025-04-24 12:39:28.390 | INFO     | modules.chunk_analyzer:_apply_chunk_patches:666 - 尝试应用调整行号后的补丁: /tmp/tmpesxdk1_x/adjusted.patch
2025-04-24 12:39:28.391 | INFO     | modules.chunk_analyzer:_run_git_command:1329 - 运行git命令: apply --ignore-space-change --ignore-whitespace /tmp/tmpesxdk1_x/adjusted.patch
2025-04-24 12:39:28.392 | ERROR    | modules.chunk_analyzer:_run_git_command:1340 - Git命令执行失败: error: patch failed: tests/unit/keyspace.tcl:222
error: tests/unit/keyspace.tcl: patch does not apply

2025-04-24 12:39:28.393 | INFO     | modules.chunk_analyzer:_apply_chunk_patches:681 - 尝试调整行号失败: Command '['git', 'apply', '--ignore-space-change', '--ignore-whitespace', '/tmp/tmpesxdk1_x/adjusted.patch']' returned non-zero exit status 1.
2025-04-24 12:39:28.393 | INFO     | modules.chunk_analyzer:_run_git_command:1329 - 运行git命令: reset --hard
2025-04-24 12:39:28.398 | INFO     | modules.chunk_analyzer:_apply_chunk_patches:649 - 找到匹配行，原始行号: 499，新行号: 223
2025-04-24 12:39:28.398 | INFO     | modules.chunk_analyzer:_apply_chunk_patches:666 - 尝试应用调整行号后的补丁: /tmp/tmps0g8ioht/adjusted.patch
2025-04-24 12:39:28.398 | INFO     | modules.chunk_analyzer:_run_git_command:1329 - 运行git命令: apply --ignore-space-change --ignore-whitespace /tmp/tmps0g8ioht/adjusted.patch
2025-04-24 12:39:28.401 | ERROR    | modules.chunk_analyzer:_run_git_command:1340 - Git命令执行失败: error: patch failed: tests/unit/keyspace.tcl:223
error: tests/unit/keyspace.tcl: patch does not apply

2025-04-24 12:39:28.401 | INFO     | modules.chunk_analyzer:_apply_chunk_patches:681 - 尝试调整行号失败: Command '['git', 'apply', '--ignore-space-change', '--ignore-whitespace', '/tmp/tmps0g8ioht/adjusted.patch']' returned non-zero exit status 1.
2025-04-24 12:39:28.401 | INFO     | modules.chunk_analyzer:_run_git_command:1329 - 运行git命令: reset --hard
2025-04-24 12:39:28.407 | INFO     | modules.chunk_analyzer:_apply_chunk_patches:649 - 找到匹配行，原始行号: 499，新行号: 224
2025-04-24 12:39:28.407 | INFO     | modules.chunk_analyzer:_apply_chunk_patches:666 - 尝试应用调整行号后的补丁: /tmp/tmpitv43b7q/adjusted.patch
2025-04-24 12:39:28.407 | INFO     | modules.chunk_analyzer:_run_git_command:1329 - 运行git命令: apply --ignore-space-change --ignore-whitespace /tmp/tmpitv43b7q/adjusted.patch
2025-04-24 12:39:28.409 | ERROR    | modules.chunk_analyzer:_run_git_command:1340 - Git命令执行失败: error: patch failed: tests/unit/keyspace.tcl:224
error: tests/unit/keyspace.tcl: patch does not apply

2025-04-24 12:39:28.409 | INFO     | modules.chunk_analyzer:_apply_chunk_patches:681 - 尝试调整行号失败: Command '['git', 'apply', '--ignore-space-change', '--ignore-whitespace', '/tmp/tmpitv43b7q/adjusted.patch']' returned non-zero exit status 1.
2025-04-24 12:39:28.410 | INFO     | modules.chunk_analyzer:_run_git_command:1329 - 运行git命令: reset --hard
2025-04-24 12:39:28.415 | INFO     | modules.chunk_analyzer:_apply_chunk_patches:649 - 找到匹配行，原始行号: 499，新行号: 225
2025-04-24 12:39:28.416 | INFO     | modules.chunk_analyzer:_apply_chunk_patches:666 - 尝试应用调整行号后的补丁: /tmp/tmptlrug9xr/adjusted.patch
2025-04-24 12:39:28.416 | INFO     | modules.chunk_analyzer:_run_git_command:1329 - 运行git命令: apply --ignore-space-change --ignore-whitespace /tmp/tmptlrug9xr/adjusted.patch
2025-04-24 12:39:28.418 | ERROR    | modules.chunk_analyzer:_run_git_command:1340 - Git命令执行失败: error: patch failed: tests/unit/keyspace.tcl:225
error: tests/unit/keyspace.tcl: patch does not apply

2025-04-24 12:39:28.418 | INFO     | modules.chunk_analyzer:_apply_chunk_patches:681 - 尝试调整行号失败: Command '['git', 'apply', '--ignore-space-change', '--ignore-whitespace', '/tmp/tmptlrug9xr/adjusted.patch']' returned non-zero exit status 1.
2025-04-24 12:39:28.419 | INFO     | modules.chunk_analyzer:_run_git_command:1329 - 运行git命令: reset --hard
2025-04-24 12:39:28.424 | INFO     | modules.chunk_analyzer:_apply_chunk_patches:649 - 找到匹配行，原始行号: 499，新行号: 226
2025-04-24 12:39:28.425 | INFO     | modules.chunk_analyzer:_apply_chunk_patches:666 - 尝试应用调整行号后的补丁: /tmp/tmpb8otnbrq/adjusted.patch
2025-04-24 12:39:28.425 | INFO     | modules.chunk_analyzer:_run_git_command:1329 - 运行git命令: apply --ignore-space-change --ignore-whitespace /tmp/tmpb8otnbrq/adjusted.patch
2025-04-24 12:39:28.427 | ERROR    | modules.chunk_analyzer:_run_git_command:1340 - Git命令执行失败: error: patch failed: tests/unit/keyspace.tcl:226
error: tests/unit/keyspace.tcl: patch does not apply

2025-04-24 12:39:28.427 | INFO     | modules.chunk_analyzer:_apply_chunk_patches:681 - 尝试调整行号失败: Command '['git', 'apply', '--ignore-space-change', '--ignore-whitespace', '/tmp/tmpb8otnbrq/adjusted.patch']' returned non-zero exit status 1.
2025-04-24 12:39:28.427 | INFO     | modules.chunk_analyzer:_run_git_command:1329 - 运行git命令: reset --hard
2025-04-24 12:39:28.432 | INFO     | modules.chunk_analyzer:_apply_chunk_patches:649 - 找到匹配行，原始行号: 499，新行号: 227
2025-04-24 12:39:28.434 | INFO     | modules.chunk_analyzer:_apply_chunk_patches:666 - 尝试应用调整行号后的补丁: /tmp/tmpx5w6dnvg/adjusted.patch
2025-04-24 12:39:28.434 | INFO     | modules.chunk_analyzer:_run_git_command:1329 - 运行git命令: apply --ignore-space-change --ignore-whitespace /tmp/tmpx5w6dnvg/adjusted.patch
2025-04-24 12:39:28.436 | ERROR    | modules.chunk_analyzer:_run_git_command:1340 - Git命令执行失败: error: patch failed: tests/unit/keyspace.tcl:227
error: tests/unit/keyspace.tcl: patch does not apply

2025-04-24 12:39:28.436 | INFO     | modules.chunk_analyzer:_apply_chunk_patches:681 - 尝试调整行号失败: Command '['git', 'apply', '--ignore-space-change', '--ignore-whitespace', '/tmp/tmpx5w6dnvg/adjusted.patch']' returned non-zero exit status 1.
2025-04-24 12:39:28.436 | INFO     | modules.chunk_analyzer:_run_git_command:1329 - 运行git命令: reset --hard
2025-04-24 12:39:28.441 | INFO     | modules.chunk_analyzer:_apply_chunk_patches:649 - 找到匹配行，原始行号: 499，新行号: 228
2025-04-24 12:39:28.442 | INFO     | modules.chunk_analyzer:_apply_chunk_patches:666 - 尝试应用调整行号后的补丁: /tmp/tmpde4v5a31/adjusted.patch
2025-04-24 12:39:28.442 | INFO     | modules.chunk_analyzer:_run_git_command:1329 - 运行git命令: apply --ignore-space-change --ignore-whitespace /tmp/tmpde4v5a31/adjusted.patch
2025-04-24 12:39:28.444 | ERROR    | modules.chunk_analyzer:_run_git_command:1340 - Git命令执行失败: error: patch failed: tests/unit/keyspace.tcl:228
error: tests/unit/keyspace.tcl: patch does not apply

2025-04-24 12:39:28.444 | INFO     | modules.chunk_analyzer:_apply_chunk_patches:681 - 尝试调整行号失败: Command '['git', 'apply', '--ignore-space-change', '--ignore-whitespace', '/tmp/tmpde4v5a31/adjusted.patch']' returned non-zero exit status 1.
2025-04-24 12:39:28.445 | INFO     | modules.chunk_analyzer:_run_git_command:1329 - 运行git命令: reset --hard
2025-04-24 12:39:28.450 | INFO     | modules.chunk_analyzer:_apply_chunk_patches:649 - 找到匹配行，原始行号: 499，新行号: 229
2025-04-24 12:39:28.451 | INFO     | modules.chunk_analyzer:_apply_chunk_patches:666 - 尝试应用调整行号后的补丁: /tmp/tmp6kovo0lf/adjusted.patch
2025-04-24 12:39:28.451 | INFO     | modules.chunk_analyzer:_run_git_command:1329 - 运行git命令: apply --ignore-space-change --ignore-whitespace /tmp/tmp6kovo0lf/adjusted.patch
2025-04-24 12:39:28.453 | ERROR    | modules.chunk_analyzer:_run_git_command:1340 - Git命令执行失败: error: patch failed: tests/unit/keyspace.tcl:229
error: tests/unit/keyspace.tcl: patch does not apply

2025-04-24 12:39:28.453 | INFO     | modules.chunk_analyzer:_apply_chunk_patches:681 - 尝试调整行号失败: Command '['git', 'apply', '--ignore-space-change', '--ignore-whitespace', '/tmp/tmp6kovo0lf/adjusted.patch']' returned non-zero exit status 1.
2025-04-24 12:39:28.453 | INFO     | modules.chunk_analyzer:_run_git_command:1329 - 运行git命令: reset --hard
2025-04-24 12:39:28.459 | INFO     | modules.chunk_analyzer:_apply_chunk_patches:649 - 找到匹配行，原始行号: 499，新行号: 230
2025-04-24 12:39:28.459 | INFO     | modules.chunk_analyzer:_apply_chunk_patches:666 - 尝试应用调整行号后的补丁: /tmp/tmpa2v30rv9/adjusted.patch
2025-04-24 12:39:28.460 | INFO     | modules.chunk_analyzer:_run_git_command:1329 - 运行git命令: apply --ignore-space-change --ignore-whitespace /tmp/tmpa2v30rv9/adjusted.patch
2025-04-24 12:39:28.462 | ERROR    | modules.chunk_analyzer:_run_git_command:1340 - Git命令执行失败: error: patch failed: tests/unit/keyspace.tcl:230
error: tests/unit/keyspace.tcl: patch does not apply

2025-04-24 12:39:28.462 | INFO     | modules.chunk_analyzer:_apply_chunk_patches:681 - 尝试调整行号失败: Command '['git', 'apply', '--ignore-space-change', '--ignore-whitespace', '/tmp/tmpa2v30rv9/adjusted.patch']' returned non-zero exit status 1.
2025-04-24 12:39:28.462 | INFO     | modules.chunk_analyzer:_run_git_command:1329 - 运行git命令: reset --hard
2025-04-24 12:39:28.468 | INFO     | modules.chunk_analyzer:_apply_chunk_patches:649 - 找到匹配行，原始行号: 499，新行号: 231
2025-04-24 12:39:28.469 | INFO     | modules.chunk_analyzer:_apply_chunk_patches:666 - 尝试应用调整行号后的补丁: /tmp/tmpk30btq5j/adjusted.patch
2025-04-24 12:39:28.469 | INFO     | modules.chunk_analyzer:_run_git_command:1329 - 运行git命令: apply --ignore-space-change --ignore-whitespace /tmp/tmpk30btq5j/adjusted.patch
2025-04-24 12:39:28.472 | ERROR    | modules.chunk_analyzer:_run_git_command:1340 - Git命令执行失败: error: patch failed: tests/unit/keyspace.tcl:231
error: tests/unit/keyspace.tcl: patch does not apply

2025-04-24 12:39:28.473 | INFO     | modules.chunk_analyzer:_apply_chunk_patches:681 - 尝试调整行号失败: Command '['git', 'apply', '--ignore-space-change', '--ignore-whitespace', '/tmp/tmpk30btq5j/adjusted.patch']' returned non-zero exit status 1.
2025-04-24 12:39:28.473 | INFO     | modules.chunk_analyzer:_run_git_command:1329 - 运行git命令: reset --hard
2025-04-24 12:39:28.479 | INFO     | modules.chunk_analyzer:_apply_chunk_patches:649 - 找到匹配行，原始行号: 499，新行号: 232
2025-04-24 12:39:28.480 | INFO     | modules.chunk_analyzer:_apply_chunk_patches:666 - 尝试应用调整行号后的补丁: /tmp/tmpezllju7o/adjusted.patch
2025-04-24 12:39:28.480 | INFO     | modules.chunk_analyzer:_run_git_command:1329 - 运行git命令: apply --ignore-space-change --ignore-whitespace /tmp/tmpezllju7o/adjusted.patch
2025-04-24 12:39:28.482 | ERROR    | modules.chunk_analyzer:_run_git_command:1340 - Git命令执行失败: error: patch failed: tests/unit/keyspace.tcl:232
error: tests/unit/keyspace.tcl: patch does not apply

2025-04-24 12:39:28.483 | INFO     | modules.chunk_analyzer:_apply_chunk_patches:681 - 尝试调整行号失败: Command '['git', 'apply', '--ignore-space-change', '--ignore-whitespace', '/tmp/tmpezllju7o/adjusted.patch']' returned non-zero exit status 1.
2025-04-24 12:39:28.483 | INFO     | modules.chunk_analyzer:_run_git_command:1329 - 运行git命令: reset --hard
2025-04-24 12:39:28.488 | INFO     | modules.chunk_analyzer:_apply_chunk_patches:649 - 找到匹配行，原始行号: 499，新行号: 233
2025-04-24 12:39:28.489 | INFO     | modules.chunk_analyzer:_apply_chunk_patches:666 - 尝试应用调整行号后的补丁: /tmp/tmppd1emfgb/adjusted.patch
2025-04-24 12:39:28.490 | INFO     | modules.chunk_analyzer:_run_git_command:1329 - 运行git命令: apply --ignore-space-change --ignore-whitespace /tmp/tmppd1emfgb/adjusted.patch
2025-04-24 12:39:28.492 | ERROR    | modules.chunk_analyzer:_run_git_command:1340 - Git命令执行失败: error: patch failed: tests/unit/keyspace.tcl:233
error: tests/unit/keyspace.tcl: patch does not apply

2025-04-24 12:39:28.492 | INFO     | modules.chunk_analyzer:_apply_chunk_patches:681 - 尝试调整行号失败: Command '['git', 'apply', '--ignore-space-change', '--ignore-whitespace', '/tmp/tmppd1emfgb/adjusted.patch']' returned non-zero exit status 1.
2025-04-24 12:39:28.492 | INFO     | modules.chunk_analyzer:_run_git_command:1329 - 运行git命令: reset --hard
2025-04-24 12:39:28.497 | INFO     | modules.chunk_analyzer:_apply_chunk_patches:649 - 找到匹配行，原始行号: 499，新行号: 234
2025-04-24 12:39:28.498 | INFO     | modules.chunk_analyzer:_apply_chunk_patches:666 - 尝试应用调整行号后的补丁: /tmp/tmpvf8vwhxq/adjusted.patch
2025-04-24 12:39:28.498 | INFO     | modules.chunk_analyzer:_run_git_command:1329 - 运行git命令: apply --ignore-space-change --ignore-whitespace /tmp/tmpvf8vwhxq/adjusted.patch
2025-04-24 12:39:28.500 | ERROR    | modules.chunk_analyzer:_run_git_command:1340 - Git命令执行失败: error: patch failed: tests/unit/keyspace.tcl:234
error: tests/unit/keyspace.tcl: patch does not apply

2025-04-24 12:39:28.501 | INFO     | modules.chunk_analyzer:_apply_chunk_patches:681 - 尝试调整行号失败: Command '['git', 'apply', '--ignore-space-change', '--ignore-whitespace', '/tmp/tmpvf8vwhxq/adjusted.patch']' returned non-zero exit status 1.
2025-04-24 12:39:28.501 | INFO     | modules.chunk_analyzer:_run_git_command:1329 - 运行git命令: reset --hard
2025-04-24 12:39:28.506 | INFO     | modules.chunk_analyzer:_apply_chunk_patches:649 - 找到匹配行，原始行号: 499，新行号: 235
2025-04-24 12:39:28.507 | INFO     | modules.chunk_analyzer:_apply_chunk_patches:666 - 尝试应用调整行号后的补丁: /tmp/tmpqwbyo_u4/adjusted.patch
2025-04-24 12:39:28.507 | INFO     | modules.chunk_analyzer:_run_git_command:1329 - 运行git命令: apply --ignore-space-change --ignore-whitespace /tmp/tmpqwbyo_u4/adjusted.patch
2025-04-24 12:39:28.509 | ERROR    | modules.chunk_analyzer:_run_git_command:1340 - Git命令执行失败: error: patch failed: tests/unit/keyspace.tcl:235
error: tests/unit/keyspace.tcl: patch does not apply

2025-04-24 12:39:28.509 | INFO     | modules.chunk_analyzer:_apply_chunk_patches:681 - 尝试调整行号失败: Command '['git', 'apply', '--ignore-space-change', '--ignore-whitespace', '/tmp/tmpqwbyo_u4/adjusted.patch']' returned non-zero exit status 1.
2025-04-24 12:39:28.509 | INFO     | modules.chunk_analyzer:_run_git_command:1329 - 运行git命令: reset --hard
2025-04-24 12:39:28.514 | INFO     | modules.chunk_analyzer:_apply_chunk_patches:649 - 找到匹配行，原始行号: 499，新行号: 236
2025-04-24 12:39:28.515 | INFO     | modules.chunk_analyzer:_apply_chunk_patches:666 - 尝试应用调整行号后的补丁: /tmp/tmp2lnb_g4x/adjusted.patch
2025-04-24 12:39:28.515 | INFO     | modules.chunk_analyzer:_run_git_command:1329 - 运行git命令: apply --ignore-space-change --ignore-whitespace /tmp/tmp2lnb_g4x/adjusted.patch
2025-04-24 12:39:28.517 | ERROR    | modules.chunk_analyzer:_run_git_command:1340 - Git命令执行失败: error: patch failed: tests/unit/keyspace.tcl:236
error: tests/unit/keyspace.tcl: patch does not apply

2025-04-24 12:39:28.518 | INFO     | modules.chunk_analyzer:_apply_chunk_patches:681 - 尝试调整行号失败: Command '['git', 'apply', '--ignore-space-change', '--ignore-whitespace', '/tmp/tmp2lnb_g4x/adjusted.patch']' returned non-zero exit status 1.
2025-04-24 12:39:28.518 | INFO     | modules.chunk_analyzer:_run_git_command:1329 - 运行git命令: reset --hard
2025-04-24 12:39:28.523 | INFO     | modules.chunk_analyzer:_apply_chunk_patches:649 - 找到匹配行，原始行号: 499，新行号: 237
2025-04-24 12:39:28.524 | INFO     | modules.chunk_analyzer:_apply_chunk_patches:666 - 尝试应用调整行号后的补丁: /tmp/tmpy_t8ppiv/adjusted.patch
2025-04-24 12:39:28.524 | INFO     | modules.chunk_analyzer:_run_git_command:1329 - 运行git命令: apply --ignore-space-change --ignore-whitespace /tmp/tmpy_t8ppiv/adjusted.patch
2025-04-24 12:39:28.526 | ERROR    | modules.chunk_analyzer:_run_git_command:1340 - Git命令执行失败: error: patch failed: tests/unit/keyspace.tcl:237
error: tests/unit/keyspace.tcl: patch does not apply

2025-04-24 12:39:28.526 | INFO     | modules.chunk_analyzer:_apply_chunk_patches:681 - 尝试调整行号失败: Command '['git', 'apply', '--ignore-space-change', '--ignore-whitespace', '/tmp/tmpy_t8ppiv/adjusted.patch']' returned non-zero exit status 1.
2025-04-24 12:39:28.526 | INFO     | modules.chunk_analyzer:_run_git_command:1329 - 运行git命令: reset --hard
2025-04-24 12:39:28.531 | INFO     | modules.chunk_analyzer:_apply_chunk_patches:649 - 找到匹配行，原始行号: 499，新行号: 238
2025-04-24 12:39:28.532 | INFO     | modules.chunk_analyzer:_apply_chunk_patches:666 - 尝试应用调整行号后的补丁: /tmp/tmp2u78nnt_/adjusted.patch
2025-04-24 12:39:28.532 | INFO     | modules.chunk_analyzer:_run_git_command:1329 - 运行git命令: apply --ignore-space-change --ignore-whitespace /tmp/tmp2u78nnt_/adjusted.patch
2025-04-24 12:39:28.534 | ERROR    | modules.chunk_analyzer:_run_git_command:1340 - Git命令执行失败: error: patch failed: tests/unit/keyspace.tcl:238
error: tests/unit/keyspace.tcl: patch does not apply

2025-04-24 12:39:28.534 | INFO     | modules.chunk_analyzer:_apply_chunk_patches:681 - 尝试调整行号失败: Command '['git', 'apply', '--ignore-space-change', '--ignore-whitespace', '/tmp/tmp2u78nnt_/adjusted.patch']' returned non-zero exit status 1.
2025-04-24 12:39:28.535 | INFO     | modules.chunk_analyzer:_run_git_command:1329 - 运行git命令: reset --hard
2025-04-24 12:39:28.540 | INFO     | modules.chunk_analyzer:_apply_chunk_patches:649 - 找到匹配行，原始行号: 499，新行号: 239
2025-04-24 12:39:28.540 | INFO     | modules.chunk_analyzer:_apply_chunk_patches:666 - 尝试应用调整行号后的补丁: /tmp/tmp816b59jb/adjusted.patch
2025-04-24 12:39:28.541 | INFO     | modules.chunk_analyzer:_run_git_command:1329 - 运行git命令: apply --ignore-space-change --ignore-whitespace /tmp/tmp816b59jb/adjusted.patch
2025-04-24 12:39:28.542 | ERROR    | modules.chunk_analyzer:_run_git_command:1340 - Git命令执行失败: error: patch failed: tests/unit/keyspace.tcl:239
error: tests/unit/keyspace.tcl: patch does not apply

2025-04-24 12:39:28.543 | INFO     | modules.chunk_analyzer:_apply_chunk_patches:681 - 尝试调整行号失败: Command '['git', 'apply', '--ignore-space-change', '--ignore-whitespace', '/tmp/tmp816b59jb/adjusted.patch']' returned non-zero exit status 1.
2025-04-24 12:39:28.543 | INFO     | modules.chunk_analyzer:_run_git_command:1329 - 运行git命令: reset --hard
2025-04-24 12:39:28.548 | INFO     | modules.chunk_analyzer:_apply_chunk_patches:649 - 找到匹配行，原始行号: 499，新行号: 240
2025-04-24 12:39:28.548 | INFO     | modules.chunk_analyzer:_apply_chunk_patches:666 - 尝试应用调整行号后的补丁: /tmp/tmphsb577jy/adjusted.patch
2025-04-24 12:39:28.548 | INFO     | modules.chunk_analyzer:_run_git_command:1329 - 运行git命令: apply --ignore-space-change --ignore-whitespace /tmp/tmphsb577jy/adjusted.patch
2025-04-24 12:39:28.550 | ERROR    | modules.chunk_analyzer:_run_git_command:1340 - Git命令执行失败: error: patch failed: tests/unit/keyspace.tcl:240
error: tests/unit/keyspace.tcl: patch does not apply

2025-04-24 12:39:28.551 | INFO     | modules.chunk_analyzer:_apply_chunk_patches:681 - 尝试调整行号失败: Command '['git', 'apply', '--ignore-space-change', '--ignore-whitespace', '/tmp/tmphsb577jy/adjusted.patch']' returned non-zero exit status 1.
2025-04-24 12:39:28.551 | INFO     | modules.chunk_analyzer:_run_git_command:1329 - 运行git命令: reset --hard
2025-04-24 12:39:28.556 | INFO     | modules.chunk_analyzer:_apply_chunk_patches:649 - 找到匹配行，原始行号: 499，新行号: 241
2025-04-24 12:39:28.557 | INFO     | modules.chunk_analyzer:_apply_chunk_patches:666 - 尝试应用调整行号后的补丁: /tmp/tmpr4yngzgk/adjusted.patch
2025-04-24 12:39:28.557 | INFO     | modules.chunk_analyzer:_run_git_command:1329 - 运行git命令: apply --ignore-space-change --ignore-whitespace /tmp/tmpr4yngzgk/adjusted.patch
2025-04-24 12:39:28.559 | ERROR    | modules.chunk_analyzer:_run_git_command:1340 - Git命令执行失败: error: patch failed: tests/unit/keyspace.tcl:241
error: tests/unit/keyspace.tcl: patch does not apply

2025-04-24 12:39:28.559 | INFO     | modules.chunk_analyzer:_apply_chunk_patches:681 - 尝试调整行号失败: Command '['git', 'apply', '--ignore-space-change', '--ignore-whitespace', '/tmp/tmpr4yngzgk/adjusted.patch']' returned non-zero exit status 1.
2025-04-24 12:39:28.559 | INFO     | modules.chunk_analyzer:_run_git_command:1329 - 运行git命令: reset --hard
2025-04-24 12:39:28.564 | INFO     | modules.chunk_analyzer:_apply_chunk_patches:649 - 找到匹配行，原始行号: 499，新行号: 242
2025-04-24 12:39:28.564 | INFO     | modules.chunk_analyzer:_apply_chunk_patches:666 - 尝试应用调整行号后的补丁: /tmp/tmp4h3saqc2/adjusted.patch
2025-04-24 12:39:28.565 | INFO     | modules.chunk_analyzer:_run_git_command:1329 - 运行git命令: apply --ignore-space-change --ignore-whitespace /tmp/tmp4h3saqc2/adjusted.patch
2025-04-24 12:39:28.567 | ERROR    | modules.chunk_analyzer:_run_git_command:1340 - Git命令执行失败: error: patch failed: tests/unit/keyspace.tcl:242
error: tests/unit/keyspace.tcl: patch does not apply

2025-04-24 12:39:28.567 | INFO     | modules.chunk_analyzer:_apply_chunk_patches:681 - 尝试调整行号失败: Command '['git', 'apply', '--ignore-space-change', '--ignore-whitespace', '/tmp/tmp4h3saqc2/adjusted.patch']' returned non-zero exit status 1.
2025-04-24 12:39:28.567 | INFO     | modules.chunk_analyzer:_run_git_command:1329 - 运行git命令: reset --hard
2025-04-24 12:39:28.572 | INFO     | modules.chunk_analyzer:_apply_chunk_patches:649 - 找到匹配行，原始行号: 499，新行号: 243
2025-04-24 12:39:28.573 | INFO     | modules.chunk_analyzer:_apply_chunk_patches:666 - 尝试应用调整行号后的补丁: /tmp/tmpaibtbimu/adjusted.patch
2025-04-24 12:39:28.573 | INFO     | modules.chunk_analyzer:_run_git_command:1329 - 运行git命令: apply --ignore-space-change --ignore-whitespace /tmp/tmpaibtbimu/adjusted.patch
2025-04-24 12:39:28.575 | ERROR    | modules.chunk_analyzer:_run_git_command:1340 - Git命令执行失败: error: patch failed: tests/unit/keyspace.tcl:243
error: tests/unit/keyspace.tcl: patch does not apply

2025-04-24 12:39:28.575 | INFO     | modules.chunk_analyzer:_apply_chunk_patches:681 - 尝试调整行号失败: Command '['git', 'apply', '--ignore-space-change', '--ignore-whitespace', '/tmp/tmpaibtbimu/adjusted.patch']' returned non-zero exit status 1.
2025-04-24 12:39:28.576 | INFO     | modules.chunk_analyzer:_run_git_command:1329 - 运行git命令: reset --hard
2025-04-24 12:39:28.580 | INFO     | modules.chunk_analyzer:_apply_chunk_patches:649 - 找到匹配行，原始行号: 499，新行号: 244
2025-04-24 12:39:28.581 | INFO     | modules.chunk_analyzer:_apply_chunk_patches:666 - 尝试应用调整行号后的补丁: /tmp/tmphl3c2khv/adjusted.patch
2025-04-24 12:39:28.581 | INFO     | modules.chunk_analyzer:_run_git_command:1329 - 运行git命令: apply --ignore-space-change --ignore-whitespace /tmp/tmphl3c2khv/adjusted.patch
2025-04-24 12:39:28.584 | ERROR    | modules.chunk_analyzer:_run_git_command:1340 - Git命令执行失败: error: patch failed: tests/unit/keyspace.tcl:244
error: tests/unit/keyspace.tcl: patch does not apply

2025-04-24 12:39:28.584 | INFO     | modules.chunk_analyzer:_apply_chunk_patches:681 - 尝试调整行号失败: Command '['git', 'apply', '--ignore-space-change', '--ignore-whitespace', '/tmp/tmphl3c2khv/adjusted.patch']' returned non-zero exit status 1.
2025-04-24 12:39:28.584 | INFO     | modules.chunk_analyzer:_run_git_command:1329 - 运行git命令: reset --hard
2025-04-24 12:39:28.589 | INFO     | modules.chunk_analyzer:_apply_chunk_patches:649 - 找到匹配行，原始行号: 499，新行号: 245
2025-04-24 12:39:28.590 | INFO     | modules.chunk_analyzer:_apply_chunk_patches:666 - 尝试应用调整行号后的补丁: /tmp/tmpu3lo_nv0/adjusted.patch
2025-04-24 12:39:28.590 | INFO     | modules.chunk_analyzer:_run_git_command:1329 - 运行git命令: apply --ignore-space-change --ignore-whitespace /tmp/tmpu3lo_nv0/adjusted.patch
2025-04-24 12:39:28.592 | ERROR    | modules.chunk_analyzer:_run_git_command:1340 - Git命令执行失败: error: patch failed: tests/unit/keyspace.tcl:245
error: tests/unit/keyspace.tcl: patch does not apply

2025-04-24 12:39:28.592 | INFO     | modules.chunk_analyzer:_apply_chunk_patches:681 - 尝试调整行号失败: Command '['git', 'apply', '--ignore-space-change', '--ignore-whitespace', '/tmp/tmpu3lo_nv0/adjusted.patch']' returned non-zero exit status 1.
2025-04-24 12:39:28.592 | INFO     | modules.chunk_analyzer:_run_git_command:1329 - 运行git命令: reset --hard
2025-04-24 12:39:28.597 | INFO     | modules.chunk_analyzer:_apply_chunk_patches:649 - 找到匹配行，原始行号: 499，新行号: 246
2025-04-24 12:39:28.598 | INFO     | modules.chunk_analyzer:_apply_chunk_patches:666 - 尝试应用调整行号后的补丁: /tmp/tmpa8zc8lft/adjusted.patch
2025-04-24 12:39:28.598 | INFO     | modules.chunk_analyzer:_run_git_command:1329 - 运行git命令: apply --ignore-space-change --ignore-whitespace /tmp/tmpa8zc8lft/adjusted.patch
2025-04-24 12:39:28.600 | ERROR    | modules.chunk_analyzer:_run_git_command:1340 - Git命令执行失败: error: patch failed: tests/unit/keyspace.tcl:246
error: tests/unit/keyspace.tcl: patch does not apply

2025-04-24 12:39:28.600 | INFO     | modules.chunk_analyzer:_apply_chunk_patches:681 - 尝试调整行号失败: Command '['git', 'apply', '--ignore-space-change', '--ignore-whitespace', '/tmp/tmpa8zc8lft/adjusted.patch']' returned non-zero exit status 1.
2025-04-24 12:39:28.601 | INFO     | modules.chunk_analyzer:_run_git_command:1329 - 运行git命令: reset --hard
2025-04-24 12:39:28.606 | INFO     | modules.chunk_analyzer:_apply_chunk_patches:649 - 找到匹配行，原始行号: 499，新行号: 247
2025-04-24 12:39:28.606 | INFO     | modules.chunk_analyzer:_apply_chunk_patches:666 - 尝试应用调整行号后的补丁: /tmp/tmpf2o0cua1/adjusted.patch
2025-04-24 12:39:28.607 | INFO     | modules.chunk_analyzer:_run_git_command:1329 - 运行git命令: apply --ignore-space-change --ignore-whitespace /tmp/tmpf2o0cua1/adjusted.patch
2025-04-24 12:39:28.609 | ERROR    | modules.chunk_analyzer:_run_git_command:1340 - Git命令执行失败: error: patch failed: tests/unit/keyspace.tcl:247
error: tests/unit/keyspace.tcl: patch does not apply

2025-04-24 12:39:28.609 | INFO     | modules.chunk_analyzer:_apply_chunk_patches:681 - 尝试调整行号失败: Command '['git', 'apply', '--ignore-space-change', '--ignore-whitespace', '/tmp/tmpf2o0cua1/adjusted.patch']' returned non-zero exit status 1.
2025-04-24 12:39:28.609 | INFO     | modules.chunk_analyzer:_run_git_command:1329 - 运行git命令: reset --hard
2025-04-24 12:39:28.614 | INFO     | modules.chunk_analyzer:_apply_chunk_patches:649 - 找到匹配行，原始行号: 499，新行号: 248
2025-04-24 12:39:28.615 | INFO     | modules.chunk_analyzer:_apply_chunk_patches:666 - 尝试应用调整行号后的补丁: /tmp/tmppp89yge8/adjusted.patch
2025-04-24 12:39:28.615 | INFO     | modules.chunk_analyzer:_run_git_command:1329 - 运行git命令: apply --ignore-space-change --ignore-whitespace /tmp/tmppp89yge8/adjusted.patch
2025-04-24 12:39:28.617 | ERROR    | modules.chunk_analyzer:_run_git_command:1340 - Git命令执行失败: error: patch failed: tests/unit/keyspace.tcl:248
error: tests/unit/keyspace.tcl: patch does not apply

2025-04-24 12:39:28.617 | INFO     | modules.chunk_analyzer:_apply_chunk_patches:681 - 尝试调整行号失败: Command '['git', 'apply', '--ignore-space-change', '--ignore-whitespace', '/tmp/tmppp89yge8/adjusted.patch']' returned non-zero exit status 1.
2025-04-24 12:39:28.617 | INFO     | modules.chunk_analyzer:_run_git_command:1329 - 运行git命令: reset --hard
2025-04-24 12:39:28.623 | INFO     | modules.chunk_analyzer:_apply_chunk_patches:649 - 找到匹配行，原始行号: 499，新行号: 249
2025-04-24 12:39:28.623 | INFO     | modules.chunk_analyzer:_apply_chunk_patches:666 - 尝试应用调整行号后的补丁: /tmp/tmpbcsu7y_8/adjusted.patch
2025-04-24 12:39:28.623 | INFO     | modules.chunk_analyzer:_run_git_command:1329 - 运行git命令: apply --ignore-space-change --ignore-whitespace /tmp/tmpbcsu7y_8/adjusted.patch
2025-04-24 12:39:28.625 | ERROR    | modules.chunk_analyzer:_run_git_command:1340 - Git命令执行失败: error: patch failed: tests/unit/keyspace.tcl:249
error: tests/unit/keyspace.tcl: patch does not apply

2025-04-24 12:39:28.626 | INFO     | modules.chunk_analyzer:_apply_chunk_patches:681 - 尝试调整行号失败: Command '['git', 'apply', '--ignore-space-change', '--ignore-whitespace', '/tmp/tmpbcsu7y_8/adjusted.patch']' returned non-zero exit status 1.
2025-04-24 12:39:28.626 | INFO     | modules.chunk_analyzer:_run_git_command:1329 - 运行git命令: reset --hard
2025-04-24 12:39:28.631 | INFO     | modules.chunk_analyzer:_apply_chunk_patches:649 - 找到匹配行，原始行号: 499，新行号: 250
2025-04-24 12:39:28.631 | INFO     | modules.chunk_analyzer:_apply_chunk_patches:666 - 尝试应用调整行号后的补丁: /tmp/tmpjqlrd36p/adjusted.patch
2025-04-24 12:39:28.632 | INFO     | modules.chunk_analyzer:_run_git_command:1329 - 运行git命令: apply --ignore-space-change --ignore-whitespace /tmp/tmpjqlrd36p/adjusted.patch
2025-04-24 12:39:28.634 | ERROR    | modules.chunk_analyzer:_run_git_command:1340 - Git命令执行失败: error: patch failed: tests/unit/keyspace.tcl:250
error: tests/unit/keyspace.tcl: patch does not apply

2025-04-24 12:39:28.634 | INFO     | modules.chunk_analyzer:_apply_chunk_patches:681 - 尝试调整行号失败: Command '['git', 'apply', '--ignore-space-change', '--ignore-whitespace', '/tmp/tmpjqlrd36p/adjusted.patch']' returned non-zero exit status 1.
2025-04-24 12:39:28.634 | INFO     | modules.chunk_analyzer:_run_git_command:1329 - 运行git命令: reset --hard
2025-04-24 12:39:28.639 | INFO     | modules.chunk_analyzer:_apply_chunk_patches:649 - 找到匹配行，原始行号: 499，新行号: 251
2025-04-24 12:39:28.640 | INFO     | modules.chunk_analyzer:_apply_chunk_patches:666 - 尝试应用调整行号后的补丁: /tmp/tmpa4csgd38/adjusted.patch
2025-04-24 12:39:28.640 | INFO     | modules.chunk_analyzer:_run_git_command:1329 - 运行git命令: apply --ignore-space-change --ignore-whitespace /tmp/tmpa4csgd38/adjusted.patch
2025-04-24 12:39:28.642 | ERROR    | modules.chunk_analyzer:_run_git_command:1340 - Git命令执行失败: error: patch failed: tests/unit/keyspace.tcl:251
error: tests/unit/keyspace.tcl: patch does not apply

2025-04-24 12:39:28.643 | INFO     | modules.chunk_analyzer:_apply_chunk_patches:681 - 尝试调整行号失败: Command '['git', 'apply', '--ignore-space-change', '--ignore-whitespace', '/tmp/tmpa4csgd38/adjusted.patch']' returned non-zero exit status 1.
2025-04-24 12:39:28.643 | INFO     | modules.chunk_analyzer:_run_git_command:1329 - 运行git命令: reset --hard
2025-04-24 12:39:28.648 | INFO     | modules.chunk_analyzer:_apply_chunk_patches:649 - 找到匹配行，原始行号: 499，新行号: 252
2025-04-24 12:39:28.649 | INFO     | modules.chunk_analyzer:_apply_chunk_patches:666 - 尝试应用调整行号后的补丁: /tmp/tmp7uh9o9vu/adjusted.patch
2025-04-24 12:39:28.649 | INFO     | modules.chunk_analyzer:_run_git_command:1329 - 运行git命令: apply --ignore-space-change --ignore-whitespace /tmp/tmp7uh9o9vu/adjusted.patch
2025-04-24 12:39:28.651 | ERROR    | modules.chunk_analyzer:_run_git_command:1340 - Git命令执行失败: error: patch failed: tests/unit/keyspace.tcl:252
error: tests/unit/keyspace.tcl: patch does not apply

2025-04-24 12:39:28.651 | INFO     | modules.chunk_analyzer:_apply_chunk_patches:681 - 尝试调整行号失败: Command '['git', 'apply', '--ignore-space-change', '--ignore-whitespace', '/tmp/tmp7uh9o9vu/adjusted.patch']' returned non-zero exit status 1.
2025-04-24 12:39:28.652 | INFO     | modules.chunk_analyzer:_run_git_command:1329 - 运行git命令: reset --hard
2025-04-24 12:39:28.657 | INFO     | modules.chunk_analyzer:_apply_chunk_patches:649 - 找到匹配行，原始行号: 499，新行号: 253
2025-04-24 12:39:28.657 | INFO     | modules.chunk_analyzer:_apply_chunk_patches:666 - 尝试应用调整行号后的补丁: /tmp/tmp752zaf9q/adjusted.patch
2025-04-24 12:39:28.657 | INFO     | modules.chunk_analyzer:_run_git_command:1329 - 运行git命令: apply --ignore-space-change --ignore-whitespace /tmp/tmp752zaf9q/adjusted.patch
2025-04-24 12:39:28.659 | ERROR    | modules.chunk_analyzer:_run_git_command:1340 - Git命令执行失败: error: patch failed: tests/unit/keyspace.tcl:253
error: tests/unit/keyspace.tcl: patch does not apply

2025-04-24 12:39:28.660 | INFO     | modules.chunk_analyzer:_apply_chunk_patches:681 - 尝试调整行号失败: Command '['git', 'apply', '--ignore-space-change', '--ignore-whitespace', '/tmp/tmp752zaf9q/adjusted.patch']' returned non-zero exit status 1.
2025-04-24 12:39:28.660 | INFO     | modules.chunk_analyzer:_run_git_command:1329 - 运行git命令: reset --hard
2025-04-24 12:39:28.665 | INFO     | modules.chunk_analyzer:_apply_chunk_patches:649 - 找到匹配行，原始行号: 499，新行号: 254
2025-04-24 12:39:28.665 | INFO     | modules.chunk_analyzer:_apply_chunk_patches:666 - 尝试应用调整行号后的补丁: /tmp/tmpfkz8ywyn/adjusted.patch
2025-04-24 12:39:28.665 | INFO     | modules.chunk_analyzer:_run_git_command:1329 - 运行git命令: apply --ignore-space-change --ignore-whitespace /tmp/tmpfkz8ywyn/adjusted.patch
2025-04-24 12:39:28.668 | ERROR    | modules.chunk_analyzer:_run_git_command:1340 - Git命令执行失败: error: patch failed: tests/unit/keyspace.tcl:254
error: tests/unit/keyspace.tcl: patch does not apply

2025-04-24 12:39:28.668 | INFO     | modules.chunk_analyzer:_apply_chunk_patches:681 - 尝试调整行号失败: Command '['git', 'apply', '--ignore-space-change', '--ignore-whitespace', '/tmp/tmpfkz8ywyn/adjusted.patch']' returned non-zero exit status 1.
2025-04-24 12:39:28.668 | INFO     | modules.chunk_analyzer:_run_git_command:1329 - 运行git命令: reset --hard
2025-04-24 12:39:28.673 | INFO     | modules.chunk_analyzer:_apply_chunk_patches:649 - 找到匹配行，原始行号: 499，新行号: 255
2025-04-24 12:39:28.674 | INFO     | modules.chunk_analyzer:_apply_chunk_patches:666 - 尝试应用调整行号后的补丁: /tmp/tmp_3t12qi_/adjusted.patch
2025-04-24 12:39:28.674 | INFO     | modules.chunk_analyzer:_run_git_command:1329 - 运行git命令: apply --ignore-space-change --ignore-whitespace /tmp/tmp_3t12qi_/adjusted.patch
2025-04-24 12:39:28.676 | ERROR    | modules.chunk_analyzer:_run_git_command:1340 - Git命令执行失败: error: patch failed: tests/unit/keyspace.tcl:255
error: tests/unit/keyspace.tcl: patch does not apply

2025-04-24 12:39:28.676 | INFO     | modules.chunk_analyzer:_apply_chunk_patches:681 - 尝试调整行号失败: Command '['git', 'apply', '--ignore-space-change', '--ignore-whitespace', '/tmp/tmp_3t12qi_/adjusted.patch']' returned non-zero exit status 1.
2025-04-24 12:39:28.676 | INFO     | modules.chunk_analyzer:_run_git_command:1329 - 运行git命令: reset --hard
2025-04-24 12:39:28.681 | INFO     | modules.chunk_analyzer:_apply_chunk_patches:649 - 找到匹配行，原始行号: 499，新行号: 256
2025-04-24 12:39:28.682 | INFO     | modules.chunk_analyzer:_apply_chunk_patches:666 - 尝试应用调整行号后的补丁: /tmp/tmpe_swqolc/adjusted.patch
2025-04-24 12:39:28.682 | INFO     | modules.chunk_analyzer:_run_git_command:1329 - 运行git命令: apply --ignore-space-change --ignore-whitespace /tmp/tmpe_swqolc/adjusted.patch
2025-04-24 12:39:28.684 | ERROR    | modules.chunk_analyzer:_run_git_command:1340 - Git命令执行失败: error: patch failed: tests/unit/keyspace.tcl:256
error: tests/unit/keyspace.tcl: patch does not apply

2025-04-24 12:39:28.684 | INFO     | modules.chunk_analyzer:_apply_chunk_patches:681 - 尝试调整行号失败: Command '['git', 'apply', '--ignore-space-change', '--ignore-whitespace', '/tmp/tmpe_swqolc/adjusted.patch']' returned non-zero exit status 1.
2025-04-24 12:39:28.685 | INFO     | modules.chunk_analyzer:_run_git_command:1329 - 运行git命令: reset --hard
2025-04-24 12:39:28.690 | INFO     | modules.chunk_analyzer:_apply_chunk_patches:649 - 找到匹配行，原始行号: 499，新行号: 257
2025-04-24 12:39:28.690 | INFO     | modules.chunk_analyzer:_apply_chunk_patches:666 - 尝试应用调整行号后的补丁: /tmp/tmpgzc_brpa/adjusted.patch
2025-04-24 12:39:28.691 | INFO     | modules.chunk_analyzer:_run_git_command:1329 - 运行git命令: apply --ignore-space-change --ignore-whitespace /tmp/tmpgzc_brpa/adjusted.patch
2025-04-24 12:39:28.692 | ERROR    | modules.chunk_analyzer:_run_git_command:1340 - Git命令执行失败: error: patch failed: tests/unit/keyspace.tcl:257
error: tests/unit/keyspace.tcl: patch does not apply

2025-04-24 12:39:28.693 | INFO     | modules.chunk_analyzer:_apply_chunk_patches:681 - 尝试调整行号失败: Command '['git', 'apply', '--ignore-space-change', '--ignore-whitespace', '/tmp/tmpgzc_brpa/adjusted.patch']' returned non-zero exit status 1.
2025-04-24 12:39:28.693 | INFO     | modules.chunk_analyzer:_run_git_command:1329 - 运行git命令: reset --hard
2025-04-24 12:39:28.698 | INFO     | modules.chunk_analyzer:_apply_chunk_patches:649 - 找到匹配行，原始行号: 499，新行号: 258
2025-04-24 12:39:28.698 | INFO     | modules.chunk_analyzer:_apply_chunk_patches:666 - 尝试应用调整行号后的补丁: /tmp/tmpyxmzf80f/adjusted.patch
2025-04-24 12:39:28.698 | INFO     | modules.chunk_analyzer:_run_git_command:1329 - 运行git命令: apply --ignore-space-change --ignore-whitespace /tmp/tmpyxmzf80f/adjusted.patch
2025-04-24 12:39:28.701 | ERROR    | modules.chunk_analyzer:_run_git_command:1340 - Git命令执行失败: error: patch failed: tests/unit/keyspace.tcl:258
error: tests/unit/keyspace.tcl: patch does not apply

2025-04-24 12:39:28.701 | INFO     | modules.chunk_analyzer:_apply_chunk_patches:681 - 尝试调整行号失败: Command '['git', 'apply', '--ignore-space-change', '--ignore-whitespace', '/tmp/tmpyxmzf80f/adjusted.patch']' returned non-zero exit status 1.
2025-04-24 12:39:28.701 | INFO     | modules.chunk_analyzer:_run_git_command:1329 - 运行git命令: reset --hard
2025-04-24 12:39:28.707 | INFO     | modules.chunk_analyzer:_apply_chunk_patches:649 - 找到匹配行，原始行号: 499，新行号: 259
2025-04-24 12:39:28.707 | INFO     | modules.chunk_analyzer:_apply_chunk_patches:666 - 尝试应用调整行号后的补丁: /tmp/tmpysbp34r7/adjusted.patch
2025-04-24 12:39:28.707 | INFO     | modules.chunk_analyzer:_run_git_command:1329 - 运行git命令: apply --ignore-space-change --ignore-whitespace /tmp/tmpysbp34r7/adjusted.patch
2025-04-24 12:39:28.709 | ERROR    | modules.chunk_analyzer:_run_git_command:1340 - Git命令执行失败: error: patch failed: tests/unit/keyspace.tcl:259
error: tests/unit/keyspace.tcl: patch does not apply

2025-04-24 12:39:28.709 | INFO     | modules.chunk_analyzer:_apply_chunk_patches:681 - 尝试调整行号失败: Command '['git', 'apply', '--ignore-space-change', '--ignore-whitespace', '/tmp/tmpysbp34r7/adjusted.patch']' returned non-zero exit status 1.
2025-04-24 12:39:28.710 | INFO     | modules.chunk_analyzer:_run_git_command:1329 - 运行git命令: reset --hard
2025-04-24 12:39:28.715 | INFO     | modules.chunk_analyzer:_apply_chunk_patches:649 - 找到匹配行，原始行号: 499，新行号: 260
2025-04-24 12:39:28.715 | INFO     | modules.chunk_analyzer:_apply_chunk_patches:666 - 尝试应用调整行号后的补丁: /tmp/tmp3ltm_l20/adjusted.patch
2025-04-24 12:39:28.715 | INFO     | modules.chunk_analyzer:_run_git_command:1329 - 运行git命令: apply --ignore-space-change --ignore-whitespace /tmp/tmp3ltm_l20/adjusted.patch
2025-04-24 12:39:28.718 | ERROR    | modules.chunk_analyzer:_run_git_command:1340 - Git命令执行失败: error: patch failed: tests/unit/keyspace.tcl:260
error: tests/unit/keyspace.tcl: patch does not apply

2025-04-24 12:39:28.718 | INFO     | modules.chunk_analyzer:_apply_chunk_patches:681 - 尝试调整行号失败: Command '['git', 'apply', '--ignore-space-change', '--ignore-whitespace', '/tmp/tmp3ltm_l20/adjusted.patch']' returned non-zero exit status 1.
2025-04-24 12:39:28.718 | INFO     | modules.chunk_analyzer:_run_git_command:1329 - 运行git命令: reset --hard
2025-04-24 12:39:28.723 | INFO     | modules.chunk_analyzer:_apply_chunk_patches:649 - 找到匹配行，原始行号: 499，新行号: 261
2025-04-24 12:39:28.724 | INFO     | modules.chunk_analyzer:_apply_chunk_patches:666 - 尝试应用调整行号后的补丁: /tmp/tmptwm769bj/adjusted.patch
2025-04-24 12:39:28.724 | INFO     | modules.chunk_analyzer:_run_git_command:1329 - 运行git命令: apply --ignore-space-change --ignore-whitespace /tmp/tmptwm769bj/adjusted.patch
2025-04-24 12:39:28.726 | ERROR    | modules.chunk_analyzer:_run_git_command:1340 - Git命令执行失败: error: patch failed: tests/unit/keyspace.tcl:261
error: tests/unit/keyspace.tcl: patch does not apply

2025-04-24 12:39:28.727 | INFO     | modules.chunk_analyzer:_apply_chunk_patches:681 - 尝试调整行号失败: Command '['git', 'apply', '--ignore-space-change', '--ignore-whitespace', '/tmp/tmptwm769bj/adjusted.patch']' returned non-zero exit status 1.
2025-04-24 12:39:28.727 | INFO     | modules.chunk_analyzer:_run_git_command:1329 - 运行git命令: reset --hard
2025-04-24 12:39:28.732 | INFO     | modules.chunk_analyzer:_apply_chunk_patches:649 - 找到匹配行，原始行号: 499，新行号: 262
2025-04-24 12:39:28.732 | INFO     | modules.chunk_analyzer:_apply_chunk_patches:666 - 尝试应用调整行号后的补丁: /tmp/tmp8pb2x3yd/adjusted.patch
2025-04-24 12:39:28.732 | INFO     | modules.chunk_analyzer:_run_git_command:1329 - 运行git命令: apply --ignore-space-change --ignore-whitespace /tmp/tmp8pb2x3yd/adjusted.patch
2025-04-24 12:39:28.735 | ERROR    | modules.chunk_analyzer:_run_git_command:1340 - Git命令执行失败: error: patch failed: tests/unit/keyspace.tcl:262
error: tests/unit/keyspace.tcl: patch does not apply

2025-04-24 12:39:28.735 | INFO     | modules.chunk_analyzer:_apply_chunk_patches:681 - 尝试调整行号失败: Command '['git', 'apply', '--ignore-space-change', '--ignore-whitespace', '/tmp/tmp8pb2x3yd/adjusted.patch']' returned non-zero exit status 1.
2025-04-24 12:39:28.735 | INFO     | modules.chunk_analyzer:_run_git_command:1329 - 运行git命令: reset --hard
2025-04-24 12:39:28.740 | INFO     | modules.chunk_analyzer:_apply_chunk_patches:649 - 找到匹配行，原始行号: 499，新行号: 263
2025-04-24 12:39:28.741 | INFO     | modules.chunk_analyzer:_apply_chunk_patches:666 - 尝试应用调整行号后的补丁: /tmp/tmp3ilcd0d3/adjusted.patch
2025-04-24 12:39:28.741 | INFO     | modules.chunk_analyzer:_run_git_command:1329 - 运行git命令: apply --ignore-space-change --ignore-whitespace /tmp/tmp3ilcd0d3/adjusted.patch
2025-04-24 12:39:28.743 | ERROR    | modules.chunk_analyzer:_run_git_command:1340 - Git命令执行失败: error: patch failed: tests/unit/keyspace.tcl:263
error: tests/unit/keyspace.tcl: patch does not apply

2025-04-24 12:39:28.743 | INFO     | modules.chunk_analyzer:_apply_chunk_patches:681 - 尝试调整行号失败: Command '['git', 'apply', '--ignore-space-change', '--ignore-whitespace', '/tmp/tmp3ilcd0d3/adjusted.patch']' returned non-zero exit status 1.
2025-04-24 12:39:28.743 | INFO     | modules.chunk_analyzer:_run_git_command:1329 - 运行git命令: reset --hard
2025-04-24 12:39:28.748 | INFO     | modules.chunk_analyzer:_apply_chunk_patches:649 - 找到匹配行，原始行号: 499，新行号: 264
2025-04-24 12:39:28.749 | INFO     | modules.chunk_analyzer:_apply_chunk_patches:666 - 尝试应用调整行号后的补丁: /tmp/tmpei8z8ev5/adjusted.patch
2025-04-24 12:39:28.749 | INFO     | modules.chunk_analyzer:_run_git_command:1329 - 运行git命令: apply --ignore-space-change --ignore-whitespace /tmp/tmpei8z8ev5/adjusted.patch
2025-04-24 12:39:28.751 | ERROR    | modules.chunk_analyzer:_run_git_command:1340 - Git命令执行失败: error: patch failed: tests/unit/keyspace.tcl:264
error: tests/unit/keyspace.tcl: patch does not apply

2025-04-24 12:39:28.752 | INFO     | modules.chunk_analyzer:_apply_chunk_patches:681 - 尝试调整行号失败: Command '['git', 'apply', '--ignore-space-change', '--ignore-whitespace', '/tmp/tmpei8z8ev5/adjusted.patch']' returned non-zero exit status 1.
2025-04-24 12:39:28.752 | INFO     | modules.chunk_analyzer:_run_git_command:1329 - 运行git命令: reset --hard
2025-04-24 12:39:28.757 | INFO     | modules.chunk_analyzer:_apply_chunk_patches:649 - 找到匹配行，原始行号: 499，新行号: 265
2025-04-24 12:39:28.757 | INFO     | modules.chunk_analyzer:_apply_chunk_patches:666 - 尝试应用调整行号后的补丁: /tmp/tmp4hkebw5n/adjusted.patch
2025-04-24 12:39:28.758 | INFO     | modules.chunk_analyzer:_run_git_command:1329 - 运行git命令: apply --ignore-space-change --ignore-whitespace /tmp/tmp4hkebw5n/adjusted.patch
2025-04-24 12:39:28.759 | ERROR    | modules.chunk_analyzer:_run_git_command:1340 - Git命令执行失败: error: patch failed: tests/unit/keyspace.tcl:265
error: tests/unit/keyspace.tcl: patch does not apply

2025-04-24 12:39:28.760 | INFO     | modules.chunk_analyzer:_apply_chunk_patches:681 - 尝试调整行号失败: Command '['git', 'apply', '--ignore-space-change', '--ignore-whitespace', '/tmp/tmp4hkebw5n/adjusted.patch']' returned non-zero exit status 1.
2025-04-24 12:39:28.760 | INFO     | modules.chunk_analyzer:_run_git_command:1329 - 运行git命令: reset --hard
2025-04-24 12:39:28.765 | INFO     | modules.chunk_analyzer:_apply_chunk_patches:649 - 找到匹配行，原始行号: 499，新行号: 266
2025-04-24 12:39:28.766 | INFO     | modules.chunk_analyzer:_apply_chunk_patches:666 - 尝试应用调整行号后的补丁: /tmp/tmpkrp4dcz6/adjusted.patch
2025-04-24 12:39:28.766 | INFO     | modules.chunk_analyzer:_run_git_command:1329 - 运行git命令: apply --ignore-space-change --ignore-whitespace /tmp/tmpkrp4dcz6/adjusted.patch
2025-04-24 12:39:28.768 | ERROR    | modules.chunk_analyzer:_run_git_command:1340 - Git命令执行失败: error: patch failed: tests/unit/keyspace.tcl:266
error: tests/unit/keyspace.tcl: patch does not apply

2025-04-24 12:39:28.768 | INFO     | modules.chunk_analyzer:_apply_chunk_patches:681 - 尝试调整行号失败: Command '['git', 'apply', '--ignore-space-change', '--ignore-whitespace', '/tmp/tmpkrp4dcz6/adjusted.patch']' returned non-zero exit status 1.
2025-04-24 12:39:28.769 | INFO     | modules.chunk_analyzer:_run_git_command:1329 - 运行git命令: reset --hard
2025-04-24 12:39:28.774 | INFO     | modules.chunk_analyzer:_apply_chunk_patches:649 - 找到匹配行，原始行号: 499，新行号: 267
2025-04-24 12:39:28.774 | INFO     | modules.chunk_analyzer:_apply_chunk_patches:666 - 尝试应用调整行号后的补丁: /tmp/tmplqwdegqh/adjusted.patch
2025-04-24 12:39:28.774 | INFO     | modules.chunk_analyzer:_run_git_command:1329 - 运行git命令: apply --ignore-space-change --ignore-whitespace /tmp/tmplqwdegqh/adjusted.patch
2025-04-24 12:39:28.776 | ERROR    | modules.chunk_analyzer:_run_git_command:1340 - Git命令执行失败: error: patch failed: tests/unit/keyspace.tcl:267
error: tests/unit/keyspace.tcl: patch does not apply

2025-04-24 12:39:28.776 | INFO     | modules.chunk_analyzer:_apply_chunk_patches:681 - 尝试调整行号失败: Command '['git', 'apply', '--ignore-space-change', '--ignore-whitespace', '/tmp/tmplqwdegqh/adjusted.patch']' returned non-zero exit status 1.
2025-04-24 12:39:28.777 | INFO     | modules.chunk_analyzer:_run_git_command:1329 - 运行git命令: reset --hard
2025-04-24 12:39:28.782 | INFO     | modules.chunk_analyzer:_apply_chunk_patches:649 - 找到匹配行，原始行号: 499，新行号: 268
2025-04-24 12:39:28.782 | INFO     | modules.chunk_analyzer:_apply_chunk_patches:666 - 尝试应用调整行号后的补丁: /tmp/tmpw4qg1i4y/adjusted.patch
2025-04-24 12:39:28.783 | INFO     | modules.chunk_analyzer:_run_git_command:1329 - 运行git命令: apply --ignore-space-change --ignore-whitespace /tmp/tmpw4qg1i4y/adjusted.patch
2025-04-24 12:39:28.785 | ERROR    | modules.chunk_analyzer:_run_git_command:1340 - Git命令执行失败: error: patch failed: tests/unit/keyspace.tcl:268
error: tests/unit/keyspace.tcl: patch does not apply

2025-04-24 12:39:28.785 | INFO     | modules.chunk_analyzer:_apply_chunk_patches:681 - 尝试调整行号失败: Command '['git', 'apply', '--ignore-space-change', '--ignore-whitespace', '/tmp/tmpw4qg1i4y/adjusted.patch']' returned non-zero exit status 1.
2025-04-24 12:39:28.785 | INFO     | modules.chunk_analyzer:_run_git_command:1329 - 运行git命令: reset --hard
2025-04-24 12:39:28.790 | INFO     | modules.chunk_analyzer:_apply_chunk_patches:649 - 找到匹配行，原始行号: 499，新行号: 269
2025-04-24 12:39:28.791 | INFO     | modules.chunk_analyzer:_apply_chunk_patches:666 - 尝试应用调整行号后的补丁: /tmp/tmpc4hwwm1r/adjusted.patch
2025-04-24 12:39:28.791 | INFO     | modules.chunk_analyzer:_run_git_command:1329 - 运行git命令: apply --ignore-space-change --ignore-whitespace /tmp/tmpc4hwwm1r/adjusted.patch
2025-04-24 12:39:28.793 | ERROR    | modules.chunk_analyzer:_run_git_command:1340 - Git命令执行失败: error: patch failed: tests/unit/keyspace.tcl:269
error: tests/unit/keyspace.tcl: patch does not apply

2025-04-24 12:39:28.793 | INFO     | modules.chunk_analyzer:_apply_chunk_patches:681 - 尝试调整行号失败: Command '['git', 'apply', '--ignore-space-change', '--ignore-whitespace', '/tmp/tmpc4hwwm1r/adjusted.patch']' returned non-zero exit status 1.
2025-04-24 12:39:28.793 | INFO     | modules.chunk_analyzer:_run_git_command:1329 - 运行git命令: reset --hard
2025-04-24 12:39:28.799 | INFO     | modules.chunk_analyzer:_apply_chunk_patches:649 - 找到匹配行，原始行号: 499，新行号: 270
2025-04-24 12:39:28.800 | INFO     | modules.chunk_analyzer:_apply_chunk_patches:666 - 尝试应用调整行号后的补丁: /tmp/tmp12attymp/adjusted.patch
2025-04-24 12:39:28.800 | INFO     | modules.chunk_analyzer:_run_git_command:1329 - 运行git命令: apply --ignore-space-change --ignore-whitespace /tmp/tmp12attymp/adjusted.patch
2025-04-24 12:39:28.802 | ERROR    | modules.chunk_analyzer:_run_git_command:1340 - Git命令执行失败: error: patch failed: tests/unit/keyspace.tcl:270
error: tests/unit/keyspace.tcl: patch does not apply

2025-04-24 12:39:28.802 | INFO     | modules.chunk_analyzer:_apply_chunk_patches:681 - 尝试调整行号失败: Command '['git', 'apply', '--ignore-space-change', '--ignore-whitespace', '/tmp/tmp12attymp/adjusted.patch']' returned non-zero exit status 1.
2025-04-24 12:39:28.802 | INFO     | modules.chunk_analyzer:_run_git_command:1329 - 运行git命令: reset --hard
2025-04-24 12:39:28.807 | INFO     | modules.chunk_analyzer:_apply_chunk_patches:649 - 找到匹配行，原始行号: 499，新行号: 271
2025-04-24 12:39:28.808 | INFO     | modules.chunk_analyzer:_apply_chunk_patches:666 - 尝试应用调整行号后的补丁: /tmp/tmpu2ahq7xz/adjusted.patch
2025-04-24 12:39:28.808 | INFO     | modules.chunk_analyzer:_run_git_command:1329 - 运行git命令: apply --ignore-space-change --ignore-whitespace /tmp/tmpu2ahq7xz/adjusted.patch
2025-04-24 12:39:28.810 | ERROR    | modules.chunk_analyzer:_run_git_command:1340 - Git命令执行失败: error: patch failed: tests/unit/keyspace.tcl:271
error: tests/unit/keyspace.tcl: patch does not apply

2025-04-24 12:39:28.810 | INFO     | modules.chunk_analyzer:_apply_chunk_patches:681 - 尝试调整行号失败: Command '['git', 'apply', '--ignore-space-change', '--ignore-whitespace', '/tmp/tmpu2ahq7xz/adjusted.patch']' returned non-zero exit status 1.
2025-04-24 12:39:28.810 | INFO     | modules.chunk_analyzer:_run_git_command:1329 - 运行git命令: reset --hard
2025-04-24 12:39:28.816 | INFO     | modules.chunk_analyzer:_apply_chunk_patches:649 - 找到匹配行，原始行号: 499，新行号: 272
2025-04-24 12:39:28.817 | INFO     | modules.chunk_analyzer:_apply_chunk_patches:666 - 尝试应用调整行号后的补丁: /tmp/tmpovyojda8/adjusted.patch
2025-04-24 12:39:28.817 | INFO     | modules.chunk_analyzer:_run_git_command:1329 - 运行git命令: apply --ignore-space-change --ignore-whitespace /tmp/tmpovyojda8/adjusted.patch
2025-04-24 12:39:28.819 | ERROR    | modules.chunk_analyzer:_run_git_command:1340 - Git命令执行失败: error: patch failed: tests/unit/keyspace.tcl:272
error: tests/unit/keyspace.tcl: patch does not apply

2025-04-24 12:39:28.819 | INFO     | modules.chunk_analyzer:_apply_chunk_patches:681 - 尝试调整行号失败: Command '['git', 'apply', '--ignore-space-change', '--ignore-whitespace', '/tmp/tmpovyojda8/adjusted.patch']' returned non-zero exit status 1.
2025-04-24 12:39:28.819 | INFO     | modules.chunk_analyzer:_run_git_command:1329 - 运行git命令: reset --hard
2025-04-24 12:39:28.824 | INFO     | modules.chunk_analyzer:_apply_chunk_patches:649 - 找到匹配行，原始行号: 499，新行号: 273
2025-04-24 12:39:28.825 | INFO     | modules.chunk_analyzer:_apply_chunk_patches:666 - 尝试应用调整行号后的补丁: /tmp/tmp7pin41wv/adjusted.patch
2025-04-24 12:39:28.825 | INFO     | modules.chunk_analyzer:_run_git_command:1329 - 运行git命令: apply --ignore-space-change --ignore-whitespace /tmp/tmp7pin41wv/adjusted.patch
2025-04-24 12:39:28.827 | ERROR    | modules.chunk_analyzer:_run_git_command:1340 - Git命令执行失败: error: patch failed: tests/unit/keyspace.tcl:273
error: tests/unit/keyspace.tcl: patch does not apply

2025-04-24 12:39:28.827 | INFO     | modules.chunk_analyzer:_apply_chunk_patches:681 - 尝试调整行号失败: Command '['git', 'apply', '--ignore-space-change', '--ignore-whitespace', '/tmp/tmp7pin41wv/adjusted.patch']' returned non-zero exit status 1.
2025-04-24 12:39:28.827 | INFO     | modules.chunk_analyzer:_run_git_command:1329 - 运行git命令: reset --hard
2025-04-24 12:39:28.832 | INFO     | modules.chunk_analyzer:_apply_chunk_patches:649 - 找到匹配行，原始行号: 499，新行号: 274
2025-04-24 12:39:28.833 | INFO     | modules.chunk_analyzer:_apply_chunk_patches:666 - 尝试应用调整行号后的补丁: /tmp/tmp64exo02j/adjusted.patch
2025-04-24 12:39:28.834 | INFO     | modules.chunk_analyzer:_run_git_command:1329 - 运行git命令: apply --ignore-space-change --ignore-whitespace /tmp/tmp64exo02j/adjusted.patch
2025-04-24 12:39:28.835 | ERROR    | modules.chunk_analyzer:_run_git_command:1340 - Git命令执行失败: error: patch failed: tests/unit/keyspace.tcl:274
error: tests/unit/keyspace.tcl: patch does not apply

2025-04-24 12:39:28.836 | INFO     | modules.chunk_analyzer:_apply_chunk_patches:681 - 尝试调整行号失败: Command '['git', 'apply', '--ignore-space-change', '--ignore-whitespace', '/tmp/tmp64exo02j/adjusted.patch']' returned non-zero exit status 1.
2025-04-24 12:39:28.836 | INFO     | modules.chunk_analyzer:_run_git_command:1329 - 运行git命令: reset --hard
2025-04-24 12:39:28.841 | INFO     | modules.chunk_analyzer:_apply_chunk_patches:649 - 找到匹配行，原始行号: 499，新行号: 275
2025-04-24 12:39:28.842 | INFO     | modules.chunk_analyzer:_apply_chunk_patches:666 - 尝试应用调整行号后的补丁: /tmp/tmprxq6tti8/adjusted.patch
2025-04-24 12:39:28.842 | INFO     | modules.chunk_analyzer:_run_git_command:1329 - 运行git命令: apply --ignore-space-change --ignore-whitespace /tmp/tmprxq6tti8/adjusted.patch
2025-04-24 12:39:28.844 | ERROR    | modules.chunk_analyzer:_run_git_command:1340 - Git命令执行失败: error: patch failed: tests/unit/keyspace.tcl:275
error: tests/unit/keyspace.tcl: patch does not apply

2025-04-24 12:39:28.844 | INFO     | modules.chunk_analyzer:_apply_chunk_patches:681 - 尝试调整行号失败: Command '['git', 'apply', '--ignore-space-change', '--ignore-whitespace', '/tmp/tmprxq6tti8/adjusted.patch']' returned non-zero exit status 1.
2025-04-24 12:39:28.845 | INFO     | modules.chunk_analyzer:_run_git_command:1329 - 运行git命令: reset --hard
2025-04-24 12:39:28.850 | INFO     | modules.chunk_analyzer:_apply_chunk_patches:695 - 方法6: 尝试使用更多patch选项组合
2025-04-24 12:39:28.850 | INFO     | modules.chunk_analyzer:_apply_chunk_patches:780 - 尝试patch选项: patch -p1 -F 100 --fuzz=100 --ignore-whitespace -f -l tests/unit/keyspace.tcl
2025-04-24 12:39:28.851 | INFO     | modules.chunk_analyzer:_apply_chunk_patches:812 - 尝试选项 patch -p1 -F 100 --fuzz=100 --ignore-whitespace -f -l tests/unit/keyspace.tcl 异常: 'bytes' object has no attribute 'encode'
2025-04-24 12:39:28.853 | INFO     | modules.chunk_analyzer:_apply_chunk_patches:814 - 错误堆栈: Traceback (most recent call last):
  File "/home/elpsy/workspace/sow/patch-backport/modules/chunk_analyzer.py", line 788, in _apply_chunk_patches
    patch_result = subprocess.run(
                   ^^^^^^^^^^^^^^^
  File "/home/elpsy/tools/miniconda3/envs/sow/lib/python3.12/subprocess.py", line 550, in run
    stdout, stderr = process.communicate(input, timeout=timeout)
                     ^^^^^^^^^^^^^^^^^^^^^^^^^^^^^^^^^^^^^^^^^^^
  File "/home/elpsy/tools/miniconda3/envs/sow/lib/python3.12/subprocess.py", line 1209, in communicate
    stdout, stderr = self._communicate(input, endtime, timeout)
                     ^^^^^^^^^^^^^^^^^^^^^^^^^^^^^^^^^^^^^^^^^^
  File "/home/elpsy/tools/miniconda3/envs/sow/lib/python3.12/subprocess.py", line 2092, in _communicate
    self._save_input(input)
  File "/home/elpsy/tools/miniconda3/envs/sow/lib/python3.12/subprocess.py", line 2172, in _save_input
    self._input = self._input.encode(self.stdin.encoding,
                  ^^^^^^^^^^^^^^^^^^
AttributeError: 'bytes' object has no attribute 'encode'. Did you mean: 'decode'?

2025-04-24 12:39:28.853 | INFO     | modules.chunk_analyzer:_run_git_command:1329 - 运行git命令: reset --hard
2025-04-24 12:39:28.859 | INFO     | modules.chunk_analyzer:_apply_chunk_patches:780 - 尝试patch选项: patch -p1 -F 100 --fuzz=100 --ignore-whitespace -f -l -t tests/unit/keyspace.tcl
2025-04-24 12:39:28.860 | INFO     | modules.chunk_analyzer:_apply_chunk_patches:812 - 尝试选项 patch -p1 -F 100 --fuzz=100 --ignore-whitespace -f -l -t tests/unit/keyspace.tcl 异常: 'bytes' object has no attribute 'encode'
2025-04-24 12:39:28.862 | INFO     | modules.chunk_analyzer:_apply_chunk_patches:814 - 错误堆栈: Traceback (most recent call last):
  File "/home/elpsy/workspace/sow/patch-backport/modules/chunk_analyzer.py", line 788, in _apply_chunk_patches
    patch_result = subprocess.run(
                   ^^^^^^^^^^^^^^^
  File "/home/elpsy/tools/miniconda3/envs/sow/lib/python3.12/subprocess.py", line 550, in run
    stdout, stderr = process.communicate(input, timeout=timeout)
                     ^^^^^^^^^^^^^^^^^^^^^^^^^^^^^^^^^^^^^^^^^^^
  File "/home/elpsy/tools/miniconda3/envs/sow/lib/python3.12/subprocess.py", line 1209, in communicate
    stdout, stderr = self._communicate(input, endtime, timeout)
                     ^^^^^^^^^^^^^^^^^^^^^^^^^^^^^^^^^^^^^^^^^^
  File "/home/elpsy/tools/miniconda3/envs/sow/lib/python3.12/subprocess.py", line 2092, in _communicate
    self._save_input(input)
  File "/home/elpsy/tools/miniconda3/envs/sow/lib/python3.12/subprocess.py", line 2172, in _save_input
    self._input = self._input.encode(self.stdin.encoding,
                  ^^^^^^^^^^^^^^^^^^
AttributeError: 'bytes' object has no attribute 'encode'. Did you mean: 'decode'?

2025-04-24 12:39:28.862 | INFO     | modules.chunk_analyzer:_run_git_command:1329 - 运行git命令: reset --hard
2025-04-24 12:39:28.867 | INFO     | modules.chunk_analyzer:_apply_chunk_patches:780 - 尝试patch选项: patch -p1 -F 100 --fuzz=100 --ignore-whitespace -f -l -N tests/unit/keyspace.tcl
2025-04-24 12:39:28.868 | INFO     | modules.chunk_analyzer:_apply_chunk_patches:812 - 尝试选项 patch -p1 -F 100 --fuzz=100 --ignore-whitespace -f -l -N tests/unit/keyspace.tcl 异常: 'bytes' object has no attribute 'encode'
2025-04-24 12:39:28.870 | INFO     | modules.chunk_analyzer:_apply_chunk_patches:814 - 错误堆栈: Traceback (most recent call last):
  File "/home/elpsy/workspace/sow/patch-backport/modules/chunk_analyzer.py", line 788, in _apply_chunk_patches
    patch_result = subprocess.run(
                   ^^^^^^^^^^^^^^^
  File "/home/elpsy/tools/miniconda3/envs/sow/lib/python3.12/subprocess.py", line 550, in run
    stdout, stderr = process.communicate(input, timeout=timeout)
                     ^^^^^^^^^^^^^^^^^^^^^^^^^^^^^^^^^^^^^^^^^^^
  File "/home/elpsy/tools/miniconda3/envs/sow/lib/python3.12/subprocess.py", line 1209, in communicate
    stdout, stderr = self._communicate(input, endtime, timeout)
                     ^^^^^^^^^^^^^^^^^^^^^^^^^^^^^^^^^^^^^^^^^^
  File "/home/elpsy/tools/miniconda3/envs/sow/lib/python3.12/subprocess.py", line 2092, in _communicate
    self._save_input(input)
  File "/home/elpsy/tools/miniconda3/envs/sow/lib/python3.12/subprocess.py", line 2172, in _save_input
    self._input = self._input.encode(self.stdin.encoding,
                  ^^^^^^^^^^^^^^^^^^
AttributeError: 'bytes' object has no attribute 'encode'. Did you mean: 'decode'?

2025-04-24 12:39:28.870 | INFO     | modules.chunk_analyzer:_run_git_command:1329 - 运行git命令: reset --hard
2025-04-24 12:39:28.876 | INFO     | modules.chunk_analyzer:_apply_chunk_patches:831 - 方法7: 尝试使用git diff内容差异检测
2025-04-24 12:39:28.876 | INFO     | modules.chunk_analyzer:_apply_chunk_patches:943 - 删除行不足以确定准确位置
2025-04-24 12:39:28.877 | INFO     | modules.chunk_analyzer:_apply_chunk_patches:955 - 方法8: 尝试使用外部shell命令应用补丁
2025-04-24 12:39:28.877 | INFO     | modules.chunk_analyzer:_run_git_command:1329 - 运行git命令: rev-parse HEAD
2025-04-24 12:39:28.879 | INFO     | modules.chunk_analyzer:_apply_chunk_patches:1007 - 应用补丁前的提交: dbad1d11b4cfbb8979217c00d23aac94b183d088
2025-04-24 12:39:28.886 | INFO     | modules.chunk_analyzer:_apply_chunk_patches:1097 - 实际应用行号: 273
2025-04-24 12:39:28.886 | INFO     | modules.chunk_analyzer:_apply_chunk_patches:1103 - 行号偏移: -226
2025-04-24 12:39:28.887 | INFO     | modules.chunk_analyzer:_run_git_command:1329 - 运行git命令: add .
2025-04-24 12:39:28.892 | INFO     | modules.chunk_analyzer:_run_git_command:1329 - 运行git命令: commit -m Applied chunk patch with shell script: chunk_004_20250424_123925.patch
2025-04-24 12:39:28.900 | INFO     | modules.chunk_analyzer:_run_git_command:1329 - 运行git命令: rev-parse HEAD
2025-04-24 12:39:28.902 | INFO     | modules.chunk_analyzer:_apply_chunk_patches:1112 - 应用补丁后的提交: 19cfcd4e5afa517eab162ad4bc8908af517ce49d
2025-04-24 12:39:28.903 | INFO     | modules.chunk_analyzer:_run_git_command:1329 - 运行git命令: format-patch -1 --stdout --no-prefix 19cfcd4e5afa517eab162ad4bc8908af517ce49d
2025-04-24 12:39:28.906 | INFO     | modules.chunk_analyzer:_apply_chunk_patches:1135 - 已从实际提交生成补丁: workspace/redis/redis/c8649f/chunk_patches/chunk_004_20250424_123925_actual.patch
2025-04-24 12:39:28.907 | INFO     | modules.chunk_analyzer:_run_git_command:1329 - 运行git命令: format-patch -1 --stdout --no-prefix 19cfcd4e5afa517eab162ad4bc8908af517ce49d -- tests/unit/keyspace.tcl
2025-04-24 12:39:28.910 | INFO     | modules.chunk_analyzer:_apply_chunk_patches:1152 - 已从实际提交生成特定文件的补丁: workspace/redis/redis/c8649f/chunk_patches/chunk_004_20250424_123925_specific.patch
2025-04-24 12:39:28.910 | INFO     | modules.chunk_analyzer:_run_git_command:1329 - 运行git命令: diff dbad1d11b4cfbb8979217c00d23aac94b183d088..19cfcd4e5afa517eab162ad4bc8908af517ce49d -- tests/unit/keyspace.tcl
2025-04-24 12:39:28.913 | INFO     | modules.chunk_analyzer:_apply_chunk_patches:1163 - 已从实际提交生成精确补丁: workspace/redis/redis/c8649f/chunk_patches/chunk_004_20250424_123925_precise.patch
2025-04-24 12:39:28.914 | INFO     | modules.chunk_analyzer:_apply_chunk_patches:1200 - 已保存实际应用位置信息: workspace/redis/redis/c8649f/chunk_patches/chunk_004_20250424_123925_adjusted_info.json
2025-04-24 12:39:28.914 | INFO     | modules.chunk_analyzer:_apply_chunk_patches:1204 - 成功应用块补丁(方法8): chunk_004_20250424_123925.patch
2025-04-24 12:39:28.914 | INFO     | modules.chunk_analyzer:_apply_chunk_patches:1205 - Shell脚本输出: Hmm...  Looks like a unified diff to me...
The text leading up to this was:
--------------------------
|From c8649f8e852d1dc388b5446e003bb0eefa33d61f Mon Sep 17 00:00:00 2001
|From: Oran Agra <oran@redislabs.com>
|Date: Wed, 2 Oct 2024 20:11:01 +0300
|Subject: [PATCH] Prevent pattern matching abuse (CVE-2024-31228)
|
|---
| src/util.c              | 9 ++++++---
| tests/unit/keyspace.tcl | 6 ++++++
| 2 files changed, 12 insertions(+), 3 deletions(-)
|
|diff --git a/tests/unit/keyspace.tcl b/tests/unit/keyspace.tcl
|index 43690d06b32..b42421221cd 100644
|--- a/tests/unit/keyspace.tcl
|+++ b/tests/unit/keyspace.tcl
--------------------------
patching file tests/unit/keyspace.tcl
Using Plan A...
Hunk #1 succeeded at 273 with fuzz 3 (offset -226 lines).
done
方法8.1成功：使用patch -p1 -F 100
ACTUAL_LINE_NUMBER:273

2025-04-24 12:39:28.914 | INFO     | modules.chunk_analyzer:_apply_chunk_patches:1242 - 切换回目标版本分支: 4.0.14
2025-04-24 12:39:28.915 | INFO     | modules.chunk_analyzer:_run_git_command:1329 - 运行git命令: checkout 4.0.14
2025-04-24 12:39:28.920 | INFO     | modules.chunk_analyzer:_apply_chunk_patches:1246 - 清理临时分支: chunk_test_20250424_123925_1ffe3a
2025-04-24 12:39:28.920 | INFO     | modules.chunk_analyzer:_run_git_command:1329 - 运行git命令: branch -D chunk_test_20250424_123925_1ffe3a
2025-04-24 12:39:28.923 | INFO     | modules.chunk_analyzer:execute:63 - 成功应用了 4 个块补丁，总共 4 个
2025-04-24 12:39:28.924 | INFO     | modules.chunk_analyzer:execute:75 - 所有块补丁都已成功应用，无需创建剩余补丁
2025-04-24 12:39:28.924 | INFO     | modules.chunk_analyzer:execute:99 - 所有补丁块应用成功，标记为完全成功
2025-04-24 12:39:28.924 | INFO     | modules.chunk_analyzer:execute:105 - 补丁分块分析完成，耗时: 3.65秒
2025-04-24 12:39:28.925 | INFO     | modules.base_module:_save_metrics:143 - 评测指标已保存到: workspace/redis/redis/c8649f/evaluations/chunk_analyzer/metrics_c8649f_20250424_123928.json
2025-04-24 12:39:28.926 | INFO     | modules.chunk_analyzer:_generate_additional_html_sections:1713 - 找到当前评估会话目录: workspace/redis/redis/c8649f/evaluations/chunk_analyzer/details_c8649f_20250424_123928
2025-04-24 12:39:28.926 | INFO     | modules.chunk_analyzer:_get_patch_content:1947 - 使用当前会话评估目录: workspace/redis/redis/c8649f/evaluations/chunk_analyzer/details_c8649f_20250424_123928
2025-04-24 12:39:28.926 | WARNING  | modules.chunk_analyzer:_get_patch_content:2003 - 补丁目录不存在: workspace/redis/redis/c8649f/evaluations/chunk_analyzer/details_c8649f_20250424_123928/patches
2025-04-24 12:39:28.927 | INFO     | modules.chunk_analyzer:_get_patch_content:2008 - 成功创建补丁目录: workspace/redis/redis/c8649f/evaluations/chunk_analyzer/details_c8649f_20250424_123928/patches
2025-04-24 12:39:28.927 | INFO     | modules.chunk_analyzer:_get_patch_content:2026 - 已将原始补丁内容保存到: workspace/redis/redis/c8649f/evaluations/chunk_analyzer/details_c8649f_20250424_123928/patches/original_patch.txt
2025-04-24 12:39:28.927 | INFO     | modules.chunk_analyzer:_get_patch_content:1947 - 使用当前会话评估目录: workspace/redis/redis/c8649f/evaluations/chunk_analyzer/details_c8649f_20250424_123928
2025-04-24 12:39:28.928 | INFO     | modules.chunk_analyzer:_get_patch_content:2131 - 已将补丁块内容保存到: workspace/redis/redis/c8649f/evaluations/chunk_analyzer/details_c8649f_20250424_123928/patches/applied_chunk_1.txt
2025-04-24 12:39:28.928 | INFO     | modules.chunk_analyzer:_get_patch_content:2131 - 已将补丁块内容保存到: workspace/redis/redis/c8649f/evaluations/chunk_analyzer/details_c8649f_20250424_123928/patches/applied_chunk_2.txt
2025-04-24 12:39:28.928 | INFO     | modules.chunk_analyzer:_get_patch_content:2131 - 已将补丁块内容保存到: workspace/redis/redis/c8649f/evaluations/chunk_analyzer/details_c8649f_20250424_123928/patches/applied_chunk_3.txt
2025-04-24 12:39:28.929 | INFO     | modules.chunk_analyzer:_get_patch_content:2131 - 已将补丁块内容保存到: workspace/redis/redis/c8649f/evaluations/chunk_analyzer/details_c8649f_20250424_123928/patches/applied_chunk_4.txt
2025-04-24 12:39:28.929 | INFO     | modules.chunk_analyzer:_get_patch_content:2140 - 已将合并的补丁块内容保存到: workspace/redis/redis/c8649f/evaluations/chunk_analyzer/details_c8649f_20250424_123928/patches/all_applied_chunks.txt
2025-04-24 12:39:28.929 | INFO     | modules.chunk_analyzer:_get_patch_content:2144 - 从context获取应用成功的补丁内容
2025-04-24 12:39:28.929 | INFO     | modules.chunk_analyzer:_get_patch_content:1947 - 使用当前会话评估目录: workspace/redis/redis/c8649f/evaluations/chunk_analyzer/details_c8649f_20250424_123928
2025-04-24 12:39:28.930 | WARNING  | modules.chunk_analyzer:_get_patch_content:2202 - 未找到剩余补丁文件
2025-04-24 12:39:28.930 | INFO     | modules.base_module:_save_evaluation_info:198 - 美观易读的评估信息已保存到: workspace/redis/redis/c8649f/evaluations/chunk_analyzer/details_c8649f_20250424_123928
2025-04-24 12:39:28.933 | INFO     | core.adaptation_pipeline:process_patch:96 - 块分析器已成功应用所有块，跳过模块: LLMAdapterModule
2025-04-24 12:39:28.933 | INFO     | core.adaptation_pipeline:process_patch:96 - 块分析器已成功应用所有块，跳过模块: PatchAdapterModule
2025-04-24 12:39:28.934 | INFO     | core.adaptation_pipeline:process_patch:125 - 补丁处理完成，耗时: 3.99秒
2025-04-24 12:39:28.934 | INFO     | __main__:_save_results:675 - 结果已保存到: results/['4.0.14']_c8649f_20250424_123928/result.json
2025-04-24 12:39:28.934 | INFO     | __main__:_print_summary:685 - context.patch_adapter_result: []
2025-04-24 12:39:28.935 | INFO     | __main__:_print_summary:706 - ==================================================
2025-04-24 12:39:28.935 | INFO     | __main__:_print_summary:707 - 处理摘要 - 提交: c8649f
2025-04-24 12:39:28.935 | INFO     | __main__:_print_summary:708 - 结果: 处理失败 (方法: failed)
2025-04-24 12:39:28.935 | INFO     | __main__:_print_summary:713 - ==================================================
2025-04-24 12:39:28.935 | INFO     | __main__:_print_multi_version_summary:458 - ================================================================================
2025-04-24 12:39:28.935 | INFO     | __main__:_print_multi_version_summary:459 - 多版本补丁适配汇总
2025-04-24 12:39:28.936 | INFO     | __main__:_print_multi_version_summary:460 - ================================================================================
2025-04-24 12:39:28.936 | INFO     | __main__:_print_multi_version_summary:481 - 版本 4.0.14: 成功 (方法: 块分析器 (4/4))
2025-04-24 12:39:28.936 | INFO     | __main__:_print_multi_version_summary:487 - 总成功率: 100.0% (1/1)
2025-04-24 12:39:28.936 | INFO     | __main__:run:284 - 处理完成
