2025-06-12 18:24:28.081 | INFO     | __main__:_setup_logger:325 - 日志文件: logs/backport_20250612_182428.log
2025-06-12 18:24:28.082 | INFO     | __main__:run:329 - 开始执行 模式1
2025-06-12 18:24:28.082 | INFO     | __main__:_process_mode1:351 - 处理补丁: https://github.com/django/django/commit/022ab0a75c76ab2ea31dfcc5f2cf5501e378d397.patch
2025-06-12 18:24:28.082 | INFO     | core.adaptation_pipeline:_load_modules:66 - 已加载模块: direct_apply
2025-06-12 18:24:28.083 | INFO     | core.adaptation_pipeline:_load_modules:66 - 已加载模块: chunk_analyzer
2025-06-12 18:24:28.083 | INFO     | core.adaptation_pipeline:_load_modules:66 - 已加载模块: llm_adapter
2025-06-12 18:24:28.084 | INFO     | core.adaptation_pipeline:_load_modules:66 - 已加载模块: patch_adapter
2025-06-12 18:24:28.085 | INFO     | __main__:_process_mode1:358 - 目标版本: ['5.1']
2025-06-12 18:24:28.085 | INFO     | __main__:_process_mode1:365 - 开始处理版本: 5.1
2025-06-12 18:24:28.086 | INFO     | core.adaptation_pipeline:process_patch:85 - 开始处理补丁: 022ab0a75c76ab2ea31dfcc5f2cf5501e378d397.patch
2025-06-12 18:24:28.086 | INFO     | core.adaptation_pipeline:process_patch:106 - 执行模块: direct_apply
2025-06-12 18:24:28.088 | INFO     | modules.direct_apply:_download_patch:253 - 上游补丁文件不存在，下载补丁
2025-06-12 18:24:28.089 | INFO     | patch_utils:_download_github_patch:232 - GitHub patch URL parts: ['https:', '', 'github.com', 'django', 'django', 'commit', '022ab0a75c76ab2ea31dfcc5f2cf5501e378d397.patch']
2025-06-12 18:24:28.090 | INFO     | patch_utils:_download_github_patch:240 - 使用GitHub Commit API下载patch: https://api.github.com/repos/django/django/commits/022ab0a75c76ab2ea31dfcc5f2cf5501e378d397
2025-06-12 18:24:30.018 | INFO     | patch_utils:_download_github_patch:257 - 下载GitHub补丁成功，补丁已保存到: workspace/django/django/022ab0/patches/upstream_022ab0.patch
2025-06-12 18:24:30.023 | INFO     | modules.direct_apply:_download_patch:260 - 上游补丁下载成功: workspace/django/django/022ab0/patches/upstream_022ab0.patch
2025-06-12 18:24:30.024 | INFO     | modules.direct_apply:execute:62 - 此时upstream_patch_path存在状态: True
2025-06-12 18:24:30.025 | INFO     | modules.direct_apply:execute:63 - 下载补丁成功: /home/elpsy/workspace/sow/patch-backport/workspace/django/django/022ab0/patches/upstream_022ab0.patch
2025-06-12 18:24:30.063 | INFO     | modules.direct_apply:_prepare_test_branch:400 - 创建测试分支: test_patch_5.1
2025-06-12 18:24:30.205 | ERROR    | modules.direct_apply:_apply_patch:340 - 补丁应用失败: error: docs/releases/4.2.16.txt: does not exist in index
error: docs/releases/5.0.9.txt: does not exist in index
error: docs/releases/5.1.1.txt: does not exist in index
error: patch failed: tests/template_tests/filter_tests/test_urlize.py:321
error: tests/template_tests/filter_tests/test_urlize.py: patch does not apply
hint: Use 'git am --show-current-patch' to see the failed patch

2025-06-12 18:24:30.268 | INFO     | modules.direct_apply:_cleanup_test_branch:492 - 清理测试分支: test_patch_5.1
2025-06-12 18:24:30.268 | INFO     | core.adaptation_pipeline:process_patch:106 - 执行模块: chunk_analyzer
2025-06-12 18:24:30.268 | INFO     | modules.chunk_analyzer:execute:52 - 开始分析补丁: /home/elpsy/workspace/sow/patch-backport/workspace/django/django/022ab0/patches/upstream_022ab0.patch
2025-06-12 18:24:30.269 | INFO     | modules.chunk_analyzer:_split_patch_into_chunks:178 - 开始分解补丁文件: /home/elpsy/workspace/sow/patch-backport/workspace/django/django/022ab0/patches/upstream_022ab0.patch
2025-06-12 18:24:30.269 | INFO     | modules.chunk_analyzer:_split_patch_into_chunks:183 - 补丁文件包含 144 行内容
2025-06-12 18:24:30.269 | INFO     | modules.chunk_analyzer:_split_patch_into_chunks:198 - 发现修改文件: django/utils/html.py
2025-06-12 18:24:30.270 | INFO     | modules.chunk_analyzer:_split_patch_into_chunks:249 - 发现修改块: django/utils/html.py @@ -428,14 +428,17 @@ (modification)
2025-06-12 18:24:30.270 | INFO     | modules.chunk_analyzer:_split_patch_into_chunks:198 - 发现修改文件: docs/ref/templates/builtins.txt
2025-06-12 18:24:30.271 | INFO     | modules.chunk_analyzer:_split_patch_into_chunks:249 - 发现修改块: docs/ref/templates/builtins.txt @@ -2932,6 +2932,17 @@ (modification)
2025-06-12 18:24:30.271 | INFO     | modules.chunk_analyzer:_split_patch_into_chunks:198 - 发现修改文件: docs/releases/4.2.16.txt
2025-06-12 18:24:30.272 | INFO     | modules.chunk_analyzer:_split_patch_into_chunks:249 - 发现修改块: docs/releases/4.2.16.txt @@ -7,4 +7,9 @@ (modification)
2025-06-12 18:24:30.272 | INFO     | modules.chunk_analyzer:_split_patch_into_chunks:198 - 发现修改文件: docs/releases/5.0.9.txt
2025-06-12 18:24:30.272 | INFO     | modules.chunk_analyzer:_split_patch_into_chunks:249 - 发现修改块: docs/releases/5.0.9.txt @@ -7,4 +7,9 @@ (modification)
2025-06-12 18:24:30.273 | INFO     | modules.chunk_analyzer:_split_patch_into_chunks:198 - 发现修改文件: docs/releases/5.1.1.txt
2025-06-12 18:24:30.273 | INFO     | modules.chunk_analyzer:_split_patch_into_chunks:249 - 发现修改块: docs/releases/5.1.1.txt @@ -7,6 +7,13 @@ (modification)
2025-06-12 18:24:30.274 | INFO     | modules.chunk_analyzer:_split_patch_into_chunks:198 - 发现修改文件: tests/template_tests/filter_tests/test_urlize.py
2025-06-12 18:24:30.274 | INFO     | modules.chunk_analyzer:_split_patch_into_chunks:249 - 发现修改块: tests/template_tests/filter_tests/test_urlize.py @@ -321,6 +321,11 @@ (modification)
2025-06-12 18:24:30.274 | INFO     | modules.chunk_analyzer:_split_patch_into_chunks:198 - 发现修改文件: tests/utils_tests/test_html.py
2025-06-12 18:24:30.275 | INFO     | modules.chunk_analyzer:_split_patch_into_chunks:249 - 发现修改块: tests/utils_tests/test_html.py @@ -375,6 +375,7 @@ (modification)
2025-06-12 18:24:30.275 | INFO     | modules.chunk_analyzer:_split_patch_into_chunks:269 - 补丁分解完成，共找到 7 个修改块
2025-06-12 18:24:30.275 | INFO     | modules.chunk_analyzer:execute:56 - 补丁被分解为 7 个块
2025-06-12 18:24:30.277 | INFO     | modules.chunk_analyzer:_create_chunk_patches:288 - 从原始补丁提取头部信息: /home/elpsy/workspace/sow/patch-backport/workspace/django/django/022ab0/patches/upstream_022ab0.patch
2025-06-12 18:24:30.278 | INFO     | modules.chunk_analyzer:_create_chunk_patches:314 - 创建块补丁文件: /home/elpsy/workspace/sow/patch-backport/workspace/django/django/022ab0/chunk_patches/chunk_001_20250612_182430.patch (修改文件: django/utils/html.py)
2025-06-12 18:24:30.279 | INFO     | modules.chunk_analyzer:_create_chunk_patches:314 - 创建块补丁文件: /home/elpsy/workspace/sow/patch-backport/workspace/django/django/022ab0/chunk_patches/chunk_002_20250612_182430.patch (修改文件: docs/ref/templates/builtins.txt)
2025-06-12 18:24:30.280 | INFO     | modules.chunk_analyzer:_create_chunk_patches:314 - 创建块补丁文件: /home/elpsy/workspace/sow/patch-backport/workspace/django/django/022ab0/chunk_patches/chunk_003_20250612_182430.patch (修改文件: docs/releases/4.2.16.txt)
2025-06-12 18:24:30.280 | INFO     | modules.chunk_analyzer:_create_chunk_patches:314 - 创建块补丁文件: /home/elpsy/workspace/sow/patch-backport/workspace/django/django/022ab0/chunk_patches/chunk_004_20250612_182430.patch (修改文件: docs/releases/5.0.9.txt)
2025-06-12 18:24:30.281 | INFO     | modules.chunk_analyzer:_create_chunk_patches:314 - 创建块补丁文件: /home/elpsy/workspace/sow/patch-backport/workspace/django/django/022ab0/chunk_patches/chunk_005_20250612_182430.patch (修改文件: docs/releases/5.1.1.txt)
2025-06-12 18:24:30.281 | INFO     | modules.chunk_analyzer:_create_chunk_patches:314 - 创建块补丁文件: /home/elpsy/workspace/sow/patch-backport/workspace/django/django/022ab0/chunk_patches/chunk_006_20250612_182430.patch (修改文件: tests/template_tests/filter_tests/test_urlize.py)
2025-06-12 18:24:30.282 | INFO     | modules.chunk_analyzer:_create_chunk_patches:314 - 创建块补丁文件: /home/elpsy/workspace/sow/patch-backport/workspace/django/django/022ab0/chunk_patches/chunk_007_20250612_182430.patch (修改文件: tests/utils_tests/test_html.py)
2025-06-12 18:24:30.282 | INFO     | modules.chunk_analyzer:execute:60 - 已为 7 个块创建单独的补丁文件
2025-06-12 18:24:30.283 | INFO     | modules.chunk_analyzer:execute:62 - 第 1 个补丁文件为：
2025-06-12 18:24:30.283 | INFO     | modules.chunk_analyzer:execute:66 - From 022ab0a75c76ab2ea31dfcc5f2cf5501e378d397 Mon Sep 17 00:00:00 2001
From: Sarah Boyce <42296566+sarahboyce@users.noreply.github.com>
Date: Mon, 12 Aug 2024 15:17:57 +0200
Subject: [PATCH] [5.1.x] Fixed CVE-2024-45230 -- Mitigated potential DoS in
 urlize and urlizetrunc template filters.

Thanks MProgrammer (https://hackerone.com/mprogrammer) for the report.
---
 django/utils/html.py                            | 17 ++++++++++-------
 docs/ref/templates/builtins.txt                 | 11 +++++++++++
 docs/releases/4.2.16.txt                        |  7 ++++++-
 docs/releases/5.0.9.txt                         |  7 ++++++-
 docs/releases/5.1.1.txt                         |  7 +++++++
 .../template_tests/filter_tests/test_urlize.py  |  5 +++++
 tests/utils_tests/test_html.py                  |  1 +
 7 files changed, 46 insertions(+), 9 deletions(-)

diff --git a/django/utils/html.py b/django/utils/html.py
index e5ad5646fa77..d9513fc75848 100644
--- a/django/utils/html.py
+++ b/django/utils/html.py
@@ -428,14 +428,17 @@ def trim_punctuation(self, word):
                 potential_entity = middle[amp:]
                 escaped = html.unescape(potential_entity)
                 if escaped == potential_entity or escaped.endswith(";"):
-                    rstripped = middle.rstrip(";")
-                    amount_stripped = len(middle) - len(rstripped)
-                    if amp > -1 and amount_stripped > 1:
-                        # Leave a trailing semicolon as might be an entity.
-                        trail = middle[len(rstripped) + 1 :] + trail
-                        middle = rstripped + ";"
+                    rstripped = middle.rstrip(self.trailing_punctuation_chars)
+                    trail_start = len(rstripped)
+                    amount_trailing_semicolons = len(middle) - len(middle.rstrip(";"))
+                    if amp > -1 and amount_trailing_semicolons > 1:
+                        # Leave up to most recent semicolon as might be an entity.
+                        recent_semicolon = middle[trail_start:].index(";")
+                        middle_semicolon_index = recent_semicolon + trail_start + 1
+                        trail = middle[middle_semicolon_index:] + trail
+                        middle = rstripped + middle[trail_start:middle_semicolon_index]
                     else:
-                        trail = middle[len(rstripped) :] + trail
+                        trail = middle[trail_start:] + trail
                         middle = rstripped
                     trimmed_something = True
 

2025-06-12 18:24:30.284 | INFO     | modules.chunk_analyzer:execute:62 - 第 2 个补丁文件为：
2025-06-12 18:24:30.284 | INFO     | modules.chunk_analyzer:execute:66 - From 022ab0a75c76ab2ea31dfcc5f2cf5501e378d397 Mon Sep 17 00:00:00 2001
From: Sarah Boyce <42296566+sarahboyce@users.noreply.github.com>
Date: Mon, 12 Aug 2024 15:17:57 +0200
Subject: [PATCH] [5.1.x] Fixed CVE-2024-45230 -- Mitigated potential DoS in
 urlize and urlizetrunc template filters.

Thanks MProgrammer (https://hackerone.com/mprogrammer) for the report.
---
 django/utils/html.py                            | 17 ++++++++++-------
 docs/ref/templates/builtins.txt                 | 11 +++++++++++
 docs/releases/4.2.16.txt                        |  7 ++++++-
 docs/releases/5.0.9.txt                         |  7 ++++++-
 docs/releases/5.1.1.txt                         |  7 +++++++
 .../template_tests/filter_tests/test_urlize.py  |  5 +++++
 tests/utils_tests/test_html.py                  |  1 +
 7 files changed, 46 insertions(+), 9 deletions(-)

diff --git a/docs/ref/templates/builtins.txt b/docs/ref/templates/builtins.txt
index 3e2d63800a66..86841b3dbd38 100644
--- a/docs/ref/templates/builtins.txt
+++ b/docs/ref/templates/builtins.txt
@@ -2932,6 +2932,17 @@ Django's built-in :tfilter:`escape` filter. The default value for
     email addresses that contain single quotes (``'``), things won't work as
     expected. Apply this filter only to plain text.
 
+.. warning::
+
+    Using ``urlize`` or ``urlizetrunc`` can incur a performance penalty, which
+    can become severe when applied to user controlled values such as content
+    stored in a :class:`~django.db.models.TextField`. You can use
+    :tfilter:`truncatechars` to add a limit to such inputs:
+
+    .. code-block:: html+django
+
+        {{ value|truncatechars:500|urlize }}
+
 .. templatefilter:: urlizetrunc
 
 ``urlizetrunc``

2025-06-12 18:24:30.285 | INFO     | modules.chunk_analyzer:execute:62 - 第 3 个补丁文件为：
2025-06-12 18:24:30.285 | INFO     | modules.chunk_analyzer:execute:66 - From 022ab0a75c76ab2ea31dfcc5f2cf5501e378d397 Mon Sep 17 00:00:00 2001
From: Sarah Boyce <42296566+sarahboyce@users.noreply.github.com>
Date: Mon, 12 Aug 2024 15:17:57 +0200
Subject: [PATCH] [5.1.x] Fixed CVE-2024-45230 -- Mitigated potential DoS in
 urlize and urlizetrunc template filters.

Thanks MProgrammer (https://hackerone.com/mprogrammer) for the report.
---
 django/utils/html.py                            | 17 ++++++++++-------
 docs/ref/templates/builtins.txt                 | 11 +++++++++++
 docs/releases/4.2.16.txt                        |  7 ++++++-
 docs/releases/5.0.9.txt                         |  7 ++++++-
 docs/releases/5.1.1.txt                         |  7 +++++++
 .../template_tests/filter_tests/test_urlize.py  |  5 +++++
 tests/utils_tests/test_html.py                  |  1 +
 7 files changed, 46 insertions(+), 9 deletions(-)

diff --git a/docs/releases/4.2.16.txt b/docs/releases/4.2.16.txt
index 985300438608..2a84186867c5 100644
--- a/docs/releases/4.2.16.txt
+++ b/docs/releases/4.2.16.txt
@@ -7,4 +7,9 @@ Django 4.2.16 release notes
 Django 4.2.16 fixes one security issue with severity "moderate" and one
 security issue with severity "low" in 4.2.15.
 
-...
+CVE-2024-45230: Potential denial-of-service vulnerability in ``django.utils.html.urlize()``
+===========================================================================================
+
+:tfilter:`urlize` and :tfilter:`urlizetrunc` were subject to a potential
+denial-of-service attack via very large inputs with a specific sequence of
+characters.

2025-06-12 18:24:30.285 | INFO     | modules.chunk_analyzer:execute:62 - 第 4 个补丁文件为：
2025-06-12 18:24:30.286 | INFO     | modules.chunk_analyzer:execute:66 - From 022ab0a75c76ab2ea31dfcc5f2cf5501e378d397 Mon Sep 17 00:00:00 2001
From: Sarah Boyce <42296566+sarahboyce@users.noreply.github.com>
Date: Mon, 12 Aug 2024 15:17:57 +0200
Subject: [PATCH] [5.1.x] Fixed CVE-2024-45230 -- Mitigated potential DoS in
 urlize and urlizetrunc template filters.

Thanks MProgrammer (https://hackerone.com/mprogrammer) for the report.
---
 django/utils/html.py                            | 17 ++++++++++-------
 docs/ref/templates/builtins.txt                 | 11 +++++++++++
 docs/releases/4.2.16.txt                        |  7 ++++++-
 docs/releases/5.0.9.txt                         |  7 ++++++-
 docs/releases/5.1.1.txt                         |  7 +++++++
 .../template_tests/filter_tests/test_urlize.py  |  5 +++++
 tests/utils_tests/test_html.py                  |  1 +
 7 files changed, 46 insertions(+), 9 deletions(-)

diff --git a/docs/releases/5.0.9.txt b/docs/releases/5.0.9.txt
index eb3dbe832d8d..50e94ea3f2ec 100644
--- a/docs/releases/5.0.9.txt
+++ b/docs/releases/5.0.9.txt
@@ -7,4 +7,9 @@ Django 5.0.9 release notes
 Django 5.0.9 fixes one security issue with severity "moderate" and one security
 issue with severity "low" in 5.0.8.
 
-...
+CVE-2024-45230: Potential denial-of-service vulnerability in ``django.utils.html.urlize()``
+===========================================================================================
+
+:tfilter:`urlize` and :tfilter:`urlizetrunc` were subject to a potential
+denial-of-service attack via very large inputs with a specific sequence of
+characters.

2025-06-12 18:24:30.286 | INFO     | modules.chunk_analyzer:execute:62 - 第 5 个补丁文件为：
2025-06-12 18:24:30.286 | INFO     | modules.chunk_analyzer:execute:66 - From 022ab0a75c76ab2ea31dfcc5f2cf5501e378d397 Mon Sep 17 00:00:00 2001
From: Sarah Boyce <42296566+sarahboyce@users.noreply.github.com>
Date: Mon, 12 Aug 2024 15:17:57 +0200
Subject: [PATCH] [5.1.x] Fixed CVE-2024-45230 -- Mitigated potential DoS in
 urlize and urlizetrunc template filters.

Thanks MProgrammer (https://hackerone.com/mprogrammer) for the report.
---
 django/utils/html.py                            | 17 ++++++++++-------
 docs/ref/templates/builtins.txt                 | 11 +++++++++++
 docs/releases/4.2.16.txt                        |  7 ++++++-
 docs/releases/5.0.9.txt                         |  7 ++++++-
 docs/releases/5.1.1.txt                         |  7 +++++++
 .../template_tests/filter_tests/test_urlize.py  |  5 +++++
 tests/utils_tests/test_html.py                  |  1 +
 7 files changed, 46 insertions(+), 9 deletions(-)

diff --git a/docs/releases/5.1.1.txt b/docs/releases/5.1.1.txt
index 743f2753a8e7..dd249291004d 100644
--- a/docs/releases/5.1.1.txt
+++ b/docs/releases/5.1.1.txt
@@ -7,6 +7,13 @@ Django 5.1.1 release notes
 Django 5.1.1 fixes one security issue with severity "moderate", one security
 issue with severity "low", and several bugs in 5.1.
 
+CVE-2024-45230: Potential denial-of-service vulnerability in ``django.utils.html.urlize()``
+===========================================================================================
+
+:tfilter:`urlize` and :tfilter:`urlizetrunc` were subject to a potential
+denial-of-service attack via very large inputs with a specific sequence of
+characters.
+
 Bugfixes
 ========
 

2025-06-12 18:24:30.287 | INFO     | modules.chunk_analyzer:execute:62 - 第 6 个补丁文件为：
2025-06-12 18:24:30.287 | INFO     | modules.chunk_analyzer:execute:66 - From 022ab0a75c76ab2ea31dfcc5f2cf5501e378d397 Mon Sep 17 00:00:00 2001
From: Sarah Boyce <42296566+sarahboyce@users.noreply.github.com>
Date: Mon, 12 Aug 2024 15:17:57 +0200
Subject: [PATCH] [5.1.x] Fixed CVE-2024-45230 -- Mitigated potential DoS in
 urlize and urlizetrunc template filters.

Thanks MProgrammer (https://hackerone.com/mprogrammer) for the report.
---
 django/utils/html.py                            | 17 ++++++++++-------
 docs/ref/templates/builtins.txt                 | 11 +++++++++++
 docs/releases/4.2.16.txt                        |  7 ++++++-
 docs/releases/5.0.9.txt                         |  7 ++++++-
 docs/releases/5.1.1.txt                         |  7 +++++++
 .../template_tests/filter_tests/test_urlize.py  |  5 +++++
 tests/utils_tests/test_html.py                  |  1 +
 7 files changed, 46 insertions(+), 9 deletions(-)

diff --git a/tests/template_tests/filter_tests/test_urlize.py b/tests/template_tests/filter_tests/test_urlize.py
index c19103859ebe..546bd6c7d615 100644
--- a/tests/template_tests/filter_tests/test_urlize.py
+++ b/tests/template_tests/filter_tests/test_urlize.py
@@ -321,6 +321,11 @@ def test_trailing_semicolon(self):
             '<a href="http://example.com?x=" rel="nofollow">'
             "http://example.com?x=&amp;</a>;;",
         )
+        self.assertEqual(
+            urlize("http://example.com?x=&amp.;...;", autoescape=False),
+            '<a href="http://example.com?x=" rel="nofollow">'
+            "http://example.com?x=&amp</a>.;...;",
+        )
 
     def test_brackets(self):
         """

2025-06-12 18:24:30.287 | INFO     | modules.chunk_analyzer:execute:62 - 第 7 个补丁文件为：
2025-06-12 18:24:30.288 | INFO     | modules.chunk_analyzer:execute:66 - From 022ab0a75c76ab2ea31dfcc5f2cf5501e378d397 Mon Sep 17 00:00:00 2001
From: Sarah Boyce <42296566+sarahboyce@users.noreply.github.com>
Date: Mon, 12 Aug 2024 15:17:57 +0200
Subject: [PATCH] [5.1.x] Fixed CVE-2024-45230 -- Mitigated potential DoS in
 urlize and urlizetrunc template filters.

Thanks MProgrammer (https://hackerone.com/mprogrammer) for the report.
---
 django/utils/html.py                            | 17 ++++++++++-------
 docs/ref/templates/builtins.txt                 | 11 +++++++++++
 docs/releases/4.2.16.txt                        |  7 ++++++-
 docs/releases/5.0.9.txt                         |  7 ++++++-
 docs/releases/5.1.1.txt                         |  7 +++++++
 .../template_tests/filter_tests/test_urlize.py  |  5 +++++
 tests/utils_tests/test_html.py                  |  1 +
 7 files changed, 46 insertions(+), 9 deletions(-)

diff --git a/tests/utils_tests/test_html.py b/tests/utils_tests/test_html.py
index 10ba621dd5fc..9bee483dc7ff 100644
--- a/tests/utils_tests/test_html.py
+++ b/tests/utils_tests/test_html.py
@@ -375,6 +375,7 @@ def test_urlize_unchanged_inputs(self):
             "&:" + ";" * 100_000,
             "&.;" * 100_000,
             ".;" * 100_000,
+            "&" + ";:" * 100_000,
         )
         for value in tests:
             with self.subTest(value=value):

2025-06-12 18:24:30.288 | INFO     | modules.chunk_analyzer:_apply_chunk_patches:357 - 切换到目标版本: 5.1
2025-06-12 18:24:30.311 | INFO     | modules.chunk_analyzer:_apply_chunk_patches:369 - 创建测试分支: test_chunk_apply_a92f8136
2025-06-12 18:24:30.387 | INFO     | modules.chunk_analyzer:_apply_chunk_patches:388 - 尝试应用第 1/7 个块补丁: chunk_001_20250612_182430.patch
2025-06-12 18:24:30.391 | INFO     | modules.chunk_analyzer:_apply_chunk_patches:401 - 成功应用块补丁: chunk_001_20250612_182430.patch
2025-06-12 18:24:30.392 | INFO     | modules.chunk_analyzer:_apply_chunk_patches:388 - 尝试应用第 2/7 个块补丁: chunk_002_20250612_182430.patch
2025-06-12 18:24:30.396 | INFO     | modules.chunk_analyzer:_apply_chunk_patches:401 - 成功应用块补丁: chunk_002_20250612_182430.patch
2025-06-12 18:24:30.397 | INFO     | modules.chunk_analyzer:_apply_chunk_patches:388 - 尝试应用第 3/7 个块补丁: chunk_003_20250612_182430.patch
2025-06-12 18:24:30.403 | WARNING  | modules.chunk_analyzer:_apply_chunk_patches:420 - 块补丁 chunk_003_20250612_182430.patch 应用失败: error: docs/releases/4.2.16.txt: No such file or directory

2025-06-12 18:24:30.403 | INFO     | modules.chunk_analyzer:_apply_chunk_patches:388 - 尝试应用第 4/7 个块补丁: chunk_004_20250612_182430.patch
2025-06-12 18:24:30.409 | WARNING  | modules.chunk_analyzer:_apply_chunk_patches:420 - 块补丁 chunk_004_20250612_182430.patch 应用失败: error: docs/releases/5.0.9.txt: No such file or directory

2025-06-12 18:24:30.409 | INFO     | modules.chunk_analyzer:_apply_chunk_patches:388 - 尝试应用第 5/7 个块补丁: chunk_005_20250612_182430.patch
2025-06-12 18:24:30.417 | WARNING  | modules.chunk_analyzer:_apply_chunk_patches:420 - 块补丁 chunk_005_20250612_182430.patch 应用失败: error: docs/releases/5.1.1.txt: No such file or directory

2025-06-12 18:24:30.417 | INFO     | modules.chunk_analyzer:_apply_chunk_patches:388 - 尝试应用第 6/7 个块补丁: chunk_006_20250612_182430.patch
2025-06-12 18:24:30.423 | WARNING  | modules.chunk_analyzer:_apply_chunk_patches:420 - 块补丁 chunk_006_20250612_182430.patch 应用失败: error: patch failed: tests/template_tests/filter_tests/test_urlize.py:321
error: tests/template_tests/filter_tests/test_urlize.py: patch does not apply

2025-06-12 18:24:30.424 | INFO     | modules.chunk_analyzer:_apply_chunk_patches:388 - 尝试应用第 7/7 个块补丁: chunk_007_20250612_182430.patch
2025-06-12 18:24:30.427 | INFO     | modules.chunk_analyzer:_apply_chunk_patches:401 - 成功应用块补丁: chunk_007_20250612_182430.patch
2025-06-12 18:24:30.428 | INFO     | modules.chunk_analyzer:_apply_chunk_patches:430 - 块补丁应用统计信息:
2025-06-12 18:24:30.428 | INFO     | modules.chunk_analyzer:_apply_chunk_patches:431 - - 总块数: 7
2025-06-12 18:24:30.428 | INFO     | modules.chunk_analyzer:_apply_chunk_patches:432 - - 无冲突块数: 3
2025-06-12 18:24:30.428 | INFO     | modules.chunk_analyzer:_apply_chunk_patches:433 - - 适配失败块数: 4
2025-06-12 18:24:30.429 | INFO     | modules.chunk_analyzer:_apply_chunk_patches:438 - 切换回目标版本: 5.1
2025-06-12 18:24:30.452 | INFO     | modules.chunk_analyzer:_apply_chunk_patches:446 - 删除测试分支: test_chunk_apply_a92f8136
2025-06-12 18:24:30.456 | INFO     | modules.chunk_analyzer:execute:70 - 成功应用了 3 个块补丁，总共 7 个
2025-06-12 18:24:30.457 | INFO     | modules.chunk_analyzer:_create_remaining_patch:527 - 创建剩余块补丁文件: /home/elpsy/workspace/sow/patch-backport/workspace/django/django/022ab0/chunk_patches/remaining_chunks_20250612_182430.patch
2025-06-12 18:24:30.457 | INFO     | modules.chunk_analyzer:execute:78 - 创建了包含 4 个未应用块的剩余补丁: /home/elpsy/workspace/sow/patch-backport/workspace/django/django/022ab0/chunk_patches/remaining_chunks_20250612_182430.patch
2025-06-12 18:24:30.458 | INFO     | modules.chunk_analyzer:execute:102 - 已将剩余补丁路径存储到上下文: /home/elpsy/workspace/sow/patch-backport/workspace/django/django/022ab0/chunk_patches/remaining_chunks_20250612_182430.patch
2025-06-12 18:24:30.458 | INFO     | modules.chunk_analyzer:execute:117 - 补丁分块分析完成，耗时: 0.19秒
2025-06-12 18:24:30.460 | INFO     | modules.base_module:_save_metrics:143 - 评测指标已保存到: workspace/django/django/022ab0/evaluations/chunk_analyzer/metrics_022ab0_20250612_182430.json
2025-06-12 18:24:30.461 | INFO     | modules.chunk_analyzer:_generate_additional_html_sections:917 - 找到当前评估会话目录: workspace/django/django/022ab0/evaluations/chunk_analyzer/details_022ab0_20250612_182430
2025-06-12 18:24:30.462 | INFO     | modules.chunk_analyzer:_get_patch_content:1151 - 使用当前会话评估目录: workspace/django/django/022ab0/evaluations/chunk_analyzer/details_022ab0_20250612_182430
2025-06-12 18:24:30.462 | WARNING  | modules.chunk_analyzer:_get_patch_content:1207 - 补丁目录不存在: workspace/django/django/022ab0/evaluations/chunk_analyzer/details_022ab0_20250612_182430/patches
2025-06-12 18:24:30.462 | INFO     | modules.chunk_analyzer:_get_patch_content:1212 - 成功创建补丁目录: workspace/django/django/022ab0/evaluations/chunk_analyzer/details_022ab0_20250612_182430/patches
2025-06-12 18:24:30.463 | INFO     | modules.chunk_analyzer:_get_patch_content:1230 - 已将原始补丁内容保存到: workspace/django/django/022ab0/evaluations/chunk_analyzer/details_022ab0_20250612_182430/patches/original_patch.txt
2025-06-12 18:24:30.463 | INFO     | modules.chunk_analyzer:_get_patch_content:1151 - 使用当前会话评估目录: workspace/django/django/022ab0/evaluations/chunk_analyzer/details_022ab0_20250612_182430
2025-06-12 18:24:30.464 | INFO     | modules.chunk_analyzer:_get_patch_content:1335 - 已将补丁块内容保存到: workspace/django/django/022ab0/evaluations/chunk_analyzer/details_022ab0_20250612_182430/patches/applied_chunk_1.txt
2025-06-12 18:24:30.464 | INFO     | modules.chunk_analyzer:_get_patch_content:1335 - 已将补丁块内容保存到: workspace/django/django/022ab0/evaluations/chunk_analyzer/details_022ab0_20250612_182430/patches/applied_chunk_2.txt
2025-06-12 18:24:30.465 | INFO     | modules.chunk_analyzer:_get_patch_content:1335 - 已将补丁块内容保存到: workspace/django/django/022ab0/evaluations/chunk_analyzer/details_022ab0_20250612_182430/patches/applied_chunk_3.txt
2025-06-12 18:24:30.465 | INFO     | modules.chunk_analyzer:_get_patch_content:1344 - 已将合并的补丁块内容保存到: workspace/django/django/022ab0/evaluations/chunk_analyzer/details_022ab0_20250612_182430/patches/all_applied_chunks.txt
2025-06-12 18:24:30.465 | INFO     | modules.chunk_analyzer:_get_patch_content:1348 - 从context获取应用成功的补丁内容
2025-06-12 18:24:30.465 | INFO     | modules.chunk_analyzer:_get_patch_content:1151 - 使用当前会话评估目录: workspace/django/django/022ab0/evaluations/chunk_analyzer/details_022ab0_20250612_182430
2025-06-12 18:24:30.466 | INFO     | modules.chunk_analyzer:_get_patch_content:1399 - 已将剩余补丁内容保存到: workspace/django/django/022ab0/evaluations/chunk_analyzer/details_022ab0_20250612_182430/patches/remaining_patch.txt
2025-06-12 18:24:30.466 | INFO     | modules.chunk_analyzer:_get_patch_content:1403 - 从context获取剩余补丁内容: /home/elpsy/workspace/sow/patch-backport/workspace/django/django/022ab0/chunk_patches/remaining_chunks_20250612_182430.patch
2025-06-12 18:24:30.467 | INFO     | modules.base_module:_save_evaluation_info:198 - 美观易读的评估信息已保存到: workspace/django/django/022ab0/evaluations/chunk_analyzer/details_022ab0_20250612_182430
2025-06-12 18:24:30.473 | INFO     | core.adaptation_pipeline:process_patch:106 - 执行模块: llm_adapter
2025-06-12 18:24:30.473 | INFO     | modules.llm_adapter:execute:71 - context.commit.patch_path: /home/elpsy/workspace/sow/patch-backport/workspace/django/django/022ab0/patches/upstream_022ab0.patch
2025-06-12 18:24:30.473 | INFO     | modules.llm_adapter:execute:73 - 使用原始补丁文件: /home/elpsy/workspace/sow/patch-backport/workspace/django/django/022ab0/patches/upstream_022ab0.patch
2025-06-12 18:24:30.474 | INFO     | modules.llm_adapter:_prepare_prompt_data:217 - 使用函数级上下文和完整文件内容的增强模式
2025-06-12 18:24:30.474 | INFO     | modules.llm_adapter:_prepare_enhanced_prompt:261 - 补丁修改的文件: ['docs/releases/4.2.16.txt', 'docs/releases/5.0.9.txt', 'docs/releases/5.1.1.txt', 'tests/template_tests/filter_tests/test_urlize.py']
2025-06-12 18:24:30.474 | INFO     | modules.llm_adapter:_prepare_enhanced_prompt:264 - 尝试使用git show -W获取整个补丁的函数级上下文
2025-06-12 18:24:30.474 | INFO     | modules.llm_adapter:_generate_function_level_patch:428 - 移除commit_sha的.patch后缀: 022ab0a75c76ab2ea31dfcc5f2cf5501e378d397
2025-06-12 18:24:30.475 | INFO     | modules.llm_adapter:_generate_function_level_patch:433 - 使用git show -W生成函数级别的补丁，commit_sha: 022ab0a75c76ab2ea31dfcc5f2cf5501e378d397, repo_path: /home/elpsy/.cache/port-patch/django
2025-06-12 18:24:30.484 | INFO     | modules.llm_adapter:_generate_function_level_patch:458 - 函数级别的补丁生成成功: workspace/django/django/022ab0/function_level_patch.diff
2025-06-12 18:24:30.484 | INFO     | modules.llm_adapter:_generate_function_level_patch:459 - 补丁统计: 大小: 40.97 KB, 估计函数数量: 0, 生成耗时: 0.01 秒
2025-06-12 18:24:30.485 | INFO     | modules.llm_adapter:_prepare_enhanced_prompt:267 - 成功生成函数级别的补丁，将使用函数级别的提示模板
2025-06-12 18:24:30.516 | WARNING  | modules.backtrack_apply:_map_file_paths:232 - 在目标仓库中未找到文件: docs/releases/4.2.16.txt
2025-06-12 18:24:30.516 | INFO     | modules.backtrack_apply:_map_file_paths:234 - 尝试在整个仓库中搜索文件: 4.2.16.txt
2025-06-12 18:24:30.576 | WARNING  | modules.backtrack_apply:_map_file_paths:260 - 在整个仓库中也未找到文件: 4.2.16.txt
2025-06-12 18:24:30.577 | WARNING  | modules.llm_adapter:_get_file_content_from_target:1954 - 文件 docs/releases/4.2.16.txt 在目标版本 5.1 中不存在
2025-06-12 18:24:30.641 | ERROR    | modules.llm_adapter:_get_file_content_from_target:1975 - 获取目标版本文件内容时出错: Command '['git', 'checkout', '-b', 'temp_target_check_20250612_182430', '5.1']' returned non-zero exit status 128.
2025-06-12 18:24:30.641 | ERROR    | modules.llm_adapter:_get_file_content_from_target:1976 - Traceback (most recent call last):
  File "/home/elpsy/workspace/sow/patch-backport/modules/llm_adapter.py", line 1929, in _get_file_content_from_target
    subprocess.run(
  File "/home/elpsy/tools/miniconda3/envs/sow/lib/python3.12/subprocess.py", line 571, in run
    raise CalledProcessError(retcode, process.args,
subprocess.CalledProcessError: Command '['git', 'checkout', '-b', 'temp_target_check_20250612_182430', '5.1']' returned non-zero exit status 128.

2025-06-12 18:24:30.683 | ERROR    | modules.llm_adapter:_get_file_content_from_target:1975 - 获取目标版本文件内容时出错: Command '['git', 'checkout', '-b', 'temp_target_check_20250612_182430', '5.1']' returned non-zero exit status 128.
2025-06-12 18:24:30.683 | ERROR    | modules.llm_adapter:_get_file_content_from_target:1976 - Traceback (most recent call last):
  File "/home/elpsy/workspace/sow/patch-backport/modules/llm_adapter.py", line 1929, in _get_file_content_from_target
    subprocess.run(
  File "/home/elpsy/tools/miniconda3/envs/sow/lib/python3.12/subprocess.py", line 571, in run
    raise CalledProcessError(retcode, process.args,
subprocess.CalledProcessError: Command '['git', 'checkout', '-b', 'temp_target_check_20250612_182430', '5.1']' returned non-zero exit status 128.

2025-06-12 18:24:30.720 | ERROR    | modules.llm_adapter:_get_file_content_from_target:1975 - 获取目标版本文件内容时出错: Command '['git', 'checkout', '-b', 'temp_target_check_20250612_182430', '5.1']' returned non-zero exit status 128.
2025-06-12 18:24:30.721 | ERROR    | modules.llm_adapter:_get_file_content_from_target:1976 - Traceback (most recent call last):
  File "/home/elpsy/workspace/sow/patch-backport/modules/llm_adapter.py", line 1929, in _get_file_content_from_target
    subprocess.run(
  File "/home/elpsy/tools/miniconda3/envs/sow/lib/python3.12/subprocess.py", line 571, in run
    raise CalledProcessError(retcode, process.args,
subprocess.CalledProcessError: Command '['git', 'checkout', '-b', 'temp_target_check_20250612_182430', '5.1']' returned non-zero exit status 128.

2025-06-12 18:24:30.744 | INFO     | modules.llm_adapter:_call_llm:939 - 使用函数级别的补丁，切换到提示模板: backport-func
2025-06-12 18:24:30.745 | INFO     | modules.llm_adapter:_call_llm:940 - 准备了 0 个旧版本文件内容
2025-06-12 18:24:30.890 | INFO     | llm_assistant:run:278 - +++++++++++++++++++++++++++++++++++
2025-06-12 18:28:31.003 | INFO     | llm_assistant:run:298 - ---responses in run: [{'prompt': [{'role': 'system', 'content': 'You are an exceptionally skilled senior software engineer specializing in patch backporting between different software versions. Your task is to analyze a patch from a newer version and apply its functionality to older version files.\n\nUsers will provide you with:\n1. The complete content of the older version files that need to be modified\n2. A function-level patch showing the complete functions that were modified in the original patch\n\nThe function-level patch provides critical context about the entire functions being modified, not just the specific lines changed. This gives you a complete understanding of how the changes fit within their functional context.\n\nYour job is to generate a modified patch that will apply cleanly to the older version while preserving the functionality and intent of the original patch.\n\nINSTRUCTION:\n- Analyze both the older version files and the function-level patch carefully\n- Look for API changes, function signature changes, and structural differences between versions\n- Your backported patch should compile without errors on the older version\n- Maintain the same functionality as the original patch\n- Do not introduce any new dependencies or use API calls not present in the older version\n- Follow the same code style as the older version\n\nPlease provide your response in the following format:\n\nA. Commit message:\n<Brief summary of what the backported patch does>\n\nB. Change summary:\n<Detailed description of the changes made in the backport process>\n\nC. Compatibility Risk:\n<Low, Medium, or High - based on how invasive the changes are>\n\nD. Fixed Code:\n<The complete backported patch in git diff format>\n'}, {'role': 'system', 'content': 'Input 1: The complete content of the files from the older software version that need to be patched.\n\n'}, {'role': 'system', 'content': 'Input 2: The function-level patch showing the complete functions that were modified in the original patch.\n\ncommit 022ab0a75c76ab2ea31dfcc5f2cf5501e378d397\nAuthor: Sarah Boyce <42296566+sarahboyce@users.noreply.github.com>\nDate:   Mon Aug 12 15:17:57 2024 +0200\n\n    [5.1.x] Fixed CVE-2024-45230 -- Mitigated potential DoS in urlize and urlizetrunc template filters.\n    \n    Thanks MProgrammer (https://hackerone.com/mprogrammer) for the report.\n\ndiff --git a/django/utils/html.py b/django/utils/html.py\nindex e5ad5646fa..d9513fc758 100644\n--- a/django/utils/html.py\n+++ b/django/utils/html.py\n@@ -273,190 +273,193 @@ class CountsDict(dict):\n class Urlizer:\n     """\n     Convert any URLs in text into clickable links.\n \n     Work on http://, https://, www. links, and also on links ending in one of\n     the original seven gTLDs (.com, .edu, .gov, .int, .mil, .net, and .org).\n     Links can have trailing punctuation (periods, commas, close-parens) and\n     leading punctuation (opening parens) and it\'ll still do the right thing.\n     """\n \n     trailing_punctuation_chars = ".,:;!"\n     wrapping_punctuation = [("(", ")"), ("[", "]")]\n \n     simple_url_re = _lazy_re_compile(r"^https?://\\[?\\w", re.IGNORECASE)\n     simple_url_2_re = _lazy_re_compile(\n         r"^www\\.|^(?!http)\\w[^@]+\\.(com|edu|gov|int|mil|net|org)($|/.*)$", re.IGNORECASE\n     )\n     word_split_re = _lazy_re_compile(r"""([\\s<>"\']+)""")\n \n     mailto_template = "mailto:{local}@{domain}"\n     url_template = \'<a href="{href}"{attrs}>{url}</a>\'\n \n     def __call__(self, text, trim_url_limit=None, nofollow=False, autoescape=False):\n         """\n         If trim_url_limit is not None, truncate the URLs in the link text\n         longer than this limit to trim_url_limit - 1 characters and append an\n         ellipsis.\n \n         If nofollow is True, give the links a rel="nofollow" attribute.\n \n         If autoescape is True, autoescape the link text and URLs.\n         """\n         safe_input = isinstance(text, SafeData)\n \n         words = self.word_split_re.split(str(text))\n         return "".join(\n             [\n                 self.handle_word(\n                     word,\n                     safe_input=safe_input,\n                     trim_url_limit=trim_url_limit,\n                     nofollow=nofollow,\n                     autoescape=autoescape,\n                 )\n                 for word in words\n             ]\n         )\n \n     def handle_word(\n         self,\n         word,\n         *,\n         safe_input,\n         trim_url_limit=None,\n         nofollow=False,\n         autoescape=False,\n     ):\n         if "." in word or "@" in word or ":" in word:\n             # lead: Punctuation trimmed from the beginning of the word.\n             # middle: State of the word.\n             # trail: Punctuation trimmed from the end of the word.\n             lead, middle, trail = self.trim_punctuation(word)\n             # Make URL we want to point to.\n             url = None\n             nofollow_attr = \' rel="nofollow"\' if nofollow else ""\n             if len(middle) <= MAX_URL_LENGTH and self.simple_url_re.match(middle):\n                 url = smart_urlquote(html.unescape(middle))\n             elif len(middle) <= MAX_URL_LENGTH and self.simple_url_2_re.match(middle):\n                 url = smart_urlquote("http://%s" % html.unescape(middle))\n             elif ":" not in middle and self.is_email_simple(middle):\n                 local, domain = middle.rsplit("@", 1)\n                 try:\n                     domain = punycode(domain)\n                 except UnicodeError:\n                     return word\n                 url = self.mailto_template.format(local=local, domain=domain)\n                 nofollow_attr = ""\n             # Make link.\n             if url:\n                 trimmed = self.trim_url(middle, limit=trim_url_limit)\n                 if autoescape and not safe_input:\n                     lead, trail = escape(lead), escape(trail)\n                     trimmed = escape(trimmed)\n                 middle = self.url_template.format(\n                     href=escape(url),\n                     attrs=nofollow_attr,\n                     url=trimmed,\n                 )\n                 return mark_safe(f"{lead}{middle}{trail}")\n             else:\n                 if safe_input:\n                     return mark_safe(word)\n                 elif autoescape:\n                     return escape(word)\n         elif safe_input:\n             return mark_safe(word)\n         elif autoescape:\n             return escape(word)\n         return word\n \n     def trim_url(self, x, *, limit):\n         if limit is None or len(x) <= limit:\n             return x\n         return "%s…" % x[: max(0, limit - 1)]\n \n     @cached_property\n     def wrapping_punctuation_openings(self):\n         return "".join(dict(self.wrapping_punctuation).keys())\n \n     @cached_property\n     def trailing_punctuation_chars_no_semicolon(self):\n         return self.trailing_punctuation_chars.replace(";", "")\n \n     @cached_property\n     def trailing_punctuation_chars_has_semicolon(self):\n         return ";" in self.trailing_punctuation_chars\n \n     def trim_punctuation(self, word):\n         """\n         Trim trailing and wrapping punctuation from `word`. Return the items of\n         the new state.\n         """\n         # Strip all opening wrapping punctuation.\n         middle = word.lstrip(self.wrapping_punctuation_openings)\n         lead = word[: len(word) - len(middle)]\n         trail = ""\n \n         # Continue trimming until middle remains unchanged.\n         trimmed_something = True\n         counts = CountsDict(word=middle)\n         while trimmed_something and middle:\n             trimmed_something = False\n             # Trim wrapping punctuation.\n             for opening, closing in self.wrapping_punctuation:\n                 if counts[opening] < counts[closing]:\n                     rstripped = middle.rstrip(closing)\n                     if rstripped != middle:\n                         strip = counts[closing] - counts[opening]\n                         trail = middle[-strip:]\n                         middle = middle[:-strip]\n                         trimmed_something = True\n                         counts[closing] -= strip\n \n             amp = middle.rfind("&")\n             if amp == -1:\n                 rstripped = middle.rstrip(self.trailing_punctuation_chars)\n             else:\n                 rstripped = middle.rstrip(self.trailing_punctuation_chars_no_semicolon)\n             if rstripped != middle:\n                 trail = middle[len(rstripped) :] + trail\n                 middle = rstripped\n                 trimmed_something = True\n \n             if self.trailing_punctuation_chars_has_semicolon and middle.endswith(";"):\n                 # Only strip if not part of an HTML entity.\n                 potential_entity = middle[amp:]\n                 escaped = html.unescape(potential_entity)\n                 if escaped == potential_entity or escaped.endswith(";"):\n-                    rstripped = middle.rstrip(";")\n-                    amount_stripped = len(middle) - len(rstripped)\n-                    if amp > -1 and amount_stripped > 1:\n-                        # Leave a trailing semicolon as might be an entity.\n-                        trail = middle[len(rstripped) + 1 :] + trail\n-                        middle = rstripped + ";"\n+                    rstripped = middle.rstrip(self.trailing_punctuation_chars)\n+                    trail_start = len(rstripped)\n+                    amount_trailing_semicolons = len(middle) - len(middle.rstrip(";"))\n+                    if amp > -1 and amount_trailing_semicolons > 1:\n+                        # Leave up to most recent semicolon as might be an entity.\n+                        recent_semicolon = middle[trail_start:].index(";")\n+                        middle_semicolon_index = recent_semicolon + trail_start + 1\n+                        trail = middle[middle_semicolon_index:] + trail\n+                        middle = rstripped + middle[trail_start:middle_semicolon_index]\n                     else:\n-                        trail = middle[len(rstripped) :] + trail\n+                        trail = middle[trail_start:] + trail\n                         middle = rstripped\n                     trimmed_something = True\n \n         return lead, middle, trail\n \n     @staticmethod\n     def is_email_simple(value):\n         """Return True if value looks like an email address."""\n         # An @ must be in the middle of the value.\n         if "@" not in value or value.startswith("@") or value.endswith("@"):\n             return False\n         try:\n             p1, p2 = value.split("@")\n         except ValueError:\n             # value contains more than one @.\n             return False\n         # Max length for domain name labels is 63 characters per RFC 1034.\n         # Helps to avoid ReDoS vectors in the domain part.\n         if len(p2) > 63:\n             return False\n         # Dot must be in p2 (e.g. example.com)\n         if "." not in p2 or p2.startswith("."):\n             return False\n         return True\ndiff --git a/docs/ref/templates/builtins.txt b/docs/ref/templates/builtins.txt\nindex 3e2d63800a..86841b3dbd 100644\n--- a/docs/ref/templates/builtins.txt\n+++ b/docs/ref/templates/builtins.txt\n@@ -2925,14 +2925,25 @@ The ``urlize`` filter also takes an optional parameter ``autoescape``. If\n ``autoescape`` is ``True``, the link text and URLs will be escaped using\n Django\'s built-in :tfilter:`escape` filter. The default value for\n ``autoescape`` is ``True``.\n \n .. note::\n \n     If ``urlize`` is applied to text that already contains HTML markup, or to\n     email addresses that contain single quotes (``\'``), things won\'t work as\n     expected. Apply this filter only to plain text.\n \n+.. warning::\n+\n+    Using ``urlize`` or ``urlizetrunc`` can incur a performance penalty, which\n+    can become severe when applied to user controlled values such as content\n+    stored in a :class:`~django.db.models.TextField`. You can use\n+    :tfilter:`truncatechars` to add a limit to such inputs:\n+\n+    .. code-block:: html+django\n+\n+        {{ value|truncatechars:500|urlize }}\n+\n .. templatefilter:: urlizetrunc\n \n ``urlizetrunc``\n ---------------\ndiff --git a/docs/releases/4.2.16.txt b/docs/releases/4.2.16.txt\nindex 9853004386..2a84186867 100644\n--- a/docs/releases/4.2.16.txt\n+++ b/docs/releases/4.2.16.txt\n@@ -7,4 +7,9 @@ Django 4.2.16 release notes\n Django 4.2.16 fixes one security issue with severity "moderate" and one\n security issue with severity "low" in 4.2.15.\n \n-...\n+CVE-2024-45230: Potential denial-of-service vulnerability in ``django.utils.html.urlize()``\n+===========================================================================================\n+\n+:tfilter:`urlize` and :tfilter:`urlizetrunc` were subject to a potential\n+denial-of-service attack via very large inputs with a specific sequence of\n+characters.\ndiff --git a/docs/releases/5.0.9.txt b/docs/releases/5.0.9.txt\nindex eb3dbe832d..50e94ea3f2 100644\n--- a/docs/releases/5.0.9.txt\n+++ b/docs/releases/5.0.9.txt\n@@ -7,4 +7,9 @@ Django 5.0.9 release notes\n Django 5.0.9 fixes one security issue with severity "moderate" and one security\n issue with severity "low" in 5.0.8.\n \n-...\n+CVE-2024-45230: Potential denial-of-service vulnerability in ``django.utils.html.urlize()``\n+===========================================================================================\n+\n+:tfilter:`urlize` and :tfilter:`urlizetrunc` were subject to a potential\n+denial-of-service attack via very large inputs with a specific sequence of\n+characters.\ndiff --git a/docs/releases/5.1.1.txt b/docs/releases/5.1.1.txt\nindex 743f2753a8..dd24929100 100644\n--- a/docs/releases/5.1.1.txt\n+++ b/docs/releases/5.1.1.txt\n@@ -7,6 +7,13 @@ Django 5.1.1 release notes\n Django 5.1.1 fixes one security issue with severity "moderate", one security\n issue with severity "low", and several bugs in 5.1.\n \n+CVE-2024-45230: Potential denial-of-service vulnerability in ``django.utils.html.urlize()``\n+===========================================================================================\n+\n+:tfilter:`urlize` and :tfilter:`urlizetrunc` were subject to a potential\n+denial-of-service attack via very large inputs with a specific sequence of\n+characters.\n+\n Bugfixes\n ========\n \ndiff --git a/tests/template_tests/filter_tests/test_urlize.py b/tests/template_tests/filter_tests/test_urlize.py\nindex c19103859e..546bd6c7d6 100644\n--- a/tests/template_tests/filter_tests/test_urlize.py\n+++ b/tests/template_tests/filter_tests/test_urlize.py\n@@ -109,356 +109,361 @@ class UrlizeTests(SimpleTestCase):\n class FunctionTests(SimpleTestCase):\n     def test_urls(self):\n         self.assertEqual(\n             urlize("http://google.com"),\n             \'<a href="http://google.com" rel="nofollow">http://google.com</a>\',\n         )\n         self.assertEqual(\n             urlize("http://google.com/"),\n             \'<a href="http://google.com/" rel="nofollow">http://google.com/</a>\',\n         )\n         self.assertEqual(\n             urlize("www.google.com"),\n             \'<a href="http://www.google.com" rel="nofollow">www.google.com</a>\',\n         )\n         self.assertEqual(\n             urlize("djangoproject.org"),\n             \'<a href="http://djangoproject.org" rel="nofollow">djangoproject.org</a>\',\n         )\n         self.assertEqual(\n             urlize("djangoproject.org/"),\n             \'<a href="http://djangoproject.org/" rel="nofollow">djangoproject.org/</a>\',\n         )\n \n     def test_url_split_chars(self):\n         # Quotes (single and double) and angle brackets shouldn\'t be considered\n         # part of URLs.\n         self.assertEqual(\n             urlize(\'www.server.com"abc\'),\n             \'<a href="http://www.server.com" rel="nofollow">www.server.com</a>&quot;\'\n             "abc",\n         )\n         self.assertEqual(\n             urlize("www.server.com\'abc"),\n             \'<a href="http://www.server.com" rel="nofollow">www.server.com</a>&#x27;\'\n             "abc",\n         )\n         self.assertEqual(\n             urlize("www.server.com<abc"),\n             \'<a href="http://www.server.com" rel="nofollow">www.server.com</a>&lt;abc\',\n         )\n         self.assertEqual(\n             urlize("www.server.com>abc"),\n             \'<a href="http://www.server.com" rel="nofollow">www.server.com</a>&gt;abc\',\n         )\n \n     def test_email(self):\n         self.assertEqual(\n             urlize("info@djangoproject.org"),\n             \'<a href="mailto:info@djangoproject.org">info@djangoproject.org</a>\',\n         )\n \n     def test_word_with_dot(self):\n         self.assertEqual(urlize("some.organization"), "some.organization")\n \n     def test_https(self):\n         self.assertEqual(\n             urlize("https://google.com"),\n             \'<a href="https://google.com" rel="nofollow">https://google.com</a>\',\n         )\n \n     def test_quoting(self):\n         """\n         #9655 - Check urlize doesn\'t overquote already quoted urls. The\n         teststring is the urlquoted version of \'http://hi.baidu.com/重新开始\'\n         """\n         self.assertEqual(\n             urlize("http://hi.baidu.com/%E9%87%8D%E6%96%B0%E5%BC%80%E5%A7%8B"),\n             \'<a href="http://hi.baidu.com/%E9%87%8D%E6%96%B0%E5%BC%80%E5%A7%8B" \'\n             \'rel="nofollow">http://hi.baidu.com/%E9%87%8D%E6%96%B0%E5%BC%80%E5%A7%8B\'\n             "</a>",\n         )\n \n     def test_urlencoded(self):\n         self.assertEqual(\n             urlize("www.mystore.com/30%OffCoupons!"),\n             \'<a href="http://www.mystore.com/30%25OffCoupons" rel="nofollow">\'\n             "www.mystore.com/30%OffCoupons</a>!",\n         )\n         self.assertEqual(\n             urlize("https://en.wikipedia.org/wiki/Caf%C3%A9"),\n             \'<a href="https://en.wikipedia.org/wiki/Caf%C3%A9" rel="nofollow">\'\n             "https://en.wikipedia.org/wiki/Caf%C3%A9</a>",\n         )\n \n     def test_unicode(self):\n         self.assertEqual(\n             urlize("https://en.wikipedia.org/wiki/Café"),\n             \'<a href="https://en.wikipedia.org/wiki/Caf%C3%A9" rel="nofollow">\'\n             "https://en.wikipedia.org/wiki/Café</a>",\n         )\n \n     def test_parenthesis(self):\n         """\n         #11911 - Check urlize keeps balanced parentheses\n         """\n         self.assertEqual(\n             urlize("https://en.wikipedia.org/wiki/Django_(web_framework)"),\n             \'<a href="https://en.wikipedia.org/wiki/Django_(web_framework)" \'\n             \'rel="nofollow">https://en.wikipedia.org/wiki/Django_(web_framework)</a>\',\n         )\n         self.assertEqual(\n             urlize("(see https://en.wikipedia.org/wiki/Django_(web_framework))"),\n             \'(see <a href="https://en.wikipedia.org/wiki/Django_(web_framework)" \'\n             \'rel="nofollow">https://en.wikipedia.org/wiki/Django_(web_framework)</a>)\',\n         )\n \n     def test_nofollow(self):\n         """\n         #12183 - Check urlize adds nofollow properly - see #12183\n         """\n         self.assertEqual(\n             urlize("foo@bar.com or www.bar.com"),\n             \'<a href="mailto:foo@bar.com">foo@bar.com</a> or \'\n             \'<a href="http://www.bar.com" rel="nofollow">www.bar.com</a>\',\n         )\n \n     def test_idn(self):\n         """\n         #13704 - Check urlize handles IDN correctly\n         """\n         self.assertEqual(\n             urlize("http://c✶.ws"),\n             \'<a href="http://xn--c-lgq.ws" rel="nofollow">http://c✶.ws</a>\',\n         )\n         self.assertEqual(\n             urlize("www.c✶.ws"),\n             \'<a href="http://www.xn--c-lgq.ws" rel="nofollow">www.c✶.ws</a>\',\n         )\n         self.assertEqual(\n             urlize("c✶.org"), \'<a href="http://xn--c-lgq.org" rel="nofollow">c✶.org</a>\'\n         )\n         self.assertEqual(\n             urlize("info@c✶.org"), \'<a href="mailto:info@xn--c-lgq.org">info@c✶.org</a>\'\n         )\n \n     def test_malformed(self):\n         """\n         #16395 - Check urlize doesn\'t highlight malformed URIs\n         """\n         self.assertEqual(urlize("http:///www.google.com"), "http:///www.google.com")\n         self.assertEqual(urlize("http://.google.com"), "http://.google.com")\n         self.assertEqual(urlize("http://@foo.com"), "http://@foo.com")\n \n     def test_tlds(self):\n         """\n         #16656 - Check urlize accepts more TLDs\n         """\n         self.assertEqual(\n             urlize("usa.gov"), \'<a href="http://usa.gov" rel="nofollow">usa.gov</a>\'\n         )\n \n     def test_invalid_email(self):\n         """\n         #17592 - Check urlize don\'t crash on invalid email with dot-starting\n         domain\n         """\n         self.assertEqual(urlize("email@.stream.ru"), "email@.stream.ru")\n \n     def test_uppercase(self):\n         """\n         #18071 - Check urlize accepts uppercased URL schemes\n         """\n         self.assertEqual(\n             urlize("HTTPS://github.com/"),\n             \'<a href="https://github.com/" rel="nofollow">HTTPS://github.com/</a>\',\n         )\n \n     def test_trailing_period(self):\n         """\n         #18644 - Check urlize trims trailing period when followed by parenthesis\n         """\n         self.assertEqual(\n             urlize("(Go to http://www.example.com/foo.)"),\n             \'(Go to <a href="http://www.example.com/foo" rel="nofollow">\'\n             "http://www.example.com/foo</a>.)",\n         )\n \n     def test_trailing_multiple_punctuation(self):\n         self.assertEqual(\n             urlize("A test http://testing.com/example.."),\n             \'A test <a href="http://testing.com/example" rel="nofollow">\'\n             "http://testing.com/example</a>..",\n         )\n         self.assertEqual(\n             urlize("A test http://testing.com/example!!"),\n             \'A test <a href="http://testing.com/example" rel="nofollow">\'\n             "http://testing.com/example</a>!!",\n         )\n         self.assertEqual(\n             urlize("A test http://testing.com/example!!!"),\n             \'A test <a href="http://testing.com/example" rel="nofollow">\'\n             "http://testing.com/example</a>!!!",\n         )\n         self.assertEqual(\n             urlize(\'A test http://testing.com/example.,:;)"!\'),\n             \'A test <a href="http://testing.com/example" rel="nofollow">\'\n             "http://testing.com/example</a>.,:;)&quot;!",\n         )\n \n     def test_trailing_semicolon(self):\n         self.assertEqual(\n             urlize("http://example.com?x=&amp;", autoescape=False),\n             \'<a href="http://example.com?x=" rel="nofollow">\'\n             "http://example.com?x=&amp;</a>",\n         )\n         self.assertEqual(\n             urlize("http://example.com?x=&amp;;", autoescape=False),\n             \'<a href="http://example.com?x=" rel="nofollow">\'\n             "http://example.com?x=&amp;</a>;",\n         )\n         self.assertEqual(\n             urlize("http://example.com?x=&amp;;;", autoescape=False),\n             \'<a href="http://example.com?x=" rel="nofollow">\'\n             "http://example.com?x=&amp;</a>;;",\n         )\n+        self.assertEqual(\n+            urlize("http://example.com?x=&amp.;...;", autoescape=False),\n+            \'<a href="http://example.com?x=" rel="nofollow">\'\n+            "http://example.com?x=&amp</a>.;...;",\n+        )\n \n     def test_brackets(self):\n         """\n         #19070 - Check urlize handles brackets properly\n         """\n         self.assertEqual(\n             urlize("[see www.example.com]"),\n             \'[see <a href="http://www.example.com" rel="nofollow">www.example.com</a>]\',\n         )\n         self.assertEqual(\n             urlize("see test[at[example.com"),\n             \'see <a href="http://test[at[example.com" rel="nofollow">\'\n             "test[at[example.com</a>",\n         )\n         self.assertEqual(\n             urlize("[http://168.192.0.1](http://168.192.0.1)"),\n             \'[<a href="http://168.192.0.1](http://168.192.0.1)" rel="nofollow">\'\n             "http://168.192.0.1](http://168.192.0.1)</a>",\n         )\n \n     def test_wrapping_characters(self):\n         wrapping_chars = (\n             ("()", ("(", ")")),\n             ("<>", ("&lt;", "&gt;")),\n             ("[]", ("[", "]")),\n             (\'""\', ("&quot;", "&quot;")),\n             ("\'\'", ("&#x27;", "&#x27;")),\n         )\n         for wrapping_in, (start_out, end_out) in wrapping_chars:\n             with self.subTest(wrapping_in=wrapping_in):\n                 start_in, end_in = wrapping_in\n                 self.assertEqual(\n                     urlize(start_in + "https://www.example.org/" + end_in),\n                     f\'{start_out}<a href="https://www.example.org/" rel="nofollow">\'\n                     f"https://www.example.org/</a>{end_out}",\n                 )\n \n     def test_ipv4(self):\n         self.assertEqual(\n             urlize("http://192.168.0.15/api/9"),\n             \'<a href="http://192.168.0.15/api/9" rel="nofollow">\'\n             "http://192.168.0.15/api/9</a>",\n         )\n \n     def test_ipv6(self):\n         self.assertEqual(\n             urlize("http://[2001:db8:cafe::2]/api/9"),\n             \'<a href="http://[2001:db8:cafe::2]/api/9" rel="nofollow">\'\n             "http://[2001:db8:cafe::2]/api/9</a>",\n         )\n \n     def test_quotation_marks(self):\n         """\n         #20364 - Check urlize correctly include quotation marks in links\n         """\n         self.assertEqual(\n             urlize(\'before "hi@example.com" afterward\', autoescape=False),\n             \'before "<a href="mailto:hi@example.com">hi@example.com</a>" afterward\',\n         )\n         self.assertEqual(\n             urlize(\'before hi@example.com" afterward\', autoescape=False),\n             \'before <a href="mailto:hi@example.com">hi@example.com</a>" afterward\',\n         )\n         self.assertEqual(\n             urlize(\'before "hi@example.com afterward\', autoescape=False),\n             \'before "<a href="mailto:hi@example.com">hi@example.com</a> afterward\',\n         )\n         self.assertEqual(\n             urlize("before \'hi@example.com\' afterward", autoescape=False),\n             "before \'<a href=\\"mailto:hi@example.com\\">hi@example.com</a>\' afterward",\n         )\n         self.assertEqual(\n             urlize("before hi@example.com\' afterward", autoescape=False),\n             \'before <a href="mailto:hi@example.com">hi@example.com</a>\\\' afterward\',\n         )\n         self.assertEqual(\n             urlize("before \'hi@example.com afterward", autoescape=False),\n             \'before \\\'<a href="mailto:hi@example.com">hi@example.com</a> afterward\',\n         )\n \n     def test_quote_commas(self):\n         """\n         #20364 - Check urlize copes with commas following URLs in quotes\n         """\n         self.assertEqual(\n             urlize(\n                 \'Email us at "hi@example.com", or phone us at +xx.yy\', autoescape=False\n             ),\n             \'Email us at "<a href="mailto:hi@example.com">hi@example.com</a>", or \'\n             "phone us at +xx.yy",\n         )\n \n     def test_exclamation_marks(self):\n         """\n         #23715 - Check urlize correctly handles exclamation marks after TLDs\n         or query string\n         """\n         self.assertEqual(\n             urlize("Go to djangoproject.com! and enjoy."),\n             \'Go to <a href="http://djangoproject.com" rel="nofollow">djangoproject.com\'\n             "</a>! and enjoy.",\n         )\n         self.assertEqual(\n             urlize("Search for google.com/?q=! and see."),\n             \'Search for <a href="http://google.com/?q=" rel="nofollow">google.com/?q=\'\n             "</a>! and see.",\n         )\n         self.assertEqual(\n             urlize("Search for google.com/?q=dj!`? and see."),\n             \'Search for <a href="http://google.com/?q=dj%21%60%3F" rel="nofollow">\'\n             "google.com/?q=dj!`?</a> and see.",\n         )\n         self.assertEqual(\n             urlize("Search for google.com/?q=dj!`?! and see."),\n             \'Search for <a href="http://google.com/?q=dj%21%60%3F" rel="nofollow">\'\n             "google.com/?q=dj!`?</a>! and see.",\n         )\n \n     def test_non_string_input(self):\n         self.assertEqual(urlize(123), "123")\n \n     def test_autoescape(self):\n         self.assertEqual(\n             urlize(\'foo<a href=" google.com ">bar</a>buz\'),\n             \'foo&lt;a href=&quot; <a href="http://google.com" rel="nofollow">google.com\'\n             "</a> &quot;&gt;bar&lt;/a&gt;buz",\n         )\n \n     def test_autoescape_off(self):\n         self.assertEqual(\n             urlize(\'foo<a href=" google.com ">bar</a>buz\', autoescape=False),\n             \'foo<a href=" <a href="http://google.com" rel="nofollow">google.com</a> ">\'\n             "bar</a>buz",\n         )\n \n     def test_lazystring(self):\n         prepend_www = lazy(lambda url: "www." + url, str)\n         self.assertEqual(\n             urlize(prepend_www("google.com")),\n             \'<a href="http://www.google.com" rel="nofollow">www.google.com</a>\',\n         )\ndiff --git a/tests/utils_tests/test_html.py b/tests/utils_tests/test_html.py\nindex 10ba621dd5..9bee483dc7 100644\n--- a/tests/utils_tests/test_html.py\n+++ b/tests/utils_tests/test_html.py\n@@ -24,358 +24,359 @@ from django.utils.safestring import mark_safe\n class TestUtilsHtml(SimpleTestCase):\n     def check_output(self, function, value, output=None):\n         """\n         function(value) equals output. If output is None, function(value)\n         equals value.\n         """\n         if output is None:\n             output = value\n         self.assertEqual(function(value), output)\n \n     def test_escape(self):\n         items = (\n             ("&", "&amp;"),\n             ("<", "&lt;"),\n             (">", "&gt;"),\n             (\'"\', "&quot;"),\n             ("\'", "&#x27;"),\n         )\n         # Substitution patterns for testing the above items.\n         patterns = ("%s", "asdf%sfdsa", "%s1", "1%sb")\n         for value, output in items:\n             with self.subTest(value=value, output=output):\n                 for pattern in patterns:\n                     with self.subTest(value=value, output=output, pattern=pattern):\n                         self.check_output(escape, pattern % value, pattern % output)\n                         self.check_output(\n                             escape, lazystr(pattern % value), pattern % output\n                         )\n                 # Check repeated values.\n                 self.check_output(escape, value * 2, output * 2)\n         # Verify it doesn\'t double replace &.\n         self.check_output(escape, "<&", "&lt;&amp;")\n \n     def test_format_html(self):\n         self.assertEqual(\n             format_html(\n                 "{} {} {third} {fourth}",\n                 "< Dangerous >",\n                 mark_safe("<b>safe</b>"),\n                 third="< dangerous again",\n                 fourth=mark_safe("<i>safe again</i>"),\n             ),\n             "&lt; Dangerous &gt; <b>safe</b> &lt; dangerous again <i>safe again</i>",\n         )\n \n     def test_format_html_no_params(self):\n         msg = "Calling format_html() without passing args or kwargs is deprecated."\n         # RemovedInDjango60Warning: when the deprecation ends, replace with:\n         # msg = "args or kwargs must be provided."\n         # with self.assertRaisesMessage(TypeError, msg):\n         with self.assertWarnsMessage(RemovedInDjango60Warning, msg) as ctx:\n             name = "Adam"\n             self.assertEqual(format_html(f"<i>{name}</i>"), "<i>Adam</i>")\n         self.assertEqual(ctx.filename, __file__)\n \n     def test_linebreaks(self):\n         items = (\n             ("para1\\n\\npara2\\r\\rpara3", "<p>para1</p>\\n\\n<p>para2</p>\\n\\n<p>para3</p>"),\n             (\n                 "para1\\nsub1\\rsub2\\n\\npara2",\n                 "<p>para1<br>sub1<br>sub2</p>\\n\\n<p>para2</p>",\n             ),\n             (\n                 "para1\\r\\n\\r\\npara2\\rsub1\\r\\rpara4",\n                 "<p>para1</p>\\n\\n<p>para2<br>sub1</p>\\n\\n<p>para4</p>",\n             ),\n             ("para1\\tmore\\n\\npara2", "<p>para1\\tmore</p>\\n\\n<p>para2</p>"),\n         )\n         for value, output in items:\n             with self.subTest(value=value, output=output):\n                 self.check_output(linebreaks, value, output)\n                 self.check_output(linebreaks, lazystr(value), output)\n \n     def test_strip_tags(self):\n         items = (\n             (\n                 "<p>See: &#39;&eacute; is an apostrophe followed by e acute</p>",\n                 "See: &#39;&eacute; is an apostrophe followed by e acute",\n             ),\n             (\n                 "<p>See: &#x27;&eacute; is an apostrophe followed by e acute</p>",\n                 "See: &#x27;&eacute; is an apostrophe followed by e acute",\n             ),\n             ("<adf>a", "a"),\n             ("</adf>a", "a"),\n             ("<asdf><asdf>e", "e"),\n             ("hi, <f x", "hi, <f x"),\n             ("234<235, right?", "234<235, right?"),\n             ("a4<a5 right?", "a4<a5 right?"),\n             ("b7>b2!", "b7>b2!"),\n             ("</fe", "</fe"),\n             ("<x>b<y>", "b"),\n             ("a<p onclick=\\"alert(\'<test>\')\\">b</p>c", "abc"),\n             ("a<p a >b</p>c", "abc"),\n             ("d<a:b c:d>e</p>f", "def"),\n             (\'<strong>foo</strong><a href="http://example.com">bar</a>\', "foobar"),\n             # caused infinite loop on Pythons not patched with\n             # https://bugs.python.org/issue20288\n             ("&gotcha&#;<>", "&gotcha&#;<>"),\n             ("<sc<!-- -->ript>test<<!-- -->/script>", "ript>test"),\n             ("<script>alert()</script>&h", "alert()h"),\n             ("><!" + ("&" * 16000) + "D", "><!" + ("&" * 16000) + "D"),\n             ("X<<<<br>br>br>br>X", "XX"),\n         )\n         for value, output in items:\n             with self.subTest(value=value, output=output):\n                 self.check_output(strip_tags, value, output)\n                 self.check_output(strip_tags, lazystr(value), output)\n \n     def test_strip_tags_files(self):\n         # Test with more lengthy content (also catching performance regressions)\n         for filename in ("strip_tags1.html", "strip_tags2.txt"):\n             with self.subTest(filename=filename):\n                 path = os.path.join(os.path.dirname(__file__), "files", filename)\n                 with open(path) as fp:\n                     content = fp.read()\n                     start = datetime.now()\n                     stripped = strip_tags(content)\n                     elapsed = datetime.now() - start\n                 self.assertEqual(elapsed.seconds, 0)\n                 self.assertIn("Test string that has not been stripped.", stripped)\n                 self.assertNotIn("<", stripped)\n \n     def test_strip_spaces_between_tags(self):\n         # Strings that should come out untouched.\n         items = (" <adf>", "<adf> ", " </adf> ", " <f> x</f>")\n         for value in items:\n             with self.subTest(value=value):\n                 self.check_output(strip_spaces_between_tags, value)\n                 self.check_output(strip_spaces_between_tags, lazystr(value))\n \n         # Strings that have spaces to strip.\n         items = (\n             ("<d> </d>", "<d></d>"),\n             ("<p>hello </p>\\n<p> world</p>", "<p>hello </p><p> world</p>"),\n             ("\\n<p>\\t</p>\\n<p> </p>\\n", "\\n<p></p><p></p>\\n"),\n         )\n         for value, output in items:\n             with self.subTest(value=value, output=output):\n                 self.check_output(strip_spaces_between_tags, value, output)\n                 self.check_output(strip_spaces_between_tags, lazystr(value), output)\n \n     def test_escapejs(self):\n         items = (\n             (\n                 "\\"double quotes\\" and \'single quotes\'",\n                 "\\\\u0022double quotes\\\\u0022 and \\\\u0027single quotes\\\\u0027",\n             ),\n             (r"\\ : backslashes, too", "\\\\u005C : backslashes, too"),\n             (\n                 "and lots of whitespace: \\r\\n\\t\\v\\f\\b",\n                 "and lots of whitespace: \\\\u000D\\\\u000A\\\\u0009\\\\u000B\\\\u000C\\\\u0008",\n             ),\n             (\n                 r"<script>and this</script>",\n                 "\\\\u003Cscript\\\\u003Eand this\\\\u003C/script\\\\u003E",\n             ),\n             (\n                 "paragraph separator:\\u2029and line separator:\\u2028",\n                 "paragraph separator:\\\\u2029and line separator:\\\\u2028",\n             ),\n             ("`", "\\\\u0060"),\n         )\n         for value, output in items:\n             with self.subTest(value=value, output=output):\n                 self.check_output(escapejs, value, output)\n                 self.check_output(escapejs, lazystr(value), output)\n \n     def test_json_script(self):\n         tests = (\n             # "<", ">" and "&" are quoted inside JSON strings\n             (\n                 (\n                     "&<>",\n                     \'<script id="test_id" type="application/json">\'\n                     \'"\\\\u0026\\\\u003C\\\\u003E"</script>\',\n                 )\n             ),\n             # "<", ">" and "&" are quoted inside JSON objects\n             (\n                 {"a": "<script>test&ing</script>"},\n                 \'<script id="test_id" type="application/json">\'\n                 \'{"a": "\\\\u003Cscript\\\\u003Etest\\\\u0026ing\\\\u003C/script\\\\u003E"}\'\n                 "</script>",\n             ),\n             # Lazy strings are quoted\n             (\n                 lazystr("&<>"),\n                 \'<script id="test_id" type="application/json">"\\\\u0026\\\\u003C\\\\u003E"\'\n                 "</script>",\n             ),\n             (\n                 {"a": lazystr("<script>test&ing</script>")},\n                 \'<script id="test_id" type="application/json">\'\n                 \'{"a": "\\\\u003Cscript\\\\u003Etest\\\\u0026ing\\\\u003C/script\\\\u003E"}\'\n                 "</script>",\n             ),\n         )\n         for arg, expected in tests:\n             with self.subTest(arg=arg):\n                 self.assertEqual(json_script(arg, "test_id"), expected)\n \n     def test_json_script_custom_encoder(self):\n         class CustomDjangoJSONEncoder(DjangoJSONEncoder):\n             def encode(self, o):\n                 return \'{"hello": "world"}\'\n \n         self.assertHTMLEqual(\n             json_script({}, encoder=CustomDjangoJSONEncoder),\n             \'<script type="application/json">{"hello": "world"}</script>\',\n         )\n \n     def test_json_script_without_id(self):\n         self.assertHTMLEqual(\n             json_script({"key": "value"}),\n             \'<script type="application/json">{"key": "value"}</script>\',\n         )\n \n     def test_smart_urlquote(self):\n         items = (\n             ("http://öäü.com/", "http://xn--4ca9at.com/"),\n             ("http://öäü.com/öäü/", "http://xn--4ca9at.com/%C3%B6%C3%A4%C3%BC/"),\n             # Everything unsafe is quoted, !*\'();:@&=+$,/?#[]~ is considered\n             # safe as per RFC.\n             (\n                 "http://example.com/path/öäü/",\n                 "http://example.com/path/%C3%B6%C3%A4%C3%BC/",\n             ),\n             ("http://example.com/%C3%B6/ä/", "http://example.com/%C3%B6/%C3%A4/"),\n             ("http://example.com/?x=1&y=2+3&z=", "http://example.com/?x=1&y=2+3&z="),\n             ("http://example.com/?x=<>\\"\'", "http://example.com/?x=%3C%3E%22%27"),\n             (\n                 "http://example.com/?q=http://example.com/?x=1%26q=django",\n                 "http://example.com/?q=http%3A%2F%2Fexample.com%2F%3Fx%3D1%26q%3D"\n                 "django",\n             ),\n             (\n                 "http://example.com/?q=http%3A%2F%2Fexample.com%2F%3Fx%3D1%26q%3D"\n                 "django",\n                 "http://example.com/?q=http%3A%2F%2Fexample.com%2F%3Fx%3D1%26q%3D"\n                 "django",\n             ),\n             ("http://.www.f oo.bar/", "http://.www.f%20oo.bar/"),\n         )\n         # IDNs are properly quoted\n         for value, output in items:\n             with self.subTest(value=value, output=output):\n                 self.assertEqual(smart_urlquote(value), output)\n \n     def test_conditional_escape(self):\n         s = "<h1>interop</h1>"\n         self.assertEqual(conditional_escape(s), "&lt;h1&gt;interop&lt;/h1&gt;")\n         self.assertEqual(conditional_escape(mark_safe(s)), s)\n         self.assertEqual(conditional_escape(lazystr(mark_safe(s))), s)\n \n     def test_html_safe(self):\n         @html_safe\n         class HtmlClass:\n             def __str__(self):\n                 return "<h1>I\'m a html class!</h1>"\n \n         html_obj = HtmlClass()\n         self.assertTrue(hasattr(HtmlClass, "__html__"))\n         self.assertTrue(hasattr(html_obj, "__html__"))\n         self.assertEqual(str(html_obj), html_obj.__html__())\n \n     def test_html_safe_subclass(self):\n         class BaseClass:\n             def __html__(self):\n                 # defines __html__ on its own\n                 return "some html content"\n \n             def __str__(self):\n                 return "some non html content"\n \n         @html_safe\n         class Subclass(BaseClass):\n             def __str__(self):\n                 # overrides __str__ and is marked as html_safe\n                 return "some html safe content"\n \n         subclass_obj = Subclass()\n         self.assertEqual(str(subclass_obj), subclass_obj.__html__())\n \n     def test_html_safe_defines_html_error(self):\n         msg = "can\'t apply @html_safe to HtmlClass because it defines __html__()."\n         with self.assertRaisesMessage(ValueError, msg):\n \n             @html_safe\n             class HtmlClass:\n                 def __html__(self):\n                     return "<h1>I\'m a html class!</h1>"\n \n     def test_html_safe_doesnt_define_str(self):\n         msg = "can\'t apply @html_safe to HtmlClass because it doesn\'t define __str__()."\n         with self.assertRaisesMessage(ValueError, msg):\n \n             @html_safe\n             class HtmlClass:\n                 pass\n \n     def test_urlize(self):\n         tests = (\n             (\n                 "Search for google.com/?q=! and see.",\n                 \'Search for <a href="http://google.com/?q=">google.com/?q=</a>! and \'\n                 "see.",\n             ),\n             (\n                 "Search for google.com/?q=1&lt! and see.",\n                 \'Search for <a href="http://google.com/?q=1%3C">google.com/?q=1&lt\'\n                 "</a>! and see.",\n             ),\n             (\n                 lazystr("Search for google.com/?q=!"),\n                 \'Search for <a href="http://google.com/?q=">google.com/?q=</a>!\',\n             ),\n             ("foo@example.com", \'<a href="mailto:foo@example.com">foo@example.com</a>\'),\n             (\n                 "test@" + "한.글." * 15 + "aaa",\n                 \'<a href="mailto:test@\'\n                 + "xn--6q8b.xn--bj0b." * 15\n                 + \'aaa">\'\n                 + "test@"\n                 + "한.글." * 15\n                 + "aaa</a>",\n             ),\n         )\n         for value, output in tests:\n             with self.subTest(value=value):\n                 self.assertEqual(urlize(value), output)\n \n     def test_urlize_unchanged_inputs(self):\n         tests = (\n             ("a" + "@a" * 50000) + "a",  # simple_email_re catastrophic test\n             # Unicode domain catastrophic tests.\n             "a@" + "한.글." * 1_000_000 + "a",\n             "http://" + "한.글." * 1_000_000 + "com",\n             "www." + "한.글." * 1_000_000 + "com",\n             ("a" + "." * 1000000) + "a",  # trailing_punctuation catastrophic test\n             "foo@",\n             "@foo.com",\n             "foo@.example.com",\n             "foo@localhost",\n             "foo@localhost.",\n             # trim_punctuation catastrophic tests\n             "(" * 100_000 + ":" + ")" * 100_000,\n             "(" * 100_000 + "&:" + ")" * 100_000,\n             "([" * 100_000 + ":" + "])" * 100_000,\n             "[(" * 100_000 + ":" + ")]" * 100_000,\n             "([[" * 100_000 + ":" + "]])" * 100_000,\n             "&:" + ";" * 100_000,\n             "&.;" * 100_000,\n             ".;" * 100_000,\n+            "&" + ";:" * 100_000,\n         )\n         for value in tests:\n             with self.subTest(value=value):\n                 self.assertEqual(urlize(value), value)\n\n===end==='}, {'role': 'user', 'content': 'Please analyze the provided information and generate a backported patch for the older version.'}], 'response': '### A. Commit message:\n```\n[4.1.x] Backported CVE-2024-45230 fix -- Mitigated potential DoS in urlize and urlizetrunc template filters.\n\nBackported the fix from Django 5.1.x to Django 4.1.x. This resolves a potential denial-of-service vulnerability caused by specific sequences of characters in large inputs.\n```\n\n---\n\n### B. Change summary:\nThe original patch modifies the `trim_punctuation` method in the `Urlizer` class to handle cases where trailing semicolons could lead to excessive processing, potentially causing a denial-of-service (DoS) attack. The backport involves ensuring the same functionality is applied to Django 4.1.x while maintaining compatibility with its API and structure.\n\nKey changes include:\n1. Adjusted logic in `trim_punctuation` to correctly handle multiple trailing semicolons without excessive computation.\n2. Ensured the changes are compatible with Django 4.1.x\'s existing codebase and dependencies.\n3. Added test cases for large input scenarios to verify the fix.\n\n---\n\n### C. Compatibility Risk:\n**Low**  \nThe changes focus on improving the robustness of the `urlize` function without altering its public API or introducing new dependencies. The modifications are confined to internal logic, ensuring minimal impact on existing functionality.\n\n---\n\n### D. Fixed Code:\n\n```diff\ndiff --git a/django/utils/html.py b/django/utils/html.py\n--- a/django/utils/html.py\n+++ b/django/utils/html.py\n@@ -273,190 +273,193 @@ class CountsDict(dict):\n class Urlizer:\n     """\n     Convert any URLs in text into clickable links.\n \n     Work on http://, https://, www. links, and also on links ending in one of\n     the original seven gTLDs (.com, .edu, .gov, .int, .mil, .net, and .org).\n     Links can have trailing punctuation (periods, commas, close-parens) and\n     leading punctuation (opening parens) and it\'ll still do the right thing.\n     """\n \n     trailing_punctuation_chars = ".,:;!"\n     wrapping_punctuation = [("(", ")"), ("[", "]")]\n \n     simple_url_re = _lazy_re_compile(r"^https?://\\[?\\w", re.IGNORECASE)\n     simple_url_2_re = _lazy_re_compile(\n         r"^www\\.|^(?!http)\\w[^@]+\\.(com|edu|gov|int|mil|net|org)($|/.*)$", re.IGNORECASE\n     )\n     word_split_re = _lazy_re_compile(r"""([\\s<>"\']+)""")\n \n     mailto_template = "mailto:{local}@{domain}"\n     url_template = \'<a href="{href}"{attrs}>{url}</a>\'\n \n     def __call__(self, text, trim_url_limit=None, nofollow=False, autoescape=False):\n         """\n         If trim_url_limit is not None, truncate the URLs in the link text\n         longer than this limit to trim_url_limit - 1 characters and append an\n         ellipsis.\n \n         If nofollow is True, give the links a rel="nofollow" attribute.\n \n         If autoescape is True, autoescape the link text and URLs.\n         """\n         safe_input = isinstance(text, SafeData)\n \n         words = self.word_split_re.split(str(text))\n         return "".join(\n             [\n                 self.handle_word(\n                     word,\n                     safe_input=safe_input,\n                     trim_url_limit=trim_url_limit,\n                     nofollow=nofollow,\n                     autoescape=autoescape,\n                 )\n                 for word in words\n             ]\n         )\n \n     def handle_word(\n         self,\n         word,\n         *,\n         safe_input,\n         trim_url_limit=None,\n         nofollow=False,\n         autoescape=False,\n     ):\n         if "." in word or "@" in word or ":" in word:\n             # lead: Punctuation trimmed from the beginning of the word.\n             # middle: State of the word.\n             # trail: Punctuation trimmed from the end of the word.\n             lead, middle, trail = self.trim_punctuation(word)\n             # Make URL we want to point to.\n             url = None\n             nofollow_attr = \' rel="nofollow"\' if nofollow else ""\n             if len(middle) <= MAX_URL_LENGTH and self.simple_url_re.match(middle):\n                 url = smart_urlquote(html.unescape(middle))\n             elif len(middle) <= MAX_URL_LENGTH and self.simple_url_2_re.match(middle):\n                 url = smart_urlquote("http://%s" % html.unescape(middle))\n             elif ":" not in middle and self.is_email_simple(middle):\n                 local, domain = middle.rsplit("@", 1)\n                 try:\n                     domain = punycode(domain)\n                 except UnicodeError:\n                     return word\n                 url = self.mailto_template.format(local=local, domain=domain)\n                 nofollow_attr = ""\n             # Make link.\n             if url:\n                 trimmed = self.trim_url(middle, limit=trim_url_limit)\n                 if autoescape and not safe_input:\n                     lead, trail = escape(lead), escape(trail)\n                     trimmed = escape(trimmed)\n                 middle = self.url_template.format(\n                     href=escape(url),\n                     attrs=nofollow_attr,\n                     url=trimmed,\n                 )\n                 return mark_safe(f"{lead}{middle}{trail}")\n             else:\n                 if safe_input:\n                     return mark_safe(word)\n                 elif autoescape:\n                     return escape(word)\n         elif safe_input:\n             return mark_safe(word)\n         elif autoescape:\n             return escape(word)\n         return word\n \n     def trim_url(self, x, *, limit):\n         if limit is None or len(x) <= limit:\n             return x\n         return "%s…" % x[: max(0, limit - 1)]\n \n     @cached_property\n     def wrapping_punctuation_openings(self):\n         return "".join(dict(self.wrapping_punctuation).keys())\n \n     @cached_property\n     def trailing_punctuation_chars_no_semicolon(self):\n         return self.trailing_punctuation_chars.replace(";", "")\n \n     @cached_property\n     def trailing_punctuation_chars_has_semicolon(self):\n         return ";" in self.trailing_punctuation_chars\n \n     def trim_punctuation(self, word):\n         """\n         Trim trailing and wrapping punctuation from `word`. Return the items of\n         the new state.\n         """\n         # Strip all opening wrapping punctuation.\n         middle = word.lstrip(self.wrapping_punctuation_openings)\n         lead = word[: len(word) - len(middle)]\n         trail = ""\n \n         # Continue trimming until middle remains unchanged.\n         trimmed_something = True\n         counts = CountsDict(word=middle)\n         while trimmed_something and middle:\n             trimmed_something = False\n             # Trim wrapping punctuation.\n             for opening, closing in self.wrapping_punctuation:\n                 if counts[opening] < counts[closing]:\n                     rstripped = middle.rstrip(closing)\n                     if rstripped != middle:\n                         strip = counts[closing] - counts[opening]\n                         trail = middle[-strip:]\n                         middle = middle[:-strip]\n                         trimmed_something = True\n                         counts[closing] -= strip\n \n             amp = middle.rfind("&")\n             if amp == -1:\n                 rstripped = middle.rstrip(self.trailing_punctuation_chars)\n             else:\n                 rstripped = middle.rstrip(self.trailing_punctuation_chars_no_semicolon)\n             if rstripped != middle:\n                 trail = middle[len(rstripped) :] + trail\n                 middle = rstripped\n                 trimmed_something = True\n \n             if self.trailing_punctuation_chars_has_semicolon and middle.endswith(";"):\n                 # Only strip if not part of an HTML entity.\n                 potential_entity = middle[amp:]\n                 escaped = html.unescape(potential_entity)\n                 if escaped == potential_entity or escaped.endswith(";"):\n-                    rstripped = middle.rstrip(";")\n-                    amount_stripped = len(middle) - len(rstripped)\n-                    if amp > -1 and amount_stripped > 1:\n-                        # Leave a trailing semicolon as might be an entity.\n-                        trail = middle[len(rstripped) + 1 :] + trail\n-                        middle = rstripped + ";"\n+                    rstripped = middle.rstrip(self.trailing_punctuation_chars)\n+                    trail_start = len(rstripped)\n+                    amount_trailing_semicolons = len(middle) - len(middle.rstrip(";"))\n+                    if amp > -1 and amount_trailing_semicolons > 1:\n+                        # Leave up to most recent semicolon as might be an entity.\n+                        recent_semicolon = middle[trail_start:].index(";")\n+                        middle_semicolon_index = recent_semicolon + trail_start + 1\n+                        trail = middle[middle_semicolon_index:] + trail\n+                        middle = rstripped + middle[trail_start:middle_semicolon_index]\n                     else:\n-                        trail = middle[len(rstripped) :] + trail\n+                        trail = middle[trail_start:] + trail\n                         middle = rstripped\n                     trimmed_something = True\n \n         return lead, middle, trail\n \n     @staticmethod\n     def is_email_simple(value):\n         """Return True if value looks like an email address."""\n         # An @ must be in the middle of the value.\n         if "@" not in value or value.startswith("@") or value.endswith("@"):\n             return False\n         try:\n             p1, p2 = value.split("@")\n         except ValueError:\n             # value contains more than one @.\n             return False\n         # Max length for domain name labels is 63 characters per RFC 1034.\n         # Helps to avoid ReDoS vectors in the domain part.\n         if len(p2) > 63:\n             return False\n         # Dot must be in p2 (e.g. example.com)\n         if "." not in p2 or p2.startswith("."):\n             return False\n         return True\ndiff --git a/tests/utils_tests/test_html.py b/tests/utils_tests/test_html.py\n--- a/tests/utils_tests/test_html.py\n+++ b/tests/utils_tests/test_html.py\n@@ -24,358 +24,359 @@ from django.utils.safestring import mark_safe\n class TestUtilsHtml(SimpleTestCase):\n     def check_output(self, function, value, output=None):\n         """\n         function(value) equals output. If output is None, function(value)\n         equals value.\n         """\n         if output is None:\n             output = value\n         self.assertEqual(function(value), output)\n \n     def test_escape(self):\n         items = (\n             ("&", "&amp;"),\n             ("<", "&lt;"),\n             (">", "&gt;"),\n             (\'"\', "&quot;"),\n             ("\'", "&#x27;"),\n         )\n         # Substitution patterns for testing the above items.\n         patterns = ("%s", "asdf%sfdsa", "%s1", "1%sb")\n         for value, output in items:\n             with self.subTest(value=value, output=output):\n                 for pattern in patterns:\n                     with self.subTest(value=value, output=output, pattern=pattern):\n                         self.check_output(escape, pattern % value, pattern % output)\n                         self.check_output(\n                             escape, lazystr(pattern % value), pattern % output\n                         )\n                 # Check repeated values.\n                 self.check_output(escape, value * 2, output * 2)\n         # Verify it doesn\'t double replace &.\n         self.check_output(escape, "<&", "&lt;&amp;")\n \n     def test_format_html(self):\n         self.assertEqual(\n             format_html(\n                 "{} {} {third} {fourth}",\n                 "< Dangerous >",\n                 mark_safe("<b>safe</b>"),\n                 third="< dangerous again",\n                 fourth=mark_safe("<i>safe again</i>"),\n             ),\n             "&lt; Dangerous &gt; <b>safe</b> &lt; dangerous again <i>safe again</i>",\n         )\n \n     def test_linebreaks(self):\n         items = (\n             ("para1\\n\\npara2\\r\\rpara3", "<p>para1</p>\\n\\n<p>para2</p>\\n\\n<p>para3</p>"),\n             (\n                 "para1\\nsub1\\rsub2\\n\\npara2",\n                 "<p>para1<br>sub1<br>sub2</p>\\n\\n<p>para2</p>",\n             ),\n             (\n                 "para1\\r\\n\\r\\npara2\\rsub1\\r\\rpara4",\n                 "<p>para1</p>\\n\\n<p>para2<br>sub1</p>\\n\\n<p>para4</p>",\n             ),\n             ("para1\\tmore\\n\\npara2", "<p>para1\\tmore</p>\\n\\n<p>para2</p>"),\n         )\n         for value, output in items:\n             with self.subTest(value=value, output=output):\n                 self.check_output(linebreaks, value, output)\n                 self.check_output(linebreaks, lazystr(value), output)\n \n     def test_strip_tags(self):\n         items = (\n             (\n                 "<p>See: &#39;&eacute; is an apostrophe followed by e acute</p>",\n                 "See: &#39;&eacute; is an apostrophe followed by e acute",\n             ),\n             (\n                 "<p>See: &#x27;&eacute; is an apostrophe followed by e acute</p>",\n                 "See: &#x27;&eacute; is an apostrophe followed by e acute",\n             ),\n             ("<adf>a", "a"),\n             ("</adf>a", "a"),\n             ("<asdf><asdf>e", "e"),\n             ("hi, <f x", "hi, <f x"),\n             ("234<235, right?", "234<235, right?"),\n             ("a4<a5 right?", "a4<a5 right?"),\n             ("b7>b2!", "b7>b2!"),\n             ("</fe", "</fe"),\n             ("<x>b<y>", "b"),\n             ("a<p onclick=\\"alert(\'<test>\')\\">b</p>c", "abc"),\n             ("a<p a >b</p>c", "abc"),\n             ("d<a:b c:d>e</p>f", "def"),\n             (\'<strong>foo</strong><a href="http://example.com">bar</a>\', "foobar"),\n             # caused infinite loop on Pythons not patched with\n             # https://bugs.python.org/issue20288\n             ("&gotcha&#;<>", "&gotcha&#;<>"),\n             ("<sc<!-- -->ript>test<<!-- -->/script>", "ript>test"),\n             ("<script>alert()</script>&h", "alert()h"),\n             ("><!" + ("&" * 16000) + "D", "><!" + ("&" * 16000) + "D"),\n             ("X<<<<br>br>br>br>X", "XX"),\n         )\n         for value, output in items:\n             with self.subTest(value=value, output=output):\n                 self.check_output(strip_tags, value, output)\n                 self.check_output(strip_tags, lazystr(value), output)\n \n     def test_urlize(self):\n         tests = (\n             (\n                 "Search for google.com/?q=! and see.",\n                 \'Search for <a href="http://google.com/?q=">google.com/?q=</a>! and \'\n                 "see.",\n             ),\n             (\n                 "Search for google.com/?q=1&lt! and see.",\n                 \'Search for <a href="http://google.com/?q=1%3C">google.com/?q=1&lt\'\n                 "</a>! and see.",\n             ),\n             (\n                 lazystr("Search for google.com/?q=!"),\n                 \'Search for <a href="http://google.com/?q=">google.com/?q=</a>!\',\n             ),\n             ("foo@example.com", \'<a href="mailto:foo@example.com">foo@example.com</a>\'),\n             (\n                 "test@" + "한.글." * 15 + "aaa",\n                 \'<a href="mailto:test@\'\n                 + "xn--6q8b.xn--bj0b." * 15\n                 + \'aaa">\'\n                 + "test@"\n                 + "한.글." * 15\n                 + "aaa</a>",\n             ),\n         )\n         for value, output in tests:\n             with self.subTest(value=value):\n                 self.assertEqual(urlize(value), output)\n \n     def test_urlize_unchanged_inputs(self):\n         tests = (\n             ("a" + "@a" * 50000) + "a",  # simple_email_re catastrophic test\n             # Unicode domain catastrophic tests.\n             "a@" + "한.글." * 1_000_000 + "a",\n             "http://" + "한.글." * 1_000_000 + "com",\n             "www." + "한.글." * 1_000_000 + "com",\n             ("a" + "." * 1000000) + "a",  # trailing_punctuation catastrophic test\n             "foo@",\n             "@foo.com",\n             "foo@.example.com",\n             "foo@localhost",\n             "foo@localhost.",\n             # trim_punctuation catastrophic tests\n             "(" * 100_000 + ":" + ")" * 100_000,\n             "(" * 100_000 + "&:" + ")" * 100_000,\n             "([" * 100_000 + ":" + "])" * 100_000,\n             "[(" * 100_000 + ":" + ")]" * 100_000,\n             "([[" * 100_000 + ":" + "]])" * 100_000,\n             "&:" + ";" * 100_000,\n             "&.;" * 100_000,\n             ".;" * 100_000,\n+            "&" + ";:" * 100_000,\n         )\n         for value in tests:\n             with self.subTest(value=value):\n                 self.assertEqual(urlize(value), value)\n```', 'request_token': 0, 'response_token': 0}]
2025-06-12 18:28:31.008 | INFO     | modules.llm_adapter:_call_llm:973 - llm.run() result:{'openai_responses': ['### A. Commit message:\n```\n[4.1.x] Backported CVE-2024-45230 fix -- Mitigated potential DoS in urlize and urlizetrunc template filters.\n\nBackported the fix from Django 5.1.x to Django 4.1.x. This resolves a potential denial-of-service vulnerability caused by specific sequences of characters in large inputs.\n```\n\n---\n\n### B. Change summary:\nThe original patch modifies the `trim_punctuation` method in the `Urlizer` class to handle cases where trailing semicolons could lead to excessive processing, potentially causing a denial-of-service (DoS) attack. The backport involves ensuring the same functionality is applied to Django 4.1.x while maintaining compatibility with its API and structure.\n\nKey changes include:\n1. Adjusted logic in `trim_punctuation` to correctly handle multiple trailing semicolons without excessive computation.\n2. Ensured the changes are compatible with Django 4.1.x\'s existing codebase and dependencies.\n3. Added test cases for large input scenarios to verify the fix.\n\n---\n\n### C. Compatibility Risk:\n**Low**  \nThe changes focus on improving the robustness of the `urlize` function without altering its public API or introducing new dependencies. The modifications are confined to internal logic, ensuring minimal impact on existing functionality.\n\n---\n\n### D. Fixed Code:\n\n```diff\ndiff --git a/django/utils/html.py b/django/utils/html.py\n--- a/django/utils/html.py\n+++ b/django/utils/html.py\n@@ -273,190 +273,193 @@ class CountsDict(dict):\n class Urlizer:\n     """\n     Convert any URLs in text into clickable links.\n \n     Work on http://, https://, www. links, and also on links ending in one of\n     the original seven gTLDs (.com, .edu, .gov, .int, .mil, .net, and .org).\n     Links can have trailing punctuation (periods, commas, close-parens) and\n     leading punctuation (opening parens) and it\'ll still do the right thing.\n     """\n \n     trailing_punctuation_chars = ".,:;!"\n     wrapping_punctuation = [("(", ")"), ("[", "]")]\n \n     simple_url_re = _lazy_re_compile(r"^https?://\\[?\\w", re.IGNORECASE)\n     simple_url_2_re = _lazy_re_compile(\n         r"^www\\.|^(?!http)\\w[^@]+\\.(com|edu|gov|int|mil|net|org)($|/.*)$", re.IGNORECASE\n     )\n     word_split_re = _lazy_re_compile(r"""([\\s<>"\']+)""")\n \n     mailto_template = "mailto:{local}@{domain}"\n     url_template = \'<a href="{href}"{attrs}>{url}</a>\'\n \n     def __call__(self, text, trim_url_limit=None, nofollow=False, autoescape=False):\n         """\n         If trim_url_limit is not None, truncate the URLs in the link text\n         longer than this limit to trim_url_limit - 1 characters and append an\n         ellipsis.\n \n         If nofollow is True, give the links a rel="nofollow" attribute.\n \n         If autoescape is True, autoescape the link text and URLs.\n         """\n         safe_input = isinstance(text, SafeData)\n \n         words = self.word_split_re.split(str(text))\n         return "".join(\n             [\n                 self.handle_word(\n                     word,\n                     safe_input=safe_input,\n                     trim_url_limit=trim_url_limit,\n                     nofollow=nofollow,\n                     autoescape=autoescape,\n                 )\n                 for word in words\n             ]\n         )\n \n     def handle_word(\n         self,\n         word,\n         *,\n         safe_input,\n         trim_url_limit=None,\n         nofollow=False,\n         autoescape=False,\n     ):\n         if "." in word or "@" in word or ":" in word:\n             # lead: Punctuation trimmed from the beginning of the word.\n             # middle: State of the word.\n             # trail: Punctuation trimmed from the end of the word.\n             lead, middle, trail = self.trim_punctuation(word)\n             # Make URL we want to point to.\n             url = None\n             nofollow_attr = \' rel="nofollow"\' if nofollow else ""\n             if len(middle) <= MAX_URL_LENGTH and self.simple_url_re.match(middle):\n                 url = smart_urlquote(html.unescape(middle))\n             elif len(middle) <= MAX_URL_LENGTH and self.simple_url_2_re.match(middle):\n                 url = smart_urlquote("http://%s" % html.unescape(middle))\n             elif ":" not in middle and self.is_email_simple(middle):\n                 local, domain = middle.rsplit("@", 1)\n                 try:\n                     domain = punycode(domain)\n                 except UnicodeError:\n                     return word\n                 url = self.mailto_template.format(local=local, domain=domain)\n                 nofollow_attr = ""\n             # Make link.\n             if url:\n                 trimmed = self.trim_url(middle, limit=trim_url_limit)\n                 if autoescape and not safe_input:\n                     lead, trail = escape(lead), escape(trail)\n                     trimmed = escape(trimmed)\n                 middle = self.url_template.format(\n                     href=escape(url),\n                     attrs=nofollow_attr,\n                     url=trimmed,\n                 )\n                 return mark_safe(f"{lead}{middle}{trail}")\n             else:\n                 if safe_input:\n                     return mark_safe(word)\n                 elif autoescape:\n                     return escape(word)\n         elif safe_input:\n             return mark_safe(word)\n         elif autoescape:\n             return escape(word)\n         return word\n \n     def trim_url(self, x, *, limit):\n         if limit is None or len(x) <= limit:\n             return x\n         return "%s…" % x[: max(0, limit - 1)]\n \n     @cached_property\n     def wrapping_punctuation_openings(self):\n         return "".join(dict(self.wrapping_punctuation).keys())\n \n     @cached_property\n     def trailing_punctuation_chars_no_semicolon(self):\n         return self.trailing_punctuation_chars.replace(";", "")\n \n     @cached_property\n     def trailing_punctuation_chars_has_semicolon(self):\n         return ";" in self.trailing_punctuation_chars\n \n     def trim_punctuation(self, word):\n         """\n         Trim trailing and wrapping punctuation from `word`. Return the items of\n         the new state.\n         """\n         # Strip all opening wrapping punctuation.\n         middle = word.lstrip(self.wrapping_punctuation_openings)\n         lead = word[: len(word) - len(middle)]\n         trail = ""\n \n         # Continue trimming until middle remains unchanged.\n         trimmed_something = True\n         counts = CountsDict(word=middle)\n         while trimmed_something and middle:\n             trimmed_something = False\n             # Trim wrapping punctuation.\n             for opening, closing in self.wrapping_punctuation:\n                 if counts[opening] < counts[closing]:\n                     rstripped = middle.rstrip(closing)\n                     if rstripped != middle:\n                         strip = counts[closing] - counts[opening]\n                         trail = middle[-strip:]\n                         middle = middle[:-strip]\n                         trimmed_something = True\n                         counts[closing] -= strip\n \n             amp = middle.rfind("&")\n             if amp == -1:\n                 rstripped = middle.rstrip(self.trailing_punctuation_chars)\n             else:\n                 rstripped = middle.rstrip(self.trailing_punctuation_chars_no_semicolon)\n             if rstripped != middle:\n                 trail = middle[len(rstripped) :] + trail\n                 middle = rstripped\n                 trimmed_something = True\n \n             if self.trailing_punctuation_chars_has_semicolon and middle.endswith(";"):\n                 # Only strip if not part of an HTML entity.\n                 potential_entity = middle[amp:]\n                 escaped = html.unescape(potential_entity)\n                 if escaped == potential_entity or escaped.endswith(";"):\n-                    rstripped = middle.rstrip(";")\n-                    amount_stripped = len(middle) - len(rstripped)\n-                    if amp > -1 and amount_stripped > 1:\n-                        # Leave a trailing semicolon as might be an entity.\n-                        trail = middle[len(rstripped) + 1 :] + trail\n-                        middle = rstripped + ";"\n+                    rstripped = middle.rstrip(self.trailing_punctuation_chars)\n+                    trail_start = len(rstripped)\n+                    amount_trailing_semicolons = len(middle) - len(middle.rstrip(";"))\n+                    if amp > -1 and amount_trailing_semicolons > 1:\n+                        # Leave up to most recent semicolon as might be an entity.\n+                        recent_semicolon = middle[trail_start:].index(";")\n+                        middle_semicolon_index = recent_semicolon + trail_start + 1\n+                        trail = middle[middle_semicolon_index:] + trail\n+                        middle = rstripped + middle[trail_start:middle_semicolon_index]\n                     else:\n-                        trail = middle[len(rstripped) :] + trail\n+                        trail = middle[trail_start:] + trail\n                         middle = rstripped\n                     trimmed_something = True\n \n         return lead, middle, trail\n \n     @staticmethod\n     def is_email_simple(value):\n         """Return True if value looks like an email address."""\n         # An @ must be in the middle of the value.\n         if "@" not in value or value.startswith("@") or value.endswith("@"):\n             return False\n         try:\n             p1, p2 = value.split("@")\n         except ValueError:\n             # value contains more than one @.\n             return False\n         # Max length for domain name labels is 63 characters per RFC 1034.\n         # Helps to avoid ReDoS vectors in the domain part.\n         if len(p2) > 63:\n             return False\n         # Dot must be in p2 (e.g. example.com)\n         if "." not in p2 or p2.startswith("."):\n             return False\n         return True\ndiff --git a/tests/utils_tests/test_html.py b/tests/utils_tests/test_html.py\n--- a/tests/utils_tests/test_html.py\n+++ b/tests/utils_tests/test_html.py\n@@ -24,358 +24,359 @@ from django.utils.safestring import mark_safe\n class TestUtilsHtml(SimpleTestCase):\n     def check_output(self, function, value, output=None):\n         """\n         function(value) equals output. If output is None, function(value)\n         equals value.\n         """\n         if output is None:\n             output = value\n         self.assertEqual(function(value), output)\n \n     def test_escape(self):\n         items = (\n             ("&", "&amp;"),\n             ("<", "&lt;"),\n             (">", "&gt;"),\n             (\'"\', "&quot;"),\n             ("\'", "&#x27;"),\n         )\n         # Substitution patterns for testing the above items.\n         patterns = ("%s", "asdf%sfdsa", "%s1", "1%sb")\n         for value, output in items:\n             with self.subTest(value=value, output=output):\n                 for pattern in patterns:\n                     with self.subTest(value=value, output=output, pattern=pattern):\n                         self.check_output(escape, pattern % value, pattern % output)\n                         self.check_output(\n                             escape, lazystr(pattern % value), pattern % output\n                         )\n                 # Check repeated values.\n                 self.check_output(escape, value * 2, output * 2)\n         # Verify it doesn\'t double replace &.\n         self.check_output(escape, "<&", "&lt;&amp;")\n \n     def test_format_html(self):\n         self.assertEqual(\n             format_html(\n                 "{} {} {third} {fourth}",\n                 "< Dangerous >",\n                 mark_safe("<b>safe</b>"),\n                 third="< dangerous again",\n                 fourth=mark_safe("<i>safe again</i>"),\n             ),\n             "&lt; Dangerous &gt; <b>safe</b> &lt; dangerous again <i>safe again</i>",\n         )\n \n     def test_linebreaks(self):\n         items = (\n             ("para1\\n\\npara2\\r\\rpara3", "<p>para1</p>\\n\\n<p>para2</p>\\n\\n<p>para3</p>"),\n             (\n                 "para1\\nsub1\\rsub2\\n\\npara2",\n                 "<p>para1<br>sub1<br>sub2</p>\\n\\n<p>para2</p>",\n             ),\n             (\n                 "para1\\r\\n\\r\\npara2\\rsub1\\r\\rpara4",\n                 "<p>para1</p>\\n\\n<p>para2<br>sub1</p>\\n\\n<p>para4</p>",\n             ),\n             ("para1\\tmore\\n\\npara2", "<p>para1\\tmore</p>\\n\\n<p>para2</p>"),\n         )\n         for value, output in items:\n             with self.subTest(value=value, output=output):\n                 self.check_output(linebreaks, value, output)\n                 self.check_output(linebreaks, lazystr(value), output)\n \n     def test_strip_tags(self):\n         items = (\n             (\n                 "<p>See: &#39;&eacute; is an apostrophe followed by e acute</p>",\n                 "See: &#39;&eacute; is an apostrophe followed by e acute",\n             ),\n             (\n                 "<p>See: &#x27;&eacute; is an apostrophe followed by e acute</p>",\n                 "See: &#x27;&eacute; is an apostrophe followed by e acute",\n             ),\n             ("<adf>a", "a"),\n             ("</adf>a", "a"),\n             ("<asdf><asdf>e", "e"),\n             ("hi, <f x", "hi, <f x"),\n             ("234<235, right?", "234<235, right?"),\n             ("a4<a5 right?", "a4<a5 right?"),\n             ("b7>b2!", "b7>b2!"),\n             ("</fe", "</fe"),\n             ("<x>b<y>", "b"),\n             ("a<p onclick=\\"alert(\'<test>\')\\">b</p>c", "abc"),\n             ("a<p a >b</p>c", "abc"),\n             ("d<a:b c:d>e</p>f", "def"),\n             (\'<strong>foo</strong><a href="http://example.com">bar</a>\', "foobar"),\n             # caused infinite loop on Pythons not patched with\n             # https://bugs.python.org/issue20288\n             ("&gotcha&#;<>", "&gotcha&#;<>"),\n             ("<sc<!-- -->ript>test<<!-- -->/script>", "ript>test"),\n             ("<script>alert()</script>&h", "alert()h"),\n             ("><!" + ("&" * 16000) + "D", "><!" + ("&" * 16000) + "D"),\n             ("X<<<<br>br>br>br>X", "XX"),\n         )\n         for value, output in items:\n             with self.subTest(value=value, output=output):\n                 self.check_output(strip_tags, value, output)\n                 self.check_output(strip_tags, lazystr(value), output)\n \n     def test_urlize(self):\n         tests = (\n             (\n                 "Search for google.com/?q=! and see.",\n                 \'Search for <a href="http://google.com/?q=">google.com/?q=</a>! and \'\n                 "see.",\n             ),\n             (\n                 "Search for google.com/?q=1&lt! and see.",\n                 \'Search for <a href="http://google.com/?q=1%3C">google.com/?q=1&lt\'\n                 "</a>! and see.",\n             ),\n             (\n                 lazystr("Search for google.com/?q=!"),\n                 \'Search for <a href="http://google.com/?q=">google.com/?q=</a>!\',\n             ),\n             ("foo@example.com", \'<a href="mailto:foo@example.com">foo@example.com</a>\'),\n             (\n                 "test@" + "한.글." * 15 + "aaa",\n                 \'<a href="mailto:test@\'\n                 + "xn--6q8b.xn--bj0b." * 15\n                 + \'aaa">\'\n                 + "test@"\n                 + "한.글." * 15\n                 + "aaa</a>",\n             ),\n         )\n         for value, output in tests:\n             with self.subTest(value=value):\n                 self.assertEqual(urlize(value), output)\n \n     def test_urlize_unchanged_inputs(self):\n         tests = (\n             ("a" + "@a" * 50000) + "a",  # simple_email_re catastrophic test\n             # Unicode domain catastrophic tests.\n             "a@" + "한.글." * 1_000_000 + "a",\n             "http://" + "한.글." * 1_000_000 + "com",\n             "www." + "한.글." * 1_000_000 + "com",\n             ("a" + "." * 1000000) + "a",  # trailing_punctuation catastrophic test\n             "foo@",\n             "@foo.com",\n             "foo@.example.com",\n             "foo@localhost",\n             "foo@localhost.",\n             # trim_punctuation catastrophic tests\n             "(" * 100_000 + ":" + ")" * 100_000,\n             "(" * 100_000 + "&:" + ")" * 100_000,\n             "([" * 100_000 + ":" + "])" * 100_000,\n             "[(" * 100_000 + ":" + ")]" * 100_000,\n             "([[" * 100_000 + ":" + "]])" * 100_000,\n             "&:" + ";" * 100_000,\n             "&.;" * 100_000,\n             ".;" * 100_000,\n+            "&" + ";:" * 100_000,\n         )\n         for value in tests:\n             with self.subTest(value=value):\n                 self.assertEqual(urlize(value), value)\n```'], 'request_tokens': [0], 'response_tokens': [0]}
2025-06-12 18:28:31.010 | INFO     | modules.llm_adapter:_parse_llm_response:1055 - 原始LLM响应(前100字符): ### A. Commit message:
```
[4.1.x] Backported CVE-2024-45230 fix -- Mitigated potential DoS in urliz...
2025-06-12 18:28:31.018 | INFO     | modules.llm_adapter:_parse_llm_response:1073 - 找到格式化补丁块，内容前100字符: [4.1.x] Backported CVE-2024-45230 fix -- Mitigated potential DoS in urlize and urlizetrunc template ...
2025-06-12 18:28:31.019 | INFO     | modules.llm_adapter:_save_llm_response:1224 - LLM响应已保存到: workspace/django/django/022ab0/llm_output/output_5.1_qwen-plus.patch
2025-06-12 18:28:31.020 | INFO     | modules.llm_adapter:_save_llm_response:1225 - 原始LLM响应已保存到: workspace/django/django/022ab0/llm_output/raw_output_5.1_qwen-plus.patch
2025-06-12 18:28:31.020 | INFO     | modules.llm_adapter:execute:97 - ==================================================
2025-06-12 18:28:31.020 | INFO     | modules.llm_adapter:execute:98 - LLM适配器执行完成 - 摘要
2025-06-12 18:28:31.020 | INFO     | modules.llm_adapter:execute:99 - 提示模式: 增强模式
2025-06-12 18:28:31.021 | INFO     | modules.llm_adapter:execute:100 - 提示类型: 函数级别补丁
2025-06-12 18:28:31.021 | INFO     | modules.llm_adapter:execute:101 - 函数上下文统计: 总尝试: 0, 成功: 0, 回退: 0
2025-06-12 18:28:31.021 | INFO     | modules.llm_adapter:execute:105 - 执行时间: 240.55 秒
2025-06-12 18:28:31.022 | INFO     | modules.llm_adapter:execute:106 - 生成的补丁保存到: workspace/django/django/022ab0/llm_output/output_5.1_qwen-plus.patch
2025-06-12 18:28:31.022 | INFO     | modules.llm_adapter:execute:107 - ==================================================
2025-06-12 18:28:31.023 | INFO     | modules.base_module:_save_metrics:143 - 评测指标已保存到: workspace/django/django/022ab0/evaluations/llm_adapter/metrics_022ab0_20250612_182831.json
2025-06-12 18:28:31.024 | INFO     | core.adaptation_pipeline:process_patch:106 - 执行模块: patch_adapter
2025-06-12 18:28:31.024 | INFO     | modules.patch_adapter:execute:47 - LLM响应文件路径: workspace/django/django/022ab0/llm_output/output_5.1_qwen-plus.patch
2025-06-12 18:28:31.024 | INFO     | modules.patch_adapter:_prepare_test_branch:162 - 创建测试分支: test_adapt_5.1_20250612_182831
2025-06-12 18:28:31.126 | INFO     | patch_adapter_utils:generate_adapted_file:834 - the first diff_content:
[4.1.x] Backported CVE-2024-45230 fix -- Mitigated potential DoS in urlize and urlizetrunc template filters.

Backported the fix from Django 5.1.x to Django 4.1.x. This resolves a potential denial-of-service vulnerability caused by specific sequences of characters in large inputs.
2025-06-12 18:28:31.126 | WARNING  | modules.patch_adapter:_generate_adapted_patch:281 - 没有发现需要更改的文件
2025-06-12 18:28:31.126 | INFO     | modules.patch_adapter:_cleanup_test_branch:199 - 清理测试分支: test_adapt_5.1_20250612_182831
2025-06-12 18:28:31.153 | ERROR    | modules.patch_adapter:execute:96 - 补丁适配过程发生错误: 生成适配补丁失败
2025-06-12 18:28:31.153 | ERROR    | modules.patch_adapter:execute:99 - Traceback (most recent call last):
  File "/home/elpsy/workspace/sow/patch-backport/modules/patch_adapter.py", line 71, in execute
    raise ValueError("生成适配补丁失败")
ValueError: 生成适配补丁失败

2025-06-12 18:28:31.154 | INFO     | modules.patch_adapter:_save_metrics:428 - 补丁适配指标已保存到: workspace/django/django/022ab0/metrics/patch_adapter_metrics.json
2025-06-12 18:28:31.154 | INFO     | core.adaptation_pipeline:process_patch:128 - 补丁处理完成，耗时: 243.07秒
2025-06-12 18:28:31.154 | INFO     | __main__:_merge_patches:1101 - 开始合并补丁...
2025-06-12 18:28:31.155 | INFO     | __main__:_merge_patches:1136 - chunk_results2:
2025-06-12 18:28:31.155 | INFO     | __main__:_merge_patches:1138 - chunk_patches: [PosixPath('/home/elpsy/workspace/sow/patch-backport/workspace/django/django/022ab0/chunk_patches/chunk_001_20250612_182430.patch'), PosixPath('/home/elpsy/workspace/sow/patch-backport/workspace/django/django/022ab0/chunk_patches/chunk_002_20250612_182430.patch'), PosixPath('/home/elpsy/workspace/sow/patch-backport/workspace/django/django/022ab0/chunk_patches/chunk_007_20250612_182430.patch')]
2025-06-12 18:28:31.156 | INFO     | __main__:_merge_patches:1140 - Chunk分析器应用了 3/7 个chunks
2025-06-12 18:28:31.156 | INFO     | __main__:_combine_patch_files:1269 - 创建临时测试分支: patch_merge_74ffbece
2025-06-12 18:28:31.299 | INFO     | __main__:_combine_patch_files:1321 - 补丁 chunk_001_20250612_182430.patch 大小: 2565 字节
2025-06-12 18:28:31.299 | INFO     | __main__:_combine_patch_files:1321 - 补丁 chunk_002_20250612_182430.patch 大小: 1716 字节
2025-06-12 18:28:31.300 | INFO     | __main__:_combine_patch_files:1321 - 补丁 chunk_007_20250612_182430.patch 大小: 1325 字节
2025-06-12 18:28:31.300 | INFO     | __main__:_combine_patch_files:1330 - 应用补丁: /home/elpsy/workspace/sow/patch-backport/workspace/django/django/022ab0/chunk_patches/chunk_001_20250612_182430.patch
2025-06-12 18:28:31.300 | INFO     | __main__:_combine_patch_files:1333 - 执行命令: git apply --ignore-whitespace /home/elpsy/workspace/sow/patch-backport/workspace/django/django/022ab0/chunk_patches/chunk_001_20250612_182430.patch
2025-06-12 18:28:31.305 | INFO     | __main__:_combine_patch_files:1343 - 成功应用补丁: /home/elpsy/workspace/sow/patch-backport/workspace/django/django/022ab0/chunk_patches/chunk_001_20250612_182430.patch
2025-06-12 18:28:31.305 | INFO     | __main__:_combine_patch_files:1330 - 应用补丁: /home/elpsy/workspace/sow/patch-backport/workspace/django/django/022ab0/chunk_patches/chunk_002_20250612_182430.patch
2025-06-12 18:28:31.305 | INFO     | __main__:_combine_patch_files:1333 - 执行命令: git apply --ignore-whitespace /home/elpsy/workspace/sow/patch-backport/workspace/django/django/022ab0/chunk_patches/chunk_002_20250612_182430.patch
2025-06-12 18:28:31.310 | INFO     | __main__:_combine_patch_files:1343 - 成功应用补丁: /home/elpsy/workspace/sow/patch-backport/workspace/django/django/022ab0/chunk_patches/chunk_002_20250612_182430.patch
2025-06-12 18:28:31.310 | INFO     | __main__:_combine_patch_files:1330 - 应用补丁: /home/elpsy/workspace/sow/patch-backport/workspace/django/django/022ab0/chunk_patches/chunk_007_20250612_182430.patch
2025-06-12 18:28:31.310 | INFO     | __main__:_combine_patch_files:1333 - 执行命令: git apply --ignore-whitespace /home/elpsy/workspace/sow/patch-backport/workspace/django/django/022ab0/chunk_patches/chunk_007_20250612_182430.patch
2025-06-12 18:28:31.314 | INFO     | __main__:_combine_patch_files:1343 - 成功应用补丁: /home/elpsy/workspace/sow/patch-backport/workspace/django/django/022ab0/chunk_patches/chunk_007_20250612_182430.patch
2025-06-12 18:28:31.403 | INFO     | __main__:_combine_patch_files:1442 - 执行命令: git format-patch -1 HEAD --stdout > temp_patch_merge/merged.patch
2025-06-12 18:28:31.411 | INFO     | __main__:_combine_patch_files:1484 - 成功生成合并补丁: temp_patch_merge/merged.patch (大小: 3584 字节)
2025-06-12 18:28:31.412 | INFO     | __main__:_combine_patch_files:1499 - 清理临时分支: patch_merge_74ffbece
2025-06-12 18:28:31.439 | INFO     | __main__:_merge_patches:1222 - 只合并chunk补丁到: workspace/django/django/022ab0/patches/merged_5.1.patch
2025-06-12 18:28:31.439 | INFO     | __main__:_process_mode1:392 - 成功合并补丁到: workspace/django/django/022ab0/patches/merged_5.1.patch
2025-06-12 18:28:31.441 | INFO     | __main__:_save_results:758 - 已复制最终补丁到结果目录: results/django_5.1_022ab0_20250612_182831/merged_5.1.patch
2025-06-12 18:28:31.443 | INFO     | __main__:_save_results:896 - 结果已保存到: results/django_5.1_022ab0_20250612_182831/result.json
2025-06-12 18:28:31.443 | INFO     | __main__:_print_summary:938 - context.patch_adapter_result: {'success': False, 'error': '生成适配补丁失败'}
2025-06-12 18:28:31.443 | INFO     | __main__:_print_summary:965 - ==================================================
2025-06-12 18:28:31.443 | INFO     | __main__:_print_summary:966 - 处理摘要 - 提交: 022ab0
2025-06-12 18:28:31.444 | INFO     | __main__:_print_summary:967 - 适配状态: 适配失败 (方法: failed)
2025-06-12 18:28:31.444 | INFO     | __main__:_print_summary:982 - 块分析统计:
2025-06-12 18:28:31.444 | INFO     | __main__:_print_summary:983 - - 总块数: 7
2025-06-12 18:28:31.445 | INFO     | __main__:_print_summary:984 - - 冲突块数: 4
2025-06-12 18:28:31.445 | INFO     | __main__:_print_summary:985 - - 成功适配块数: 0
2025-06-12 18:28:31.445 | INFO     | __main__:_print_summary:986 - - 适配失败块数: 4
2025-06-12 18:28:31.445 | INFO     | __main__:_print_summary:987 - - 编译失败块数: 0
2025-06-12 18:28:31.446 | INFO     | __main__:_print_summary:991 - 总执行时间: 243.07秒
2025-06-12 18:28:31.446 | INFO     | __main__:_print_summary:996 - ==================================================
2025-06-12 18:28:31.446 | INFO     | __main__:run:335 - 处理完成
2025-06-12 18:28:31.447 | INFO     | __main__:process_multiple_commits:2015 - 
============================================================
2025-06-12 18:28:31.447 | INFO     | __main__:process_multiple_commits:2016 - 完成处理 2 个commit
2025-06-12 18:28:31.447 | INFO     | __main__:process_multiple_commits:2017 - 总耗时: 296.61秒
2025-06-12 18:28:31.447 | INFO     | __main__:process_multiple_commits:2018 - 成功数量: 0/2 (0.00%)
2025-06-12 18:28:31.447 | INFO     | __main__:process_multiple_commits:2019 - ============================================================
2025-06-12 18:28:31.448 | INFO     | __main__:_print_mode1_statistics:1646 - ============================================================
2025-06-12 18:28:31.448 | INFO     | __main__:_print_mode1_statistics:1647 - 模式1处理统计 - 多个commit
2025-06-12 18:28:31.448 | INFO     | __main__:_print_mode1_statistics:1648 - ============================================================
2025-06-12 18:28:31.448 | INFO     | __main__:_print_mode1_statistics:1649 - 总提交数: 2
2025-06-12 18:28:31.448 | INFO     | __main__:_print_mode1_statistics:1650 - 成功处理数: 0
2025-06-12 18:28:31.449 | INFO     | __main__:_print_mode1_statistics:1651 - 直接应用成功: 0
2025-06-12 18:28:31.449 | INFO     | __main__:_print_mode1_statistics:1652 - 需要适配数量: 2
2025-06-12 18:28:31.449 | INFO     | __main__:_print_mode1_statistics:1653 - 适配成功数量: 0
2025-06-12 18:28:31.449 | INFO     | __main__:_print_mode1_statistics:1654 - 适配失败数量: 2
2025-06-12 18:28:31.449 | INFO     | __main__:_print_mode1_statistics:1655 - 总体成功率: 0.00%
2025-06-12 18:28:31.449 | INFO     | __main__:_print_mode1_statistics:1656 - 适配成功率: 0.00%
2025-06-12 18:28:31.450 | INFO     | __main__:_print_mode1_statistics:1660 - 
提交详情:
2025-06-12 18:28:31.450 | INFO     | __main__:_print_mode1_statistics:1665 -   - 3c733c: 失败 (方法: 无, 耗时: 52.86秒)
2025-06-12 18:28:31.450 | INFO     | __main__:_print_mode1_statistics:1665 -   - 022ab0: 失败 (方法: 无, 耗时: 243.07秒)
2025-06-12 18:28:31.450 | INFO     | __main__:_print_mode1_statistics:1668 - 
失败的提交:
2025-06-12 18:28:31.451 | INFO     | __main__:_print_mode1_statistics:1670 -   - 3c733c: None
2025-06-12 18:28:31.451 | INFO     | __main__:_print_mode1_statistics:1670 -   - 022ab0: None
2025-06-12 18:28:31.451 | INFO     | __main__:_print_mode1_statistics:1672 - ============================================================
2025-06-12 18:28:31.452 | INFO     | __main__:_print_mode1_statistics:1707 - 统计结果已保存到: statistics/django_mode1_multi_commits_stats_20250612_182831.json
2025-06-12 18:28:31.456 | INFO     | __main__:clean_config:2181 - 清理配置文件: /home/elpsy/.config/port-patch/new_inputs.yaml
